2023-07-04T10:43:15.878+05:30  INFO 4476 --- [restartedMain] c.p.A.AdminMicroserviceApplication       : Starting AdminMicroserviceApplication using Java 17.0.7 with PID 4476 (C:\Users\rahul\Desktop\PMS\Admin-Microservice\Admin-Microservice\target\classes started by rahul in C:\Users\rahul\Desktop\PMS\Admin-Microservice\Admin-Microservice)
2023-07-04T10:43:15.889+05:30  INFO 4476 --- [restartedMain] c.p.A.AdminMicroserviceApplication       : No active profile set, falling back to 1 default profile: "default"
2023-07-04T10:43:15.971+05:30  INFO 4476 --- [restartedMain] .e.DevToolsPropertyDefaultsPostProcessor : Devtools property defaults active! Set 'spring.devtools.add-properties' to 'false' to disable
2023-07-04T10:43:15.972+05:30  INFO 4476 --- [restartedMain] .e.DevToolsPropertyDefaultsPostProcessor : For additional web related logging consider setting the 'logging.level.web' property to 'DEBUG'
2023-07-04T10:43:17.779+05:30  INFO 4476 --- [restartedMain] .s.d.r.c.RepositoryConfigurationDelegate : Bootstrapping Spring Data JPA repositories in DEFAULT mode.
2023-07-04T10:43:17.991+05:30  INFO 4476 --- [restartedMain] .s.d.r.c.RepositoryConfigurationDelegate : Finished Spring Data repository scanning in 197 ms. Found 2 JPA repository interfaces.
2023-07-04T10:43:18.480+05:30  INFO 4476 --- [restartedMain] o.s.cloud.context.scope.GenericScope     : BeanFactory id=e75822d0-8525-3c45-accd-756c1d397f74
2023-07-04T10:43:19.937+05:30  INFO 4476 --- [restartedMain] o.s.b.w.embedded.tomcat.TomcatWebServer  : Tomcat initialized with port(s): 8090 (http)
2023-07-04T10:43:19.953+05:30  INFO 4476 --- [restartedMain] o.apache.catalina.core.StandardService   : Starting service [Tomcat]
2023-07-04T10:43:19.954+05:30  INFO 4476 --- [restartedMain] o.apache.catalina.core.StandardEngine    : Starting Servlet engine: [Apache Tomcat/10.1.8]
2023-07-04T10:43:20.077+05:30  INFO 4476 --- [restartedMain] o.a.c.c.C.[Tomcat].[localhost].[/]       : Initializing Spring embedded WebApplicationContext
2023-07-04T10:43:20.078+05:30  INFO 4476 --- [restartedMain] w.s.c.ServletWebServerApplicationContext : Root WebApplicationContext: initialization completed in 4104 ms
2023-07-04T10:43:20.554+05:30  INFO 4476 --- [restartedMain] o.hibernate.jpa.internal.util.LogHelper  : HHH000204: Processing PersistenceUnitInfo [name: default]
2023-07-04T10:43:20.689+05:30  INFO 4476 --- [restartedMain] org.hibernate.Version                    : HHH000412: Hibernate ORM core version 6.1.7.Final
2023-07-04T10:43:21.266+05:30  INFO 4476 --- [restartedMain] com.zaxxer.hikari.HikariDataSource       : HikariPool-1 - Starting...
2023-07-04T10:43:21.896+05:30  INFO 4476 --- [restartedMain] com.zaxxer.hikari.pool.HikariPool        : HikariPool-1 - Added connection com.mysql.cj.jdbc.ConnectionImpl@5ec52340
2023-07-04T10:43:21.899+05:30  INFO 4476 --- [restartedMain] com.zaxxer.hikari.HikariDataSource       : HikariPool-1 - Start completed.
2023-07-04T10:43:22.015+05:30  INFO 4476 --- [restartedMain] SQL dialect                              : HHH000400: Using dialect: org.hibernate.dialect.MySQLDialect
2023-07-04T10:43:22.428+05:30  INFO 4476 --- [restartedMain] o.h.c.beanvalidation.TypeSafeActivator   : Error calling `jakarta.validation.Validation#buildDefaultValidatorFactory`

jakarta.validation.NoProviderFoundException: Unable to create a Configuration, because no Jakarta Bean Validation provider could be found. Add a provider like Hibernate Validator (RI) to your classpath.
	at jakarta.validation.Validation$GenericBootstrapImpl.configure(Validation.java:291) ~[jakarta.validation-api-3.0.2.jar:na]
	at jakarta.validation.Validation.buildDefaultValidatorFactory(Validation.java:103) ~[jakarta.validation-api-3.0.2.jar:na]
	at org.hibernate.cfg.beanvalidation.TypeSafeActivator.getValidatorFactory(TypeSafeActivator.java:479) ~[hibernate-core-6.1.7.Final.jar:6.1.7.Final]
	at org.hibernate.cfg.beanvalidation.TypeSafeActivator.activate(TypeSafeActivator.java:82) ~[hibernate-core-6.1.7.Final.jar:6.1.7.Final]
	at java.base/jdk.internal.reflect.NativeMethodAccessorImpl.invoke0(Native Method) ~[na:na]
	at java.base/jdk.internal.reflect.NativeMethodAccessorImpl.invoke(NativeMethodAccessorImpl.java:77) ~[na:na]
	at java.base/jdk.internal.reflect.DelegatingMethodAccessorImpl.invoke(DelegatingMethodAccessorImpl.java:43) ~[na:na]
	at java.base/java.lang.reflect.Method.invoke(Method.java:568) ~[na:na]
	at org.hibernate.cfg.beanvalidation.BeanValidationIntegrator.integrate(BeanValidationIntegrator.java:137) ~[hibernate-core-6.1.7.Final.jar:6.1.7.Final]
	at org.hibernate.internal.SessionFactoryImpl.<init>(SessionFactoryImpl.java:287) ~[hibernate-core-6.1.7.Final.jar:6.1.7.Final]
	at org.hibernate.boot.internal.SessionFactoryBuilderImpl.build(SessionFactoryBuilderImpl.java:415) ~[hibernate-core-6.1.7.Final.jar:6.1.7.Final]
	at org.hibernate.jpa.boot.internal.EntityManagerFactoryBuilderImpl.build(EntityManagerFactoryBuilderImpl.java:1423) ~[hibernate-core-6.1.7.Final.jar:6.1.7.Final]
	at org.springframework.orm.jpa.vendor.SpringHibernateJpaPersistenceProvider.createContainerEntityManagerFactory(SpringHibernateJpaPersistenceProvider.java:66) ~[spring-orm-6.0.9.jar:6.0.9]
	at org.springframework.orm.jpa.LocalContainerEntityManagerFactoryBean.createNativeEntityManagerFactory(LocalContainerEntityManagerFactoryBean.java:376) ~[spring-orm-6.0.9.jar:6.0.9]
	at org.springframework.orm.jpa.AbstractEntityManagerFactoryBean.buildNativeEntityManagerFactory(AbstractEntityManagerFactoryBean.java:409) ~[spring-orm-6.0.9.jar:6.0.9]
	at org.springframework.orm.jpa.AbstractEntityManagerFactoryBean.afterPropertiesSet(AbstractEntityManagerFactoryBean.java:396) ~[spring-orm-6.0.9.jar:6.0.9]
	at org.springframework.orm.jpa.LocalContainerEntityManagerFactoryBean.afterPropertiesSet(LocalContainerEntityManagerFactoryBean.java:352) ~[spring-orm-6.0.9.jar:6.0.9]
	at org.springframework.beans.factory.support.AbstractAutowireCapableBeanFactory.invokeInitMethods(AbstractAutowireCapableBeanFactory.java:1816) ~[spring-beans-6.0.9.jar:6.0.9]
	at org.springframework.beans.factory.support.AbstractAutowireCapableBeanFactory.initializeBean(AbstractAutowireCapableBeanFactory.java:1766) ~[spring-beans-6.0.9.jar:6.0.9]
	at org.springframework.beans.factory.support.AbstractAutowireCapableBeanFactory.doCreateBean(AbstractAutowireCapableBeanFactory.java:598) ~[spring-beans-6.0.9.jar:6.0.9]
	at org.springframework.beans.factory.support.AbstractAutowireCapableBeanFactory.createBean(AbstractAutowireCapableBeanFactory.java:520) ~[spring-beans-6.0.9.jar:6.0.9]
	at org.springframework.beans.factory.support.AbstractBeanFactory.lambda$doGetBean$0(AbstractBeanFactory.java:326) ~[spring-beans-6.0.9.jar:6.0.9]
	at org.springframework.beans.factory.support.DefaultSingletonBeanRegistry.getSingleton(DefaultSingletonBeanRegistry.java:234) ~[spring-beans-6.0.9.jar:6.0.9]
	at org.springframework.beans.factory.support.AbstractBeanFactory.doGetBean(AbstractBeanFactory.java:324) ~[spring-beans-6.0.9.jar:6.0.9]
	at org.springframework.beans.factory.support.AbstractBeanFactory.getBean(AbstractBeanFactory.java:200) ~[spring-beans-6.0.9.jar:6.0.9]
	at org.springframework.beans.factory.support.BeanDefinitionValueResolver.resolveReference(BeanDefinitionValueResolver.java:365) ~[spring-beans-6.0.9.jar:6.0.9]
	at org.springframework.beans.factory.support.BeanDefinitionValueResolver.resolveValueIfNecessary(BeanDefinitionValueResolver.java:135) ~[spring-beans-6.0.9.jar:6.0.9]
	at org.springframework.beans.factory.support.ConstructorResolver.resolveConstructorArguments(ConstructorResolver.java:693) ~[spring-beans-6.0.9.jar:6.0.9]
	at org.springframework.beans.factory.support.ConstructorResolver.instantiateUsingFactoryMethod(ConstructorResolver.java:517) ~[spring-beans-6.0.9.jar:6.0.9]
	at org.springframework.beans.factory.support.AbstractAutowireCapableBeanFactory.instantiateUsingFactoryMethod(AbstractAutowireCapableBeanFactory.java:1332) ~[spring-beans-6.0.9.jar:6.0.9]
	at org.springframework.beans.factory.support.AbstractAutowireCapableBeanFactory.createBeanInstance(AbstractAutowireCapableBeanFactory.java:1162) ~[spring-beans-6.0.9.jar:6.0.9]
	at org.springframework.beans.factory.support.AbstractAutowireCapableBeanFactory.doCreateBean(AbstractAutowireCapableBeanFactory.java:560) ~[spring-beans-6.0.9.jar:6.0.9]
	at org.springframework.beans.factory.support.AbstractAutowireCapableBeanFactory.createBean(AbstractAutowireCapableBeanFactory.java:520) ~[spring-beans-6.0.9.jar:6.0.9]
	at org.springframework.beans.factory.support.AbstractBeanFactory.lambda$doGetBean$0(AbstractBeanFactory.java:326) ~[spring-beans-6.0.9.jar:6.0.9]
	at org.springframework.beans.factory.support.DefaultSingletonBeanRegistry.getSingleton(DefaultSingletonBeanRegistry.java:234) ~[spring-beans-6.0.9.jar:6.0.9]
	at org.springframework.beans.factory.support.AbstractBeanFactory.doGetBean(AbstractBeanFactory.java:324) ~[spring-beans-6.0.9.jar:6.0.9]
	at org.springframework.beans.factory.support.AbstractBeanFactory.getBean(AbstractBeanFactory.java:200) ~[spring-beans-6.0.9.jar:6.0.9]
	at org.springframework.beans.factory.support.BeanDefinitionValueResolver.resolveReference(BeanDefinitionValueResolver.java:365) ~[spring-beans-6.0.9.jar:6.0.9]
	at org.springframework.beans.factory.support.BeanDefinitionValueResolver.resolveValueIfNecessary(BeanDefinitionValueResolver.java:135) ~[spring-beans-6.0.9.jar:6.0.9]
	at org.springframework.beans.factory.support.AbstractAutowireCapableBeanFactory.applyPropertyValues(AbstractAutowireCapableBeanFactory.java:1682) ~[spring-beans-6.0.9.jar:6.0.9]
	at org.springframework.beans.factory.support.AbstractAutowireCapableBeanFactory.populateBean(AbstractAutowireCapableBeanFactory.java:1431) ~[spring-beans-6.0.9.jar:6.0.9]
	at org.springframework.beans.factory.support.AbstractAutowireCapableBeanFactory.doCreateBean(AbstractAutowireCapableBeanFactory.java:597) ~[spring-beans-6.0.9.jar:6.0.9]
	at org.springframework.beans.factory.support.AbstractAutowireCapableBeanFactory.createBean(AbstractAutowireCapableBeanFactory.java:520) ~[spring-beans-6.0.9.jar:6.0.9]
	at org.springframework.beans.factory.support.AbstractBeanFactory.lambda$doGetBean$0(AbstractBeanFactory.java:326) ~[spring-beans-6.0.9.jar:6.0.9]
	at org.springframework.beans.factory.support.DefaultSingletonBeanRegistry.getSingleton(DefaultSingletonBeanRegistry.java:234) ~[spring-beans-6.0.9.jar:6.0.9]
	at org.springframework.beans.factory.support.AbstractBeanFactory.doGetBean(AbstractBeanFactory.java:324) ~[spring-beans-6.0.9.jar:6.0.9]
	at org.springframework.beans.factory.support.AbstractBeanFactory.getBean(AbstractBeanFactory.java:200) ~[spring-beans-6.0.9.jar:6.0.9]
	at org.springframework.beans.factory.config.DependencyDescriptor.resolveCandidate(DependencyDescriptor.java:254) ~[spring-beans-6.0.9.jar:6.0.9]
	at org.springframework.beans.factory.support.DefaultListableBeanFactory.doResolveDependency(DefaultListableBeanFactory.java:1417) ~[spring-beans-6.0.9.jar:6.0.9]
	at org.springframework.beans.factory.support.DefaultListableBeanFactory.resolveDependency(DefaultListableBeanFactory.java:1337) ~[spring-beans-6.0.9.jar:6.0.9]
	at org.springframework.beans.factory.annotation.AutowiredAnnotationBeanPostProcessor$AutowiredFieldElement.resolveFieldValue(AutowiredAnnotationBeanPostProcessor.java:710) ~[spring-beans-6.0.9.jar:6.0.9]
	at org.springframework.beans.factory.annotation.AutowiredAnnotationBeanPostProcessor$AutowiredFieldElement.inject(AutowiredAnnotationBeanPostProcessor.java:693) ~[spring-beans-6.0.9.jar:6.0.9]
	at org.springframework.beans.factory.annotation.InjectionMetadata.inject(InjectionMetadata.java:133) ~[spring-beans-6.0.9.jar:6.0.9]
	at org.springframework.beans.factory.annotation.AutowiredAnnotationBeanPostProcessor.postProcessProperties(AutowiredAnnotationBeanPostProcessor.java:482) ~[spring-beans-6.0.9.jar:6.0.9]
	at org.springframework.beans.factory.support.AbstractAutowireCapableBeanFactory.populateBean(AbstractAutowireCapableBeanFactory.java:1416) ~[spring-beans-6.0.9.jar:6.0.9]
	at org.springframework.beans.factory.support.AbstractAutowireCapableBeanFactory.doCreateBean(AbstractAutowireCapableBeanFactory.java:597) ~[spring-beans-6.0.9.jar:6.0.9]
	at org.springframework.beans.factory.support.AbstractAutowireCapableBeanFactory.createBean(AbstractAutowireCapableBeanFactory.java:520) ~[spring-beans-6.0.9.jar:6.0.9]
	at org.springframework.beans.factory.support.AbstractBeanFactory.lambda$doGetBean$0(AbstractBeanFactory.java:326) ~[spring-beans-6.0.9.jar:6.0.9]
	at org.springframework.beans.factory.support.DefaultSingletonBeanRegistry.getSingleton(DefaultSingletonBeanRegistry.java:234) ~[spring-beans-6.0.9.jar:6.0.9]
	at org.springframework.beans.factory.support.AbstractBeanFactory.doGetBean(AbstractBeanFactory.java:324) ~[spring-beans-6.0.9.jar:6.0.9]
	at org.springframework.beans.factory.support.AbstractBeanFactory.getBean(AbstractBeanFactory.java:200) ~[spring-beans-6.0.9.jar:6.0.9]
	at org.springframework.beans.factory.config.DependencyDescriptor.resolveCandidate(DependencyDescriptor.java:254) ~[spring-beans-6.0.9.jar:6.0.9]
	at org.springframework.beans.factory.support.DefaultListableBeanFactory.doResolveDependency(DefaultListableBeanFactory.java:1417) ~[spring-beans-6.0.9.jar:6.0.9]
	at org.springframework.beans.factory.support.DefaultListableBeanFactory.resolveDependency(DefaultListableBeanFactory.java:1337) ~[spring-beans-6.0.9.jar:6.0.9]
	at org.springframework.beans.factory.annotation.AutowiredAnnotationBeanPostProcessor$AutowiredFieldElement.resolveFieldValue(AutowiredAnnotationBeanPostProcessor.java:710) ~[spring-beans-6.0.9.jar:6.0.9]
	at org.springframework.beans.factory.annotation.AutowiredAnnotationBeanPostProcessor$AutowiredFieldElement.inject(AutowiredAnnotationBeanPostProcessor.java:693) ~[spring-beans-6.0.9.jar:6.0.9]
	at org.springframework.beans.factory.annotation.InjectionMetadata.inject(InjectionMetadata.java:133) ~[spring-beans-6.0.9.jar:6.0.9]
	at org.springframework.beans.factory.annotation.AutowiredAnnotationBeanPostProcessor.postProcessProperties(AutowiredAnnotationBeanPostProcessor.java:482) ~[spring-beans-6.0.9.jar:6.0.9]
	at org.springframework.beans.factory.support.AbstractAutowireCapableBeanFactory.populateBean(AbstractAutowireCapableBeanFactory.java:1416) ~[spring-beans-6.0.9.jar:6.0.9]
	at org.springframework.beans.factory.support.AbstractAutowireCapableBeanFactory.doCreateBean(AbstractAutowireCapableBeanFactory.java:597) ~[spring-beans-6.0.9.jar:6.0.9]
	at org.springframework.beans.factory.support.AbstractAutowireCapableBeanFactory.createBean(AbstractAutowireCapableBeanFactory.java:520) ~[spring-beans-6.0.9.jar:6.0.9]
	at org.springframework.beans.factory.support.AbstractBeanFactory.lambda$doGetBean$0(AbstractBeanFactory.java:326) ~[spring-beans-6.0.9.jar:6.0.9]
	at org.springframework.beans.factory.support.DefaultSingletonBeanRegistry.getSingleton(DefaultSingletonBeanRegistry.java:234) ~[spring-beans-6.0.9.jar:6.0.9]
	at org.springframework.beans.factory.support.AbstractBeanFactory.doGetBean(AbstractBeanFactory.java:324) ~[spring-beans-6.0.9.jar:6.0.9]
	at org.springframework.beans.factory.support.AbstractBeanFactory.getBean(AbstractBeanFactory.java:205) ~[spring-beans-6.0.9.jar:6.0.9]
	at org.springframework.boot.web.servlet.ServletContextInitializerBeans.getOrderedBeansOfType(ServletContextInitializerBeans.java:210) ~[spring-boot-3.0.7.jar:3.0.7]
	at org.springframework.boot.web.servlet.ServletContextInitializerBeans.addAsRegistrationBean(ServletContextInitializerBeans.java:173) ~[spring-boot-3.0.7.jar:3.0.7]
	at org.springframework.boot.web.servlet.ServletContextInitializerBeans.addAsRegistrationBean(ServletContextInitializerBeans.java:168) ~[spring-boot-3.0.7.jar:3.0.7]
	at org.springframework.boot.web.servlet.ServletContextInitializerBeans.addAdaptableBeans(ServletContextInitializerBeans.java:153) ~[spring-boot-3.0.7.jar:3.0.7]
	at org.springframework.boot.web.servlet.ServletContextInitializerBeans.<init>(ServletContextInitializerBeans.java:86) ~[spring-boot-3.0.7.jar:3.0.7]
	at org.springframework.boot.web.servlet.context.ServletWebServerApplicationContext.getServletContextInitializerBeans(ServletWebServerApplicationContext.java:261) ~[spring-boot-3.0.7.jar:3.0.7]
	at org.springframework.boot.web.servlet.context.ServletWebServerApplicationContext.selfInitialize(ServletWebServerApplicationContext.java:235) ~[spring-boot-3.0.7.jar:3.0.7]
	at org.springframework.boot.web.embedded.tomcat.TomcatStarter.onStartup(TomcatStarter.java:52) ~[spring-boot-3.0.7.jar:3.0.7]
	at org.apache.catalina.core.StandardContext.startInternal(StandardContext.java:4882) ~[tomcat-embed-core-10.1.8.jar:10.1.8]
	at org.apache.catalina.util.LifecycleBase.start(LifecycleBase.java:183) ~[tomcat-embed-core-10.1.8.jar:10.1.8]
	at org.apache.catalina.core.ContainerBase$StartChild.call(ContainerBase.java:1332) ~[tomcat-embed-core-10.1.8.jar:10.1.8]
	at org.apache.catalina.core.ContainerBase$StartChild.call(ContainerBase.java:1322) ~[tomcat-embed-core-10.1.8.jar:10.1.8]
	at java.base/java.util.concurrent.FutureTask.run(FutureTask.java:264) ~[na:na]
	at org.apache.tomcat.util.threads.InlineExecutorService.execute(InlineExecutorService.java:75) ~[tomcat-embed-core-10.1.8.jar:10.1.8]
	at java.base/java.util.concurrent.AbstractExecutorService.submit(AbstractExecutorService.java:145) ~[na:na]
	at org.apache.catalina.core.ContainerBase.startInternal(ContainerBase.java:871) ~[tomcat-embed-core-10.1.8.jar:10.1.8]
	at org.apache.catalina.core.StandardHost.startInternal(StandardHost.java:846) ~[tomcat-embed-core-10.1.8.jar:10.1.8]
	at org.apache.catalina.util.LifecycleBase.start(LifecycleBase.java:183) ~[tomcat-embed-core-10.1.8.jar:10.1.8]
	at org.apache.catalina.core.ContainerBase$StartChild.call(ContainerBase.java:1332) ~[tomcat-embed-core-10.1.8.jar:10.1.8]
	at org.apache.catalina.core.ContainerBase$StartChild.call(ContainerBase.java:1322) ~[tomcat-embed-core-10.1.8.jar:10.1.8]
	at java.base/java.util.concurrent.FutureTask.run(FutureTask.java:264) ~[na:na]
	at org.apache.tomcat.util.threads.InlineExecutorService.execute(InlineExecutorService.java:75) ~[tomcat-embed-core-10.1.8.jar:10.1.8]
	at java.base/java.util.concurrent.AbstractExecutorService.submit(AbstractExecutorService.java:145) ~[na:na]
	at org.apache.catalina.core.ContainerBase.startInternal(ContainerBase.java:871) ~[tomcat-embed-core-10.1.8.jar:10.1.8]
	at org.apache.catalina.core.StandardEngine.startInternal(StandardEngine.java:241) ~[tomcat-embed-core-10.1.8.jar:10.1.8]
	at org.apache.catalina.util.LifecycleBase.start(LifecycleBase.java:183) ~[tomcat-embed-core-10.1.8.jar:10.1.8]
	at org.apache.catalina.core.StandardService.startInternal(StandardService.java:428) ~[tomcat-embed-core-10.1.8.jar:10.1.8]
	at org.apache.catalina.util.LifecycleBase.start(LifecycleBase.java:183) ~[tomcat-embed-core-10.1.8.jar:10.1.8]
	at org.apache.catalina.core.StandardServer.startInternal(StandardServer.java:913) ~[tomcat-embed-core-10.1.8.jar:10.1.8]
	at org.apache.catalina.util.LifecycleBase.start(LifecycleBase.java:183) ~[tomcat-embed-core-10.1.8.jar:10.1.8]
	at org.apache.catalina.startup.Tomcat.start(Tomcat.java:485) ~[tomcat-embed-core-10.1.8.jar:10.1.8]
	at org.springframework.boot.web.embedded.tomcat.TomcatWebServer.initialize(TomcatWebServer.java:123) ~[spring-boot-3.0.7.jar:3.0.7]
	at org.springframework.boot.web.embedded.tomcat.TomcatWebServer.<init>(TomcatWebServer.java:104) ~[spring-boot-3.0.7.jar:3.0.7]
	at org.springframework.boot.web.embedded.tomcat.TomcatServletWebServerFactory.getTomcatWebServer(TomcatServletWebServerFactory.java:488) ~[spring-boot-3.0.7.jar:3.0.7]
	at org.springframework.boot.web.embedded.tomcat.TomcatServletWebServerFactory.getWebServer(TomcatServletWebServerFactory.java:210) ~[spring-boot-3.0.7.jar:3.0.7]
	at org.springframework.boot.web.servlet.context.ServletWebServerApplicationContext.createWebServer(ServletWebServerApplicationContext.java:183) ~[spring-boot-3.0.7.jar:3.0.7]
	at org.springframework.boot.web.servlet.context.ServletWebServerApplicationContext.onRefresh(ServletWebServerApplicationContext.java:161) ~[spring-boot-3.0.7.jar:3.0.7]
	at org.springframework.context.support.AbstractApplicationContext.refresh(AbstractApplicationContext.java:602) ~[spring-context-6.0.9.jar:6.0.9]
	at org.springframework.boot.web.servlet.context.ServletWebServerApplicationContext.refresh(ServletWebServerApplicationContext.java:146) ~[spring-boot-3.0.7.jar:3.0.7]
	at org.springframework.boot.SpringApplication.refresh(SpringApplication.java:732) ~[spring-boot-3.0.7.jar:3.0.7]
	at org.springframework.boot.SpringApplication.refreshContext(SpringApplication.java:434) ~[spring-boot-3.0.7.jar:3.0.7]
	at org.springframework.boot.SpringApplication.run(SpringApplication.java:310) ~[spring-boot-3.0.7.jar:3.0.7]
	at org.springframework.boot.SpringApplication.run(SpringApplication.java:1304) ~[spring-boot-3.0.7.jar:3.0.7]
	at org.springframework.boot.SpringApplication.run(SpringApplication.java:1293) ~[spring-boot-3.0.7.jar:3.0.7]
	at com.pms.AdminMicroservice.AdminMicroserviceApplication.main(AdminMicroserviceApplication.java:12) ~[classes/:na]
	at java.base/jdk.internal.reflect.NativeMethodAccessorImpl.invoke0(Native Method) ~[na:na]
	at java.base/jdk.internal.reflect.NativeMethodAccessorImpl.invoke(NativeMethodAccessorImpl.java:77) ~[na:na]
	at java.base/jdk.internal.reflect.DelegatingMethodAccessorImpl.invoke(DelegatingMethodAccessorImpl.java:43) ~[na:na]
	at java.base/java.lang.reflect.Method.invoke(Method.java:568) ~[na:na]
	at org.springframework.boot.devtools.restart.RestartLauncher.run(RestartLauncher.java:49) ~[spring-boot-devtools-3.0.7.jar:3.0.7]

2023-07-04T10:43:23.195+05:30  INFO 4476 --- [restartedMain] o.h.e.t.j.p.i.JtaPlatformInitiator       : HHH000490: Using JtaPlatform implementation: [org.hibernate.engine.transaction.jta.platform.internal.NoJtaPlatform]
2023-07-04T10:43:23.210+05:30  INFO 4476 --- [restartedMain] j.LocalContainerEntityManagerFactoryBean : Initialized JPA EntityManagerFactory for persistence unit 'default'
2023-07-04T10:43:24.519+05:30  WARN 4476 --- [restartedMain] JpaBaseConfiguration$JpaWebConfiguration : spring.jpa.open-in-view is enabled by default. Therefore, database queries may be performed during view rendering. Explicitly configure spring.jpa.open-in-view to disable this warning
2023-07-04T10:43:25.315+05:30  INFO 4476 --- [restartedMain] o.s.s.web.DefaultSecurityFilterChain     : Will secure any request with [org.springframework.security.web.session.DisableEncodeUrlFilter@113eec3f, org.springframework.security.web.context.request.async.WebAsyncManagerIntegrationFilter@2824329, org.springframework.security.web.context.SecurityContextHolderFilter@32c7ff93, org.springframework.security.web.header.HeaderWriterFilter@5319326e, org.springframework.web.filter.CorsFilter@3d4758b3, org.springframework.security.web.authentication.logout.LogoutFilter@1662ec36, com.pms.AdminMicroservice.Config.JwtAuthenticationFilter@6dc8d1f4, org.springframework.security.web.savedrequest.RequestCacheAwareFilter@2d6ba457, org.springframework.security.web.servletapi.SecurityContextHolderAwareRequestFilter@14cf88b8, org.springframework.security.web.authentication.AnonymousAuthenticationFilter@3422b312, org.springframework.security.web.session.SessionManagementFilter@5317b5d8, org.springframework.security.web.access.ExceptionTranslationFilter@4f59525a, org.springframework.security.web.access.intercept.AuthorizationFilter@34e85dec]
2023-07-04T10:43:26.334+05:30  WARN 4476 --- [restartedMain] o.s.b.d.a.OptionalLiveReloadServer       : Unable to start LiveReload server
2023-07-04T10:43:26.595+05:30  INFO 4476 --- [restartedMain] DiscoveryClientOptionalArgsConfiguration : Eureka HTTP Client uses RestTemplate.
2023-07-04T10:43:26.844+05:30  WARN 4476 --- [restartedMain] iguration$LoadBalancerCaffeineWarnLogger : Spring Cloud LoadBalancer is currently working with the default cache. While this cache implementation is useful for development and tests, it's recommended to use Caffeine cache in production.You can switch to using Caffeine cache, by adding it and org.springframework.cache.caffeine.CaffeineCacheManager to the classpath.
2023-07-04T10:43:26.885+05:30  INFO 4476 --- [restartedMain] o.s.c.n.eureka.InstanceInfoFactory       : Setting initial instance status as: STARTING
2023-07-04T10:43:26.999+05:30  INFO 4476 --- [restartedMain] com.netflix.discovery.DiscoveryClient    : Initializing Eureka in region us-east-1
2023-07-04T10:43:27.007+05:30  INFO 4476 --- [restartedMain] c.n.d.s.r.aws.ConfigClusterResolver      : Resolving eureka endpoints via configuration
2023-07-04T10:43:27.039+05:30  INFO 4476 --- [restartedMain] com.netflix.discovery.DiscoveryClient    : Disable delta property : false
2023-07-04T10:43:27.040+05:30  INFO 4476 --- [restartedMain] com.netflix.discovery.DiscoveryClient    : Single vip registry refresh property : null
2023-07-04T10:43:27.040+05:30  INFO 4476 --- [restartedMain] com.netflix.discovery.DiscoveryClient    : Force full registry fetch : false
2023-07-04T10:43:27.040+05:30  INFO 4476 --- [restartedMain] com.netflix.discovery.DiscoveryClient    : Application is null : false
2023-07-04T10:43:27.040+05:30  INFO 4476 --- [restartedMain] com.netflix.discovery.DiscoveryClient    : Registered Applications size is zero : true
2023-07-04T10:43:27.040+05:30  INFO 4476 --- [restartedMain] com.netflix.discovery.DiscoveryClient    : Application version is -1: true
2023-07-04T10:43:27.040+05:30  INFO 4476 --- [restartedMain] com.netflix.discovery.DiscoveryClient    : Getting all instance registry info from the eureka server
2023-07-04T10:43:27.412+05:30  INFO 4476 --- [restartedMain] com.netflix.discovery.DiscoveryClient    : The response status is 200
2023-07-04T10:43:27.416+05:30  INFO 4476 --- [restartedMain] com.netflix.discovery.DiscoveryClient    : Starting heartbeat executor: renew interval is: 30
2023-07-04T10:43:27.420+05:30  INFO 4476 --- [restartedMain] c.n.discovery.InstanceInfoReplicator     : InstanceInfoReplicator onDemand update allowed rate per min is 4
2023-07-04T10:43:27.426+05:30  INFO 4476 --- [restartedMain] com.netflix.discovery.DiscoveryClient    : Discovery Client initialized at timestamp 1688447607425 with initial instances count: 1
2023-07-04T10:43:27.442+05:30  INFO 4476 --- [restartedMain] o.s.c.n.e.s.EurekaServiceRegistry        : Registering application ADMIN-SERVICE with eureka with status UP
2023-07-04T10:43:27.443+05:30  INFO 4476 --- [restartedMain] com.netflix.discovery.DiscoveryClient    : Saw local status change event StatusChangeEvent [timestamp=1688447607443, current=UP, previous=STARTING]
2023-07-04T10:43:27.446+05:30  INFO 4476 --- [DiscoveryClient-InstanceInfoReplicator-0] com.netflix.discovery.DiscoveryClient    : DiscoveryClient_ADMIN-SERVICE/LAPTOP-GFBQMQJH:admin-service:8090: registering service...
2023-07-04T10:43:27.479+05:30  INFO 4476 --- [restartedMain] o.s.b.w.embedded.tomcat.TomcatWebServer  : Tomcat started on port(s): 8090 (http) with context path ''
2023-07-04T10:43:27.480+05:30  INFO 4476 --- [restartedMain] .s.c.n.e.s.EurekaAutoServiceRegistration : Updating port to 8090
2023-07-04T10:43:27.504+05:30  INFO 4476 --- [DiscoveryClient-InstanceInfoReplicator-0] com.netflix.discovery.DiscoveryClient    : DiscoveryClient_ADMIN-SERVICE/LAPTOP-GFBQMQJH:admin-service:8090 - registration status: 204
2023-07-04T10:43:27.635+05:30  INFO 4476 --- [restartedMain] c.p.A.AdminMicroserviceApplication       : Started AdminMicroserviceApplication in 12.508 seconds (process running for 13.184)
2023-07-04T10:46:01.981+05:30  INFO 4476 --- [http-nio-8090-exec-1] o.a.c.c.C.[Tomcat].[localhost].[/]       : Initializing Spring DispatcherServlet 'dispatcherServlet'
2023-07-04T10:46:01.981+05:30  INFO 4476 --- [http-nio-8090-exec-1] o.s.web.servlet.DispatcherServlet        : Initializing Servlet 'dispatcherServlet'
2023-07-04T10:46:01.983+05:30  INFO 4476 --- [http-nio-8090-exec-1] o.s.web.servlet.DispatcherServlet        : Completed initialization in 2 ms
2023-07-04T10:46:02.084+05:30  INFO 4476 --- [http-nio-8090-exec-1] o.s.web.filter.OncePerRequestFilter      :  Header :  null
2023-07-04T10:46:02.084+05:30  INFO 4476 --- [http-nio-8090-exec-1] o.s.web.filter.OncePerRequestFilter      : Invalid Header Value !! 
2023-07-04T10:46:02.506+05:30  INFO 4476 --- [http-nio-8090-exec-2] o.s.web.filter.OncePerRequestFilter      :  Header :  Bearer eyJhbGciOiJIUzUxMiJ9.eyJzdWIiOiJhZG1pbkBnbWFpbC5jb20iLCJpYXQiOjE2ODg0NDc3NjIsImV4cCI6MTY4ODQ2NTc2Mn0.ReOuE3fcgDKHxMkg1udO4l2Pj6u2qeAYWX0uXjgWQ1BVf6-yFT-pyfh59yAiy_rdEN2kDZovM-gUPbLeskZyRw
2023-07-04T10:46:02.761+05:30  INFO 4476 --- [http-nio-8090-exec-3] o.s.web.filter.OncePerRequestFilter      :  Header :  Bearer eyJhbGciOiJIUzUxMiJ9.eyJzdWIiOiJhZG1pbkBnbWFpbC5jb20iLCJpYXQiOjE2ODg0NDc3NjIsImV4cCI6MTY4ODQ2NTc2Mn0.ReOuE3fcgDKHxMkg1udO4l2Pj6u2qeAYWX0uXjgWQ1BVf6-yFT-pyfh59yAiy_rdEN2kDZovM-gUPbLeskZyRw
2023-07-04T10:46:02.768+05:30  INFO 4476 --- [http-nio-8090-exec-4] o.s.web.filter.OncePerRequestFilter      :  Header :  Bearer eyJhbGciOiJIUzUxMiJ9.eyJzdWIiOiJhZG1pbkBnbWFpbC5jb20iLCJpYXQiOjE2ODg0NDc3NjIsImV4cCI6MTY4ODQ2NTc2Mn0.ReOuE3fcgDKHxMkg1udO4l2Pj6u2qeAYWX0uXjgWQ1BVf6-yFT-pyfh59yAiy_rdEN2kDZovM-gUPbLeskZyRw
2023-07-04T10:46:02.771+05:30  INFO 4476 --- [http-nio-8090-exec-7] o.s.web.filter.OncePerRequestFilter      :  Header :  Bearer eyJhbGciOiJIUzUxMiJ9.eyJzdWIiOiJhZG1pbkBnbWFpbC5jb20iLCJpYXQiOjE2ODg0NDc3NjIsImV4cCI6MTY4ODQ2NTc2Mn0.ReOuE3fcgDKHxMkg1udO4l2Pj6u2qeAYWX0uXjgWQ1BVf6-yFT-pyfh59yAiy_rdEN2kDZovM-gUPbLeskZyRw
2023-07-04T10:46:02.772+05:30  INFO 4476 --- [http-nio-8090-exec-6] o.s.web.filter.OncePerRequestFilter      :  Header :  Bearer eyJhbGciOiJIUzUxMiJ9.eyJzdWIiOiJhZG1pbkBnbWFpbC5jb20iLCJpYXQiOjE2ODg0NDc3NjIsImV4cCI6MTY4ODQ2NTc2Mn0.ReOuE3fcgDKHxMkg1udO4l2Pj6u2qeAYWX0uXjgWQ1BVf6-yFT-pyfh59yAiy_rdEN2kDZovM-gUPbLeskZyRw
2023-07-04T10:46:02.771+05:30  INFO 4476 --- [http-nio-8090-exec-5] o.s.web.filter.OncePerRequestFilter      :  Header :  Bearer eyJhbGciOiJIUzUxMiJ9.eyJzdWIiOiJhZG1pbkBnbWFpbC5jb20iLCJpYXQiOjE2ODg0NDc3NjIsImV4cCI6MTY4ODQ2NTc2Mn0.ReOuE3fcgDKHxMkg1udO4l2Pj6u2qeAYWX0uXjgWQ1BVf6-yFT-pyfh59yAiy_rdEN2kDZovM-gUPbLeskZyRw
2023-07-04T10:46:02.819+05:30  INFO 4476 --- [http-nio-8090-exec-8] o.s.web.filter.OncePerRequestFilter      :  Header :  Bearer eyJhbGciOiJIUzUxMiJ9.eyJzdWIiOiJhZG1pbkBnbWFpbC5jb20iLCJpYXQiOjE2ODg0NDc3NjIsImV4cCI6MTY4ODQ2NTc2Mn0.ReOuE3fcgDKHxMkg1udO4l2Pj6u2qeAYWX0uXjgWQ1BVf6-yFT-pyfh59yAiy_rdEN2kDZovM-gUPbLeskZyRw
2023-07-04T10:46:02.851+05:30  INFO 4476 --- [http-nio-8090-exec-9] o.s.web.filter.OncePerRequestFilter      :  Header :  Bearer eyJhbGciOiJIUzUxMiJ9.eyJzdWIiOiJhZG1pbkBnbWFpbC5jb20iLCJpYXQiOjE2ODg0NDc3NjIsImV4cCI6MTY4ODQ2NTc2Mn0.ReOuE3fcgDKHxMkg1udO4l2Pj6u2qeAYWX0uXjgWQ1BVf6-yFT-pyfh59yAiy_rdEN2kDZovM-gUPbLeskZyRw
2023-07-04T10:46:02.972+05:30  INFO 4476 --- [http-nio-8090-exec-10] o.s.web.filter.OncePerRequestFilter      :  Header :  Bearer eyJhbGciOiJIUzUxMiJ9.eyJzdWIiOiJhZG1pbkBnbWFpbC5jb20iLCJpYXQiOjE2ODg0NDc3NjIsImV4cCI6MTY4ODQ2NTc2Mn0.ReOuE3fcgDKHxMkg1udO4l2Pj6u2qeAYWX0uXjgWQ1BVf6-yFT-pyfh59yAiy_rdEN2kDZovM-gUPbLeskZyRw
2023-07-04T10:46:04.139+05:30  INFO 4476 --- [http-nio-8090-exec-1] o.s.web.filter.OncePerRequestFilter      :  Header :  Bearer eyJhbGciOiJIUzUxMiJ9.eyJzdWIiOiJhZG1pbkBnbWFpbC5jb20iLCJpYXQiOjE2ODg0NDc3NjIsImV4cCI6MTY4ODQ2NTc2Mn0.ReOuE3fcgDKHxMkg1udO4l2Pj6u2qeAYWX0uXjgWQ1BVf6-yFT-pyfh59yAiy_rdEN2kDZovM-gUPbLeskZyRw
2023-07-04T10:46:04.203+05:30  INFO 4476 --- [http-nio-8090-exec-1] o.s.web.filter.OncePerRequestFilter      :  Header :  Bearer eyJhbGciOiJIUzUxMiJ9.eyJzdWIiOiJhZG1pbkBnbWFpbC5jb20iLCJpYXQiOjE2ODg0NDc3NjIsImV4cCI6MTY4ODQ2NTc2Mn0.ReOuE3fcgDKHxMkg1udO4l2Pj6u2qeAYWX0uXjgWQ1BVf6-yFT-pyfh59yAiy_rdEN2kDZovM-gUPbLeskZyRw
2023-07-04T10:46:04.265+05:30  INFO 4476 --- [http-nio-8090-exec-2] o.s.web.filter.OncePerRequestFilter      :  Header :  Bearer eyJhbGciOiJIUzUxMiJ9.eyJzdWIiOiJhZG1pbkBnbWFpbC5jb20iLCJpYXQiOjE2ODg0NDc3NjIsImV4cCI6MTY4ODQ2NTc2Mn0.ReOuE3fcgDKHxMkg1udO4l2Pj6u2qeAYWX0uXjgWQ1BVf6-yFT-pyfh59yAiy_rdEN2kDZovM-gUPbLeskZyRw
2023-07-04T10:46:04.756+05:30  INFO 4476 --- [http-nio-8090-exec-8] o.s.web.filter.OncePerRequestFilter      :  Header :  Bearer eyJhbGciOiJIUzUxMiJ9.eyJzdWIiOiJhZG1pbkBnbWFpbC5jb20iLCJpYXQiOjE2ODg0NDc3NjIsImV4cCI6MTY4ODQ2NTc2Mn0.ReOuE3fcgDKHxMkg1udO4l2Pj6u2qeAYWX0uXjgWQ1BVf6-yFT-pyfh59yAiy_rdEN2kDZovM-gUPbLeskZyRw
2023-07-04T10:46:12.340+05:30  INFO 4476 --- [http-nio-8090-exec-9] o.s.web.filter.OncePerRequestFilter      :  Header :  Bearer eyJhbGciOiJIUzUxMiJ9.eyJzdWIiOiJhZG1pbkBnbWFpbC5jb20iLCJpYXQiOjE2ODg0NDc3NjIsImV4cCI6MTY4ODQ2NTc2Mn0.ReOuE3fcgDKHxMkg1udO4l2Pj6u2qeAYWX0uXjgWQ1BVf6-yFT-pyfh59yAiy_rdEN2kDZovM-gUPbLeskZyRw
2023-07-04T10:46:12.366+05:30  INFO 4476 --- [http-nio-8090-exec-10] o.s.web.filter.OncePerRequestFilter      :  Header :  Bearer eyJhbGciOiJIUzUxMiJ9.eyJzdWIiOiJhZG1pbkBnbWFpbC5jb20iLCJpYXQiOjE2ODg0NDc3NjIsImV4cCI6MTY4ODQ2NTc2Mn0.ReOuE3fcgDKHxMkg1udO4l2Pj6u2qeAYWX0uXjgWQ1BVf6-yFT-pyfh59yAiy_rdEN2kDZovM-gUPbLeskZyRw
2023-07-04T10:46:13.678+05:30  INFO 4476 --- [http-nio-8090-exec-7] o.s.web.filter.OncePerRequestFilter      :  Header :  Bearer eyJhbGciOiJIUzUxMiJ9.eyJzdWIiOiJhZG1pbkBnbWFpbC5jb20iLCJpYXQiOjE2ODg0NDc3NjIsImV4cCI6MTY4ODQ2NTc2Mn0.ReOuE3fcgDKHxMkg1udO4l2Pj6u2qeAYWX0uXjgWQ1BVf6-yFT-pyfh59yAiy_rdEN2kDZovM-gUPbLeskZyRw
2023-07-04T10:46:13.679+05:30  INFO 4476 --- [http-nio-8090-exec-6] o.s.web.filter.OncePerRequestFilter      :  Header :  Bearer eyJhbGciOiJIUzUxMiJ9.eyJzdWIiOiJhZG1pbkBnbWFpbC5jb20iLCJpYXQiOjE2ODg0NDc3NjIsImV4cCI6MTY4ODQ2NTc2Mn0.ReOuE3fcgDKHxMkg1udO4l2Pj6u2qeAYWX0uXjgWQ1BVf6-yFT-pyfh59yAiy_rdEN2kDZovM-gUPbLeskZyRw
2023-07-04T10:46:13.691+05:30  INFO 4476 --- [http-nio-8090-exec-4] o.s.web.filter.OncePerRequestFilter      :  Header :  Bearer eyJhbGciOiJIUzUxMiJ9.eyJzdWIiOiJhZG1pbkBnbWFpbC5jb20iLCJpYXQiOjE2ODg0NDc3NjIsImV4cCI6MTY4ODQ2NTc2Mn0.ReOuE3fcgDKHxMkg1udO4l2Pj6u2qeAYWX0uXjgWQ1BVf6-yFT-pyfh59yAiy_rdEN2kDZovM-gUPbLeskZyRw
2023-07-04T10:46:13.693+05:30  INFO 4476 --- [http-nio-8090-exec-3] o.s.web.filter.OncePerRequestFilter      :  Header :  Bearer eyJhbGciOiJIUzUxMiJ9.eyJzdWIiOiJhZG1pbkBnbWFpbC5jb20iLCJpYXQiOjE2ODg0NDc3NjIsImV4cCI6MTY4ODQ2NTc2Mn0.ReOuE3fcgDKHxMkg1udO4l2Pj6u2qeAYWX0uXjgWQ1BVf6-yFT-pyfh59yAiy_rdEN2kDZovM-gUPbLeskZyRw
2023-07-04T10:46:13.693+05:30  INFO 4476 --- [http-nio-8090-exec-2] o.s.web.filter.OncePerRequestFilter      :  Header :  Bearer eyJhbGciOiJIUzUxMiJ9.eyJzdWIiOiJhZG1pbkBnbWFpbC5jb20iLCJpYXQiOjE2ODg0NDc3NjIsImV4cCI6MTY4ODQ2NTc2Mn0.ReOuE3fcgDKHxMkg1udO4l2Pj6u2qeAYWX0uXjgWQ1BVf6-yFT-pyfh59yAiy_rdEN2kDZovM-gUPbLeskZyRw
2023-07-04T10:46:13.753+05:30  INFO 4476 --- [http-nio-8090-exec-1] o.s.web.filter.OncePerRequestFilter      :  Header :  Bearer eyJhbGciOiJIUzUxMiJ9.eyJzdWIiOiJhZG1pbkBnbWFpbC5jb20iLCJpYXQiOjE2ODg0NDc3NjIsImV4cCI6MTY4ODQ2NTc2Mn0.ReOuE3fcgDKHxMkg1udO4l2Pj6u2qeAYWX0uXjgWQ1BVf6-yFT-pyfh59yAiy_rdEN2kDZovM-gUPbLeskZyRw
2023-07-04T10:46:13.771+05:30  INFO 4476 --- [http-nio-8090-exec-5] o.s.web.filter.OncePerRequestFilter      :  Header :  Bearer eyJhbGciOiJIUzUxMiJ9.eyJzdWIiOiJhZG1pbkBnbWFpbC5jb20iLCJpYXQiOjE2ODg0NDc3NjIsImV4cCI6MTY4ODQ2NTc2Mn0.ReOuE3fcgDKHxMkg1udO4l2Pj6u2qeAYWX0uXjgWQ1BVf6-yFT-pyfh59yAiy_rdEN2kDZovM-gUPbLeskZyRw
2023-07-04T10:46:13.775+05:30  INFO 4476 --- [http-nio-8090-exec-1] o.s.web.filter.OncePerRequestFilter      :  Header :  Bearer eyJhbGciOiJIUzUxMiJ9.eyJzdWIiOiJhZG1pbkBnbWFpbC5jb20iLCJpYXQiOjE2ODg0NDc3NjIsImV4cCI6MTY4ODQ2NTc2Mn0.ReOuE3fcgDKHxMkg1udO4l2Pj6u2qeAYWX0uXjgWQ1BVf6-yFT-pyfh59yAiy_rdEN2kDZovM-gUPbLeskZyRw
2023-07-04T10:46:13.776+05:30  INFO 4476 --- [http-nio-8090-exec-8] o.s.web.filter.OncePerRequestFilter      :  Header :  Bearer eyJhbGciOiJIUzUxMiJ9.eyJzdWIiOiJhZG1pbkBnbWFpbC5jb20iLCJpYXQiOjE2ODg0NDc3NjIsImV4cCI6MTY4ODQ2NTc2Mn0.ReOuE3fcgDKHxMkg1udO4l2Pj6u2qeAYWX0uXjgWQ1BVf6-yFT-pyfh59yAiy_rdEN2kDZovM-gUPbLeskZyRw
2023-07-04T10:46:13.785+05:30  INFO 4476 --- [http-nio-8090-exec-9] o.s.web.filter.OncePerRequestFilter      :  Header :  Bearer eyJhbGciOiJIUzUxMiJ9.eyJzdWIiOiJhZG1pbkBnbWFpbC5jb20iLCJpYXQiOjE2ODg0NDc3NjIsImV4cCI6MTY4ODQ2NTc2Mn0.ReOuE3fcgDKHxMkg1udO4l2Pj6u2qeAYWX0uXjgWQ1BVf6-yFT-pyfh59yAiy_rdEN2kDZovM-gUPbLeskZyRw
2023-07-04T10:46:13.788+05:30  INFO 4476 --- [http-nio-8090-exec-10] o.s.web.filter.OncePerRequestFilter      :  Header :  Bearer eyJhbGciOiJIUzUxMiJ9.eyJzdWIiOiJhZG1pbkBnbWFpbC5jb20iLCJpYXQiOjE2ODg0NDc3NjIsImV4cCI6MTY4ODQ2NTc2Mn0.ReOuE3fcgDKHxMkg1udO4l2Pj6u2qeAYWX0uXjgWQ1BVf6-yFT-pyfh59yAiy_rdEN2kDZovM-gUPbLeskZyRw
2023-07-04T10:46:13.844+05:30  INFO 4476 --- [http-nio-8090-exec-4] o.s.web.filter.OncePerRequestFilter      :  Header :  Bearer eyJhbGciOiJIUzUxMiJ9.eyJzdWIiOiJhZG1pbkBnbWFpbC5jb20iLCJpYXQiOjE2ODg0NDc3NjIsImV4cCI6MTY4ODQ2NTc2Mn0.ReOuE3fcgDKHxMkg1udO4l2Pj6u2qeAYWX0uXjgWQ1BVf6-yFT-pyfh59yAiy_rdEN2kDZovM-gUPbLeskZyRw
2023-07-04T10:46:16.215+05:30  INFO 4476 --- [http-nio-8090-exec-2] o.s.web.filter.OncePerRequestFilter      :  Header :  Bearer eyJhbGciOiJIUzUxMiJ9.eyJzdWIiOiJhZG1pbkBnbWFpbC5jb20iLCJpYXQiOjE2ODg0NDc3NjIsImV4cCI6MTY4ODQ2NTc2Mn0.ReOuE3fcgDKHxMkg1udO4l2Pj6u2qeAYWX0uXjgWQ1BVf6-yFT-pyfh59yAiy_rdEN2kDZovM-gUPbLeskZyRw
2023-07-04T10:46:16.239+05:30  INFO 4476 --- [http-nio-8090-exec-3] o.s.web.filter.OncePerRequestFilter      :  Header :  Bearer eyJhbGciOiJIUzUxMiJ9.eyJzdWIiOiJhZG1pbkBnbWFpbC5jb20iLCJpYXQiOjE2ODg0NDc3NjIsImV4cCI6MTY4ODQ2NTc2Mn0.ReOuE3fcgDKHxMkg1udO4l2Pj6u2qeAYWX0uXjgWQ1BVf6-yFT-pyfh59yAiy_rdEN2kDZovM-gUPbLeskZyRw
2023-07-04T10:46:18.234+05:30  INFO 4476 --- [http-nio-8090-exec-6] o.s.web.filter.OncePerRequestFilter      :  Header :  Bearer eyJhbGciOiJIUzUxMiJ9.eyJzdWIiOiJhZG1pbkBnbWFpbC5jb20iLCJpYXQiOjE2ODg0NDc3NjIsImV4cCI6MTY4ODQ2NTc2Mn0.ReOuE3fcgDKHxMkg1udO4l2Pj6u2qeAYWX0uXjgWQ1BVf6-yFT-pyfh59yAiy_rdEN2kDZovM-gUPbLeskZyRw
2023-07-04T10:46:18.251+05:30  INFO 4476 --- [http-nio-8090-exec-8] o.s.web.filter.OncePerRequestFilter      :  Header :  Bearer eyJhbGciOiJIUzUxMiJ9.eyJzdWIiOiJhZG1pbkBnbWFpbC5jb20iLCJpYXQiOjE2ODg0NDc3NjIsImV4cCI6MTY4ODQ2NTc2Mn0.ReOuE3fcgDKHxMkg1udO4l2Pj6u2qeAYWX0uXjgWQ1BVf6-yFT-pyfh59yAiy_rdEN2kDZovM-gUPbLeskZyRw
2023-07-04T10:46:18.252+05:30  INFO 4476 --- [http-nio-8090-exec-5] o.s.web.filter.OncePerRequestFilter      :  Header :  Bearer eyJhbGciOiJIUzUxMiJ9.eyJzdWIiOiJhZG1pbkBnbWFpbC5jb20iLCJpYXQiOjE2ODg0NDc3NjIsImV4cCI6MTY4ODQ2NTc2Mn0.ReOuE3fcgDKHxMkg1udO4l2Pj6u2qeAYWX0uXjgWQ1BVf6-yFT-pyfh59yAiy_rdEN2kDZovM-gUPbLeskZyRw
2023-07-04T10:46:18.258+05:30  INFO 4476 --- [http-nio-8090-exec-9] o.s.web.filter.OncePerRequestFilter      :  Header :  Bearer eyJhbGciOiJIUzUxMiJ9.eyJzdWIiOiJhZG1pbkBnbWFpbC5jb20iLCJpYXQiOjE2ODg0NDc3NjIsImV4cCI6MTY4ODQ2NTc2Mn0.ReOuE3fcgDKHxMkg1udO4l2Pj6u2qeAYWX0uXjgWQ1BVf6-yFT-pyfh59yAiy_rdEN2kDZovM-gUPbLeskZyRw
2023-07-04T10:46:18.251+05:30  INFO 4476 --- [http-nio-8090-exec-7] o.s.web.filter.OncePerRequestFilter      :  Header :  Bearer eyJhbGciOiJIUzUxMiJ9.eyJzdWIiOiJhZG1pbkBnbWFpbC5jb20iLCJpYXQiOjE2ODg0NDc3NjIsImV4cCI6MTY4ODQ2NTc2Mn0.ReOuE3fcgDKHxMkg1udO4l2Pj6u2qeAYWX0uXjgWQ1BVf6-yFT-pyfh59yAiy_rdEN2kDZovM-gUPbLeskZyRw
2023-07-04T10:46:18.275+05:30  INFO 4476 --- [http-nio-8090-exec-1] o.s.web.filter.OncePerRequestFilter      :  Header :  Bearer eyJhbGciOiJIUzUxMiJ9.eyJzdWIiOiJhZG1pbkBnbWFpbC5jb20iLCJpYXQiOjE2ODg0NDc3NjIsImV4cCI6MTY4ODQ2NTc2Mn0.ReOuE3fcgDKHxMkg1udO4l2Pj6u2qeAYWX0uXjgWQ1BVf6-yFT-pyfh59yAiy_rdEN2kDZovM-gUPbLeskZyRw
2023-07-04T10:46:18.288+05:30  INFO 4476 --- [http-nio-8090-exec-4] o.s.web.filter.OncePerRequestFilter      :  Header :  Bearer eyJhbGciOiJIUzUxMiJ9.eyJzdWIiOiJhZG1pbkBnbWFpbC5jb20iLCJpYXQiOjE2ODg0NDc3NjIsImV4cCI6MTY4ODQ2NTc2Mn0.ReOuE3fcgDKHxMkg1udO4l2Pj6u2qeAYWX0uXjgWQ1BVf6-yFT-pyfh59yAiy_rdEN2kDZovM-gUPbLeskZyRw
2023-07-04T10:46:18.289+05:30  INFO 4476 --- [http-nio-8090-exec-10] o.s.web.filter.OncePerRequestFilter      :  Header :  Bearer eyJhbGciOiJIUzUxMiJ9.eyJzdWIiOiJhZG1pbkBnbWFpbC5jb20iLCJpYXQiOjE2ODg0NDc3NjIsImV4cCI6MTY4ODQ2NTc2Mn0.ReOuE3fcgDKHxMkg1udO4l2Pj6u2qeAYWX0uXjgWQ1BVf6-yFT-pyfh59yAiy_rdEN2kDZovM-gUPbLeskZyRw
2023-07-04T10:46:18.297+05:30  INFO 4476 --- [http-nio-8090-exec-2] o.s.web.filter.OncePerRequestFilter      :  Header :  Bearer eyJhbGciOiJIUzUxMiJ9.eyJzdWIiOiJhZG1pbkBnbWFpbC5jb20iLCJpYXQiOjE2ODg0NDc3NjIsImV4cCI6MTY4ODQ2NTc2Mn0.ReOuE3fcgDKHxMkg1udO4l2Pj6u2qeAYWX0uXjgWQ1BVf6-yFT-pyfh59yAiy_rdEN2kDZovM-gUPbLeskZyRw
2023-07-04T10:46:18.331+05:30  INFO 4476 --- [http-nio-8090-exec-3] o.s.web.filter.OncePerRequestFilter      :  Header :  Bearer eyJhbGciOiJIUzUxMiJ9.eyJzdWIiOiJhZG1pbkBnbWFpbC5jb20iLCJpYXQiOjE2ODg0NDc3NjIsImV4cCI6MTY4ODQ2NTc2Mn0.ReOuE3fcgDKHxMkg1udO4l2Pj6u2qeAYWX0uXjgWQ1BVf6-yFT-pyfh59yAiy_rdEN2kDZovM-gUPbLeskZyRw
2023-07-04T10:46:18.396+05:30  INFO 4476 --- [http-nio-8090-exec-3] o.s.web.filter.OncePerRequestFilter      :  Header :  Bearer eyJhbGciOiJIUzUxMiJ9.eyJzdWIiOiJhZG1pbkBnbWFpbC5jb20iLCJpYXQiOjE2ODg0NDc3NjIsImV4cCI6MTY4ODQ2NTc2Mn0.ReOuE3fcgDKHxMkg1udO4l2Pj6u2qeAYWX0uXjgWQ1BVf6-yFT-pyfh59yAiy_rdEN2kDZovM-gUPbLeskZyRw
2023-07-04T10:46:18.413+05:30  INFO 4476 --- [http-nio-8090-exec-6] o.s.web.filter.OncePerRequestFilter      :  Header :  Bearer eyJhbGciOiJIUzUxMiJ9.eyJzdWIiOiJhZG1pbkBnbWFpbC5jb20iLCJpYXQiOjE2ODg0NDc3NjIsImV4cCI6MTY4ODQ2NTc2Mn0.ReOuE3fcgDKHxMkg1udO4l2Pj6u2qeAYWX0uXjgWQ1BVf6-yFT-pyfh59yAiy_rdEN2kDZovM-gUPbLeskZyRw
2023-07-04T10:46:21.299+05:30  INFO 4476 --- [http-nio-8090-exec-5] o.s.web.filter.OncePerRequestFilter      :  Header :  Bearer eyJhbGciOiJIUzUxMiJ9.eyJzdWIiOiJhZG1pbkBnbWFpbC5jb20iLCJpYXQiOjE2ODg0NDc3NjIsImV4cCI6MTY4ODQ2NTc2Mn0.ReOuE3fcgDKHxMkg1udO4l2Pj6u2qeAYWX0uXjgWQ1BVf6-yFT-pyfh59yAiy_rdEN2kDZovM-gUPbLeskZyRw
2023-07-04T10:46:21.322+05:30  INFO 4476 --- [http-nio-8090-exec-1] o.s.web.filter.OncePerRequestFilter      :  Header :  Bearer eyJhbGciOiJIUzUxMiJ9.eyJzdWIiOiJhZG1pbkBnbWFpbC5jb20iLCJpYXQiOjE2ODg0NDc3NjIsImV4cCI6MTY4ODQ2NTc2Mn0.ReOuE3fcgDKHxMkg1udO4l2Pj6u2qeAYWX0uXjgWQ1BVf6-yFT-pyfh59yAiy_rdEN2kDZovM-gUPbLeskZyRw
2023-07-04T10:46:24.909+05:30  INFO 4476 --- [http-nio-8090-exec-9] o.s.web.filter.OncePerRequestFilter      :  Header :  Bearer eyJhbGciOiJIUzUxMiJ9.eyJzdWIiOiJhZG1pbkBnbWFpbC5jb20iLCJpYXQiOjE2ODg0NDc3NjIsImV4cCI6MTY4ODQ2NTc2Mn0.ReOuE3fcgDKHxMkg1udO4l2Pj6u2qeAYWX0uXjgWQ1BVf6-yFT-pyfh59yAiy_rdEN2kDZovM-gUPbLeskZyRw
2023-07-04T10:46:24.912+05:30  INFO 4476 --- [http-nio-8090-exec-4] o.s.web.filter.OncePerRequestFilter      :  Header :  Bearer eyJhbGciOiJIUzUxMiJ9.eyJzdWIiOiJhZG1pbkBnbWFpbC5jb20iLCJpYXQiOjE2ODg0NDc3NjIsImV4cCI6MTY4ODQ2NTc2Mn0.ReOuE3fcgDKHxMkg1udO4l2Pj6u2qeAYWX0uXjgWQ1BVf6-yFT-pyfh59yAiy_rdEN2kDZovM-gUPbLeskZyRw
2023-07-04T10:46:24.919+05:30  INFO 4476 --- [http-nio-8090-exec-10] o.s.web.filter.OncePerRequestFilter      :  Header :  Bearer eyJhbGciOiJIUzUxMiJ9.eyJzdWIiOiJhZG1pbkBnbWFpbC5jb20iLCJpYXQiOjE2ODg0NDc3NjIsImV4cCI6MTY4ODQ2NTc2Mn0.ReOuE3fcgDKHxMkg1udO4l2Pj6u2qeAYWX0uXjgWQ1BVf6-yFT-pyfh59yAiy_rdEN2kDZovM-gUPbLeskZyRw
2023-07-04T10:46:24.921+05:30  INFO 4476 --- [http-nio-8090-exec-2] o.s.web.filter.OncePerRequestFilter      :  Header :  Bearer eyJhbGciOiJIUzUxMiJ9.eyJzdWIiOiJhZG1pbkBnbWFpbC5jb20iLCJpYXQiOjE2ODg0NDc3NjIsImV4cCI6MTY4ODQ2NTc2Mn0.ReOuE3fcgDKHxMkg1udO4l2Pj6u2qeAYWX0uXjgWQ1BVf6-yFT-pyfh59yAiy_rdEN2kDZovM-gUPbLeskZyRw
2023-07-04T10:46:24.920+05:30  INFO 4476 --- [http-nio-8090-exec-7] o.s.web.filter.OncePerRequestFilter      :  Header :  Bearer eyJhbGciOiJIUzUxMiJ9.eyJzdWIiOiJhZG1pbkBnbWFpbC5jb20iLCJpYXQiOjE2ODg0NDc3NjIsImV4cCI6MTY4ODQ2NTc2Mn0.ReOuE3fcgDKHxMkg1udO4l2Pj6u2qeAYWX0uXjgWQ1BVf6-yFT-pyfh59yAiy_rdEN2kDZovM-gUPbLeskZyRw
2023-07-04T10:46:24.965+05:30  INFO 4476 --- [http-nio-8090-exec-8] o.s.web.filter.OncePerRequestFilter      :  Header :  Bearer eyJhbGciOiJIUzUxMiJ9.eyJzdWIiOiJhZG1pbkBnbWFpbC5jb20iLCJpYXQiOjE2ODg0NDc3NjIsImV4cCI6MTY4ODQ2NTc2Mn0.ReOuE3fcgDKHxMkg1udO4l2Pj6u2qeAYWX0uXjgWQ1BVf6-yFT-pyfh59yAiy_rdEN2kDZovM-gUPbLeskZyRw
2023-07-04T10:46:24.968+05:30  INFO 4476 --- [http-nio-8090-exec-3] o.s.web.filter.OncePerRequestFilter      :  Header :  Bearer eyJhbGciOiJIUzUxMiJ9.eyJzdWIiOiJhZG1pbkBnbWFpbC5jb20iLCJpYXQiOjE2ODg0NDc3NjIsImV4cCI6MTY4ODQ2NTc2Mn0.ReOuE3fcgDKHxMkg1udO4l2Pj6u2qeAYWX0uXjgWQ1BVf6-yFT-pyfh59yAiy_rdEN2kDZovM-gUPbLeskZyRw
2023-07-04T10:46:24.979+05:30  INFO 4476 --- [http-nio-8090-exec-6] o.s.web.filter.OncePerRequestFilter      :  Header :  Bearer eyJhbGciOiJIUzUxMiJ9.eyJzdWIiOiJhZG1pbkBnbWFpbC5jb20iLCJpYXQiOjE2ODg0NDc3NjIsImV4cCI6MTY4ODQ2NTc2Mn0.ReOuE3fcgDKHxMkg1udO4l2Pj6u2qeAYWX0uXjgWQ1BVf6-yFT-pyfh59yAiy_rdEN2kDZovM-gUPbLeskZyRw
2023-07-04T10:46:25.001+05:30  INFO 4476 --- [http-nio-8090-exec-5] o.s.web.filter.OncePerRequestFilter      :  Header :  Bearer eyJhbGciOiJIUzUxMiJ9.eyJzdWIiOiJhZG1pbkBnbWFpbC5jb20iLCJpYXQiOjE2ODg0NDc3NjIsImV4cCI6MTY4ODQ2NTc2Mn0.ReOuE3fcgDKHxMkg1udO4l2Pj6u2qeAYWX0uXjgWQ1BVf6-yFT-pyfh59yAiy_rdEN2kDZovM-gUPbLeskZyRw
2023-07-04T10:46:25.033+05:30  INFO 4476 --- [http-nio-8090-exec-5] o.s.web.filter.OncePerRequestFilter      :  Header :  Bearer eyJhbGciOiJIUzUxMiJ9.eyJzdWIiOiJhZG1pbkBnbWFpbC5jb20iLCJpYXQiOjE2ODg0NDc3NjIsImV4cCI6MTY4ODQ2NTc2Mn0.ReOuE3fcgDKHxMkg1udO4l2Pj6u2qeAYWX0uXjgWQ1BVf6-yFT-pyfh59yAiy_rdEN2kDZovM-gUPbLeskZyRw
2023-07-04T10:46:25.036+05:30  INFO 4476 --- [http-nio-8090-exec-1] o.s.web.filter.OncePerRequestFilter      :  Header :  Bearer eyJhbGciOiJIUzUxMiJ9.eyJzdWIiOiJhZG1pbkBnbWFpbC5jb20iLCJpYXQiOjE2ODg0NDc3NjIsImV4cCI6MTY4ODQ2NTc2Mn0.ReOuE3fcgDKHxMkg1udO4l2Pj6u2qeAYWX0uXjgWQ1BVf6-yFT-pyfh59yAiy_rdEN2kDZovM-gUPbLeskZyRw
2023-07-04T10:46:25.094+05:30  INFO 4476 --- [http-nio-8090-exec-9] o.s.web.filter.OncePerRequestFilter      :  Header :  Bearer eyJhbGciOiJIUzUxMiJ9.eyJzdWIiOiJhZG1pbkBnbWFpbC5jb20iLCJpYXQiOjE2ODg0NDc3NjIsImV4cCI6MTY4ODQ2NTc2Mn0.ReOuE3fcgDKHxMkg1udO4l2Pj6u2qeAYWX0uXjgWQ1BVf6-yFT-pyfh59yAiy_rdEN2kDZovM-gUPbLeskZyRw
2023-07-04T10:46:28.915+05:30  INFO 4476 --- [http-nio-8090-exec-10] o.s.web.filter.OncePerRequestFilter      :  Header :  Bearer eyJhbGciOiJIUzUxMiJ9.eyJzdWIiOiJhZG1pbkBnbWFpbC5jb20iLCJpYXQiOjE2ODg0NDc3NjIsImV4cCI6MTY4ODQ2NTc2Mn0.ReOuE3fcgDKHxMkg1udO4l2Pj6u2qeAYWX0uXjgWQ1BVf6-yFT-pyfh59yAiy_rdEN2kDZovM-gUPbLeskZyRw
2023-07-04T10:46:28.933+05:30  INFO 4476 --- [http-nio-8090-exec-7] o.s.web.filter.OncePerRequestFilter      :  Header :  Bearer eyJhbGciOiJIUzUxMiJ9.eyJzdWIiOiJhZG1pbkBnbWFpbC5jb20iLCJpYXQiOjE2ODg0NDc3NjIsImV4cCI6MTY4ODQ2NTc2Mn0.ReOuE3fcgDKHxMkg1udO4l2Pj6u2qeAYWX0uXjgWQ1BVf6-yFT-pyfh59yAiy_rdEN2kDZovM-gUPbLeskZyRw
2023-07-04T10:46:30.672+05:30  INFO 4476 --- [http-nio-8090-exec-2] o.s.web.filter.OncePerRequestFilter      :  Header :  Bearer eyJhbGciOiJIUzUxMiJ9.eyJzdWIiOiJhZG1pbkBnbWFpbC5jb20iLCJpYXQiOjE2ODg0NDc3NjIsImV4cCI6MTY4ODQ2NTc2Mn0.ReOuE3fcgDKHxMkg1udO4l2Pj6u2qeAYWX0uXjgWQ1BVf6-yFT-pyfh59yAiy_rdEN2kDZovM-gUPbLeskZyRw
2023-07-04T10:46:30.689+05:30  INFO 4476 --- [http-nio-8090-exec-8] o.s.web.filter.OncePerRequestFilter      :  Header :  Bearer eyJhbGciOiJIUzUxMiJ9.eyJzdWIiOiJhZG1pbkBnbWFpbC5jb20iLCJpYXQiOjE2ODg0NDc3NjIsImV4cCI6MTY4ODQ2NTc2Mn0.ReOuE3fcgDKHxMkg1udO4l2Pj6u2qeAYWX0uXjgWQ1BVf6-yFT-pyfh59yAiy_rdEN2kDZovM-gUPbLeskZyRw
2023-07-04T10:46:30.694+05:30  INFO 4476 --- [http-nio-8090-exec-6] o.s.web.filter.OncePerRequestFilter      :  Header :  Bearer eyJhbGciOiJIUzUxMiJ9.eyJzdWIiOiJhZG1pbkBnbWFpbC5jb20iLCJpYXQiOjE2ODg0NDc3NjIsImV4cCI6MTY4ODQ2NTc2Mn0.ReOuE3fcgDKHxMkg1udO4l2Pj6u2qeAYWX0uXjgWQ1BVf6-yFT-pyfh59yAiy_rdEN2kDZovM-gUPbLeskZyRw
2023-07-04T10:46:30.697+05:30  INFO 4476 --- [http-nio-8090-exec-3] o.s.web.filter.OncePerRequestFilter      :  Header :  Bearer eyJhbGciOiJIUzUxMiJ9.eyJzdWIiOiJhZG1pbkBnbWFpbC5jb20iLCJpYXQiOjE2ODg0NDc3NjIsImV4cCI6MTY4ODQ2NTc2Mn0.ReOuE3fcgDKHxMkg1udO4l2Pj6u2qeAYWX0uXjgWQ1BVf6-yFT-pyfh59yAiy_rdEN2kDZovM-gUPbLeskZyRw
2023-07-04T10:46:30.699+05:30  INFO 4476 --- [http-nio-8090-exec-4] o.s.web.filter.OncePerRequestFilter      :  Header :  Bearer eyJhbGciOiJIUzUxMiJ9.eyJzdWIiOiJhZG1pbkBnbWFpbC5jb20iLCJpYXQiOjE2ODg0NDc3NjIsImV4cCI6MTY4ODQ2NTc2Mn0.ReOuE3fcgDKHxMkg1udO4l2Pj6u2qeAYWX0uXjgWQ1BVf6-yFT-pyfh59yAiy_rdEN2kDZovM-gUPbLeskZyRw
2023-07-04T10:46:30.719+05:30  INFO 4476 --- [http-nio-8090-exec-5] o.s.web.filter.OncePerRequestFilter      :  Header :  Bearer eyJhbGciOiJIUzUxMiJ9.eyJzdWIiOiJhZG1pbkBnbWFpbC5jb20iLCJpYXQiOjE2ODg0NDc3NjIsImV4cCI6MTY4ODQ2NTc2Mn0.ReOuE3fcgDKHxMkg1udO4l2Pj6u2qeAYWX0uXjgWQ1BVf6-yFT-pyfh59yAiy_rdEN2kDZovM-gUPbLeskZyRw
2023-07-04T10:46:30.766+05:30  INFO 4476 --- [http-nio-8090-exec-3] o.s.web.filter.OncePerRequestFilter      :  Header :  Bearer eyJhbGciOiJIUzUxMiJ9.eyJzdWIiOiJhZG1pbkBnbWFpbC5jb20iLCJpYXQiOjE2ODg0NDc3NjIsImV4cCI6MTY4ODQ2NTc2Mn0.ReOuE3fcgDKHxMkg1udO4l2Pj6u2qeAYWX0uXjgWQ1BVf6-yFT-pyfh59yAiy_rdEN2kDZovM-gUPbLeskZyRw
2023-07-04T10:46:30.772+05:30  INFO 4476 --- [http-nio-8090-exec-1] o.s.web.filter.OncePerRequestFilter      :  Header :  Bearer eyJhbGciOiJIUzUxMiJ9.eyJzdWIiOiJhZG1pbkBnbWFpbC5jb20iLCJpYXQiOjE2ODg0NDc3NjIsImV4cCI6MTY4ODQ2NTc2Mn0.ReOuE3fcgDKHxMkg1udO4l2Pj6u2qeAYWX0uXjgWQ1BVf6-yFT-pyfh59yAiy_rdEN2kDZovM-gUPbLeskZyRw
2023-07-04T10:46:30.781+05:30  INFO 4476 --- [http-nio-8090-exec-10] o.s.web.filter.OncePerRequestFilter      :  Header :  Bearer eyJhbGciOiJIUzUxMiJ9.eyJzdWIiOiJhZG1pbkBnbWFpbC5jb20iLCJpYXQiOjE2ODg0NDc3NjIsImV4cCI6MTY4ODQ2NTc2Mn0.ReOuE3fcgDKHxMkg1udO4l2Pj6u2qeAYWX0uXjgWQ1BVf6-yFT-pyfh59yAiy_rdEN2kDZovM-gUPbLeskZyRw
2023-07-04T10:46:30.805+05:30  INFO 4476 --- [http-nio-8090-exec-7] o.s.web.filter.OncePerRequestFilter      :  Header :  Bearer eyJhbGciOiJIUzUxMiJ9.eyJzdWIiOiJhZG1pbkBnbWFpbC5jb20iLCJpYXQiOjE2ODg0NDc3NjIsImV4cCI6MTY4ODQ2NTc2Mn0.ReOuE3fcgDKHxMkg1udO4l2Pj6u2qeAYWX0uXjgWQ1BVf6-yFT-pyfh59yAiy_rdEN2kDZovM-gUPbLeskZyRw
2023-07-04T10:46:30.812+05:30  INFO 4476 --- [http-nio-8090-exec-2] o.s.web.filter.OncePerRequestFilter      :  Header :  Bearer eyJhbGciOiJIUzUxMiJ9.eyJzdWIiOiJhZG1pbkBnbWFpbC5jb20iLCJpYXQiOjE2ODg0NDc3NjIsImV4cCI6MTY4ODQ2NTc2Mn0.ReOuE3fcgDKHxMkg1udO4l2Pj6u2qeAYWX0uXjgWQ1BVf6-yFT-pyfh59yAiy_rdEN2kDZovM-gUPbLeskZyRw
2023-07-04T10:46:30.836+05:30  INFO 4476 --- [http-nio-8090-exec-6] o.s.web.filter.OncePerRequestFilter      :  Header :  Bearer eyJhbGciOiJIUzUxMiJ9.eyJzdWIiOiJhZG1pbkBnbWFpbC5jb20iLCJpYXQiOjE2ODg0NDc3NjIsImV4cCI6MTY4ODQ2NTc2Mn0.ReOuE3fcgDKHxMkg1udO4l2Pj6u2qeAYWX0uXjgWQ1BVf6-yFT-pyfh59yAiy_rdEN2kDZovM-gUPbLeskZyRw
2023-07-04T10:46:32.487+05:30  INFO 4476 --- [http-nio-8090-exec-5] o.s.web.filter.OncePerRequestFilter      :  Header :  Bearer eyJhbGciOiJIUzUxMiJ9.eyJzdWIiOiJhZG1pbkBnbWFpbC5jb20iLCJpYXQiOjE2ODg0NDc3NjIsImV4cCI6MTY4ODQ2NTc2Mn0.ReOuE3fcgDKHxMkg1udO4l2Pj6u2qeAYWX0uXjgWQ1BVf6-yFT-pyfh59yAiy_rdEN2kDZovM-gUPbLeskZyRw
2023-07-04T10:46:32.507+05:30  INFO 4476 --- [http-nio-8090-exec-8] o.s.web.filter.OncePerRequestFilter      :  Header :  Bearer eyJhbGciOiJIUzUxMiJ9.eyJzdWIiOiJhZG1pbkBnbWFpbC5jb20iLCJpYXQiOjE2ODg0NDc3NjIsImV4cCI6MTY4ODQ2NTc2Mn0.ReOuE3fcgDKHxMkg1udO4l2Pj6u2qeAYWX0uXjgWQ1BVf6-yFT-pyfh59yAiy_rdEN2kDZovM-gUPbLeskZyRw
2023-07-04T10:46:33.765+05:30  INFO 4476 --- [http-nio-8090-exec-4] o.s.web.filter.OncePerRequestFilter      :  Header :  Bearer eyJhbGciOiJIUzUxMiJ9.eyJzdWIiOiJhZG1pbkBnbWFpbC5jb20iLCJpYXQiOjE2ODg0NDc3NjIsImV4cCI6MTY4ODQ2NTc2Mn0.ReOuE3fcgDKHxMkg1udO4l2Pj6u2qeAYWX0uXjgWQ1BVf6-yFT-pyfh59yAiy_rdEN2kDZovM-gUPbLeskZyRw
2023-07-04T10:46:33.783+05:30  INFO 4476 --- [http-nio-8090-exec-9] o.s.web.filter.OncePerRequestFilter      :  Header :  Bearer eyJhbGciOiJIUzUxMiJ9.eyJzdWIiOiJhZG1pbkBnbWFpbC5jb20iLCJpYXQiOjE2ODg0NDc3NjIsImV4cCI6MTY4ODQ2NTc2Mn0.ReOuE3fcgDKHxMkg1udO4l2Pj6u2qeAYWX0uXjgWQ1BVf6-yFT-pyfh59yAiy_rdEN2kDZovM-gUPbLeskZyRw
2023-07-04T10:46:33.783+05:30  INFO 4476 --- [http-nio-8090-exec-3] o.s.web.filter.OncePerRequestFilter      :  Header :  Bearer eyJhbGciOiJIUzUxMiJ9.eyJzdWIiOiJhZG1pbkBnbWFpbC5jb20iLCJpYXQiOjE2ODg0NDc3NjIsImV4cCI6MTY4ODQ2NTc2Mn0.ReOuE3fcgDKHxMkg1udO4l2Pj6u2qeAYWX0uXjgWQ1BVf6-yFT-pyfh59yAiy_rdEN2kDZovM-gUPbLeskZyRw
2023-07-04T10:46:33.785+05:30  INFO 4476 --- [http-nio-8090-exec-1] o.s.web.filter.OncePerRequestFilter      :  Header :  Bearer eyJhbGciOiJIUzUxMiJ9.eyJzdWIiOiJhZG1pbkBnbWFpbC5jb20iLCJpYXQiOjE2ODg0NDc3NjIsImV4cCI6MTY4ODQ2NTc2Mn0.ReOuE3fcgDKHxMkg1udO4l2Pj6u2qeAYWX0uXjgWQ1BVf6-yFT-pyfh59yAiy_rdEN2kDZovM-gUPbLeskZyRw
2023-07-04T10:46:33.785+05:30  INFO 4476 --- [http-nio-8090-exec-10] o.s.web.filter.OncePerRequestFilter      :  Header :  Bearer eyJhbGciOiJIUzUxMiJ9.eyJzdWIiOiJhZG1pbkBnbWFpbC5jb20iLCJpYXQiOjE2ODg0NDc3NjIsImV4cCI6MTY4ODQ2NTc2Mn0.ReOuE3fcgDKHxMkg1udO4l2Pj6u2qeAYWX0uXjgWQ1BVf6-yFT-pyfh59yAiy_rdEN2kDZovM-gUPbLeskZyRw
2023-07-04T10:46:33.811+05:30  INFO 4476 --- [http-nio-8090-exec-2] o.s.web.filter.OncePerRequestFilter      :  Header :  Bearer eyJhbGciOiJIUzUxMiJ9.eyJzdWIiOiJhZG1pbkBnbWFpbC5jb20iLCJpYXQiOjE2ODg0NDc3NjIsImV4cCI6MTY4ODQ2NTc2Mn0.ReOuE3fcgDKHxMkg1udO4l2Pj6u2qeAYWX0uXjgWQ1BVf6-yFT-pyfh59yAiy_rdEN2kDZovM-gUPbLeskZyRw
2023-07-04T10:46:33.828+05:30  INFO 4476 --- [http-nio-8090-exec-3] o.s.web.filter.OncePerRequestFilter      :  Header :  Bearer eyJhbGciOiJIUzUxMiJ9.eyJzdWIiOiJhZG1pbkBnbWFpbC5jb20iLCJpYXQiOjE2ODg0NDc3NjIsImV4cCI6MTY4ODQ2NTc2Mn0.ReOuE3fcgDKHxMkg1udO4l2Pj6u2qeAYWX0uXjgWQ1BVf6-yFT-pyfh59yAiy_rdEN2kDZovM-gUPbLeskZyRw
2023-07-04T10:46:33.836+05:30  INFO 4476 --- [http-nio-8090-exec-7] o.s.web.filter.OncePerRequestFilter      :  Header :  Bearer eyJhbGciOiJIUzUxMiJ9.eyJzdWIiOiJhZG1pbkBnbWFpbC5jb20iLCJpYXQiOjE2ODg0NDc3NjIsImV4cCI6MTY4ODQ2NTc2Mn0.ReOuE3fcgDKHxMkg1udO4l2Pj6u2qeAYWX0uXjgWQ1BVf6-yFT-pyfh59yAiy_rdEN2kDZovM-gUPbLeskZyRw
2023-07-04T10:46:33.841+05:30  INFO 4476 --- [http-nio-8090-exec-5] o.s.web.filter.OncePerRequestFilter      :  Header :  Bearer eyJhbGciOiJIUzUxMiJ9.eyJzdWIiOiJhZG1pbkBnbWFpbC5jb20iLCJpYXQiOjE2ODg0NDc3NjIsImV4cCI6MTY4ODQ2NTc2Mn0.ReOuE3fcgDKHxMkg1udO4l2Pj6u2qeAYWX0uXjgWQ1BVf6-yFT-pyfh59yAiy_rdEN2kDZovM-gUPbLeskZyRw
2023-07-04T10:46:33.843+05:30  INFO 4476 --- [http-nio-8090-exec-8] o.s.web.filter.OncePerRequestFilter      :  Header :  Bearer eyJhbGciOiJIUzUxMiJ9.eyJzdWIiOiJhZG1pbkBnbWFpbC5jb20iLCJpYXQiOjE2ODg0NDc3NjIsImV4cCI6MTY4ODQ2NTc2Mn0.ReOuE3fcgDKHxMkg1udO4l2Pj6u2qeAYWX0uXjgWQ1BVf6-yFT-pyfh59yAiy_rdEN2kDZovM-gUPbLeskZyRw
2023-07-04T10:46:33.854+05:30  INFO 4476 --- [http-nio-8090-exec-6] o.s.web.filter.OncePerRequestFilter      :  Header :  Bearer eyJhbGciOiJIUzUxMiJ9.eyJzdWIiOiJhZG1pbkBnbWFpbC5jb20iLCJpYXQiOjE2ODg0NDc3NjIsImV4cCI6MTY4ODQ2NTc2Mn0.ReOuE3fcgDKHxMkg1udO4l2Pj6u2qeAYWX0uXjgWQ1BVf6-yFT-pyfh59yAiy_rdEN2kDZovM-gUPbLeskZyRw
2023-07-04T10:46:33.892+05:30  INFO 4476 --- [http-nio-8090-exec-9] o.s.web.filter.OncePerRequestFilter      :  Header :  Bearer eyJhbGciOiJIUzUxMiJ9.eyJzdWIiOiJhZG1pbkBnbWFpbC5jb20iLCJpYXQiOjE2ODg0NDc3NjIsImV4cCI6MTY4ODQ2NTc2Mn0.ReOuE3fcgDKHxMkg1udO4l2Pj6u2qeAYWX0uXjgWQ1BVf6-yFT-pyfh59yAiy_rdEN2kDZovM-gUPbLeskZyRw
2023-07-04T10:46:40.202+05:30  INFO 4476 --- [http-nio-8090-exec-10] o.s.web.filter.OncePerRequestFilter      :  Header :  Bearer eyJhbGciOiJIUzUxMiJ9.eyJzdWIiOiJhZG1pbkBnbWFpbC5jb20iLCJpYXQiOjE2ODg0NDc3NjIsImV4cCI6MTY4ODQ2NTc2Mn0.ReOuE3fcgDKHxMkg1udO4l2Pj6u2qeAYWX0uXjgWQ1BVf6-yFT-pyfh59yAiy_rdEN2kDZovM-gUPbLeskZyRw
2023-07-04T10:46:40.220+05:30  INFO 4476 --- [http-nio-8090-exec-1] o.s.web.filter.OncePerRequestFilter      :  Header :  Bearer eyJhbGciOiJIUzUxMiJ9.eyJzdWIiOiJhZG1pbkBnbWFpbC5jb20iLCJpYXQiOjE2ODg0NDc3NjIsImV4cCI6MTY4ODQ2NTc2Mn0.ReOuE3fcgDKHxMkg1udO4l2Pj6u2qeAYWX0uXjgWQ1BVf6-yFT-pyfh59yAiy_rdEN2kDZovM-gUPbLeskZyRw
2023-07-04T10:46:42.676+05:30  INFO 4476 --- [http-nio-8090-exec-4] o.s.web.filter.OncePerRequestFilter      :  Header :  Bearer eyJhbGciOiJIUzUxMiJ9.eyJzdWIiOiJhZG1pbkBnbWFpbC5jb20iLCJpYXQiOjE2ODg0NDc3NjIsImV4cCI6MTY4ODQ2NTc2Mn0.ReOuE3fcgDKHxMkg1udO4l2Pj6u2qeAYWX0uXjgWQ1BVf6-yFT-pyfh59yAiy_rdEN2kDZovM-gUPbLeskZyRw
2023-07-04T10:46:42.687+05:30  INFO 4476 --- [http-nio-8090-exec-3] o.s.web.filter.OncePerRequestFilter      :  Header :  Bearer eyJhbGciOiJIUzUxMiJ9.eyJzdWIiOiJhZG1pbkBnbWFpbC5jb20iLCJpYXQiOjE2ODg0NDc3NjIsImV4cCI6MTY4ODQ2NTc2Mn0.ReOuE3fcgDKHxMkg1udO4l2Pj6u2qeAYWX0uXjgWQ1BVf6-yFT-pyfh59yAiy_rdEN2kDZovM-gUPbLeskZyRw
2023-07-04T10:46:42.687+05:30  INFO 4476 --- [http-nio-8090-exec-2] o.s.web.filter.OncePerRequestFilter      :  Header :  Bearer eyJhbGciOiJIUzUxMiJ9.eyJzdWIiOiJhZG1pbkBnbWFpbC5jb20iLCJpYXQiOjE2ODg0NDc3NjIsImV4cCI6MTY4ODQ2NTc2Mn0.ReOuE3fcgDKHxMkg1udO4l2Pj6u2qeAYWX0uXjgWQ1BVf6-yFT-pyfh59yAiy_rdEN2kDZovM-gUPbLeskZyRw
2023-07-04T10:46:42.687+05:30  INFO 4476 --- [http-nio-8090-exec-5] o.s.web.filter.OncePerRequestFilter      :  Header :  Bearer eyJhbGciOiJIUzUxMiJ9.eyJzdWIiOiJhZG1pbkBnbWFpbC5jb20iLCJpYXQiOjE2ODg0NDc3NjIsImV4cCI6MTY4ODQ2NTc2Mn0.ReOuE3fcgDKHxMkg1udO4l2Pj6u2qeAYWX0uXjgWQ1BVf6-yFT-pyfh59yAiy_rdEN2kDZovM-gUPbLeskZyRw
2023-07-04T10:46:42.688+05:30  INFO 4476 --- [http-nio-8090-exec-8] o.s.web.filter.OncePerRequestFilter      :  Header :  Bearer eyJhbGciOiJIUzUxMiJ9.eyJzdWIiOiJhZG1pbkBnbWFpbC5jb20iLCJpYXQiOjE2ODg0NDc3NjIsImV4cCI6MTY4ODQ2NTc2Mn0.ReOuE3fcgDKHxMkg1udO4l2Pj6u2qeAYWX0uXjgWQ1BVf6-yFT-pyfh59yAiy_rdEN2kDZovM-gUPbLeskZyRw
2023-07-04T10:46:42.709+05:30  INFO 4476 --- [http-nio-8090-exec-6] o.s.web.filter.OncePerRequestFilter      :  Header :  Bearer eyJhbGciOiJIUzUxMiJ9.eyJzdWIiOiJhZG1pbkBnbWFpbC5jb20iLCJpYXQiOjE2ODg0NDc3NjIsImV4cCI6MTY4ODQ2NTc2Mn0.ReOuE3fcgDKHxMkg1udO4l2Pj6u2qeAYWX0uXjgWQ1BVf6-yFT-pyfh59yAiy_rdEN2kDZovM-gUPbLeskZyRw
2023-07-04T10:46:42.766+05:30  INFO 4476 --- [http-nio-8090-exec-1] o.s.web.filter.OncePerRequestFilter      :  Header :  Bearer eyJhbGciOiJIUzUxMiJ9.eyJzdWIiOiJhZG1pbkBnbWFpbC5jb20iLCJpYXQiOjE2ODg0NDc3NjIsImV4cCI6MTY4ODQ2NTc2Mn0.ReOuE3fcgDKHxMkg1udO4l2Pj6u2qeAYWX0uXjgWQ1BVf6-yFT-pyfh59yAiy_rdEN2kDZovM-gUPbLeskZyRw
2023-07-04T10:46:42.766+05:30  INFO 4476 --- [http-nio-8090-exec-9] o.s.web.filter.OncePerRequestFilter      :  Header :  Bearer eyJhbGciOiJIUzUxMiJ9.eyJzdWIiOiJhZG1pbkBnbWFpbC5jb20iLCJpYXQiOjE2ODg0NDc3NjIsImV4cCI6MTY4ODQ2NTc2Mn0.ReOuE3fcgDKHxMkg1udO4l2Pj6u2qeAYWX0uXjgWQ1BVf6-yFT-pyfh59yAiy_rdEN2kDZovM-gUPbLeskZyRw
2023-07-04T10:46:42.766+05:30  INFO 4476 --- [http-nio-8090-exec-4] o.s.web.filter.OncePerRequestFilter      :  Header :  Bearer eyJhbGciOiJIUzUxMiJ9.eyJzdWIiOiJhZG1pbkBnbWFpbC5jb20iLCJpYXQiOjE2ODg0NDc3NjIsImV4cCI6MTY4ODQ2NTc2Mn0.ReOuE3fcgDKHxMkg1udO4l2Pj6u2qeAYWX0uXjgWQ1BVf6-yFT-pyfh59yAiy_rdEN2kDZovM-gUPbLeskZyRw
2023-07-04T10:46:42.772+05:30  INFO 4476 --- [http-nio-8090-exec-10] o.s.web.filter.OncePerRequestFilter      :  Header :  Bearer eyJhbGciOiJIUzUxMiJ9.eyJzdWIiOiJhZG1pbkBnbWFpbC5jb20iLCJpYXQiOjE2ODg0NDc3NjIsImV4cCI6MTY4ODQ2NTc2Mn0.ReOuE3fcgDKHxMkg1udO4l2Pj6u2qeAYWX0uXjgWQ1BVf6-yFT-pyfh59yAiy_rdEN2kDZovM-gUPbLeskZyRw
2023-07-04T10:46:42.804+05:30  INFO 4476 --- [http-nio-8090-exec-7] o.s.web.filter.OncePerRequestFilter      :  Header :  Bearer eyJhbGciOiJIUzUxMiJ9.eyJzdWIiOiJhZG1pbkBnbWFpbC5jb20iLCJpYXQiOjE2ODg0NDc3NjIsImV4cCI6MTY4ODQ2NTc2Mn0.ReOuE3fcgDKHxMkg1udO4l2Pj6u2qeAYWX0uXjgWQ1BVf6-yFT-pyfh59yAiy_rdEN2kDZovM-gUPbLeskZyRw
2023-07-04T10:46:42.806+05:30  INFO 4476 --- [http-nio-8090-exec-10] o.s.web.filter.OncePerRequestFilter      :  Header :  Bearer eyJhbGciOiJIUzUxMiJ9.eyJzdWIiOiJhZG1pbkBnbWFpbC5jb20iLCJpYXQiOjE2ODg0NDc3NjIsImV4cCI6MTY4ODQ2NTc2Mn0.ReOuE3fcgDKHxMkg1udO4l2Pj6u2qeAYWX0uXjgWQ1BVf6-yFT-pyfh59yAiy_rdEN2kDZovM-gUPbLeskZyRw
2023-07-04T10:46:44.273+05:30  INFO 4476 --- [http-nio-8090-exec-8] o.s.web.filter.OncePerRequestFilter      :  Header :  Bearer eyJhbGciOiJIUzUxMiJ9.eyJzdWIiOiJhZG1pbkBnbWFpbC5jb20iLCJpYXQiOjE2ODg0NDc3NjIsImV4cCI6MTY4ODQ2NTc2Mn0.ReOuE3fcgDKHxMkg1udO4l2Pj6u2qeAYWX0uXjgWQ1BVf6-yFT-pyfh59yAiy_rdEN2kDZovM-gUPbLeskZyRw
2023-07-04T10:46:44.295+05:30  INFO 4476 --- [http-nio-8090-exec-3] o.s.web.filter.OncePerRequestFilter      :  Header :  Bearer eyJhbGciOiJIUzUxMiJ9.eyJzdWIiOiJhZG1pbkBnbWFpbC5jb20iLCJpYXQiOjE2ODg0NDc3NjIsImV4cCI6MTY4ODQ2NTc2Mn0.ReOuE3fcgDKHxMkg1udO4l2Pj6u2qeAYWX0uXjgWQ1BVf6-yFT-pyfh59yAiy_rdEN2kDZovM-gUPbLeskZyRw
2023-07-04T10:46:50.265+05:30  INFO 4476 --- [http-nio-8090-exec-6] o.s.web.filter.OncePerRequestFilter      :  Header :  Bearer eyJhbGciOiJIUzUxMiJ9.eyJzdWIiOiJhZG1pbkBnbWFpbC5jb20iLCJpYXQiOjE2ODg0NDc3NjIsImV4cCI6MTY4ODQ2NTc2Mn0.ReOuE3fcgDKHxMkg1udO4l2Pj6u2qeAYWX0uXjgWQ1BVf6-yFT-pyfh59yAiy_rdEN2kDZovM-gUPbLeskZyRw
2023-07-04T10:46:50.265+05:30  INFO 4476 --- [http-nio-8090-exec-5] o.s.web.filter.OncePerRequestFilter      :  Header :  Bearer eyJhbGciOiJIUzUxMiJ9.eyJzdWIiOiJhZG1pbkBnbWFpbC5jb20iLCJpYXQiOjE2ODg0NDc3NjIsImV4cCI6MTY4ODQ2NTc2Mn0.ReOuE3fcgDKHxMkg1udO4l2Pj6u2qeAYWX0uXjgWQ1BVf6-yFT-pyfh59yAiy_rdEN2kDZovM-gUPbLeskZyRw
2023-07-04T10:46:50.266+05:30  INFO 4476 --- [http-nio-8090-exec-1] o.s.web.filter.OncePerRequestFilter      :  Header :  Bearer eyJhbGciOiJIUzUxMiJ9.eyJzdWIiOiJhZG1pbkBnbWFpbC5jb20iLCJpYXQiOjE2ODg0NDc3NjIsImV4cCI6MTY4ODQ2NTc2Mn0.ReOuE3fcgDKHxMkg1udO4l2Pj6u2qeAYWX0uXjgWQ1BVf6-yFT-pyfh59yAiy_rdEN2kDZovM-gUPbLeskZyRw
2023-07-04T10:46:50.266+05:30  INFO 4476 --- [http-nio-8090-exec-9] o.s.web.filter.OncePerRequestFilter      :  Header :  Bearer eyJhbGciOiJIUzUxMiJ9.eyJzdWIiOiJhZG1pbkBnbWFpbC5jb20iLCJpYXQiOjE2ODg0NDc3NjIsImV4cCI6MTY4ODQ2NTc2Mn0.ReOuE3fcgDKHxMkg1udO4l2Pj6u2qeAYWX0uXjgWQ1BVf6-yFT-pyfh59yAiy_rdEN2kDZovM-gUPbLeskZyRw
2023-07-04T10:46:50.267+05:30  INFO 4476 --- [http-nio-8090-exec-4] o.s.web.filter.OncePerRequestFilter      :  Header :  Bearer eyJhbGciOiJIUzUxMiJ9.eyJzdWIiOiJhZG1pbkBnbWFpbC5jb20iLCJpYXQiOjE2ODg0NDc3NjIsImV4cCI6MTY4ODQ2NTc2Mn0.ReOuE3fcgDKHxMkg1udO4l2Pj6u2qeAYWX0uXjgWQ1BVf6-yFT-pyfh59yAiy_rdEN2kDZovM-gUPbLeskZyRw
2023-07-04T10:46:50.314+05:30  INFO 4476 --- [http-nio-8090-exec-9] o.s.web.filter.OncePerRequestFilter      :  Header :  Bearer eyJhbGciOiJIUzUxMiJ9.eyJzdWIiOiJhZG1pbkBnbWFpbC5jb20iLCJpYXQiOjE2ODg0NDc3NjIsImV4cCI6MTY4ODQ2NTc2Mn0.ReOuE3fcgDKHxMkg1udO4l2Pj6u2qeAYWX0uXjgWQ1BVf6-yFT-pyfh59yAiy_rdEN2kDZovM-gUPbLeskZyRw
2023-07-04T10:46:50.332+05:30  INFO 4476 --- [http-nio-8090-exec-9] o.s.web.filter.OncePerRequestFilter      :  Header :  Bearer eyJhbGciOiJIUzUxMiJ9.eyJzdWIiOiJhZG1pbkBnbWFpbC5jb20iLCJpYXQiOjE2ODg0NDc3NjIsImV4cCI6MTY4ODQ2NTc2Mn0.ReOuE3fcgDKHxMkg1udO4l2Pj6u2qeAYWX0uXjgWQ1BVf6-yFT-pyfh59yAiy_rdEN2kDZovM-gUPbLeskZyRw
2023-07-04T10:46:50.347+05:30  INFO 4476 --- [http-nio-8090-exec-2] o.s.web.filter.OncePerRequestFilter      :  Header :  Bearer eyJhbGciOiJIUzUxMiJ9.eyJzdWIiOiJhZG1pbkBnbWFpbC5jb20iLCJpYXQiOjE2ODg0NDc3NjIsImV4cCI6MTY4ODQ2NTc2Mn0.ReOuE3fcgDKHxMkg1udO4l2Pj6u2qeAYWX0uXjgWQ1BVf6-yFT-pyfh59yAiy_rdEN2kDZovM-gUPbLeskZyRw
2023-07-04T10:46:50.355+05:30  INFO 4476 --- [http-nio-8090-exec-10] o.s.web.filter.OncePerRequestFilter      :  Header :  Bearer eyJhbGciOiJIUzUxMiJ9.eyJzdWIiOiJhZG1pbkBnbWFpbC5jb20iLCJpYXQiOjE2ODg0NDc3NjIsImV4cCI6MTY4ODQ2NTc2Mn0.ReOuE3fcgDKHxMkg1udO4l2Pj6u2qeAYWX0uXjgWQ1BVf6-yFT-pyfh59yAiy_rdEN2kDZovM-gUPbLeskZyRw
2023-07-04T10:46:50.354+05:30  INFO 4476 --- [http-nio-8090-exec-7] o.s.web.filter.OncePerRequestFilter      :  Header :  Bearer eyJhbGciOiJIUzUxMiJ9.eyJzdWIiOiJhZG1pbkBnbWFpbC5jb20iLCJpYXQiOjE2ODg0NDc3NjIsImV4cCI6MTY4ODQ2NTc2Mn0.ReOuE3fcgDKHxMkg1udO4l2Pj6u2qeAYWX0uXjgWQ1BVf6-yFT-pyfh59yAiy_rdEN2kDZovM-gUPbLeskZyRw
2023-07-04T10:46:50.358+05:30  INFO 4476 --- [http-nio-8090-exec-9] o.s.web.filter.OncePerRequestFilter      :  Header :  Bearer eyJhbGciOiJIUzUxMiJ9.eyJzdWIiOiJhZG1pbkBnbWFpbC5jb20iLCJpYXQiOjE2ODg0NDc3NjIsImV4cCI6MTY4ODQ2NTc2Mn0.ReOuE3fcgDKHxMkg1udO4l2Pj6u2qeAYWX0uXjgWQ1BVf6-yFT-pyfh59yAiy_rdEN2kDZovM-gUPbLeskZyRw
2023-07-04T10:46:50.405+05:30  INFO 4476 --- [http-nio-8090-exec-7] o.s.web.filter.OncePerRequestFilter      :  Header :  Bearer eyJhbGciOiJIUzUxMiJ9.eyJzdWIiOiJhZG1pbkBnbWFpbC5jb20iLCJpYXQiOjE2ODg0NDc3NjIsImV4cCI6MTY4ODQ2NTc2Mn0.ReOuE3fcgDKHxMkg1udO4l2Pj6u2qeAYWX0uXjgWQ1BVf6-yFT-pyfh59yAiy_rdEN2kDZovM-gUPbLeskZyRw
2023-07-04T10:46:56.202+05:30  INFO 4476 --- [http-nio-8090-exec-1] o.s.web.filter.OncePerRequestFilter      :  Header :  Bearer eyJhbGciOiJIUzUxMiJ9.eyJzdWIiOiJhZG1pbkBnbWFpbC5jb20iLCJpYXQiOjE2ODg0NDc3NjIsImV4cCI6MTY4ODQ2NTc2Mn0.ReOuE3fcgDKHxMkg1udO4l2Pj6u2qeAYWX0uXjgWQ1BVf6-yFT-pyfh59yAiy_rdEN2kDZovM-gUPbLeskZyRw
2023-07-04T10:46:56.221+05:30  INFO 4476 --- [http-nio-8090-exec-6] o.s.web.filter.OncePerRequestFilter      :  Header :  Bearer eyJhbGciOiJIUzUxMiJ9.eyJzdWIiOiJhZG1pbkBnbWFpbC5jb20iLCJpYXQiOjE2ODg0NDc3NjIsImV4cCI6MTY4ODQ2NTc2Mn0.ReOuE3fcgDKHxMkg1udO4l2Pj6u2qeAYWX0uXjgWQ1BVf6-yFT-pyfh59yAiy_rdEN2kDZovM-gUPbLeskZyRw
2023-07-04T10:46:57.095+05:30  INFO 4476 --- [http-nio-8090-exec-8] o.s.web.filter.OncePerRequestFilter      :  Header :  Bearer eyJhbGciOiJIUzUxMiJ9.eyJzdWIiOiJhZG1pbkBnbWFpbC5jb20iLCJpYXQiOjE2ODg0NDc3NjIsImV4cCI6MTY4ODQ2NTc2Mn0.ReOuE3fcgDKHxMkg1udO4l2Pj6u2qeAYWX0uXjgWQ1BVf6-yFT-pyfh59yAiy_rdEN2kDZovM-gUPbLeskZyRw
2023-07-04T10:46:57.109+05:30  INFO 4476 --- [http-nio-8090-exec-3] o.s.web.filter.OncePerRequestFilter      :  Header :  Bearer eyJhbGciOiJIUzUxMiJ9.eyJzdWIiOiJhZG1pbkBnbWFpbC5jb20iLCJpYXQiOjE2ODg0NDc3NjIsImV4cCI6MTY4ODQ2NTc2Mn0.ReOuE3fcgDKHxMkg1udO4l2Pj6u2qeAYWX0uXjgWQ1BVf6-yFT-pyfh59yAiy_rdEN2kDZovM-gUPbLeskZyRw
2023-07-04T10:46:57.119+05:30  INFO 4476 --- [http-nio-8090-exec-5] o.s.web.filter.OncePerRequestFilter      :  Header :  Bearer eyJhbGciOiJIUzUxMiJ9.eyJzdWIiOiJhZG1pbkBnbWFpbC5jb20iLCJpYXQiOjE2ODg0NDc3NjIsImV4cCI6MTY4ODQ2NTc2Mn0.ReOuE3fcgDKHxMkg1udO4l2Pj6u2qeAYWX0uXjgWQ1BVf6-yFT-pyfh59yAiy_rdEN2kDZovM-gUPbLeskZyRw
2023-07-04T10:46:57.120+05:30  INFO 4476 --- [http-nio-8090-exec-8] o.s.web.filter.OncePerRequestFilter      :  Header :  Bearer eyJhbGciOiJIUzUxMiJ9.eyJzdWIiOiJhZG1pbkBnbWFpbC5jb20iLCJpYXQiOjE2ODg0NDc3NjIsImV4cCI6MTY4ODQ2NTc2Mn0.ReOuE3fcgDKHxMkg1udO4l2Pj6u2qeAYWX0uXjgWQ1BVf6-yFT-pyfh59yAiy_rdEN2kDZovM-gUPbLeskZyRw
2023-07-04T10:46:57.134+05:30  INFO 4476 --- [http-nio-8090-exec-10] o.s.web.filter.OncePerRequestFilter      :  Header :  Bearer eyJhbGciOiJIUzUxMiJ9.eyJzdWIiOiJhZG1pbkBnbWFpbC5jb20iLCJpYXQiOjE2ODg0NDc3NjIsImV4cCI6MTY4ODQ2NTc2Mn0.ReOuE3fcgDKHxMkg1udO4l2Pj6u2qeAYWX0uXjgWQ1BVf6-yFT-pyfh59yAiy_rdEN2kDZovM-gUPbLeskZyRw
2023-07-04T10:46:57.138+05:30  INFO 4476 --- [http-nio-8090-exec-5] o.s.web.filter.OncePerRequestFilter      :  Header :  Bearer eyJhbGciOiJIUzUxMiJ9.eyJzdWIiOiJhZG1pbkBnbWFpbC5jb20iLCJpYXQiOjE2ODg0NDc3NjIsImV4cCI6MTY4ODQ2NTc2Mn0.ReOuE3fcgDKHxMkg1udO4l2Pj6u2qeAYWX0uXjgWQ1BVf6-yFT-pyfh59yAiy_rdEN2kDZovM-gUPbLeskZyRw
2023-07-04T10:46:57.157+05:30  INFO 4476 --- [http-nio-8090-exec-2] o.s.web.filter.OncePerRequestFilter      :  Header :  Bearer eyJhbGciOiJIUzUxMiJ9.eyJzdWIiOiJhZG1pbkBnbWFpbC5jb20iLCJpYXQiOjE2ODg0NDc3NjIsImV4cCI6MTY4ODQ2NTc2Mn0.ReOuE3fcgDKHxMkg1udO4l2Pj6u2qeAYWX0uXjgWQ1BVf6-yFT-pyfh59yAiy_rdEN2kDZovM-gUPbLeskZyRw
2023-07-04T10:46:57.157+05:30  INFO 4476 --- [http-nio-8090-exec-4] o.s.web.filter.OncePerRequestFilter      :  Header :  Bearer eyJhbGciOiJIUzUxMiJ9.eyJzdWIiOiJhZG1pbkBnbWFpbC5jb20iLCJpYXQiOjE2ODg0NDc3NjIsImV4cCI6MTY4ODQ2NTc2Mn0.ReOuE3fcgDKHxMkg1udO4l2Pj6u2qeAYWX0uXjgWQ1BVf6-yFT-pyfh59yAiy_rdEN2kDZovM-gUPbLeskZyRw
2023-07-04T10:46:57.172+05:30  INFO 4476 --- [http-nio-8090-exec-3] o.s.web.filter.OncePerRequestFilter      :  Header :  Bearer eyJhbGciOiJIUzUxMiJ9.eyJzdWIiOiJhZG1pbkBnbWFpbC5jb20iLCJpYXQiOjE2ODg0NDc3NjIsImV4cCI6MTY4ODQ2NTc2Mn0.ReOuE3fcgDKHxMkg1udO4l2Pj6u2qeAYWX0uXjgWQ1BVf6-yFT-pyfh59yAiy_rdEN2kDZovM-gUPbLeskZyRw
2023-07-04T10:46:57.191+05:30  INFO 4476 --- [http-nio-8090-exec-4] o.s.web.filter.OncePerRequestFilter      :  Header :  Bearer eyJhbGciOiJIUzUxMiJ9.eyJzdWIiOiJhZG1pbkBnbWFpbC5jb20iLCJpYXQiOjE2ODg0NDc3NjIsImV4cCI6MTY4ODQ2NTc2Mn0.ReOuE3fcgDKHxMkg1udO4l2Pj6u2qeAYWX0uXjgWQ1BVf6-yFT-pyfh59yAiy_rdEN2kDZovM-gUPbLeskZyRw
2023-07-04T10:46:57.208+05:30  INFO 4476 --- [http-nio-8090-exec-6] o.s.web.filter.OncePerRequestFilter      :  Header :  Bearer eyJhbGciOiJIUzUxMiJ9.eyJzdWIiOiJhZG1pbkBnbWFpbC5jb20iLCJpYXQiOjE2ODg0NDc3NjIsImV4cCI6MTY4ODQ2NTc2Mn0.ReOuE3fcgDKHxMkg1udO4l2Pj6u2qeAYWX0uXjgWQ1BVf6-yFT-pyfh59yAiy_rdEN2kDZovM-gUPbLeskZyRw
2023-07-04T10:46:57.211+05:30  INFO 4476 --- [http-nio-8090-exec-8] o.s.web.filter.OncePerRequestFilter      :  Header :  Bearer eyJhbGciOiJIUzUxMiJ9.eyJzdWIiOiJhZG1pbkBnbWFpbC5jb20iLCJpYXQiOjE2ODg0NDc3NjIsImV4cCI6MTY4ODQ2NTc2Mn0.ReOuE3fcgDKHxMkg1udO4l2Pj6u2qeAYWX0uXjgWQ1BVf6-yFT-pyfh59yAiy_rdEN2kDZovM-gUPbLeskZyRw
2023-07-04T10:46:58.501+05:30  INFO 4476 --- [http-nio-8090-exec-5] o.s.web.filter.OncePerRequestFilter      :  Header :  Bearer eyJhbGciOiJIUzUxMiJ9.eyJzdWIiOiJhZG1pbkBnbWFpbC5jb20iLCJpYXQiOjE2ODg0NDc3NjIsImV4cCI6MTY4ODQ2NTc2Mn0.ReOuE3fcgDKHxMkg1udO4l2Pj6u2qeAYWX0uXjgWQ1BVf6-yFT-pyfh59yAiy_rdEN2kDZovM-gUPbLeskZyRw
2023-07-04T10:46:58.522+05:30  INFO 4476 --- [http-nio-8090-exec-7] o.s.web.filter.OncePerRequestFilter      :  Header :  Bearer eyJhbGciOiJIUzUxMiJ9.eyJzdWIiOiJhZG1pbkBnbWFpbC5jb20iLCJpYXQiOjE2ODg0NDc3NjIsImV4cCI6MTY4ODQ2NTc2Mn0.ReOuE3fcgDKHxMkg1udO4l2Pj6u2qeAYWX0uXjgWQ1BVf6-yFT-pyfh59yAiy_rdEN2kDZovM-gUPbLeskZyRw
2023-07-04T10:46:59.730+05:30  INFO 4476 --- [http-nio-8090-exec-1] o.s.web.filter.OncePerRequestFilter      :  Header :  Bearer eyJhbGciOiJIUzUxMiJ9.eyJzdWIiOiJhZG1pbkBnbWFpbC5jb20iLCJpYXQiOjE2ODg0NDc3NjIsImV4cCI6MTY4ODQ2NTc2Mn0.ReOuE3fcgDKHxMkg1udO4l2Pj6u2qeAYWX0uXjgWQ1BVf6-yFT-pyfh59yAiy_rdEN2kDZovM-gUPbLeskZyRw
2023-07-04T10:46:59.737+05:30  INFO 4476 --- [http-nio-8090-exec-10] o.s.web.filter.OncePerRequestFilter      :  Header :  Bearer eyJhbGciOiJIUzUxMiJ9.eyJzdWIiOiJhZG1pbkBnbWFpbC5jb20iLCJpYXQiOjE2ODg0NDc3NjIsImV4cCI6MTY4ODQ2NTc2Mn0.ReOuE3fcgDKHxMkg1udO4l2Pj6u2qeAYWX0uXjgWQ1BVf6-yFT-pyfh59yAiy_rdEN2kDZovM-gUPbLeskZyRw
2023-07-04T10:46:59.749+05:30  INFO 4476 --- [http-nio-8090-exec-9] o.s.web.filter.OncePerRequestFilter      :  Header :  Bearer eyJhbGciOiJIUzUxMiJ9.eyJzdWIiOiJhZG1pbkBnbWFpbC5jb20iLCJpYXQiOjE2ODg0NDc3NjIsImV4cCI6MTY4ODQ2NTc2Mn0.ReOuE3fcgDKHxMkg1udO4l2Pj6u2qeAYWX0uXjgWQ1BVf6-yFT-pyfh59yAiy_rdEN2kDZovM-gUPbLeskZyRw
2023-07-04T10:46:59.751+05:30  INFO 4476 --- [http-nio-8090-exec-1] o.s.web.filter.OncePerRequestFilter      :  Header :  Bearer eyJhbGciOiJIUzUxMiJ9.eyJzdWIiOiJhZG1pbkBnbWFpbC5jb20iLCJpYXQiOjE2ODg0NDc3NjIsImV4cCI6MTY4ODQ2NTc2Mn0.ReOuE3fcgDKHxMkg1udO4l2Pj6u2qeAYWX0uXjgWQ1BVf6-yFT-pyfh59yAiy_rdEN2kDZovM-gUPbLeskZyRw
2023-07-04T10:46:59.764+05:30  INFO 4476 --- [http-nio-8090-exec-3] o.s.web.filter.OncePerRequestFilter      :  Header :  Bearer eyJhbGciOiJIUzUxMiJ9.eyJzdWIiOiJhZG1pbkBnbWFpbC5jb20iLCJpYXQiOjE2ODg0NDc3NjIsImV4cCI6MTY4ODQ2NTc2Mn0.ReOuE3fcgDKHxMkg1udO4l2Pj6u2qeAYWX0uXjgWQ1BVf6-yFT-pyfh59yAiy_rdEN2kDZovM-gUPbLeskZyRw
2023-07-04T10:46:59.768+05:30  INFO 4476 --- [http-nio-8090-exec-2] o.s.web.filter.OncePerRequestFilter      :  Header :  Bearer eyJhbGciOiJIUzUxMiJ9.eyJzdWIiOiJhZG1pbkBnbWFpbC5jb20iLCJpYXQiOjE2ODg0NDc3NjIsImV4cCI6MTY4ODQ2NTc2Mn0.ReOuE3fcgDKHxMkg1udO4l2Pj6u2qeAYWX0uXjgWQ1BVf6-yFT-pyfh59yAiy_rdEN2kDZovM-gUPbLeskZyRw
2023-07-04T10:46:59.782+05:30  INFO 4476 --- [http-nio-8090-exec-8] o.s.web.filter.OncePerRequestFilter      :  Header :  Bearer eyJhbGciOiJIUzUxMiJ9.eyJzdWIiOiJhZG1pbkBnbWFpbC5jb20iLCJpYXQiOjE2ODg0NDc3NjIsImV4cCI6MTY4ODQ2NTc2Mn0.ReOuE3fcgDKHxMkg1udO4l2Pj6u2qeAYWX0uXjgWQ1BVf6-yFT-pyfh59yAiy_rdEN2kDZovM-gUPbLeskZyRw
2023-07-04T10:46:59.785+05:30  INFO 4476 --- [http-nio-8090-exec-5] o.s.web.filter.OncePerRequestFilter      :  Header :  Bearer eyJhbGciOiJIUzUxMiJ9.eyJzdWIiOiJhZG1pbkBnbWFpbC5jb20iLCJpYXQiOjE2ODg0NDc3NjIsImV4cCI6MTY4ODQ2NTc2Mn0.ReOuE3fcgDKHxMkg1udO4l2Pj6u2qeAYWX0uXjgWQ1BVf6-yFT-pyfh59yAiy_rdEN2kDZovM-gUPbLeskZyRw
2023-07-04T10:46:59.788+05:30  INFO 4476 --- [http-nio-8090-exec-6] o.s.web.filter.OncePerRequestFilter      :  Header :  Bearer eyJhbGciOiJIUzUxMiJ9.eyJzdWIiOiJhZG1pbkBnbWFpbC5jb20iLCJpYXQiOjE2ODg0NDc3NjIsImV4cCI6MTY4ODQ2NTc2Mn0.ReOuE3fcgDKHxMkg1udO4l2Pj6u2qeAYWX0uXjgWQ1BVf6-yFT-pyfh59yAiy_rdEN2kDZovM-gUPbLeskZyRw
2023-07-04T10:46:59.809+05:30  INFO 4476 --- [http-nio-8090-exec-7] o.s.web.filter.OncePerRequestFilter      :  Header :  Bearer eyJhbGciOiJIUzUxMiJ9.eyJzdWIiOiJhZG1pbkBnbWFpbC5jb20iLCJpYXQiOjE2ODg0NDc3NjIsImV4cCI6MTY4ODQ2NTc2Mn0.ReOuE3fcgDKHxMkg1udO4l2Pj6u2qeAYWX0uXjgWQ1BVf6-yFT-pyfh59yAiy_rdEN2kDZovM-gUPbLeskZyRw
2023-07-04T10:46:59.840+05:30  INFO 4476 --- [http-nio-8090-exec-5] o.s.web.filter.OncePerRequestFilter      :  Header :  Bearer eyJhbGciOiJIUzUxMiJ9.eyJzdWIiOiJhZG1pbkBnbWFpbC5jb20iLCJpYXQiOjE2ODg0NDc3NjIsImV4cCI6MTY4ODQ2NTc2Mn0.ReOuE3fcgDKHxMkg1udO4l2Pj6u2qeAYWX0uXjgWQ1BVf6-yFT-pyfh59yAiy_rdEN2kDZovM-gUPbLeskZyRw
2023-07-04T10:46:59.846+05:30  INFO 4476 --- [http-nio-8090-exec-4] o.s.web.filter.OncePerRequestFilter      :  Header :  Bearer eyJhbGciOiJIUzUxMiJ9.eyJzdWIiOiJhZG1pbkBnbWFpbC5jb20iLCJpYXQiOjE2ODg0NDc3NjIsImV4cCI6MTY4ODQ2NTc2Mn0.ReOuE3fcgDKHxMkg1udO4l2Pj6u2qeAYWX0uXjgWQ1BVf6-yFT-pyfh59yAiy_rdEN2kDZovM-gUPbLeskZyRw
2023-07-04T10:48:27.047+05:30  INFO 4476 --- [AsyncResolver-bootstrap-executor-0] c.n.d.s.r.aws.ConfigClusterResolver      : Resolving eureka endpoints via configuration
2023-07-04T10:51:17.926+05:30  INFO 4476 --- [http-nio-8090-exec-6] o.s.web.filter.OncePerRequestFilter      :  Header :  Bearer eyJhbGciOiJIUzUxMiJ9.eyJzdWIiOiJhZG1pbkBnbWFpbC5jb20iLCJpYXQiOjE2ODg0NDc3NjIsImV4cCI6MTY4ODQ2NTc2Mn0.ReOuE3fcgDKHxMkg1udO4l2Pj6u2qeAYWX0uXjgWQ1BVf6-yFT-pyfh59yAiy_rdEN2kDZovM-gUPbLeskZyRw
2023-07-04T10:51:17.952+05:30  INFO 4476 --- [http-nio-8090-exec-4] o.s.web.filter.OncePerRequestFilter      :  Header :  Bearer eyJhbGciOiJIUzUxMiJ9.eyJzdWIiOiJhZG1pbkBnbWFpbC5jb20iLCJpYXQiOjE2ODg0NDc3NjIsImV4cCI6MTY4ODQ2NTc2Mn0.ReOuE3fcgDKHxMkg1udO4l2Pj6u2qeAYWX0uXjgWQ1BVf6-yFT-pyfh59yAiy_rdEN2kDZovM-gUPbLeskZyRw
2023-07-04T10:51:24.168+05:30  INFO 4476 --- [http-nio-8090-exec-7] o.s.web.filter.OncePerRequestFilter      :  Header :  Bearer eyJhbGciOiJIUzUxMiJ9.eyJzdWIiOiJhZG1pbkBnbWFpbC5jb20iLCJpYXQiOjE2ODg0NDc3NjIsImV4cCI6MTY4ODQ2NTc2Mn0.ReOuE3fcgDKHxMkg1udO4l2Pj6u2qeAYWX0uXjgWQ1BVf6-yFT-pyfh59yAiy_rdEN2kDZovM-gUPbLeskZyRw
2023-07-04T10:51:24.188+05:30  INFO 4476 --- [http-nio-8090-exec-5] o.s.web.filter.OncePerRequestFilter      :  Header :  Bearer eyJhbGciOiJIUzUxMiJ9.eyJzdWIiOiJhZG1pbkBnbWFpbC5jb20iLCJpYXQiOjE2ODg0NDc3NjIsImV4cCI6MTY4ODQ2NTc2Mn0.ReOuE3fcgDKHxMkg1udO4l2Pj6u2qeAYWX0uXjgWQ1BVf6-yFT-pyfh59yAiy_rdEN2kDZovM-gUPbLeskZyRw
2023-07-04T10:51:24.192+05:30  INFO 4476 --- [http-nio-8090-exec-9] o.s.web.filter.OncePerRequestFilter      :  Header :  Bearer eyJhbGciOiJIUzUxMiJ9.eyJzdWIiOiJhZG1pbkBnbWFpbC5jb20iLCJpYXQiOjE2ODg0NDc3NjIsImV4cCI6MTY4ODQ2NTc2Mn0.ReOuE3fcgDKHxMkg1udO4l2Pj6u2qeAYWX0uXjgWQ1BVf6-yFT-pyfh59yAiy_rdEN2kDZovM-gUPbLeskZyRw
2023-07-04T10:51:24.192+05:30  INFO 4476 --- [http-nio-8090-exec-8] o.s.web.filter.OncePerRequestFilter      :  Header :  Bearer eyJhbGciOiJIUzUxMiJ9.eyJzdWIiOiJhZG1pbkBnbWFpbC5jb20iLCJpYXQiOjE2ODg0NDc3NjIsImV4cCI6MTY4ODQ2NTc2Mn0.ReOuE3fcgDKHxMkg1udO4l2Pj6u2qeAYWX0uXjgWQ1BVf6-yFT-pyfh59yAiy_rdEN2kDZovM-gUPbLeskZyRw
2023-07-04T10:51:24.204+05:30  INFO 4476 --- [http-nio-8090-exec-1] o.s.web.filter.OncePerRequestFilter      :  Header :  Bearer eyJhbGciOiJIUzUxMiJ9.eyJzdWIiOiJhZG1pbkBnbWFpbC5jb20iLCJpYXQiOjE2ODg0NDc3NjIsImV4cCI6MTY4ODQ2NTc2Mn0.ReOuE3fcgDKHxMkg1udO4l2Pj6u2qeAYWX0uXjgWQ1BVf6-yFT-pyfh59yAiy_rdEN2kDZovM-gUPbLeskZyRw
2023-07-04T10:51:24.231+05:30  INFO 4476 --- [http-nio-8090-exec-8] o.s.web.filter.OncePerRequestFilter      :  Header :  Bearer eyJhbGciOiJIUzUxMiJ9.eyJzdWIiOiJhZG1pbkBnbWFpbC5jb20iLCJpYXQiOjE2ODg0NDc3NjIsImV4cCI6MTY4ODQ2NTc2Mn0.ReOuE3fcgDKHxMkg1udO4l2Pj6u2qeAYWX0uXjgWQ1BVf6-yFT-pyfh59yAiy_rdEN2kDZovM-gUPbLeskZyRw
2023-07-04T10:51:24.247+05:30  INFO 4476 --- [http-nio-8090-exec-10] o.s.web.filter.OncePerRequestFilter      :  Header :  Bearer eyJhbGciOiJIUzUxMiJ9.eyJzdWIiOiJhZG1pbkBnbWFpbC5jb20iLCJpYXQiOjE2ODg0NDc3NjIsImV4cCI6MTY4ODQ2NTc2Mn0.ReOuE3fcgDKHxMkg1udO4l2Pj6u2qeAYWX0uXjgWQ1BVf6-yFT-pyfh59yAiy_rdEN2kDZovM-gUPbLeskZyRw
2023-07-04T10:51:24.254+05:30  INFO 4476 --- [http-nio-8090-exec-8] o.s.web.filter.OncePerRequestFilter      :  Header :  Bearer eyJhbGciOiJIUzUxMiJ9.eyJzdWIiOiJhZG1pbkBnbWFpbC5jb20iLCJpYXQiOjE2ODg0NDc3NjIsImV4cCI6MTY4ODQ2NTc2Mn0.ReOuE3fcgDKHxMkg1udO4l2Pj6u2qeAYWX0uXjgWQ1BVf6-yFT-pyfh59yAiy_rdEN2kDZovM-gUPbLeskZyRw
2023-07-04T10:51:24.272+05:30  INFO 4476 --- [http-nio-8090-exec-2] o.s.web.filter.OncePerRequestFilter      :  Header :  Bearer eyJhbGciOiJIUzUxMiJ9.eyJzdWIiOiJhZG1pbkBnbWFpbC5jb20iLCJpYXQiOjE2ODg0NDc3NjIsImV4cCI6MTY4ODQ2NTc2Mn0.ReOuE3fcgDKHxMkg1udO4l2Pj6u2qeAYWX0uXjgWQ1BVf6-yFT-pyfh59yAiy_rdEN2kDZovM-gUPbLeskZyRw
2023-07-04T10:51:24.276+05:30  INFO 4476 --- [http-nio-8090-exec-1] o.s.web.filter.OncePerRequestFilter      :  Header :  Bearer eyJhbGciOiJIUzUxMiJ9.eyJzdWIiOiJhZG1pbkBnbWFpbC5jb20iLCJpYXQiOjE2ODg0NDc3NjIsImV4cCI6MTY4ODQ2NTc2Mn0.ReOuE3fcgDKHxMkg1udO4l2Pj6u2qeAYWX0uXjgWQ1BVf6-yFT-pyfh59yAiy_rdEN2kDZovM-gUPbLeskZyRw
2023-07-04T10:51:24.311+05:30  INFO 4476 --- [http-nio-8090-exec-7] o.s.web.filter.OncePerRequestFilter      :  Header :  Bearer eyJhbGciOiJIUzUxMiJ9.eyJzdWIiOiJhZG1pbkBnbWFpbC5jb20iLCJpYXQiOjE2ODg0NDc3NjIsImV4cCI6MTY4ODQ2NTc2Mn0.ReOuE3fcgDKHxMkg1udO4l2Pj6u2qeAYWX0uXjgWQ1BVf6-yFT-pyfh59yAiy_rdEN2kDZovM-gUPbLeskZyRw
2023-07-04T10:51:24.329+05:30  INFO 4476 --- [http-nio-8090-exec-5] o.s.web.filter.OncePerRequestFilter      :  Header :  Bearer eyJhbGciOiJIUzUxMiJ9.eyJzdWIiOiJhZG1pbkBnbWFpbC5jb20iLCJpYXQiOjE2ODg0NDc3NjIsImV4cCI6MTY4ODQ2NTc2Mn0.ReOuE3fcgDKHxMkg1udO4l2Pj6u2qeAYWX0uXjgWQ1BVf6-yFT-pyfh59yAiy_rdEN2kDZovM-gUPbLeskZyRw
2023-07-04T10:51:36.344+05:30  INFO 4476 --- [http-nio-8090-exec-9] o.s.web.filter.OncePerRequestFilter      :  Header :  Bearer eyJhbGciOiJIUzUxMiJ9.eyJzdWIiOiJhZG1pbkBnbWFpbC5jb20iLCJpYXQiOjE2ODg0NDc3NjIsImV4cCI6MTY4ODQ2NTc2Mn0.ReOuE3fcgDKHxMkg1udO4l2Pj6u2qeAYWX0uXjgWQ1BVf6-yFT-pyfh59yAiy_rdEN2kDZovM-gUPbLeskZyRw
2023-07-04T10:51:36.361+05:30  INFO 4476 --- [http-nio-8090-exec-3] o.s.web.filter.OncePerRequestFilter      :  Header :  Bearer eyJhbGciOiJIUzUxMiJ9.eyJzdWIiOiJhZG1pbkBnbWFpbC5jb20iLCJpYXQiOjE2ODg0NDc3NjIsImV4cCI6MTY4ODQ2NTc2Mn0.ReOuE3fcgDKHxMkg1udO4l2Pj6u2qeAYWX0uXjgWQ1BVf6-yFT-pyfh59yAiy_rdEN2kDZovM-gUPbLeskZyRw
2023-07-04T10:51:37.495+05:30  INFO 4476 --- [http-nio-8090-exec-6] o.s.web.filter.OncePerRequestFilter      :  Header :  Bearer eyJhbGciOiJIUzUxMiJ9.eyJzdWIiOiJhZG1pbkBnbWFpbC5jb20iLCJpYXQiOjE2ODg0NDc3NjIsImV4cCI6MTY4ODQ2NTc2Mn0.ReOuE3fcgDKHxMkg1udO4l2Pj6u2qeAYWX0uXjgWQ1BVf6-yFT-pyfh59yAiy_rdEN2kDZovM-gUPbLeskZyRw
2023-07-04T10:51:37.509+05:30  INFO 4476 --- [http-nio-8090-exec-4] o.s.web.filter.OncePerRequestFilter      :  Header :  Bearer eyJhbGciOiJIUzUxMiJ9.eyJzdWIiOiJhZG1pbkBnbWFpbC5jb20iLCJpYXQiOjE2ODg0NDc3NjIsImV4cCI6MTY4ODQ2NTc2Mn0.ReOuE3fcgDKHxMkg1udO4l2Pj6u2qeAYWX0uXjgWQ1BVf6-yFT-pyfh59yAiy_rdEN2kDZovM-gUPbLeskZyRw
2023-07-04T10:51:37.514+05:30  INFO 4476 --- [http-nio-8090-exec-2] o.s.web.filter.OncePerRequestFilter      :  Header :  Bearer eyJhbGciOiJIUzUxMiJ9.eyJzdWIiOiJhZG1pbkBnbWFpbC5jb20iLCJpYXQiOjE2ODg0NDc3NjIsImV4cCI6MTY4ODQ2NTc2Mn0.ReOuE3fcgDKHxMkg1udO4l2Pj6u2qeAYWX0uXjgWQ1BVf6-yFT-pyfh59yAiy_rdEN2kDZovM-gUPbLeskZyRw
2023-07-04T10:51:37.514+05:30  INFO 4476 --- [http-nio-8090-exec-8] o.s.web.filter.OncePerRequestFilter      :  Header :  Bearer eyJhbGciOiJIUzUxMiJ9.eyJzdWIiOiJhZG1pbkBnbWFpbC5jb20iLCJpYXQiOjE2ODg0NDc3NjIsImV4cCI6MTY4ODQ2NTc2Mn0.ReOuE3fcgDKHxMkg1udO4l2Pj6u2qeAYWX0uXjgWQ1BVf6-yFT-pyfh59yAiy_rdEN2kDZovM-gUPbLeskZyRw
2023-07-04T10:51:37.514+05:30  INFO 4476 --- [http-nio-8090-exec-10] o.s.web.filter.OncePerRequestFilter      :  Header :  Bearer eyJhbGciOiJIUzUxMiJ9.eyJzdWIiOiJhZG1pbkBnbWFpbC5jb20iLCJpYXQiOjE2ODg0NDc3NjIsImV4cCI6MTY4ODQ2NTc2Mn0.ReOuE3fcgDKHxMkg1udO4l2Pj6u2qeAYWX0uXjgWQ1BVf6-yFT-pyfh59yAiy_rdEN2kDZovM-gUPbLeskZyRw
2023-07-04T10:51:37.536+05:30  INFO 4476 --- [http-nio-8090-exec-1] o.s.web.filter.OncePerRequestFilter      :  Header :  Bearer eyJhbGciOiJIUzUxMiJ9.eyJzdWIiOiJhZG1pbkBnbWFpbC5jb20iLCJpYXQiOjE2ODg0NDc3NjIsImV4cCI6MTY4ODQ2NTc2Mn0.ReOuE3fcgDKHxMkg1udO4l2Pj6u2qeAYWX0uXjgWQ1BVf6-yFT-pyfh59yAiy_rdEN2kDZovM-gUPbLeskZyRw
2023-07-04T10:51:37.548+05:30  INFO 4476 --- [http-nio-8090-exec-4] o.s.web.filter.OncePerRequestFilter      :  Header :  Bearer eyJhbGciOiJIUzUxMiJ9.eyJzdWIiOiJhZG1pbkBnbWFpbC5jb20iLCJpYXQiOjE2ODg0NDc3NjIsImV4cCI6MTY4ODQ2NTc2Mn0.ReOuE3fcgDKHxMkg1udO4l2Pj6u2qeAYWX0uXjgWQ1BVf6-yFT-pyfh59yAiy_rdEN2kDZovM-gUPbLeskZyRw
2023-07-04T10:51:37.568+05:30  INFO 4476 --- [http-nio-8090-exec-8] o.s.web.filter.OncePerRequestFilter      :  Header :  Bearer eyJhbGciOiJIUzUxMiJ9.eyJzdWIiOiJhZG1pbkBnbWFpbC5jb20iLCJpYXQiOjE2ODg0NDc3NjIsImV4cCI6MTY4ODQ2NTc2Mn0.ReOuE3fcgDKHxMkg1udO4l2Pj6u2qeAYWX0uXjgWQ1BVf6-yFT-pyfh59yAiy_rdEN2kDZovM-gUPbLeskZyRw
2023-07-04T10:51:37.581+05:30  INFO 4476 --- [http-nio-8090-exec-9] o.s.web.filter.OncePerRequestFilter      :  Header :  Bearer eyJhbGciOiJIUzUxMiJ9.eyJzdWIiOiJhZG1pbkBnbWFpbC5jb20iLCJpYXQiOjE2ODg0NDc3NjIsImV4cCI6MTY4ODQ2NTc2Mn0.ReOuE3fcgDKHxMkg1udO4l2Pj6u2qeAYWX0uXjgWQ1BVf6-yFT-pyfh59yAiy_rdEN2kDZovM-gUPbLeskZyRw
2023-07-04T10:51:37.601+05:30  INFO 4476 --- [http-nio-8090-exec-10] o.s.web.filter.OncePerRequestFilter      :  Header :  Bearer eyJhbGciOiJIUzUxMiJ9.eyJzdWIiOiJhZG1pbkBnbWFpbC5jb20iLCJpYXQiOjE2ODg0NDc3NjIsImV4cCI6MTY4ODQ2NTc2Mn0.ReOuE3fcgDKHxMkg1udO4l2Pj6u2qeAYWX0uXjgWQ1BVf6-yFT-pyfh59yAiy_rdEN2kDZovM-gUPbLeskZyRw
2023-07-04T10:51:37.607+05:30  INFO 4476 --- [http-nio-8090-exec-9] o.s.web.filter.OncePerRequestFilter      :  Header :  Bearer eyJhbGciOiJIUzUxMiJ9.eyJzdWIiOiJhZG1pbkBnbWFpbC5jb20iLCJpYXQiOjE2ODg0NDc3NjIsImV4cCI6MTY4ODQ2NTc2Mn0.ReOuE3fcgDKHxMkg1udO4l2Pj6u2qeAYWX0uXjgWQ1BVf6-yFT-pyfh59yAiy_rdEN2kDZovM-gUPbLeskZyRw
2023-07-04T10:51:37.652+05:30  INFO 4476 --- [http-nio-8090-exec-8] o.s.web.filter.OncePerRequestFilter      :  Header :  Bearer eyJhbGciOiJIUzUxMiJ9.eyJzdWIiOiJhZG1pbkBnbWFpbC5jb20iLCJpYXQiOjE2ODg0NDc3NjIsImV4cCI6MTY4ODQ2NTc2Mn0.ReOuE3fcgDKHxMkg1udO4l2Pj6u2qeAYWX0uXjgWQ1BVf6-yFT-pyfh59yAiy_rdEN2kDZovM-gUPbLeskZyRw
2023-07-04T10:53:14.102+05:30  INFO 4476 --- [http-nio-8090-exec-3] o.s.web.filter.OncePerRequestFilter      :  Header :  Bearer eyJhbGciOiJIUzUxMiJ9.eyJzdWIiOiJhZG1pbkBnbWFpbC5jb20iLCJpYXQiOjE2ODg0NDc3NjIsImV4cCI6MTY4ODQ2NTc2Mn0.ReOuE3fcgDKHxMkg1udO4l2Pj6u2qeAYWX0uXjgWQ1BVf6-yFT-pyfh59yAiy_rdEN2kDZovM-gUPbLeskZyRw
2023-07-04T10:53:14.123+05:30  INFO 4476 --- [http-nio-8090-exec-6] o.s.web.filter.OncePerRequestFilter      :  Header :  Bearer eyJhbGciOiJIUzUxMiJ9.eyJzdWIiOiJhZG1pbkBnbWFpbC5jb20iLCJpYXQiOjE2ODg0NDc3NjIsImV4cCI6MTY4ODQ2NTc2Mn0.ReOuE3fcgDKHxMkg1udO4l2Pj6u2qeAYWX0uXjgWQ1BVf6-yFT-pyfh59yAiy_rdEN2kDZovM-gUPbLeskZyRw
2023-07-04T10:53:18.905+05:30  INFO 4476 --- [http-nio-8090-exec-1] o.s.web.filter.OncePerRequestFilter      :  Header :  Bearer eyJhbGciOiJIUzUxMiJ9.eyJzdWIiOiJhZG1pbkBnbWFpbC5jb20iLCJpYXQiOjE2ODg0NDc3NjIsImV4cCI6MTY4ODQ2NTc2Mn0.ReOuE3fcgDKHxMkg1udO4l2Pj6u2qeAYWX0uXjgWQ1BVf6-yFT-pyfh59yAiy_rdEN2kDZovM-gUPbLeskZyRw
2023-07-04T10:53:18.909+05:30  INFO 4476 --- [http-nio-8090-exec-8] o.s.web.filter.OncePerRequestFilter      :  Header :  Bearer eyJhbGciOiJIUzUxMiJ9.eyJzdWIiOiJhZG1pbkBnbWFpbC5jb20iLCJpYXQiOjE2ODg0NDc3NjIsImV4cCI6MTY4ODQ2NTc2Mn0.ReOuE3fcgDKHxMkg1udO4l2Pj6u2qeAYWX0uXjgWQ1BVf6-yFT-pyfh59yAiy_rdEN2kDZovM-gUPbLeskZyRw
2023-07-04T10:53:18.918+05:30  INFO 4476 --- [http-nio-8090-exec-5] o.s.web.filter.OncePerRequestFilter      :  Header :  Bearer eyJhbGciOiJIUzUxMiJ9.eyJzdWIiOiJhZG1pbkBnbWFpbC5jb20iLCJpYXQiOjE2ODg0NDc3NjIsImV4cCI6MTY4ODQ2NTc2Mn0.ReOuE3fcgDKHxMkg1udO4l2Pj6u2qeAYWX0uXjgWQ1BVf6-yFT-pyfh59yAiy_rdEN2kDZovM-gUPbLeskZyRw
2023-07-04T10:53:18.918+05:30  INFO 4476 --- [http-nio-8090-exec-7] o.s.web.filter.OncePerRequestFilter      :  Header :  Bearer eyJhbGciOiJIUzUxMiJ9.eyJzdWIiOiJhZG1pbkBnbWFpbC5jb20iLCJpYXQiOjE2ODg0NDc3NjIsImV4cCI6MTY4ODQ2NTc2Mn0.ReOuE3fcgDKHxMkg1udO4l2Pj6u2qeAYWX0uXjgWQ1BVf6-yFT-pyfh59yAiy_rdEN2kDZovM-gUPbLeskZyRw
2023-07-04T10:53:18.919+05:30  INFO 4476 --- [http-nio-8090-exec-4] o.s.web.filter.OncePerRequestFilter      :  Header :  Bearer eyJhbGciOiJIUzUxMiJ9.eyJzdWIiOiJhZG1pbkBnbWFpbC5jb20iLCJpYXQiOjE2ODg0NDc3NjIsImV4cCI6MTY4ODQ2NTc2Mn0.ReOuE3fcgDKHxMkg1udO4l2Pj6u2qeAYWX0uXjgWQ1BVf6-yFT-pyfh59yAiy_rdEN2kDZovM-gUPbLeskZyRw
2023-07-04T10:53:18.942+05:30  INFO 4476 --- [http-nio-8090-exec-2] o.s.web.filter.OncePerRequestFilter      :  Header :  Bearer eyJhbGciOiJIUzUxMiJ9.eyJzdWIiOiJhZG1pbkBnbWFpbC5jb20iLCJpYXQiOjE2ODg0NDc3NjIsImV4cCI6MTY4ODQ2NTc2Mn0.ReOuE3fcgDKHxMkg1udO4l2Pj6u2qeAYWX0uXjgWQ1BVf6-yFT-pyfh59yAiy_rdEN2kDZovM-gUPbLeskZyRw
2023-07-04T10:53:18.965+05:30  INFO 4476 --- [http-nio-8090-exec-2] o.s.web.filter.OncePerRequestFilter      :  Header :  Bearer eyJhbGciOiJIUzUxMiJ9.eyJzdWIiOiJhZG1pbkBnbWFpbC5jb20iLCJpYXQiOjE2ODg0NDc3NjIsImV4cCI6MTY4ODQ2NTc2Mn0.ReOuE3fcgDKHxMkg1udO4l2Pj6u2qeAYWX0uXjgWQ1BVf6-yFT-pyfh59yAiy_rdEN2kDZovM-gUPbLeskZyRw
2023-07-04T10:53:18.981+05:30  INFO 4476 --- [http-nio-8090-exec-10] o.s.web.filter.OncePerRequestFilter      :  Header :  Bearer eyJhbGciOiJIUzUxMiJ9.eyJzdWIiOiJhZG1pbkBnbWFpbC5jb20iLCJpYXQiOjE2ODg0NDc3NjIsImV4cCI6MTY4ODQ2NTc2Mn0.ReOuE3fcgDKHxMkg1udO4l2Pj6u2qeAYWX0uXjgWQ1BVf6-yFT-pyfh59yAiy_rdEN2kDZovM-gUPbLeskZyRw
2023-07-04T10:53:18.984+05:30  INFO 4476 --- [http-nio-8090-exec-9] o.s.web.filter.OncePerRequestFilter      :  Header :  Bearer eyJhbGciOiJIUzUxMiJ9.eyJzdWIiOiJhZG1pbkBnbWFpbC5jb20iLCJpYXQiOjE2ODg0NDc3NjIsImV4cCI6MTY4ODQ2NTc2Mn0.ReOuE3fcgDKHxMkg1udO4l2Pj6u2qeAYWX0uXjgWQ1BVf6-yFT-pyfh59yAiy_rdEN2kDZovM-gUPbLeskZyRw
2023-07-04T10:53:19.037+05:30  INFO 4476 --- [http-nio-8090-exec-6] o.s.web.filter.OncePerRequestFilter      :  Header :  Bearer eyJhbGciOiJIUzUxMiJ9.eyJzdWIiOiJhZG1pbkBnbWFpbC5jb20iLCJpYXQiOjE2ODg0NDc3NjIsImV4cCI6MTY4ODQ2NTc2Mn0.ReOuE3fcgDKHxMkg1udO4l2Pj6u2qeAYWX0uXjgWQ1BVf6-yFT-pyfh59yAiy_rdEN2kDZovM-gUPbLeskZyRw
2023-07-04T10:53:19.040+05:30  INFO 4476 --- [http-nio-8090-exec-1] o.s.web.filter.OncePerRequestFilter      :  Header :  Bearer eyJhbGciOiJIUzUxMiJ9.eyJzdWIiOiJhZG1pbkBnbWFpbC5jb20iLCJpYXQiOjE2ODg0NDc3NjIsImV4cCI6MTY4ODQ2NTc2Mn0.ReOuE3fcgDKHxMkg1udO4l2Pj6u2qeAYWX0uXjgWQ1BVf6-yFT-pyfh59yAiy_rdEN2kDZovM-gUPbLeskZyRw
2023-07-04T10:53:19.075+05:30  INFO 4476 --- [http-nio-8090-exec-8] o.s.web.filter.OncePerRequestFilter      :  Header :  Bearer eyJhbGciOiJIUzUxMiJ9.eyJzdWIiOiJhZG1pbkBnbWFpbC5jb20iLCJpYXQiOjE2ODg0NDc3NjIsImV4cCI6MTY4ODQ2NTc2Mn0.ReOuE3fcgDKHxMkg1udO4l2Pj6u2qeAYWX0uXjgWQ1BVf6-yFT-pyfh59yAiy_rdEN2kDZovM-gUPbLeskZyRw
2023-07-04T10:53:22.157+05:30  INFO 4476 --- [http-nio-8090-exec-4] o.s.web.filter.OncePerRequestFilter      :  Header :  Bearer eyJhbGciOiJIUzUxMiJ9.eyJzdWIiOiJhZG1pbkBnbWFpbC5jb20iLCJpYXQiOjE2ODg0NDc3NjIsImV4cCI6MTY4ODQ2NTc2Mn0.ReOuE3fcgDKHxMkg1udO4l2Pj6u2qeAYWX0uXjgWQ1BVf6-yFT-pyfh59yAiy_rdEN2kDZovM-gUPbLeskZyRw
2023-07-04T10:53:22.175+05:30  INFO 4476 --- [http-nio-8090-exec-5] o.s.web.filter.OncePerRequestFilter      :  Header :  Bearer eyJhbGciOiJIUzUxMiJ9.eyJzdWIiOiJhZG1pbkBnbWFpbC5jb20iLCJpYXQiOjE2ODg0NDc3NjIsImV4cCI6MTY4ODQ2NTc2Mn0.ReOuE3fcgDKHxMkg1udO4l2Pj6u2qeAYWX0uXjgWQ1BVf6-yFT-pyfh59yAiy_rdEN2kDZovM-gUPbLeskZyRw
2023-07-04T10:53:23.567+05:30  INFO 4476 --- [http-nio-8090-exec-7] o.s.web.filter.OncePerRequestFilter      :  Header :  Bearer eyJhbGciOiJIUzUxMiJ9.eyJzdWIiOiJhZG1pbkBnbWFpbC5jb20iLCJpYXQiOjE2ODg0NDc3NjIsImV4cCI6MTY4ODQ2NTc2Mn0.ReOuE3fcgDKHxMkg1udO4l2Pj6u2qeAYWX0uXjgWQ1BVf6-yFT-pyfh59yAiy_rdEN2kDZovM-gUPbLeskZyRw
2023-07-04T10:53:23.577+05:30  INFO 4476 --- [http-nio-8090-exec-3] o.s.web.filter.OncePerRequestFilter      :  Header :  Bearer eyJhbGciOiJIUzUxMiJ9.eyJzdWIiOiJhZG1pbkBnbWFpbC5jb20iLCJpYXQiOjE2ODg0NDc3NjIsImV4cCI6MTY4ODQ2NTc2Mn0.ReOuE3fcgDKHxMkg1udO4l2Pj6u2qeAYWX0uXjgWQ1BVf6-yFT-pyfh59yAiy_rdEN2kDZovM-gUPbLeskZyRw
2023-07-04T10:53:23.578+05:30  INFO 4476 --- [http-nio-8090-exec-2] o.s.web.filter.OncePerRequestFilter      :  Header :  Bearer eyJhbGciOiJIUzUxMiJ9.eyJzdWIiOiJhZG1pbkBnbWFpbC5jb20iLCJpYXQiOjE2ODg0NDc3NjIsImV4cCI6MTY4ODQ2NTc2Mn0.ReOuE3fcgDKHxMkg1udO4l2Pj6u2qeAYWX0uXjgWQ1BVf6-yFT-pyfh59yAiy_rdEN2kDZovM-gUPbLeskZyRw
2023-07-04T10:53:23.578+05:30  INFO 4476 --- [http-nio-8090-exec-9] o.s.web.filter.OncePerRequestFilter      :  Header :  Bearer eyJhbGciOiJIUzUxMiJ9.eyJzdWIiOiJhZG1pbkBnbWFpbC5jb20iLCJpYXQiOjE2ODg0NDc3NjIsImV4cCI6MTY4ODQ2NTc2Mn0.ReOuE3fcgDKHxMkg1udO4l2Pj6u2qeAYWX0uXjgWQ1BVf6-yFT-pyfh59yAiy_rdEN2kDZovM-gUPbLeskZyRw
2023-07-04T10:53:23.582+05:30  INFO 4476 --- [http-nio-8090-exec-7] o.s.web.filter.OncePerRequestFilter      :  Header :  Bearer eyJhbGciOiJIUzUxMiJ9.eyJzdWIiOiJhZG1pbkBnbWFpbC5jb20iLCJpYXQiOjE2ODg0NDc3NjIsImV4cCI6MTY4ODQ2NTc2Mn0.ReOuE3fcgDKHxMkg1udO4l2Pj6u2qeAYWX0uXjgWQ1BVf6-yFT-pyfh59yAiy_rdEN2kDZovM-gUPbLeskZyRw
2023-07-04T10:53:23.602+05:30  INFO 4476 --- [http-nio-8090-exec-6] o.s.web.filter.OncePerRequestFilter      :  Header :  Bearer eyJhbGciOiJIUzUxMiJ9.eyJzdWIiOiJhZG1pbkBnbWFpbC5jb20iLCJpYXQiOjE2ODg0NDc3NjIsImV4cCI6MTY4ODQ2NTc2Mn0.ReOuE3fcgDKHxMkg1udO4l2Pj6u2qeAYWX0uXjgWQ1BVf6-yFT-pyfh59yAiy_rdEN2kDZovM-gUPbLeskZyRw
2023-07-04T10:53:23.628+05:30  INFO 4476 --- [http-nio-8090-exec-1] o.s.web.filter.OncePerRequestFilter      :  Header :  Bearer eyJhbGciOiJIUzUxMiJ9.eyJzdWIiOiJhZG1pbkBnbWFpbC5jb20iLCJpYXQiOjE2ODg0NDc3NjIsImV4cCI6MTY4ODQ2NTc2Mn0.ReOuE3fcgDKHxMkg1udO4l2Pj6u2qeAYWX0uXjgWQ1BVf6-yFT-pyfh59yAiy_rdEN2kDZovM-gUPbLeskZyRw
2023-07-04T10:53:23.628+05:30  INFO 4476 --- [http-nio-8090-exec-4] o.s.web.filter.OncePerRequestFilter      :  Header :  Bearer eyJhbGciOiJIUzUxMiJ9.eyJzdWIiOiJhZG1pbkBnbWFpbC5jb20iLCJpYXQiOjE2ODg0NDc3NjIsImV4cCI6MTY4ODQ2NTc2Mn0.ReOuE3fcgDKHxMkg1udO4l2Pj6u2qeAYWX0uXjgWQ1BVf6-yFT-pyfh59yAiy_rdEN2kDZovM-gUPbLeskZyRw
2023-07-04T10:53:23.628+05:30  INFO 4476 --- [http-nio-8090-exec-8] o.s.web.filter.OncePerRequestFilter      :  Header :  Bearer eyJhbGciOiJIUzUxMiJ9.eyJzdWIiOiJhZG1pbkBnbWFpbC5jb20iLCJpYXQiOjE2ODg0NDc3NjIsImV4cCI6MTY4ODQ2NTc2Mn0.ReOuE3fcgDKHxMkg1udO4l2Pj6u2qeAYWX0uXjgWQ1BVf6-yFT-pyfh59yAiy_rdEN2kDZovM-gUPbLeskZyRw
2023-07-04T10:53:23.629+05:30  INFO 4476 --- [http-nio-8090-exec-5] o.s.web.filter.OncePerRequestFilter      :  Header :  Bearer eyJhbGciOiJIUzUxMiJ9.eyJzdWIiOiJhZG1pbkBnbWFpbC5jb20iLCJpYXQiOjE2ODg0NDc3NjIsImV4cCI6MTY4ODQ2NTc2Mn0.ReOuE3fcgDKHxMkg1udO4l2Pj6u2qeAYWX0uXjgWQ1BVf6-yFT-pyfh59yAiy_rdEN2kDZovM-gUPbLeskZyRw
2023-07-04T10:53:23.650+05:30  INFO 4476 --- [http-nio-8090-exec-10] o.s.web.filter.OncePerRequestFilter      :  Header :  Bearer eyJhbGciOiJIUzUxMiJ9.eyJzdWIiOiJhZG1pbkBnbWFpbC5jb20iLCJpYXQiOjE2ODg0NDc3NjIsImV4cCI6MTY4ODQ2NTc2Mn0.ReOuE3fcgDKHxMkg1udO4l2Pj6u2qeAYWX0uXjgWQ1BVf6-yFT-pyfh59yAiy_rdEN2kDZovM-gUPbLeskZyRw
2023-07-04T10:53:23.683+05:30  INFO 4476 --- [http-nio-8090-exec-9] o.s.web.filter.OncePerRequestFilter      :  Header :  Bearer eyJhbGciOiJIUzUxMiJ9.eyJzdWIiOiJhZG1pbkBnbWFpbC5jb20iLCJpYXQiOjE2ODg0NDc3NjIsImV4cCI6MTY4ODQ2NTc2Mn0.ReOuE3fcgDKHxMkg1udO4l2Pj6u2qeAYWX0uXjgWQ1BVf6-yFT-pyfh59yAiy_rdEN2kDZovM-gUPbLeskZyRw
2023-07-04T10:53:26.845+05:30  INFO 4476 --- [http-nio-8090-exec-2] o.s.web.filter.OncePerRequestFilter      :  Header :  Bearer eyJhbGciOiJIUzUxMiJ9.eyJzdWIiOiJhZG1pbkBnbWFpbC5jb20iLCJpYXQiOjE2ODg0NDc3NjIsImV4cCI6MTY4ODQ2NTc2Mn0.ReOuE3fcgDKHxMkg1udO4l2Pj6u2qeAYWX0uXjgWQ1BVf6-yFT-pyfh59yAiy_rdEN2kDZovM-gUPbLeskZyRw
2023-07-04T10:53:26.866+05:30  INFO 4476 --- [http-nio-8090-exec-7] o.s.web.filter.OncePerRequestFilter      :  Header :  Bearer eyJhbGciOiJIUzUxMiJ9.eyJzdWIiOiJhZG1pbkBnbWFpbC5jb20iLCJpYXQiOjE2ODg0NDc3NjIsImV4cCI6MTY4ODQ2NTc2Mn0.ReOuE3fcgDKHxMkg1udO4l2Pj6u2qeAYWX0uXjgWQ1BVf6-yFT-pyfh59yAiy_rdEN2kDZovM-gUPbLeskZyRw
2023-07-04T10:53:27.049+05:30  INFO 4476 --- [AsyncResolver-bootstrap-executor-0] c.n.d.s.r.aws.ConfigClusterResolver      : Resolving eureka endpoints via configuration
2023-07-04T10:53:27.786+05:30  INFO 4476 --- [http-nio-8090-exec-3] o.s.web.filter.OncePerRequestFilter      :  Header :  Bearer eyJhbGciOiJIUzUxMiJ9.eyJzdWIiOiJhZG1pbkBnbWFpbC5jb20iLCJpYXQiOjE2ODg0NDc3NjIsImV4cCI6MTY4ODQ2NTc2Mn0.ReOuE3fcgDKHxMkg1udO4l2Pj6u2qeAYWX0uXjgWQ1BVf6-yFT-pyfh59yAiy_rdEN2kDZovM-gUPbLeskZyRw
2023-07-04T10:53:27.796+05:30  INFO 4476 --- [http-nio-8090-exec-6] o.s.web.filter.OncePerRequestFilter      :  Header :  Bearer eyJhbGciOiJIUzUxMiJ9.eyJzdWIiOiJhZG1pbkBnbWFpbC5jb20iLCJpYXQiOjE2ODg0NDc3NjIsImV4cCI6MTY4ODQ2NTc2Mn0.ReOuE3fcgDKHxMkg1udO4l2Pj6u2qeAYWX0uXjgWQ1BVf6-yFT-pyfh59yAiy_rdEN2kDZovM-gUPbLeskZyRw
2023-07-04T10:53:27.796+05:30  INFO 4476 --- [http-nio-8090-exec-8] o.s.web.filter.OncePerRequestFilter      :  Header :  Bearer eyJhbGciOiJIUzUxMiJ9.eyJzdWIiOiJhZG1pbkBnbWFpbC5jb20iLCJpYXQiOjE2ODg0NDc3NjIsImV4cCI6MTY4ODQ2NTc2Mn0.ReOuE3fcgDKHxMkg1udO4l2Pj6u2qeAYWX0uXjgWQ1BVf6-yFT-pyfh59yAiy_rdEN2kDZovM-gUPbLeskZyRw
2023-07-04T10:53:27.796+05:30  INFO 4476 --- [http-nio-8090-exec-4] o.s.web.filter.OncePerRequestFilter      :  Header :  Bearer eyJhbGciOiJIUzUxMiJ9.eyJzdWIiOiJhZG1pbkBnbWFpbC5jb20iLCJpYXQiOjE2ODg0NDc3NjIsImV4cCI6MTY4ODQ2NTc2Mn0.ReOuE3fcgDKHxMkg1udO4l2Pj6u2qeAYWX0uXjgWQ1BVf6-yFT-pyfh59yAiy_rdEN2kDZovM-gUPbLeskZyRw
2023-07-04T10:53:27.801+05:30  INFO 4476 --- [http-nio-8090-exec-5] o.s.web.filter.OncePerRequestFilter      :  Header :  Bearer eyJhbGciOiJIUzUxMiJ9.eyJzdWIiOiJhZG1pbkBnbWFpbC5jb20iLCJpYXQiOjE2ODg0NDc3NjIsImV4cCI6MTY4ODQ2NTc2Mn0.ReOuE3fcgDKHxMkg1udO4l2Pj6u2qeAYWX0uXjgWQ1BVf6-yFT-pyfh59yAiy_rdEN2kDZovM-gUPbLeskZyRw
2023-07-04T10:53:27.835+05:30  INFO 4476 --- [http-nio-8090-exec-1] o.s.web.filter.OncePerRequestFilter      :  Header :  Bearer eyJhbGciOiJIUzUxMiJ9.eyJzdWIiOiJhZG1pbkBnbWFpbC5jb20iLCJpYXQiOjE2ODg0NDc3NjIsImV4cCI6MTY4ODQ2NTc2Mn0.ReOuE3fcgDKHxMkg1udO4l2Pj6u2qeAYWX0uXjgWQ1BVf6-yFT-pyfh59yAiy_rdEN2kDZovM-gUPbLeskZyRw
2023-07-04T10:53:27.852+05:30  INFO 4476 --- [http-nio-8090-exec-9] o.s.web.filter.OncePerRequestFilter      :  Header :  Bearer eyJhbGciOiJIUzUxMiJ9.eyJzdWIiOiJhZG1pbkBnbWFpbC5jb20iLCJpYXQiOjE2ODg0NDc3NjIsImV4cCI6MTY4ODQ2NTc2Mn0.ReOuE3fcgDKHxMkg1udO4l2Pj6u2qeAYWX0uXjgWQ1BVf6-yFT-pyfh59yAiy_rdEN2kDZovM-gUPbLeskZyRw
2023-07-04T10:53:27.867+05:30  INFO 4476 --- [http-nio-8090-exec-10] o.s.web.filter.OncePerRequestFilter      :  Header :  Bearer eyJhbGciOiJIUzUxMiJ9.eyJzdWIiOiJhZG1pbkBnbWFpbC5jb20iLCJpYXQiOjE2ODg0NDc3NjIsImV4cCI6MTY4ODQ2NTc2Mn0.ReOuE3fcgDKHxMkg1udO4l2Pj6u2qeAYWX0uXjgWQ1BVf6-yFT-pyfh59yAiy_rdEN2kDZovM-gUPbLeskZyRw
2023-07-04T10:53:27.867+05:30  INFO 4476 --- [http-nio-8090-exec-2] o.s.web.filter.OncePerRequestFilter      :  Header :  Bearer eyJhbGciOiJIUzUxMiJ9.eyJzdWIiOiJhZG1pbkBnbWFpbC5jb20iLCJpYXQiOjE2ODg0NDc3NjIsImV4cCI6MTY4ODQ2NTc2Mn0.ReOuE3fcgDKHxMkg1udO4l2Pj6u2qeAYWX0uXjgWQ1BVf6-yFT-pyfh59yAiy_rdEN2kDZovM-gUPbLeskZyRw
2023-07-04T10:53:27.869+05:30  INFO 4476 --- [http-nio-8090-exec-7] o.s.web.filter.OncePerRequestFilter      :  Header :  Bearer eyJhbGciOiJIUzUxMiJ9.eyJzdWIiOiJhZG1pbkBnbWFpbC5jb20iLCJpYXQiOjE2ODg0NDc3NjIsImV4cCI6MTY4ODQ2NTc2Mn0.ReOuE3fcgDKHxMkg1udO4l2Pj6u2qeAYWX0uXjgWQ1BVf6-yFT-pyfh59yAiy_rdEN2kDZovM-gUPbLeskZyRw
2023-07-04T10:53:27.906+05:30  INFO 4476 --- [http-nio-8090-exec-3] o.s.web.filter.OncePerRequestFilter      :  Header :  Bearer eyJhbGciOiJIUzUxMiJ9.eyJzdWIiOiJhZG1pbkBnbWFpbC5jb20iLCJpYXQiOjE2ODg0NDc3NjIsImV4cCI6MTY4ODQ2NTc2Mn0.ReOuE3fcgDKHxMkg1udO4l2Pj6u2qeAYWX0uXjgWQ1BVf6-yFT-pyfh59yAiy_rdEN2kDZovM-gUPbLeskZyRw
2023-07-04T10:53:27.909+05:30  INFO 4476 --- [http-nio-8090-exec-4] o.s.web.filter.OncePerRequestFilter      :  Header :  Bearer eyJhbGciOiJIUzUxMiJ9.eyJzdWIiOiJhZG1pbkBnbWFpbC5jb20iLCJpYXQiOjE2ODg0NDc3NjIsImV4cCI6MTY4ODQ2NTc2Mn0.ReOuE3fcgDKHxMkg1udO4l2Pj6u2qeAYWX0uXjgWQ1BVf6-yFT-pyfh59yAiy_rdEN2kDZovM-gUPbLeskZyRw
2023-07-04T10:53:39.979+05:30  INFO 4476 --- [http-nio-8090-exec-5] o.s.web.filter.OncePerRequestFilter      :  Header :  Bearer eyJhbGciOiJIUzUxMiJ9.eyJzdWIiOiJhZG1pbkBnbWFpbC5jb20iLCJpYXQiOjE2ODg0NDc3NjIsImV4cCI6MTY4ODQ2NTc2Mn0.ReOuE3fcgDKHxMkg1udO4l2Pj6u2qeAYWX0uXjgWQ1BVf6-yFT-pyfh59yAiy_rdEN2kDZovM-gUPbLeskZyRw
2023-07-04T10:53:39.996+05:30  INFO 4476 --- [http-nio-8090-exec-8] o.s.web.filter.OncePerRequestFilter      :  Header :  Bearer eyJhbGciOiJIUzUxMiJ9.eyJzdWIiOiJhZG1pbkBnbWFpbC5jb20iLCJpYXQiOjE2ODg0NDc3NjIsImV4cCI6MTY4ODQ2NTc2Mn0.ReOuE3fcgDKHxMkg1udO4l2Pj6u2qeAYWX0uXjgWQ1BVf6-yFT-pyfh59yAiy_rdEN2kDZovM-gUPbLeskZyRw
2023-07-04T10:53:41.025+05:30  INFO 4476 --- [http-nio-8090-exec-1] o.s.web.filter.OncePerRequestFilter      :  Header :  Bearer eyJhbGciOiJIUzUxMiJ9.eyJzdWIiOiJhZG1pbkBnbWFpbC5jb20iLCJpYXQiOjE2ODg0NDc3NjIsImV4cCI6MTY4ODQ2NTc2Mn0.ReOuE3fcgDKHxMkg1udO4l2Pj6u2qeAYWX0uXjgWQ1BVf6-yFT-pyfh59yAiy_rdEN2kDZovM-gUPbLeskZyRw
2023-07-04T10:53:41.026+05:30  INFO 4476 --- [http-nio-8090-exec-9] o.s.web.filter.OncePerRequestFilter      :  Header :  Bearer eyJhbGciOiJIUzUxMiJ9.eyJzdWIiOiJhZG1pbkBnbWFpbC5jb20iLCJpYXQiOjE2ODg0NDc3NjIsImV4cCI6MTY4ODQ2NTc2Mn0.ReOuE3fcgDKHxMkg1udO4l2Pj6u2qeAYWX0uXjgWQ1BVf6-yFT-pyfh59yAiy_rdEN2kDZovM-gUPbLeskZyRw
2023-07-04T10:53:41.028+05:30  INFO 4476 --- [http-nio-8090-exec-6] o.s.web.filter.OncePerRequestFilter      :  Header :  Bearer eyJhbGciOiJIUzUxMiJ9.eyJzdWIiOiJhZG1pbkBnbWFpbC5jb20iLCJpYXQiOjE2ODg0NDc3NjIsImV4cCI6MTY4ODQ2NTc2Mn0.ReOuE3fcgDKHxMkg1udO4l2Pj6u2qeAYWX0uXjgWQ1BVf6-yFT-pyfh59yAiy_rdEN2kDZovM-gUPbLeskZyRw
2023-07-04T10:53:41.030+05:30  INFO 4476 --- [http-nio-8090-exec-7] o.s.web.filter.OncePerRequestFilter      :  Header :  Bearer eyJhbGciOiJIUzUxMiJ9.eyJzdWIiOiJhZG1pbkBnbWFpbC5jb20iLCJpYXQiOjE2ODg0NDc3NjIsImV4cCI6MTY4ODQ2NTc2Mn0.ReOuE3fcgDKHxMkg1udO4l2Pj6u2qeAYWX0uXjgWQ1BVf6-yFT-pyfh59yAiy_rdEN2kDZovM-gUPbLeskZyRw
2023-07-04T10:53:41.033+05:30  INFO 4476 --- [http-nio-8090-exec-10] o.s.web.filter.OncePerRequestFilter      :  Header :  Bearer eyJhbGciOiJIUzUxMiJ9.eyJzdWIiOiJhZG1pbkBnbWFpbC5jb20iLCJpYXQiOjE2ODg0NDc3NjIsImV4cCI6MTY4ODQ2NTc2Mn0.ReOuE3fcgDKHxMkg1udO4l2Pj6u2qeAYWX0uXjgWQ1BVf6-yFT-pyfh59yAiy_rdEN2kDZovM-gUPbLeskZyRw
2023-07-04T10:53:41.060+05:30  INFO 4476 --- [http-nio-8090-exec-2] o.s.web.filter.OncePerRequestFilter      :  Header :  Bearer eyJhbGciOiJIUzUxMiJ9.eyJzdWIiOiJhZG1pbkBnbWFpbC5jb20iLCJpYXQiOjE2ODg0NDc3NjIsImV4cCI6MTY4ODQ2NTc2Mn0.ReOuE3fcgDKHxMkg1udO4l2Pj6u2qeAYWX0uXjgWQ1BVf6-yFT-pyfh59yAiy_rdEN2kDZovM-gUPbLeskZyRw
2023-07-04T10:53:41.070+05:30  INFO 4476 --- [http-nio-8090-exec-3] o.s.web.filter.OncePerRequestFilter      :  Header :  Bearer eyJhbGciOiJIUzUxMiJ9.eyJzdWIiOiJhZG1pbkBnbWFpbC5jb20iLCJpYXQiOjE2ODg0NDc3NjIsImV4cCI6MTY4ODQ2NTc2Mn0.ReOuE3fcgDKHxMkg1udO4l2Pj6u2qeAYWX0uXjgWQ1BVf6-yFT-pyfh59yAiy_rdEN2kDZovM-gUPbLeskZyRw
2023-07-04T10:53:41.076+05:30  INFO 4476 --- [http-nio-8090-exec-4] o.s.web.filter.OncePerRequestFilter      :  Header :  Bearer eyJhbGciOiJIUzUxMiJ9.eyJzdWIiOiJhZG1pbkBnbWFpbC5jb20iLCJpYXQiOjE2ODg0NDc3NjIsImV4cCI6MTY4ODQ2NTc2Mn0.ReOuE3fcgDKHxMkg1udO4l2Pj6u2qeAYWX0uXjgWQ1BVf6-yFT-pyfh59yAiy_rdEN2kDZovM-gUPbLeskZyRw
2023-07-04T10:53:41.078+05:30  INFO 4476 --- [http-nio-8090-exec-5] o.s.web.filter.OncePerRequestFilter      :  Header :  Bearer eyJhbGciOiJIUzUxMiJ9.eyJzdWIiOiJhZG1pbkBnbWFpbC5jb20iLCJpYXQiOjE2ODg0NDc3NjIsImV4cCI6MTY4ODQ2NTc2Mn0.ReOuE3fcgDKHxMkg1udO4l2Pj6u2qeAYWX0uXjgWQ1BVf6-yFT-pyfh59yAiy_rdEN2kDZovM-gUPbLeskZyRw
2023-07-04T10:53:41.114+05:30  INFO 4476 --- [http-nio-8090-exec-9] o.s.web.filter.OncePerRequestFilter      :  Header :  Bearer eyJhbGciOiJIUzUxMiJ9.eyJzdWIiOiJhZG1pbkBnbWFpbC5jb20iLCJpYXQiOjE2ODg0NDc3NjIsImV4cCI6MTY4ODQ2NTc2Mn0.ReOuE3fcgDKHxMkg1udO4l2Pj6u2qeAYWX0uXjgWQ1BVf6-yFT-pyfh59yAiy_rdEN2kDZovM-gUPbLeskZyRw
2023-07-04T10:53:41.114+05:30  INFO 4476 --- [http-nio-8090-exec-8] o.s.web.filter.OncePerRequestFilter      :  Header :  Bearer eyJhbGciOiJIUzUxMiJ9.eyJzdWIiOiJhZG1pbkBnbWFpbC5jb20iLCJpYXQiOjE2ODg0NDc3NjIsImV4cCI6MTY4ODQ2NTc2Mn0.ReOuE3fcgDKHxMkg1udO4l2Pj6u2qeAYWX0uXjgWQ1BVf6-yFT-pyfh59yAiy_rdEN2kDZovM-gUPbLeskZyRw
2023-07-04T10:53:41.117+05:30  INFO 4476 --- [http-nio-8090-exec-1] o.s.web.filter.OncePerRequestFilter      :  Header :  Bearer eyJhbGciOiJIUzUxMiJ9.eyJzdWIiOiJhZG1pbkBnbWFpbC5jb20iLCJpYXQiOjE2ODg0NDc3NjIsImV4cCI6MTY4ODQ2NTc2Mn0.ReOuE3fcgDKHxMkg1udO4l2Pj6u2qeAYWX0uXjgWQ1BVf6-yFT-pyfh59yAiy_rdEN2kDZovM-gUPbLeskZyRw
2023-07-04T10:55:54.535+05:30  INFO 4476 --- [http-nio-8090-exec-3] o.s.web.filter.OncePerRequestFilter      :  Header :  Bearer eyJhbGciOiJIUzUxMiJ9.eyJzdWIiOiJhZG1pbkBnbWFpbC5jb20iLCJpYXQiOjE2ODg0NDc3NjIsImV4cCI6MTY4ODQ2NTc2Mn0.ReOuE3fcgDKHxMkg1udO4l2Pj6u2qeAYWX0uXjgWQ1BVf6-yFT-pyfh59yAiy_rdEN2kDZovM-gUPbLeskZyRw
2023-07-04T10:55:54.558+05:30  INFO 4476 --- [http-nio-8090-exec-8] o.s.web.filter.OncePerRequestFilter      :  Header :  Bearer eyJhbGciOiJIUzUxMiJ9.eyJzdWIiOiJhZG1pbkBnbWFpbC5jb20iLCJpYXQiOjE2ODg0NDc3NjIsImV4cCI6MTY4ODQ2NTc2Mn0.ReOuE3fcgDKHxMkg1udO4l2Pj6u2qeAYWX0uXjgWQ1BVf6-yFT-pyfh59yAiy_rdEN2kDZovM-gUPbLeskZyRw
2023-07-04T10:55:57.251+05:30  INFO 4476 --- [http-nio-8090-exec-1] o.s.web.filter.OncePerRequestFilter      :  Header :  Bearer eyJhbGciOiJIUzUxMiJ9.eyJzdWIiOiJhZG1pbkBnbWFpbC5jb20iLCJpYXQiOjE2ODg0NDc3NjIsImV4cCI6MTY4ODQ2NTc2Mn0.ReOuE3fcgDKHxMkg1udO4l2Pj6u2qeAYWX0uXjgWQ1BVf6-yFT-pyfh59yAiy_rdEN2kDZovM-gUPbLeskZyRw
2023-07-04T10:55:57.251+05:30  INFO 4476 --- [http-nio-8090-exec-9] o.s.web.filter.OncePerRequestFilter      :  Header :  Bearer eyJhbGciOiJIUzUxMiJ9.eyJzdWIiOiJhZG1pbkBnbWFpbC5jb20iLCJpYXQiOjE2ODg0NDc3NjIsImV4cCI6MTY4ODQ2NTc2Mn0.ReOuE3fcgDKHxMkg1udO4l2Pj6u2qeAYWX0uXjgWQ1BVf6-yFT-pyfh59yAiy_rdEN2kDZovM-gUPbLeskZyRw
2023-07-04T10:55:57.268+05:30  INFO 4476 --- [http-nio-8090-exec-2] o.s.web.filter.OncePerRequestFilter      :  Header :  Bearer eyJhbGciOiJIUzUxMiJ9.eyJzdWIiOiJhZG1pbkBnbWFpbC5jb20iLCJpYXQiOjE2ODg0NDc3NjIsImV4cCI6MTY4ODQ2NTc2Mn0.ReOuE3fcgDKHxMkg1udO4l2Pj6u2qeAYWX0uXjgWQ1BVf6-yFT-pyfh59yAiy_rdEN2kDZovM-gUPbLeskZyRw
2023-07-04T10:55:57.309+05:30  INFO 4476 --- [http-nio-8090-exec-4] o.s.web.filter.OncePerRequestFilter      :  Header :  Bearer eyJhbGciOiJIUzUxMiJ9.eyJzdWIiOiJhZG1pbkBnbWFpbC5jb20iLCJpYXQiOjE2ODg0NDc3NjIsImV4cCI6MTY4ODQ2NTc2Mn0.ReOuE3fcgDKHxMkg1udO4l2Pj6u2qeAYWX0uXjgWQ1BVf6-yFT-pyfh59yAiy_rdEN2kDZovM-gUPbLeskZyRw
2023-07-04T10:55:57.268+05:30  INFO 4476 --- [http-nio-8090-exec-6] o.s.web.filter.OncePerRequestFilter      :  Header :  Bearer eyJhbGciOiJIUzUxMiJ9.eyJzdWIiOiJhZG1pbkBnbWFpbC5jb20iLCJpYXQiOjE2ODg0NDc3NjIsImV4cCI6MTY4ODQ2NTc2Mn0.ReOuE3fcgDKHxMkg1udO4l2Pj6u2qeAYWX0uXjgWQ1BVf6-yFT-pyfh59yAiy_rdEN2kDZovM-gUPbLeskZyRw
2023-07-04T10:55:57.268+05:30  INFO 4476 --- [http-nio-8090-exec-7] o.s.web.filter.OncePerRequestFilter      :  Header :  Bearer eyJhbGciOiJIUzUxMiJ9.eyJzdWIiOiJhZG1pbkBnbWFpbC5jb20iLCJpYXQiOjE2ODg0NDc3NjIsImV4cCI6MTY4ODQ2NTc2Mn0.ReOuE3fcgDKHxMkg1udO4l2Pj6u2qeAYWX0uXjgWQ1BVf6-yFT-pyfh59yAiy_rdEN2kDZovM-gUPbLeskZyRw
2023-07-04T10:55:57.312+05:30  INFO 4476 --- [http-nio-8090-exec-10] o.s.web.filter.OncePerRequestFilter      :  Header :  Bearer eyJhbGciOiJIUzUxMiJ9.eyJzdWIiOiJhZG1pbkBnbWFpbC5jb20iLCJpYXQiOjE2ODg0NDc3NjIsImV4cCI6MTY4ODQ2NTc2Mn0.ReOuE3fcgDKHxMkg1udO4l2Pj6u2qeAYWX0uXjgWQ1BVf6-yFT-pyfh59yAiy_rdEN2kDZovM-gUPbLeskZyRw
2023-07-04T10:55:57.348+05:30  INFO 4476 --- [http-nio-8090-exec-5] o.s.web.filter.OncePerRequestFilter      :  Header :  Bearer eyJhbGciOiJIUzUxMiJ9.eyJzdWIiOiJhZG1pbkBnbWFpbC5jb20iLCJpYXQiOjE2ODg0NDc3NjIsImV4cCI6MTY4ODQ2NTc2Mn0.ReOuE3fcgDKHxMkg1udO4l2Pj6u2qeAYWX0uXjgWQ1BVf6-yFT-pyfh59yAiy_rdEN2kDZovM-gUPbLeskZyRw
2023-07-04T10:55:57.356+05:30  INFO 4476 --- [http-nio-8090-exec-3] o.s.web.filter.OncePerRequestFilter      :  Header :  Bearer eyJhbGciOiJIUzUxMiJ9.eyJzdWIiOiJhZG1pbkBnbWFpbC5jb20iLCJpYXQiOjE2ODg0NDc3NjIsImV4cCI6MTY4ODQ2NTc2Mn0.ReOuE3fcgDKHxMkg1udO4l2Pj6u2qeAYWX0uXjgWQ1BVf6-yFT-pyfh59yAiy_rdEN2kDZovM-gUPbLeskZyRw
2023-07-04T10:55:57.365+05:30  INFO 4476 --- [http-nio-8090-exec-5] o.s.web.filter.OncePerRequestFilter      :  Header :  Bearer eyJhbGciOiJIUzUxMiJ9.eyJzdWIiOiJhZG1pbkBnbWFpbC5jb20iLCJpYXQiOjE2ODg0NDc3NjIsImV4cCI6MTY4ODQ2NTc2Mn0.ReOuE3fcgDKHxMkg1udO4l2Pj6u2qeAYWX0uXjgWQ1BVf6-yFT-pyfh59yAiy_rdEN2kDZovM-gUPbLeskZyRw
2023-07-04T10:55:57.367+05:30  INFO 4476 --- [http-nio-8090-exec-8] o.s.web.filter.OncePerRequestFilter      :  Header :  Bearer eyJhbGciOiJIUzUxMiJ9.eyJzdWIiOiJhZG1pbkBnbWFpbC5jb20iLCJpYXQiOjE2ODg0NDc3NjIsImV4cCI6MTY4ODQ2NTc2Mn0.ReOuE3fcgDKHxMkg1udO4l2Pj6u2qeAYWX0uXjgWQ1BVf6-yFT-pyfh59yAiy_rdEN2kDZovM-gUPbLeskZyRw
2023-07-04T10:55:57.396+05:30  INFO 4476 --- [http-nio-8090-exec-9] o.s.web.filter.OncePerRequestFilter      :  Header :  Bearer eyJhbGciOiJIUzUxMiJ9.eyJzdWIiOiJhZG1pbkBnbWFpbC5jb20iLCJpYXQiOjE2ODg0NDc3NjIsImV4cCI6MTY4ODQ2NTc2Mn0.ReOuE3fcgDKHxMkg1udO4l2Pj6u2qeAYWX0uXjgWQ1BVf6-yFT-pyfh59yAiy_rdEN2kDZovM-gUPbLeskZyRw
2023-07-04T10:56:02.751+05:30  INFO 4476 --- [http-nio-8090-exec-7] o.s.web.filter.OncePerRequestFilter      :  Header :  Bearer eyJhbGciOiJIUzUxMiJ9.eyJzdWIiOiJhZG1pbkBnbWFpbC5jb20iLCJpYXQiOjE2ODg0NDc3NjIsImV4cCI6MTY4ODQ2NTc2Mn0.ReOuE3fcgDKHxMkg1udO4l2Pj6u2qeAYWX0uXjgWQ1BVf6-yFT-pyfh59yAiy_rdEN2kDZovM-gUPbLeskZyRw
2023-07-04T10:56:02.769+05:30  INFO 4476 --- [http-nio-8090-exec-6] o.s.web.filter.OncePerRequestFilter      :  Header :  Bearer eyJhbGciOiJIUzUxMiJ9.eyJzdWIiOiJhZG1pbkBnbWFpbC5jb20iLCJpYXQiOjE2ODg0NDc3NjIsImV4cCI6MTY4ODQ2NTc2Mn0.ReOuE3fcgDKHxMkg1udO4l2Pj6u2qeAYWX0uXjgWQ1BVf6-yFT-pyfh59yAiy_rdEN2kDZovM-gUPbLeskZyRw
2023-07-04T10:57:53.176+05:30  INFO 4476 --- [http-nio-8090-exec-5] o.s.web.filter.OncePerRequestFilter      :  Header :  Bearer eyJhbGciOiJIUzUxMiJ9.eyJzdWIiOiJhZG1pbkBnbWFpbC5jb20iLCJpYXQiOjE2ODg0NDc3NjIsImV4cCI6MTY4ODQ2NTc2Mn0.ReOuE3fcgDKHxMkg1udO4l2Pj6u2qeAYWX0uXjgWQ1BVf6-yFT-pyfh59yAiy_rdEN2kDZovM-gUPbLeskZyRw
2023-07-04T10:57:53.191+05:30  INFO 4476 --- [http-nio-8090-exec-8] o.s.web.filter.OncePerRequestFilter      :  Header :  Bearer eyJhbGciOiJIUzUxMiJ9.eyJzdWIiOiJhZG1pbkBnbWFpbC5jb20iLCJpYXQiOjE2ODg0NDc3NjIsImV4cCI6MTY4ODQ2NTc2Mn0.ReOuE3fcgDKHxMkg1udO4l2Pj6u2qeAYWX0uXjgWQ1BVf6-yFT-pyfh59yAiy_rdEN2kDZovM-gUPbLeskZyRw
2023-07-04T10:57:56.762+05:30  INFO 4476 --- [http-nio-8090-exec-9] o.s.web.filter.OncePerRequestFilter      :  Header :  Bearer eyJhbGciOiJIUzUxMiJ9.eyJzdWIiOiJhZG1pbkBnbWFpbC5jb20iLCJpYXQiOjE2ODg0NDc3NjIsImV4cCI6MTY4ODQ2NTc2Mn0.ReOuE3fcgDKHxMkg1udO4l2Pj6u2qeAYWX0uXjgWQ1BVf6-yFT-pyfh59yAiy_rdEN2kDZovM-gUPbLeskZyRw
2023-07-04T10:57:56.788+05:30  INFO 4476 --- [http-nio-8090-exec-7] o.s.web.filter.OncePerRequestFilter      :  Header :  Bearer eyJhbGciOiJIUzUxMiJ9.eyJzdWIiOiJhZG1pbkBnbWFpbC5jb20iLCJpYXQiOjE2ODg0NDc3NjIsImV4cCI6MTY4ODQ2NTc2Mn0.ReOuE3fcgDKHxMkg1udO4l2Pj6u2qeAYWX0uXjgWQ1BVf6-yFT-pyfh59yAiy_rdEN2kDZovM-gUPbLeskZyRw
2023-07-04T10:57:56.799+05:30  INFO 4476 --- [http-nio-8090-exec-2] o.s.web.filter.OncePerRequestFilter      :  Header :  Bearer eyJhbGciOiJIUzUxMiJ9.eyJzdWIiOiJhZG1pbkBnbWFpbC5jb20iLCJpYXQiOjE2ODg0NDc3NjIsImV4cCI6MTY4ODQ2NTc2Mn0.ReOuE3fcgDKHxMkg1udO4l2Pj6u2qeAYWX0uXjgWQ1BVf6-yFT-pyfh59yAiy_rdEN2kDZovM-gUPbLeskZyRw
2023-07-04T10:57:56.801+05:30  INFO 4476 --- [http-nio-8090-exec-4] o.s.web.filter.OncePerRequestFilter      :  Header :  Bearer eyJhbGciOiJIUzUxMiJ9.eyJzdWIiOiJhZG1pbkBnbWFpbC5jb20iLCJpYXQiOjE2ODg0NDc3NjIsImV4cCI6MTY4ODQ2NTc2Mn0.ReOuE3fcgDKHxMkg1udO4l2Pj6u2qeAYWX0uXjgWQ1BVf6-yFT-pyfh59yAiy_rdEN2kDZovM-gUPbLeskZyRw
2023-07-04T10:57:56.802+05:30  INFO 4476 --- [http-nio-8090-exec-6] o.s.web.filter.OncePerRequestFilter      :  Header :  Bearer eyJhbGciOiJIUzUxMiJ9.eyJzdWIiOiJhZG1pbkBnbWFpbC5jb20iLCJpYXQiOjE2ODg0NDc3NjIsImV4cCI6MTY4ODQ2NTc2Mn0.ReOuE3fcgDKHxMkg1udO4l2Pj6u2qeAYWX0uXjgWQ1BVf6-yFT-pyfh59yAiy_rdEN2kDZovM-gUPbLeskZyRw
2023-07-04T10:57:56.805+05:30  INFO 4476 --- [http-nio-8090-exec-10] o.s.web.filter.OncePerRequestFilter      :  Header :  Bearer eyJhbGciOiJIUzUxMiJ9.eyJzdWIiOiJhZG1pbkBnbWFpbC5jb20iLCJpYXQiOjE2ODg0NDc3NjIsImV4cCI6MTY4ODQ2NTc2Mn0.ReOuE3fcgDKHxMkg1udO4l2Pj6u2qeAYWX0uXjgWQ1BVf6-yFT-pyfh59yAiy_rdEN2kDZovM-gUPbLeskZyRw
2023-07-04T10:57:56.832+05:30  INFO 4476 --- [http-nio-8090-exec-1] o.s.web.filter.OncePerRequestFilter      :  Header :  Bearer eyJhbGciOiJIUzUxMiJ9.eyJzdWIiOiJhZG1pbkBnbWFpbC5jb20iLCJpYXQiOjE2ODg0NDc3NjIsImV4cCI6MTY4ODQ2NTc2Mn0.ReOuE3fcgDKHxMkg1udO4l2Pj6u2qeAYWX0uXjgWQ1BVf6-yFT-pyfh59yAiy_rdEN2kDZovM-gUPbLeskZyRw
2023-07-04T10:57:56.840+05:30  INFO 4476 --- [http-nio-8090-exec-3] o.s.web.filter.OncePerRequestFilter      :  Header :  Bearer eyJhbGciOiJIUzUxMiJ9.eyJzdWIiOiJhZG1pbkBnbWFpbC5jb20iLCJpYXQiOjE2ODg0NDc3NjIsImV4cCI6MTY4ODQ2NTc2Mn0.ReOuE3fcgDKHxMkg1udO4l2Pj6u2qeAYWX0uXjgWQ1BVf6-yFT-pyfh59yAiy_rdEN2kDZovM-gUPbLeskZyRw
2023-07-04T10:57:56.841+05:30  INFO 4476 --- [http-nio-8090-exec-4] o.s.web.filter.OncePerRequestFilter      :  Header :  Bearer eyJhbGciOiJIUzUxMiJ9.eyJzdWIiOiJhZG1pbkBnbWFpbC5jb20iLCJpYXQiOjE2ODg0NDc3NjIsImV4cCI6MTY4ODQ2NTc2Mn0.ReOuE3fcgDKHxMkg1udO4l2Pj6u2qeAYWX0uXjgWQ1BVf6-yFT-pyfh59yAiy_rdEN2kDZovM-gUPbLeskZyRw
2023-07-04T10:57:56.846+05:30  INFO 4476 --- [http-nio-8090-exec-5] o.s.web.filter.OncePerRequestFilter      :  Header :  Bearer eyJhbGciOiJIUzUxMiJ9.eyJzdWIiOiJhZG1pbkBnbWFpbC5jb20iLCJpYXQiOjE2ODg0NDc3NjIsImV4cCI6MTY4ODQ2NTc2Mn0.ReOuE3fcgDKHxMkg1udO4l2Pj6u2qeAYWX0uXjgWQ1BVf6-yFT-pyfh59yAiy_rdEN2kDZovM-gUPbLeskZyRw
2023-07-04T10:57:56.855+05:30  INFO 4476 --- [http-nio-8090-exec-9] o.s.web.filter.OncePerRequestFilter      :  Header :  Bearer eyJhbGciOiJIUzUxMiJ9.eyJzdWIiOiJhZG1pbkBnbWFpbC5jb20iLCJpYXQiOjE2ODg0NDc3NjIsImV4cCI6MTY4ODQ2NTc2Mn0.ReOuE3fcgDKHxMkg1udO4l2Pj6u2qeAYWX0uXjgWQ1BVf6-yFT-pyfh59yAiy_rdEN2kDZovM-gUPbLeskZyRw
2023-07-04T10:57:56.860+05:30  INFO 4476 --- [http-nio-8090-exec-2] o.s.web.filter.OncePerRequestFilter      :  Header :  Bearer eyJhbGciOiJIUzUxMiJ9.eyJzdWIiOiJhZG1pbkBnbWFpbC5jb20iLCJpYXQiOjE2ODg0NDc3NjIsImV4cCI6MTY4ODQ2NTc2Mn0.ReOuE3fcgDKHxMkg1udO4l2Pj6u2qeAYWX0uXjgWQ1BVf6-yFT-pyfh59yAiy_rdEN2kDZovM-gUPbLeskZyRw
2023-07-04T10:57:58.614+05:30  INFO 4476 --- [http-nio-8090-exec-6] o.s.web.filter.OncePerRequestFilter      :  Header :  Bearer eyJhbGciOiJIUzUxMiJ9.eyJzdWIiOiJhZG1pbkBnbWFpbC5jb20iLCJpYXQiOjE2ODg0NDc3NjIsImV4cCI6MTY4ODQ2NTc2Mn0.ReOuE3fcgDKHxMkg1udO4l2Pj6u2qeAYWX0uXjgWQ1BVf6-yFT-pyfh59yAiy_rdEN2kDZovM-gUPbLeskZyRw
2023-07-04T10:57:58.629+05:30  INFO 4476 --- [http-nio-8090-exec-7] o.s.web.filter.OncePerRequestFilter      :  Header :  Bearer eyJhbGciOiJIUzUxMiJ9.eyJzdWIiOiJhZG1pbkBnbWFpbC5jb20iLCJpYXQiOjE2ODg0NDc3NjIsImV4cCI6MTY4ODQ2NTc2Mn0.ReOuE3fcgDKHxMkg1udO4l2Pj6u2qeAYWX0uXjgWQ1BVf6-yFT-pyfh59yAiy_rdEN2kDZovM-gUPbLeskZyRw
2023-07-04T10:58:02.186+05:30  INFO 4476 --- [http-nio-8090-exec-10] o.s.web.filter.OncePerRequestFilter      :  Header :  Bearer eyJhbGciOiJIUzUxMiJ9.eyJzdWIiOiJhZG1pbkBnbWFpbC5jb20iLCJpYXQiOjE2ODg0NDc3NjIsImV4cCI6MTY4ODQ2NTc2Mn0.ReOuE3fcgDKHxMkg1udO4l2Pj6u2qeAYWX0uXjgWQ1BVf6-yFT-pyfh59yAiy_rdEN2kDZovM-gUPbLeskZyRw
2023-07-04T10:58:02.208+05:30  INFO 4476 --- [http-nio-8090-exec-8] o.s.web.filter.OncePerRequestFilter      :  Header :  Bearer eyJhbGciOiJIUzUxMiJ9.eyJzdWIiOiJhZG1pbkBnbWFpbC5jb20iLCJpYXQiOjE2ODg0NDc3NjIsImV4cCI6MTY4ODQ2NTc2Mn0.ReOuE3fcgDKHxMkg1udO4l2Pj6u2qeAYWX0uXjgWQ1BVf6-yFT-pyfh59yAiy_rdEN2kDZovM-gUPbLeskZyRw
2023-07-04T10:58:02.210+05:30  INFO 4476 --- [http-nio-8090-exec-10] o.s.web.filter.OncePerRequestFilter      :  Header :  Bearer eyJhbGciOiJIUzUxMiJ9.eyJzdWIiOiJhZG1pbkBnbWFpbC5jb20iLCJpYXQiOjE2ODg0NDc3NjIsImV4cCI6MTY4ODQ2NTc2Mn0.ReOuE3fcgDKHxMkg1udO4l2Pj6u2qeAYWX0uXjgWQ1BVf6-yFT-pyfh59yAiy_rdEN2kDZovM-gUPbLeskZyRw
2023-07-04T10:58:02.213+05:30  INFO 4476 --- [http-nio-8090-exec-1] o.s.web.filter.OncePerRequestFilter      :  Header :  Bearer eyJhbGciOiJIUzUxMiJ9.eyJzdWIiOiJhZG1pbkBnbWFpbC5jb20iLCJpYXQiOjE2ODg0NDc3NjIsImV4cCI6MTY4ODQ2NTc2Mn0.ReOuE3fcgDKHxMkg1udO4l2Pj6u2qeAYWX0uXjgWQ1BVf6-yFT-pyfh59yAiy_rdEN2kDZovM-gUPbLeskZyRw
2023-07-04T10:58:02.214+05:30  INFO 4476 --- [http-nio-8090-exec-3] o.s.web.filter.OncePerRequestFilter      :  Header :  Bearer eyJhbGciOiJIUzUxMiJ9.eyJzdWIiOiJhZG1pbkBnbWFpbC5jb20iLCJpYXQiOjE2ODg0NDc3NjIsImV4cCI6MTY4ODQ2NTc2Mn0.ReOuE3fcgDKHxMkg1udO4l2Pj6u2qeAYWX0uXjgWQ1BVf6-yFT-pyfh59yAiy_rdEN2kDZovM-gUPbLeskZyRw
2023-07-04T10:58:02.221+05:30  INFO 4476 --- [http-nio-8090-exec-5] o.s.web.filter.OncePerRequestFilter      :  Header :  Bearer eyJhbGciOiJIUzUxMiJ9.eyJzdWIiOiJhZG1pbkBnbWFpbC5jb20iLCJpYXQiOjE2ODg0NDc3NjIsImV4cCI6MTY4ODQ2NTc2Mn0.ReOuE3fcgDKHxMkg1udO4l2Pj6u2qeAYWX0uXjgWQ1BVf6-yFT-pyfh59yAiy_rdEN2kDZovM-gUPbLeskZyRw
2023-07-04T10:58:02.259+05:30  INFO 4476 --- [http-nio-8090-exec-9] o.s.web.filter.OncePerRequestFilter      :  Header :  Bearer eyJhbGciOiJIUzUxMiJ9.eyJzdWIiOiJhZG1pbkBnbWFpbC5jb20iLCJpYXQiOjE2ODg0NDc3NjIsImV4cCI6MTY4ODQ2NTc2Mn0.ReOuE3fcgDKHxMkg1udO4l2Pj6u2qeAYWX0uXjgWQ1BVf6-yFT-pyfh59yAiy_rdEN2kDZovM-gUPbLeskZyRw
2023-07-04T10:58:02.260+05:30  INFO 4476 --- [http-nio-8090-exec-2] o.s.web.filter.OncePerRequestFilter      :  Header :  Bearer eyJhbGciOiJIUzUxMiJ9.eyJzdWIiOiJhZG1pbkBnbWFpbC5jb20iLCJpYXQiOjE2ODg0NDc3NjIsImV4cCI6MTY4ODQ2NTc2Mn0.ReOuE3fcgDKHxMkg1udO4l2Pj6u2qeAYWX0uXjgWQ1BVf6-yFT-pyfh59yAiy_rdEN2kDZovM-gUPbLeskZyRw
2023-07-04T10:58:02.271+05:30  INFO 4476 --- [http-nio-8090-exec-6] o.s.web.filter.OncePerRequestFilter      :  Header :  Bearer eyJhbGciOiJIUzUxMiJ9.eyJzdWIiOiJhZG1pbkBnbWFpbC5jb20iLCJpYXQiOjE2ODg0NDc3NjIsImV4cCI6MTY4ODQ2NTc2Mn0.ReOuE3fcgDKHxMkg1udO4l2Pj6u2qeAYWX0uXjgWQ1BVf6-yFT-pyfh59yAiy_rdEN2kDZovM-gUPbLeskZyRw
2023-07-04T10:58:02.272+05:30  INFO 4476 --- [http-nio-8090-exec-3] o.s.web.filter.OncePerRequestFilter      :  Header :  Bearer eyJhbGciOiJIUzUxMiJ9.eyJzdWIiOiJhZG1pbkBnbWFpbC5jb20iLCJpYXQiOjE2ODg0NDc3NjIsImV4cCI6MTY4ODQ2NTc2Mn0.ReOuE3fcgDKHxMkg1udO4l2Pj6u2qeAYWX0uXjgWQ1BVf6-yFT-pyfh59yAiy_rdEN2kDZovM-gUPbLeskZyRw
2023-07-04T10:58:02.288+05:30  INFO 4476 --- [http-nio-8090-exec-7] o.s.web.filter.OncePerRequestFilter      :  Header :  Bearer eyJhbGciOiJIUzUxMiJ9.eyJzdWIiOiJhZG1pbkBnbWFpbC5jb20iLCJpYXQiOjE2ODg0NDc3NjIsImV4cCI6MTY4ODQ2NTc2Mn0.ReOuE3fcgDKHxMkg1udO4l2Pj6u2qeAYWX0uXjgWQ1BVf6-yFT-pyfh59yAiy_rdEN2kDZovM-gUPbLeskZyRw
2023-07-04T10:58:02.292+05:30  INFO 4476 --- [http-nio-8090-exec-4] o.s.web.filter.OncePerRequestFilter      :  Header :  Bearer eyJhbGciOiJIUzUxMiJ9.eyJzdWIiOiJhZG1pbkBnbWFpbC5jb20iLCJpYXQiOjE2ODg0NDc3NjIsImV4cCI6MTY4ODQ2NTc2Mn0.ReOuE3fcgDKHxMkg1udO4l2Pj6u2qeAYWX0uXjgWQ1BVf6-yFT-pyfh59yAiy_rdEN2kDZovM-gUPbLeskZyRw
2023-07-04T10:58:09.291+05:30  INFO 4476 --- [http-nio-8090-exec-8] o.s.web.filter.OncePerRequestFilter      :  Header :  Bearer eyJhbGciOiJIUzUxMiJ9.eyJzdWIiOiJhZG1pbkBnbWFpbC5jb20iLCJpYXQiOjE2ODg0NDc3NjIsImV4cCI6MTY4ODQ2NTc2Mn0.ReOuE3fcgDKHxMkg1udO4l2Pj6u2qeAYWX0uXjgWQ1BVf6-yFT-pyfh59yAiy_rdEN2kDZovM-gUPbLeskZyRw
2023-07-04T10:58:09.304+05:30  INFO 4476 --- [http-nio-8090-exec-1] o.s.web.filter.OncePerRequestFilter      :  Header :  Bearer eyJhbGciOiJIUzUxMiJ9.eyJzdWIiOiJhZG1pbkBnbWFpbC5jb20iLCJpYXQiOjE2ODg0NDc3NjIsImV4cCI6MTY4ODQ2NTc2Mn0.ReOuE3fcgDKHxMkg1udO4l2Pj6u2qeAYWX0uXjgWQ1BVf6-yFT-pyfh59yAiy_rdEN2kDZovM-gUPbLeskZyRw
2023-07-04T10:58:11.156+05:30  INFO 4476 --- [http-nio-8090-exec-10] o.s.web.filter.OncePerRequestFilter      :  Header :  Bearer eyJhbGciOiJIUzUxMiJ9.eyJzdWIiOiJhZG1pbkBnbWFpbC5jb20iLCJpYXQiOjE2ODg0NDc3NjIsImV4cCI6MTY4ODQ2NTc2Mn0.ReOuE3fcgDKHxMkg1udO4l2Pj6u2qeAYWX0uXjgWQ1BVf6-yFT-pyfh59yAiy_rdEN2kDZovM-gUPbLeskZyRw
2023-07-04T10:58:11.166+05:30  INFO 4476 --- [http-nio-8090-exec-5] o.s.web.filter.OncePerRequestFilter      :  Header :  Bearer eyJhbGciOiJIUzUxMiJ9.eyJzdWIiOiJhZG1pbkBnbWFpbC5jb20iLCJpYXQiOjE2ODg0NDc3NjIsImV4cCI6MTY4ODQ2NTc2Mn0.ReOuE3fcgDKHxMkg1udO4l2Pj6u2qeAYWX0uXjgWQ1BVf6-yFT-pyfh59yAiy_rdEN2kDZovM-gUPbLeskZyRw
2023-07-04T10:58:11.166+05:30  INFO 4476 --- [http-nio-8090-exec-9] o.s.web.filter.OncePerRequestFilter      :  Header :  Bearer eyJhbGciOiJIUzUxMiJ9.eyJzdWIiOiJhZG1pbkBnbWFpbC5jb20iLCJpYXQiOjE2ODg0NDc3NjIsImV4cCI6MTY4ODQ2NTc2Mn0.ReOuE3fcgDKHxMkg1udO4l2Pj6u2qeAYWX0uXjgWQ1BVf6-yFT-pyfh59yAiy_rdEN2kDZovM-gUPbLeskZyRw
2023-07-04T10:58:11.176+05:30  INFO 4476 --- [http-nio-8090-exec-2] o.s.web.filter.OncePerRequestFilter      :  Header :  Bearer eyJhbGciOiJIUzUxMiJ9.eyJzdWIiOiJhZG1pbkBnbWFpbC5jb20iLCJpYXQiOjE2ODg0NDc3NjIsImV4cCI6MTY4ODQ2NTc2Mn0.ReOuE3fcgDKHxMkg1udO4l2Pj6u2qeAYWX0uXjgWQ1BVf6-yFT-pyfh59yAiy_rdEN2kDZovM-gUPbLeskZyRw
2023-07-04T10:58:11.179+05:30  INFO 4476 --- [http-nio-8090-exec-10] o.s.web.filter.OncePerRequestFilter      :  Header :  Bearer eyJhbGciOiJIUzUxMiJ9.eyJzdWIiOiJhZG1pbkBnbWFpbC5jb20iLCJpYXQiOjE2ODg0NDc3NjIsImV4cCI6MTY4ODQ2NTc2Mn0.ReOuE3fcgDKHxMkg1udO4l2Pj6u2qeAYWX0uXjgWQ1BVf6-yFT-pyfh59yAiy_rdEN2kDZovM-gUPbLeskZyRw
2023-07-04T10:58:11.197+05:30  INFO 4476 --- [http-nio-8090-exec-5] o.s.web.filter.OncePerRequestFilter      :  Header :  Bearer eyJhbGciOiJIUzUxMiJ9.eyJzdWIiOiJhZG1pbkBnbWFpbC5jb20iLCJpYXQiOjE2ODg0NDc3NjIsImV4cCI6MTY4ODQ2NTc2Mn0.ReOuE3fcgDKHxMkg1udO4l2Pj6u2qeAYWX0uXjgWQ1BVf6-yFT-pyfh59yAiy_rdEN2kDZovM-gUPbLeskZyRw
2023-07-04T10:58:11.201+05:30  INFO 4476 --- [http-nio-8090-exec-10] o.s.web.filter.OncePerRequestFilter      :  Header :  Bearer eyJhbGciOiJIUzUxMiJ9.eyJzdWIiOiJhZG1pbkBnbWFpbC5jb20iLCJpYXQiOjE2ODg0NDc3NjIsImV4cCI6MTY4ODQ2NTc2Mn0.ReOuE3fcgDKHxMkg1udO4l2Pj6u2qeAYWX0uXjgWQ1BVf6-yFT-pyfh59yAiy_rdEN2kDZovM-gUPbLeskZyRw
2023-07-04T10:58:11.223+05:30  INFO 4476 --- [http-nio-8090-exec-6] o.s.web.filter.OncePerRequestFilter      :  Header :  Bearer eyJhbGciOiJIUzUxMiJ9.eyJzdWIiOiJhZG1pbkBnbWFpbC5jb20iLCJpYXQiOjE2ODg0NDc3NjIsImV4cCI6MTY4ODQ2NTc2Mn0.ReOuE3fcgDKHxMkg1udO4l2Pj6u2qeAYWX0uXjgWQ1BVf6-yFT-pyfh59yAiy_rdEN2kDZovM-gUPbLeskZyRw
2023-07-04T10:58:11.224+05:30  INFO 4476 --- [http-nio-8090-exec-8] o.s.web.filter.OncePerRequestFilter      :  Header :  Bearer eyJhbGciOiJIUzUxMiJ9.eyJzdWIiOiJhZG1pbkBnbWFpbC5jb20iLCJpYXQiOjE2ODg0NDc3NjIsImV4cCI6MTY4ODQ2NTc2Mn0.ReOuE3fcgDKHxMkg1udO4l2Pj6u2qeAYWX0uXjgWQ1BVf6-yFT-pyfh59yAiy_rdEN2kDZovM-gUPbLeskZyRw
2023-07-04T10:58:11.225+05:30  INFO 4476 --- [http-nio-8090-exec-1] o.s.web.filter.OncePerRequestFilter      :  Header :  Bearer eyJhbGciOiJIUzUxMiJ9.eyJzdWIiOiJhZG1pbkBnbWFpbC5jb20iLCJpYXQiOjE2ODg0NDc3NjIsImV4cCI6MTY4ODQ2NTc2Mn0.ReOuE3fcgDKHxMkg1udO4l2Pj6u2qeAYWX0uXjgWQ1BVf6-yFT-pyfh59yAiy_rdEN2kDZovM-gUPbLeskZyRw
2023-07-04T10:58:11.226+05:30  INFO 4476 --- [http-nio-8090-exec-7] o.s.web.filter.OncePerRequestFilter      :  Header :  Bearer eyJhbGciOiJIUzUxMiJ9.eyJzdWIiOiJhZG1pbkBnbWFpbC5jb20iLCJpYXQiOjE2ODg0NDc3NjIsImV4cCI6MTY4ODQ2NTc2Mn0.ReOuE3fcgDKHxMkg1udO4l2Pj6u2qeAYWX0uXjgWQ1BVf6-yFT-pyfh59yAiy_rdEN2kDZovM-gUPbLeskZyRw
2023-07-04T10:58:11.255+05:30  INFO 4476 --- [http-nio-8090-exec-7] o.s.web.filter.OncePerRequestFilter      :  Header :  Bearer eyJhbGciOiJIUzUxMiJ9.eyJzdWIiOiJhZG1pbkBnbWFpbC5jb20iLCJpYXQiOjE2ODg0NDc3NjIsImV4cCI6MTY4ODQ2NTc2Mn0.ReOuE3fcgDKHxMkg1udO4l2Pj6u2qeAYWX0uXjgWQ1BVf6-yFT-pyfh59yAiy_rdEN2kDZovM-gUPbLeskZyRw
2023-07-04T10:58:12.883+05:30  INFO 4476 --- [http-nio-8090-exec-9] o.s.web.filter.OncePerRequestFilter      :  Header :  Bearer eyJhbGciOiJIUzUxMiJ9.eyJzdWIiOiJhZG1pbkBnbWFpbC5jb20iLCJpYXQiOjE2ODg0NDc3NjIsImV4cCI6MTY4ODQ2NTc2Mn0.ReOuE3fcgDKHxMkg1udO4l2Pj6u2qeAYWX0uXjgWQ1BVf6-yFT-pyfh59yAiy_rdEN2kDZovM-gUPbLeskZyRw
2023-07-04T10:58:12.899+05:30  INFO 4476 --- [http-nio-8090-exec-4] o.s.web.filter.OncePerRequestFilter      :  Header :  Bearer eyJhbGciOiJIUzUxMiJ9.eyJzdWIiOiJhZG1pbkBnbWFpbC5jb20iLCJpYXQiOjE2ODg0NDc3NjIsImV4cCI6MTY4ODQ2NTc2Mn0.ReOuE3fcgDKHxMkg1udO4l2Pj6u2qeAYWX0uXjgWQ1BVf6-yFT-pyfh59yAiy_rdEN2kDZovM-gUPbLeskZyRw
2023-07-04T10:58:14.978+05:30  INFO 4476 --- [http-nio-8090-exec-5] o.s.web.filter.OncePerRequestFilter      :  Header :  Bearer eyJhbGciOiJIUzUxMiJ9.eyJzdWIiOiJhZG1pbkBnbWFpbC5jb20iLCJpYXQiOjE2ODg0NDc3NjIsImV4cCI6MTY4ODQ2NTc2Mn0.ReOuE3fcgDKHxMkg1udO4l2Pj6u2qeAYWX0uXjgWQ1BVf6-yFT-pyfh59yAiy_rdEN2kDZovM-gUPbLeskZyRw
2023-07-04T10:58:14.989+05:30  INFO 4476 --- [http-nio-8090-exec-2] o.s.web.filter.OncePerRequestFilter      :  Header :  Bearer eyJhbGciOiJIUzUxMiJ9.eyJzdWIiOiJhZG1pbkBnbWFpbC5jb20iLCJpYXQiOjE2ODg0NDc3NjIsImV4cCI6MTY4ODQ2NTc2Mn0.ReOuE3fcgDKHxMkg1udO4l2Pj6u2qeAYWX0uXjgWQ1BVf6-yFT-pyfh59yAiy_rdEN2kDZovM-gUPbLeskZyRw
2023-07-04T10:58:14.990+05:30  INFO 4476 --- [http-nio-8090-exec-10] o.s.web.filter.OncePerRequestFilter      :  Header :  Bearer eyJhbGciOiJIUzUxMiJ9.eyJzdWIiOiJhZG1pbkBnbWFpbC5jb20iLCJpYXQiOjE2ODg0NDc3NjIsImV4cCI6MTY4ODQ2NTc2Mn0.ReOuE3fcgDKHxMkg1udO4l2Pj6u2qeAYWX0uXjgWQ1BVf6-yFT-pyfh59yAiy_rdEN2kDZovM-gUPbLeskZyRw
2023-07-04T10:58:14.991+05:30  INFO 4476 --- [http-nio-8090-exec-1] o.s.web.filter.OncePerRequestFilter      :  Header :  Bearer eyJhbGciOiJIUzUxMiJ9.eyJzdWIiOiJhZG1pbkBnbWFpbC5jb20iLCJpYXQiOjE2ODg0NDc3NjIsImV4cCI6MTY4ODQ2NTc2Mn0.ReOuE3fcgDKHxMkg1udO4l2Pj6u2qeAYWX0uXjgWQ1BVf6-yFT-pyfh59yAiy_rdEN2kDZovM-gUPbLeskZyRw
2023-07-04T10:58:14.993+05:30  INFO 4476 --- [http-nio-8090-exec-8] o.s.web.filter.OncePerRequestFilter      :  Header :  Bearer eyJhbGciOiJIUzUxMiJ9.eyJzdWIiOiJhZG1pbkBnbWFpbC5jb20iLCJpYXQiOjE2ODg0NDc3NjIsImV4cCI6MTY4ODQ2NTc2Mn0.ReOuE3fcgDKHxMkg1udO4l2Pj6u2qeAYWX0uXjgWQ1BVf6-yFT-pyfh59yAiy_rdEN2kDZovM-gUPbLeskZyRw
2023-07-04T10:58:15.002+05:30  INFO 4476 --- [http-nio-8090-exec-3] o.s.web.filter.OncePerRequestFilter      :  Header :  Bearer eyJhbGciOiJIUzUxMiJ9.eyJzdWIiOiJhZG1pbkBnbWFpbC5jb20iLCJpYXQiOjE2ODg0NDc3NjIsImV4cCI6MTY4ODQ2NTc2Mn0.ReOuE3fcgDKHxMkg1udO4l2Pj6u2qeAYWX0uXjgWQ1BVf6-yFT-pyfh59yAiy_rdEN2kDZovM-gUPbLeskZyRw
2023-07-04T10:58:15.027+05:30  INFO 4476 --- [http-nio-8090-exec-7] o.s.web.filter.OncePerRequestFilter      :  Header :  Bearer eyJhbGciOiJIUzUxMiJ9.eyJzdWIiOiJhZG1pbkBnbWFpbC5jb20iLCJpYXQiOjE2ODg0NDc3NjIsImV4cCI6MTY4ODQ2NTc2Mn0.ReOuE3fcgDKHxMkg1udO4l2Pj6u2qeAYWX0uXjgWQ1BVf6-yFT-pyfh59yAiy_rdEN2kDZovM-gUPbLeskZyRw
2023-07-04T10:58:15.028+05:30  INFO 4476 --- [http-nio-8090-exec-9] o.s.web.filter.OncePerRequestFilter      :  Header :  Bearer eyJhbGciOiJIUzUxMiJ9.eyJzdWIiOiJhZG1pbkBnbWFpbC5jb20iLCJpYXQiOjE2ODg0NDc3NjIsImV4cCI6MTY4ODQ2NTc2Mn0.ReOuE3fcgDKHxMkg1udO4l2Pj6u2qeAYWX0uXjgWQ1BVf6-yFT-pyfh59yAiy_rdEN2kDZovM-gUPbLeskZyRw
2023-07-04T10:58:15.028+05:30  INFO 4476 --- [http-nio-8090-exec-6] o.s.web.filter.OncePerRequestFilter      :  Header :  Bearer eyJhbGciOiJIUzUxMiJ9.eyJzdWIiOiJhZG1pbkBnbWFpbC5jb20iLCJpYXQiOjE2ODg0NDc3NjIsImV4cCI6MTY4ODQ2NTc2Mn0.ReOuE3fcgDKHxMkg1udO4l2Pj6u2qeAYWX0uXjgWQ1BVf6-yFT-pyfh59yAiy_rdEN2kDZovM-gUPbLeskZyRw
2023-07-04T10:58:15.047+05:30  INFO 4476 --- [http-nio-8090-exec-4] o.s.web.filter.OncePerRequestFilter      :  Header :  Bearer eyJhbGciOiJIUzUxMiJ9.eyJzdWIiOiJhZG1pbkBnbWFpbC5jb20iLCJpYXQiOjE2ODg0NDc3NjIsImV4cCI6MTY4ODQ2NTc2Mn0.ReOuE3fcgDKHxMkg1udO4l2Pj6u2qeAYWX0uXjgWQ1BVf6-yFT-pyfh59yAiy_rdEN2kDZovM-gUPbLeskZyRw
2023-07-04T10:58:15.047+05:30  INFO 4476 --- [http-nio-8090-exec-5] o.s.web.filter.OncePerRequestFilter      :  Header :  Bearer eyJhbGciOiJIUzUxMiJ9.eyJzdWIiOiJhZG1pbkBnbWFpbC5jb20iLCJpYXQiOjE2ODg0NDc3NjIsImV4cCI6MTY4ODQ2NTc2Mn0.ReOuE3fcgDKHxMkg1udO4l2Pj6u2qeAYWX0uXjgWQ1BVf6-yFT-pyfh59yAiy_rdEN2kDZovM-gUPbLeskZyRw
2023-07-04T10:58:15.076+05:30  INFO 4476 --- [http-nio-8090-exec-8] o.s.web.filter.OncePerRequestFilter      :  Header :  Bearer eyJhbGciOiJIUzUxMiJ9.eyJzdWIiOiJhZG1pbkBnbWFpbC5jb20iLCJpYXQiOjE2ODg0NDc3NjIsImV4cCI6MTY4ODQ2NTc2Mn0.ReOuE3fcgDKHxMkg1udO4l2Pj6u2qeAYWX0uXjgWQ1BVf6-yFT-pyfh59yAiy_rdEN2kDZovM-gUPbLeskZyRw
2023-07-04T10:58:17.175+05:30  INFO 4476 --- [http-nio-8090-exec-1] o.s.web.filter.OncePerRequestFilter      :  Header :  Bearer eyJhbGciOiJIUzUxMiJ9.eyJzdWIiOiJhZG1pbkBnbWFpbC5jb20iLCJpYXQiOjE2ODg0NDc3NjIsImV4cCI6MTY4ODQ2NTc2Mn0.ReOuE3fcgDKHxMkg1udO4l2Pj6u2qeAYWX0uXjgWQ1BVf6-yFT-pyfh59yAiy_rdEN2kDZovM-gUPbLeskZyRw
2023-07-04T10:58:17.191+05:30  INFO 4476 --- [http-nio-8090-exec-10] o.s.web.filter.OncePerRequestFilter      :  Header :  Bearer eyJhbGciOiJIUzUxMiJ9.eyJzdWIiOiJhZG1pbkBnbWFpbC5jb20iLCJpYXQiOjE2ODg0NDc3NjIsImV4cCI6MTY4ODQ2NTc2Mn0.ReOuE3fcgDKHxMkg1udO4l2Pj6u2qeAYWX0uXjgWQ1BVf6-yFT-pyfh59yAiy_rdEN2kDZovM-gUPbLeskZyRw
2023-07-04T10:58:18.836+05:30  INFO 4476 --- [http-nio-8090-exec-3] o.s.web.filter.OncePerRequestFilter      :  Header :  Bearer eyJhbGciOiJIUzUxMiJ9.eyJzdWIiOiJhZG1pbkBnbWFpbC5jb20iLCJpYXQiOjE2ODg0NDc3NjIsImV4cCI6MTY4ODQ2NTc2Mn0.ReOuE3fcgDKHxMkg1udO4l2Pj6u2qeAYWX0uXjgWQ1BVf6-yFT-pyfh59yAiy_rdEN2kDZovM-gUPbLeskZyRw
2023-07-04T10:58:18.837+05:30  INFO 4476 --- [http-nio-8090-exec-2] o.s.web.filter.OncePerRequestFilter      :  Header :  Bearer eyJhbGciOiJIUzUxMiJ9.eyJzdWIiOiJhZG1pbkBnbWFpbC5jb20iLCJpYXQiOjE2ODg0NDc3NjIsImV4cCI6MTY4ODQ2NTc2Mn0.ReOuE3fcgDKHxMkg1udO4l2Pj6u2qeAYWX0uXjgWQ1BVf6-yFT-pyfh59yAiy_rdEN2kDZovM-gUPbLeskZyRw
2023-07-04T10:58:18.838+05:30  INFO 4476 --- [http-nio-8090-exec-4] o.s.web.filter.OncePerRequestFilter      :  Header :  Bearer eyJhbGciOiJIUzUxMiJ9.eyJzdWIiOiJhZG1pbkBnbWFpbC5jb20iLCJpYXQiOjE2ODg0NDc3NjIsImV4cCI6MTY4ODQ2NTc2Mn0.ReOuE3fcgDKHxMkg1udO4l2Pj6u2qeAYWX0uXjgWQ1BVf6-yFT-pyfh59yAiy_rdEN2kDZovM-gUPbLeskZyRw
2023-07-04T10:58:18.854+05:30  INFO 4476 --- [http-nio-8090-exec-2] o.s.web.filter.OncePerRequestFilter      :  Header :  Bearer eyJhbGciOiJIUzUxMiJ9.eyJzdWIiOiJhZG1pbkBnbWFpbC5jb20iLCJpYXQiOjE2ODg0NDc3NjIsImV4cCI6MTY4ODQ2NTc2Mn0.ReOuE3fcgDKHxMkg1udO4l2Pj6u2qeAYWX0uXjgWQ1BVf6-yFT-pyfh59yAiy_rdEN2kDZovM-gUPbLeskZyRw
2023-07-04T10:58:18.857+05:30  INFO 4476 --- [http-nio-8090-exec-5] o.s.web.filter.OncePerRequestFilter      :  Header :  Bearer eyJhbGciOiJIUzUxMiJ9.eyJzdWIiOiJhZG1pbkBnbWFpbC5jb20iLCJpYXQiOjE2ODg0NDc3NjIsImV4cCI6MTY4ODQ2NTc2Mn0.ReOuE3fcgDKHxMkg1udO4l2Pj6u2qeAYWX0uXjgWQ1BVf6-yFT-pyfh59yAiy_rdEN2kDZovM-gUPbLeskZyRw
2023-07-04T10:58:18.862+05:30  INFO 4476 --- [http-nio-8090-exec-6] o.s.web.filter.OncePerRequestFilter      :  Header :  Bearer eyJhbGciOiJIUzUxMiJ9.eyJzdWIiOiJhZG1pbkBnbWFpbC5jb20iLCJpYXQiOjE2ODg0NDc3NjIsImV4cCI6MTY4ODQ2NTc2Mn0.ReOuE3fcgDKHxMkg1udO4l2Pj6u2qeAYWX0uXjgWQ1BVf6-yFT-pyfh59yAiy_rdEN2kDZovM-gUPbLeskZyRw
2023-07-04T10:58:18.889+05:30  INFO 4476 --- [http-nio-8090-exec-9] o.s.web.filter.OncePerRequestFilter      :  Header :  Bearer eyJhbGciOiJIUzUxMiJ9.eyJzdWIiOiJhZG1pbkBnbWFpbC5jb20iLCJpYXQiOjE2ODg0NDc3NjIsImV4cCI6MTY4ODQ2NTc2Mn0.ReOuE3fcgDKHxMkg1udO4l2Pj6u2qeAYWX0uXjgWQ1BVf6-yFT-pyfh59yAiy_rdEN2kDZovM-gUPbLeskZyRw
2023-07-04T10:58:18.890+05:30  INFO 4476 --- [http-nio-8090-exec-7] o.s.web.filter.OncePerRequestFilter      :  Header :  Bearer eyJhbGciOiJIUzUxMiJ9.eyJzdWIiOiJhZG1pbkBnbWFpbC5jb20iLCJpYXQiOjE2ODg0NDc3NjIsImV4cCI6MTY4ODQ2NTc2Mn0.ReOuE3fcgDKHxMkg1udO4l2Pj6u2qeAYWX0uXjgWQ1BVf6-yFT-pyfh59yAiy_rdEN2kDZovM-gUPbLeskZyRw
2023-07-04T10:58:18.891+05:30  INFO 4476 --- [http-nio-8090-exec-1] o.s.web.filter.OncePerRequestFilter      :  Header :  Bearer eyJhbGciOiJIUzUxMiJ9.eyJzdWIiOiJhZG1pbkBnbWFpbC5jb20iLCJpYXQiOjE2ODg0NDc3NjIsImV4cCI6MTY4ODQ2NTc2Mn0.ReOuE3fcgDKHxMkg1udO4l2Pj6u2qeAYWX0uXjgWQ1BVf6-yFT-pyfh59yAiy_rdEN2kDZovM-gUPbLeskZyRw
2023-07-04T10:58:18.892+05:30  INFO 4476 --- [http-nio-8090-exec-10] o.s.web.filter.OncePerRequestFilter      :  Header :  Bearer eyJhbGciOiJIUzUxMiJ9.eyJzdWIiOiJhZG1pbkBnbWFpbC5jb20iLCJpYXQiOjE2ODg0NDc3NjIsImV4cCI6MTY4ODQ2NTc2Mn0.ReOuE3fcgDKHxMkg1udO4l2Pj6u2qeAYWX0uXjgWQ1BVf6-yFT-pyfh59yAiy_rdEN2kDZovM-gUPbLeskZyRw
2023-07-04T10:58:18.918+05:30  INFO 4476 --- [http-nio-8090-exec-1] o.s.web.filter.OncePerRequestFilter      :  Header :  Bearer eyJhbGciOiJIUzUxMiJ9.eyJzdWIiOiJhZG1pbkBnbWFpbC5jb20iLCJpYXQiOjE2ODg0NDc3NjIsImV4cCI6MTY4ODQ2NTc2Mn0.ReOuE3fcgDKHxMkg1udO4l2Pj6u2qeAYWX0uXjgWQ1BVf6-yFT-pyfh59yAiy_rdEN2kDZovM-gUPbLeskZyRw
2023-07-04T10:58:18.940+05:30  INFO 4476 --- [http-nio-8090-exec-2] o.s.web.filter.OncePerRequestFilter      :  Header :  Bearer eyJhbGciOiJIUzUxMiJ9.eyJzdWIiOiJhZG1pbkBnbWFpbC5jb20iLCJpYXQiOjE2ODg0NDc3NjIsImV4cCI6MTY4ODQ2NTc2Mn0.ReOuE3fcgDKHxMkg1udO4l2Pj6u2qeAYWX0uXjgWQ1BVf6-yFT-pyfh59yAiy_rdEN2kDZovM-gUPbLeskZyRw
2023-07-04T10:58:20.353+05:30  INFO 4476 --- [http-nio-8090-exec-4] o.s.web.filter.OncePerRequestFilter      :  Header :  Bearer eyJhbGciOiJIUzUxMiJ9.eyJzdWIiOiJhZG1pbkBnbWFpbC5jb20iLCJpYXQiOjE2ODg0NDc3NjIsImV4cCI6MTY4ODQ2NTc2Mn0.ReOuE3fcgDKHxMkg1udO4l2Pj6u2qeAYWX0uXjgWQ1BVf6-yFT-pyfh59yAiy_rdEN2kDZovM-gUPbLeskZyRw
2023-07-04T10:58:20.371+05:30  INFO 4476 --- [http-nio-8090-exec-5] o.s.web.filter.OncePerRequestFilter      :  Header :  Bearer eyJhbGciOiJIUzUxMiJ9.eyJzdWIiOiJhZG1pbkBnbWFpbC5jb20iLCJpYXQiOjE2ODg0NDc3NjIsImV4cCI6MTY4ODQ2NTc2Mn0.ReOuE3fcgDKHxMkg1udO4l2Pj6u2qeAYWX0uXjgWQ1BVf6-yFT-pyfh59yAiy_rdEN2kDZovM-gUPbLeskZyRw
2023-07-04T10:58:22.203+05:30  INFO 4476 --- [http-nio-8090-exec-8] o.s.web.filter.OncePerRequestFilter      :  Header :  Bearer eyJhbGciOiJIUzUxMiJ9.eyJzdWIiOiJhZG1pbkBnbWFpbC5jb20iLCJpYXQiOjE2ODg0NDc3NjIsImV4cCI6MTY4ODQ2NTc2Mn0.ReOuE3fcgDKHxMkg1udO4l2Pj6u2qeAYWX0uXjgWQ1BVf6-yFT-pyfh59yAiy_rdEN2kDZovM-gUPbLeskZyRw
2023-07-04T10:58:22.208+05:30  INFO 4476 --- [http-nio-8090-exec-9] o.s.web.filter.OncePerRequestFilter      :  Header :  Bearer eyJhbGciOiJIUzUxMiJ9.eyJzdWIiOiJhZG1pbkBnbWFpbC5jb20iLCJpYXQiOjE2ODg0NDc3NjIsImV4cCI6MTY4ODQ2NTc2Mn0.ReOuE3fcgDKHxMkg1udO4l2Pj6u2qeAYWX0uXjgWQ1BVf6-yFT-pyfh59yAiy_rdEN2kDZovM-gUPbLeskZyRw
2023-07-04T10:58:22.209+05:30  INFO 4476 --- [http-nio-8090-exec-6] o.s.web.filter.OncePerRequestFilter      :  Header :  Bearer eyJhbGciOiJIUzUxMiJ9.eyJzdWIiOiJhZG1pbkBnbWFpbC5jb20iLCJpYXQiOjE2ODg0NDc3NjIsImV4cCI6MTY4ODQ2NTc2Mn0.ReOuE3fcgDKHxMkg1udO4l2Pj6u2qeAYWX0uXjgWQ1BVf6-yFT-pyfh59yAiy_rdEN2kDZovM-gUPbLeskZyRw
2023-07-04T10:58:22.211+05:30  INFO 4476 --- [http-nio-8090-exec-7] o.s.web.filter.OncePerRequestFilter      :  Header :  Bearer eyJhbGciOiJIUzUxMiJ9.eyJzdWIiOiJhZG1pbkBnbWFpbC5jb20iLCJpYXQiOjE2ODg0NDc3NjIsImV4cCI6MTY4ODQ2NTc2Mn0.ReOuE3fcgDKHxMkg1udO4l2Pj6u2qeAYWX0uXjgWQ1BVf6-yFT-pyfh59yAiy_rdEN2kDZovM-gUPbLeskZyRw
2023-07-04T10:58:22.213+05:30  INFO 4476 --- [http-nio-8090-exec-10] o.s.web.filter.OncePerRequestFilter      :  Header :  Bearer eyJhbGciOiJIUzUxMiJ9.eyJzdWIiOiJhZG1pbkBnbWFpbC5jb20iLCJpYXQiOjE2ODg0NDc3NjIsImV4cCI6MTY4ODQ2NTc2Mn0.ReOuE3fcgDKHxMkg1udO4l2Pj6u2qeAYWX0uXjgWQ1BVf6-yFT-pyfh59yAiy_rdEN2kDZovM-gUPbLeskZyRw
2023-07-04T10:58:22.237+05:30  INFO 4476 --- [http-nio-8090-exec-10] o.s.web.filter.OncePerRequestFilter      :  Header :  Bearer eyJhbGciOiJIUzUxMiJ9.eyJzdWIiOiJhZG1pbkBnbWFpbC5jb20iLCJpYXQiOjE2ODg0NDc3NjIsImV4cCI6MTY4ODQ2NTc2Mn0.ReOuE3fcgDKHxMkg1udO4l2Pj6u2qeAYWX0uXjgWQ1BVf6-yFT-pyfh59yAiy_rdEN2kDZovM-gUPbLeskZyRw
2023-07-04T10:58:22.255+05:30  INFO 4476 --- [http-nio-8090-exec-1] o.s.web.filter.OncePerRequestFilter      :  Header :  Bearer eyJhbGciOiJIUzUxMiJ9.eyJzdWIiOiJhZG1pbkBnbWFpbC5jb20iLCJpYXQiOjE2ODg0NDc3NjIsImV4cCI6MTY4ODQ2NTc2Mn0.ReOuE3fcgDKHxMkg1udO4l2Pj6u2qeAYWX0uXjgWQ1BVf6-yFT-pyfh59yAiy_rdEN2kDZovM-gUPbLeskZyRw
2023-07-04T10:58:22.255+05:30  INFO 4476 --- [http-nio-8090-exec-4] o.s.web.filter.OncePerRequestFilter      :  Header :  Bearer eyJhbGciOiJIUzUxMiJ9.eyJzdWIiOiJhZG1pbkBnbWFpbC5jb20iLCJpYXQiOjE2ODg0NDc3NjIsImV4cCI6MTY4ODQ2NTc2Mn0.ReOuE3fcgDKHxMkg1udO4l2Pj6u2qeAYWX0uXjgWQ1BVf6-yFT-pyfh59yAiy_rdEN2kDZovM-gUPbLeskZyRw
2023-07-04T10:58:22.255+05:30  INFO 4476 --- [http-nio-8090-exec-5] o.s.web.filter.OncePerRequestFilter      :  Header :  Bearer eyJhbGciOiJIUzUxMiJ9.eyJzdWIiOiJhZG1pbkBnbWFpbC5jb20iLCJpYXQiOjE2ODg0NDc3NjIsImV4cCI6MTY4ODQ2NTc2Mn0.ReOuE3fcgDKHxMkg1udO4l2Pj6u2qeAYWX0uXjgWQ1BVf6-yFT-pyfh59yAiy_rdEN2kDZovM-gUPbLeskZyRw
2023-07-04T10:58:22.255+05:30  INFO 4476 --- [http-nio-8090-exec-2] o.s.web.filter.OncePerRequestFilter      :  Header :  Bearer eyJhbGciOiJIUzUxMiJ9.eyJzdWIiOiJhZG1pbkBnbWFpbC5jb20iLCJpYXQiOjE2ODg0NDc3NjIsImV4cCI6MTY4ODQ2NTc2Mn0.ReOuE3fcgDKHxMkg1udO4l2Pj6u2qeAYWX0uXjgWQ1BVf6-yFT-pyfh59yAiy_rdEN2kDZovM-gUPbLeskZyRw
2023-07-04T10:58:22.278+05:30  INFO 4476 --- [http-nio-8090-exec-8] o.s.web.filter.OncePerRequestFilter      :  Header :  Bearer eyJhbGciOiJIUzUxMiJ9.eyJzdWIiOiJhZG1pbkBnbWFpbC5jb20iLCJpYXQiOjE2ODg0NDc3NjIsImV4cCI6MTY4ODQ2NTc2Mn0.ReOuE3fcgDKHxMkg1udO4l2Pj6u2qeAYWX0uXjgWQ1BVf6-yFT-pyfh59yAiy_rdEN2kDZovM-gUPbLeskZyRw
2023-07-04T10:58:22.299+05:30  INFO 4476 --- [http-nio-8090-exec-9] o.s.web.filter.OncePerRequestFilter      :  Header :  Bearer eyJhbGciOiJIUzUxMiJ9.eyJzdWIiOiJhZG1pbkBnbWFpbC5jb20iLCJpYXQiOjE2ODg0NDc3NjIsImV4cCI6MTY4ODQ2NTc2Mn0.ReOuE3fcgDKHxMkg1udO4l2Pj6u2qeAYWX0uXjgWQ1BVf6-yFT-pyfh59yAiy_rdEN2kDZovM-gUPbLeskZyRw
2023-07-04T10:58:24.413+05:30  INFO 4476 --- [http-nio-8090-exec-6] o.s.web.filter.OncePerRequestFilter      :  Header :  Bearer eyJhbGciOiJIUzUxMiJ9.eyJzdWIiOiJhZG1pbkBnbWFpbC5jb20iLCJpYXQiOjE2ODg0NDc3NjIsImV4cCI6MTY4ODQ2NTc2Mn0.ReOuE3fcgDKHxMkg1udO4l2Pj6u2qeAYWX0uXjgWQ1BVf6-yFT-pyfh59yAiy_rdEN2kDZovM-gUPbLeskZyRw
2023-07-04T10:58:24.427+05:30  INFO 4476 --- [http-nio-8090-exec-3] o.s.web.filter.OncePerRequestFilter      :  Header :  Bearer eyJhbGciOiJIUzUxMiJ9.eyJzdWIiOiJhZG1pbkBnbWFpbC5jb20iLCJpYXQiOjE2ODg0NDc3NjIsImV4cCI6MTY4ODQ2NTc2Mn0.ReOuE3fcgDKHxMkg1udO4l2Pj6u2qeAYWX0uXjgWQ1BVf6-yFT-pyfh59yAiy_rdEN2kDZovM-gUPbLeskZyRw
2023-07-04T10:58:27.052+05:30  INFO 4476 --- [AsyncResolver-bootstrap-executor-0] c.n.d.s.r.aws.ConfigClusterResolver      : Resolving eureka endpoints via configuration
2023-07-04T10:58:43.091+05:30  INFO 4476 --- [http-nio-8090-exec-7] o.s.web.filter.OncePerRequestFilter      :  Header :  Bearer eyJhbGciOiJIUzUxMiJ9.eyJzdWIiOiJhZG1pbkBnbWFpbC5jb20iLCJpYXQiOjE2ODg0NDc3NjIsImV4cCI6MTY4ODQ2NTc2Mn0.ReOuE3fcgDKHxMkg1udO4l2Pj6u2qeAYWX0uXjgWQ1BVf6-yFT-pyfh59yAiy_rdEN2kDZovM-gUPbLeskZyRw
2023-07-04T10:58:43.096+05:30  INFO 4476 --- [http-nio-8090-exec-10] o.s.web.filter.OncePerRequestFilter      :  Header :  Bearer eyJhbGciOiJIUzUxMiJ9.eyJzdWIiOiJhZG1pbkBnbWFpbC5jb20iLCJpYXQiOjE2ODg0NDc3NjIsImV4cCI6MTY4ODQ2NTc2Mn0.ReOuE3fcgDKHxMkg1udO4l2Pj6u2qeAYWX0uXjgWQ1BVf6-yFT-pyfh59yAiy_rdEN2kDZovM-gUPbLeskZyRw
2023-07-04T10:58:43.100+05:30  INFO 4476 --- [http-nio-8090-exec-5] o.s.web.filter.OncePerRequestFilter      :  Header :  Bearer eyJhbGciOiJIUzUxMiJ9.eyJzdWIiOiJhZG1pbkBnbWFpbC5jb20iLCJpYXQiOjE2ODg0NDc3NjIsImV4cCI6MTY4ODQ2NTc2Mn0.ReOuE3fcgDKHxMkg1udO4l2Pj6u2qeAYWX0uXjgWQ1BVf6-yFT-pyfh59yAiy_rdEN2kDZovM-gUPbLeskZyRw
2023-07-04T10:58:43.100+05:30  INFO 4476 --- [http-nio-8090-exec-4] o.s.web.filter.OncePerRequestFilter      :  Header :  Bearer eyJhbGciOiJIUzUxMiJ9.eyJzdWIiOiJhZG1pbkBnbWFpbC5jb20iLCJpYXQiOjE2ODg0NDc3NjIsImV4cCI6MTY4ODQ2NTc2Mn0.ReOuE3fcgDKHxMkg1udO4l2Pj6u2qeAYWX0uXjgWQ1BVf6-yFT-pyfh59yAiy_rdEN2kDZovM-gUPbLeskZyRw
2023-07-04T10:58:43.105+05:30  INFO 4476 --- [http-nio-8090-exec-2] o.s.web.filter.OncePerRequestFilter      :  Header :  Bearer eyJhbGciOiJIUzUxMiJ9.eyJzdWIiOiJhZG1pbkBnbWFpbC5jb20iLCJpYXQiOjE2ODg0NDc3NjIsImV4cCI6MTY4ODQ2NTc2Mn0.ReOuE3fcgDKHxMkg1udO4l2Pj6u2qeAYWX0uXjgWQ1BVf6-yFT-pyfh59yAiy_rdEN2kDZovM-gUPbLeskZyRw
2023-07-04T10:58:43.115+05:30  INFO 4476 --- [http-nio-8090-exec-1] o.s.web.filter.OncePerRequestFilter      :  Header :  Bearer eyJhbGciOiJIUzUxMiJ9.eyJzdWIiOiJhZG1pbkBnbWFpbC5jb20iLCJpYXQiOjE2ODg0NDc3NjIsImV4cCI6MTY4ODQ2NTc2Mn0.ReOuE3fcgDKHxMkg1udO4l2Pj6u2qeAYWX0uXjgWQ1BVf6-yFT-pyfh59yAiy_rdEN2kDZovM-gUPbLeskZyRw
2023-07-04T10:58:43.138+05:30  INFO 4476 --- [http-nio-8090-exec-8] o.s.web.filter.OncePerRequestFilter      :  Header :  Bearer eyJhbGciOiJIUzUxMiJ9.eyJzdWIiOiJhZG1pbkBnbWFpbC5jb20iLCJpYXQiOjE2ODg0NDc3NjIsImV4cCI6MTY4ODQ2NTc2Mn0.ReOuE3fcgDKHxMkg1udO4l2Pj6u2qeAYWX0uXjgWQ1BVf6-yFT-pyfh59yAiy_rdEN2kDZovM-gUPbLeskZyRw
2023-07-04T10:58:43.153+05:30  INFO 4476 --- [http-nio-8090-exec-9] o.s.web.filter.OncePerRequestFilter      :  Header :  Bearer eyJhbGciOiJIUzUxMiJ9.eyJzdWIiOiJhZG1pbkBnbWFpbC5jb20iLCJpYXQiOjE2ODg0NDc3NjIsImV4cCI6MTY4ODQ2NTc2Mn0.ReOuE3fcgDKHxMkg1udO4l2Pj6u2qeAYWX0uXjgWQ1BVf6-yFT-pyfh59yAiy_rdEN2kDZovM-gUPbLeskZyRw
2023-07-04T10:58:43.177+05:30  INFO 4476 --- [http-nio-8090-exec-6] o.s.web.filter.OncePerRequestFilter      :  Header :  Bearer eyJhbGciOiJIUzUxMiJ9.eyJzdWIiOiJhZG1pbkBnbWFpbC5jb20iLCJpYXQiOjE2ODg0NDc3NjIsImV4cCI6MTY4ODQ2NTc2Mn0.ReOuE3fcgDKHxMkg1udO4l2Pj6u2qeAYWX0uXjgWQ1BVf6-yFT-pyfh59yAiy_rdEN2kDZovM-gUPbLeskZyRw
2023-07-04T10:58:43.177+05:30  INFO 4476 --- [http-nio-8090-exec-3] o.s.web.filter.OncePerRequestFilter      :  Header :  Bearer eyJhbGciOiJIUzUxMiJ9.eyJzdWIiOiJhZG1pbkBnbWFpbC5jb20iLCJpYXQiOjE2ODg0NDc3NjIsImV4cCI6MTY4ODQ2NTc2Mn0.ReOuE3fcgDKHxMkg1udO4l2Pj6u2qeAYWX0uXjgWQ1BVf6-yFT-pyfh59yAiy_rdEN2kDZovM-gUPbLeskZyRw
2023-07-04T10:58:43.191+05:30  INFO 4476 --- [http-nio-8090-exec-7] o.s.web.filter.OncePerRequestFilter      :  Header :  Bearer eyJhbGciOiJIUzUxMiJ9.eyJzdWIiOiJhZG1pbkBnbWFpbC5jb20iLCJpYXQiOjE2ODg0NDc3NjIsImV4cCI6MTY4ODQ2NTc2Mn0.ReOuE3fcgDKHxMkg1udO4l2Pj6u2qeAYWX0uXjgWQ1BVf6-yFT-pyfh59yAiy_rdEN2kDZovM-gUPbLeskZyRw
2023-07-04T10:58:43.215+05:30  INFO 4476 --- [http-nio-8090-exec-5] o.s.web.filter.OncePerRequestFilter      :  Header :  Bearer eyJhbGciOiJIUzUxMiJ9.eyJzdWIiOiJhZG1pbkBnbWFpbC5jb20iLCJpYXQiOjE2ODg0NDc3NjIsImV4cCI6MTY4ODQ2NTc2Mn0.ReOuE3fcgDKHxMkg1udO4l2Pj6u2qeAYWX0uXjgWQ1BVf6-yFT-pyfh59yAiy_rdEN2kDZovM-gUPbLeskZyRw
2023-07-04T10:58:47.606+05:30  INFO 4476 --- [http-nio-8090-exec-1] o.s.web.filter.OncePerRequestFilter      :  Header :  Bearer eyJhbGciOiJIUzUxMiJ9.eyJzdWIiOiJhZG1pbkBnbWFpbC5jb20iLCJpYXQiOjE2ODg0NDc3NjIsImV4cCI6MTY4ODQ2NTc2Mn0.ReOuE3fcgDKHxMkg1udO4l2Pj6u2qeAYWX0uXjgWQ1BVf6-yFT-pyfh59yAiy_rdEN2kDZovM-gUPbLeskZyRw
2023-07-04T10:58:47.622+05:30  INFO 4476 --- [http-nio-8090-exec-2] o.s.web.filter.OncePerRequestFilter      :  Header :  Bearer eyJhbGciOiJIUzUxMiJ9.eyJzdWIiOiJhZG1pbkBnbWFpbC5jb20iLCJpYXQiOjE2ODg0NDc3NjIsImV4cCI6MTY4ODQ2NTc2Mn0.ReOuE3fcgDKHxMkg1udO4l2Pj6u2qeAYWX0uXjgWQ1BVf6-yFT-pyfh59yAiy_rdEN2kDZovM-gUPbLeskZyRw
2023-07-04T10:58:49.824+05:30  INFO 4476 --- [http-nio-8090-exec-10] o.s.web.filter.OncePerRequestFilter      :  Header :  Bearer eyJhbGciOiJIUzUxMiJ9.eyJzdWIiOiJhZG1pbkBnbWFpbC5jb20iLCJpYXQiOjE2ODg0NDc3NjIsImV4cCI6MTY4ODQ2NTc2Mn0.ReOuE3fcgDKHxMkg1udO4l2Pj6u2qeAYWX0uXjgWQ1BVf6-yFT-pyfh59yAiy_rdEN2kDZovM-gUPbLeskZyRw
2023-07-04T10:58:49.829+05:30  INFO 4476 --- [http-nio-8090-exec-9] o.s.web.filter.OncePerRequestFilter      :  Header :  Bearer eyJhbGciOiJIUzUxMiJ9.eyJzdWIiOiJhZG1pbkBnbWFpbC5jb20iLCJpYXQiOjE2ODg0NDc3NjIsImV4cCI6MTY4ODQ2NTc2Mn0.ReOuE3fcgDKHxMkg1udO4l2Pj6u2qeAYWX0uXjgWQ1BVf6-yFT-pyfh59yAiy_rdEN2kDZovM-gUPbLeskZyRw
2023-07-04T10:58:49.829+05:30  INFO 4476 --- [http-nio-8090-exec-8] o.s.web.filter.OncePerRequestFilter      :  Header :  Bearer eyJhbGciOiJIUzUxMiJ9.eyJzdWIiOiJhZG1pbkBnbWFpbC5jb20iLCJpYXQiOjE2ODg0NDc3NjIsImV4cCI6MTY4ODQ2NTc2Mn0.ReOuE3fcgDKHxMkg1udO4l2Pj6u2qeAYWX0uXjgWQ1BVf6-yFT-pyfh59yAiy_rdEN2kDZovM-gUPbLeskZyRw
2023-07-04T10:58:49.829+05:30  INFO 4476 --- [http-nio-8090-exec-4] o.s.web.filter.OncePerRequestFilter      :  Header :  Bearer eyJhbGciOiJIUzUxMiJ9.eyJzdWIiOiJhZG1pbkBnbWFpbC5jb20iLCJpYXQiOjE2ODg0NDc3NjIsImV4cCI6MTY4ODQ2NTc2Mn0.ReOuE3fcgDKHxMkg1udO4l2Pj6u2qeAYWX0uXjgWQ1BVf6-yFT-pyfh59yAiy_rdEN2kDZovM-gUPbLeskZyRw
2023-07-04T10:58:49.832+05:30  INFO 4476 --- [http-nio-8090-exec-6] o.s.web.filter.OncePerRequestFilter      :  Header :  Bearer eyJhbGciOiJIUzUxMiJ9.eyJzdWIiOiJhZG1pbkBnbWFpbC5jb20iLCJpYXQiOjE2ODg0NDc3NjIsImV4cCI6MTY4ODQ2NTc2Mn0.ReOuE3fcgDKHxMkg1udO4l2Pj6u2qeAYWX0uXjgWQ1BVf6-yFT-pyfh59yAiy_rdEN2kDZovM-gUPbLeskZyRw
2023-07-04T10:58:49.852+05:30  INFO 4476 --- [http-nio-8090-exec-3] o.s.web.filter.OncePerRequestFilter      :  Header :  Bearer eyJhbGciOiJIUzUxMiJ9.eyJzdWIiOiJhZG1pbkBnbWFpbC5jb20iLCJpYXQiOjE2ODg0NDc3NjIsImV4cCI6MTY4ODQ2NTc2Mn0.ReOuE3fcgDKHxMkg1udO4l2Pj6u2qeAYWX0uXjgWQ1BVf6-yFT-pyfh59yAiy_rdEN2kDZovM-gUPbLeskZyRw
2023-07-04T10:58:49.877+05:30  INFO 4476 --- [http-nio-8090-exec-5] o.s.web.filter.OncePerRequestFilter      :  Header :  Bearer eyJhbGciOiJIUzUxMiJ9.eyJzdWIiOiJhZG1pbkBnbWFpbC5jb20iLCJpYXQiOjE2ODg0NDc3NjIsImV4cCI6MTY4ODQ2NTc2Mn0.ReOuE3fcgDKHxMkg1udO4l2Pj6u2qeAYWX0uXjgWQ1BVf6-yFT-pyfh59yAiy_rdEN2kDZovM-gUPbLeskZyRw
2023-07-04T10:58:49.877+05:30  INFO 4476 --- [http-nio-8090-exec-7] o.s.web.filter.OncePerRequestFilter      :  Header :  Bearer eyJhbGciOiJIUzUxMiJ9.eyJzdWIiOiJhZG1pbkBnbWFpbC5jb20iLCJpYXQiOjE2ODg0NDc3NjIsImV4cCI6MTY4ODQ2NTc2Mn0.ReOuE3fcgDKHxMkg1udO4l2Pj6u2qeAYWX0uXjgWQ1BVf6-yFT-pyfh59yAiy_rdEN2kDZovM-gUPbLeskZyRw
2023-07-04T10:58:49.878+05:30  INFO 4476 --- [http-nio-8090-exec-1] o.s.web.filter.OncePerRequestFilter      :  Header :  Bearer eyJhbGciOiJIUzUxMiJ9.eyJzdWIiOiJhZG1pbkBnbWFpbC5jb20iLCJpYXQiOjE2ODg0NDc3NjIsImV4cCI6MTY4ODQ2NTc2Mn0.ReOuE3fcgDKHxMkg1udO4l2Pj6u2qeAYWX0uXjgWQ1BVf6-yFT-pyfh59yAiy_rdEN2kDZovM-gUPbLeskZyRw
2023-07-04T10:58:49.899+05:30  INFO 4476 --- [http-nio-8090-exec-5] o.s.web.filter.OncePerRequestFilter      :  Header :  Bearer eyJhbGciOiJIUzUxMiJ9.eyJzdWIiOiJhZG1pbkBnbWFpbC5jb20iLCJpYXQiOjE2ODg0NDc3NjIsImV4cCI6MTY4ODQ2NTc2Mn0.ReOuE3fcgDKHxMkg1udO4l2Pj6u2qeAYWX0uXjgWQ1BVf6-yFT-pyfh59yAiy_rdEN2kDZovM-gUPbLeskZyRw
2023-07-04T10:58:49.906+05:30  INFO 4476 --- [http-nio-8090-exec-2] o.s.web.filter.OncePerRequestFilter      :  Header :  Bearer eyJhbGciOiJIUzUxMiJ9.eyJzdWIiOiJhZG1pbkBnbWFpbC5jb20iLCJpYXQiOjE2ODg0NDc3NjIsImV4cCI6MTY4ODQ2NTc2Mn0.ReOuE3fcgDKHxMkg1udO4l2Pj6u2qeAYWX0uXjgWQ1BVf6-yFT-pyfh59yAiy_rdEN2kDZovM-gUPbLeskZyRw
2023-07-04T10:58:49.940+05:30  INFO 4476 --- [http-nio-8090-exec-8] o.s.web.filter.OncePerRequestFilter      :  Header :  Bearer eyJhbGciOiJIUzUxMiJ9.eyJzdWIiOiJhZG1pbkBnbWFpbC5jb20iLCJpYXQiOjE2ODg0NDc3NjIsImV4cCI6MTY4ODQ2NTc2Mn0.ReOuE3fcgDKHxMkg1udO4l2Pj6u2qeAYWX0uXjgWQ1BVf6-yFT-pyfh59yAiy_rdEN2kDZovM-gUPbLeskZyRw
2023-07-04T10:58:50.901+05:30  INFO 4476 --- [http-nio-8090-exec-9] o.s.web.filter.OncePerRequestFilter      :  Header :  Bearer eyJhbGciOiJIUzUxMiJ9.eyJzdWIiOiJhZG1pbkBnbWFpbC5jb20iLCJpYXQiOjE2ODg0NDc3NjIsImV4cCI6MTY4ODQ2NTc2Mn0.ReOuE3fcgDKHxMkg1udO4l2Pj6u2qeAYWX0uXjgWQ1BVf6-yFT-pyfh59yAiy_rdEN2kDZovM-gUPbLeskZyRw
2023-07-04T10:58:50.916+05:30  INFO 4476 --- [http-nio-8090-exec-6] o.s.web.filter.OncePerRequestFilter      :  Header :  Bearer eyJhbGciOiJIUzUxMiJ9.eyJzdWIiOiJhZG1pbkBnbWFpbC5jb20iLCJpYXQiOjE2ODg0NDc3NjIsImV4cCI6MTY4ODQ2NTc2Mn0.ReOuE3fcgDKHxMkg1udO4l2Pj6u2qeAYWX0uXjgWQ1BVf6-yFT-pyfh59yAiy_rdEN2kDZovM-gUPbLeskZyRw
2023-07-04T11:03:27.054+05:30  INFO 4476 --- [AsyncResolver-bootstrap-executor-0] c.n.d.s.r.aws.ConfigClusterResolver      : Resolving eureka endpoints via configuration
2023-07-04T11:06:23.186+05:30  INFO 4476 --- [http-nio-8090-exec-2] o.s.web.filter.OncePerRequestFilter      :  Header :  Bearer eyJhbGciOiJIUzUxMiJ9.eyJzdWIiOiJhZG1pbkBnbWFpbC5jb20iLCJpYXQiOjE2ODg0NDc3NjIsImV4cCI6MTY4ODQ2NTc2Mn0.ReOuE3fcgDKHxMkg1udO4l2Pj6u2qeAYWX0uXjgWQ1BVf6-yFT-pyfh59yAiy_rdEN2kDZovM-gUPbLeskZyRw
2023-07-04T11:06:23.213+05:30  INFO 4476 --- [http-nio-8090-exec-8] o.s.web.filter.OncePerRequestFilter      :  Header :  Bearer eyJhbGciOiJIUzUxMiJ9.eyJzdWIiOiJhZG1pbkBnbWFpbC5jb20iLCJpYXQiOjE2ODg0NDc3NjIsImV4cCI6MTY4ODQ2NTc2Mn0.ReOuE3fcgDKHxMkg1udO4l2Pj6u2qeAYWX0uXjgWQ1BVf6-yFT-pyfh59yAiy_rdEN2kDZovM-gUPbLeskZyRw
2023-07-04T11:06:26.546+05:30  INFO 4476 --- [http-nio-8090-exec-9] o.s.web.filter.OncePerRequestFilter      :  Header :  Bearer eyJhbGciOiJIUzUxMiJ9.eyJzdWIiOiJhZG1pbkBnbWFpbC5jb20iLCJpYXQiOjE2ODg0NDc3NjIsImV4cCI6MTY4ODQ2NTc2Mn0.ReOuE3fcgDKHxMkg1udO4l2Pj6u2qeAYWX0uXjgWQ1BVf6-yFT-pyfh59yAiy_rdEN2kDZovM-gUPbLeskZyRw
2023-07-04T11:06:26.568+05:30  INFO 4476 --- [http-nio-8090-exec-9] o.s.web.filter.OncePerRequestFilter      :  Header :  Bearer eyJhbGciOiJIUzUxMiJ9.eyJzdWIiOiJhZG1pbkBnbWFpbC5jb20iLCJpYXQiOjE2ODg0NDc3NjIsImV4cCI6MTY4ODQ2NTc2Mn0.ReOuE3fcgDKHxMkg1udO4l2Pj6u2qeAYWX0uXjgWQ1BVf6-yFT-pyfh59yAiy_rdEN2kDZovM-gUPbLeskZyRw
2023-07-04T11:06:26.580+05:30  INFO 4476 --- [http-nio-8090-exec-4] o.s.web.filter.OncePerRequestFilter      :  Header :  Bearer eyJhbGciOiJIUzUxMiJ9.eyJzdWIiOiJhZG1pbkBnbWFpbC5jb20iLCJpYXQiOjE2ODg0NDc3NjIsImV4cCI6MTY4ODQ2NTc2Mn0.ReOuE3fcgDKHxMkg1udO4l2Pj6u2qeAYWX0uXjgWQ1BVf6-yFT-pyfh59yAiy_rdEN2kDZovM-gUPbLeskZyRw
2023-07-04T11:06:26.580+05:30  INFO 4476 --- [http-nio-8090-exec-6] o.s.web.filter.OncePerRequestFilter      :  Header :  Bearer eyJhbGciOiJIUzUxMiJ9.eyJzdWIiOiJhZG1pbkBnbWFpbC5jb20iLCJpYXQiOjE2ODg0NDc3NjIsImV4cCI6MTY4ODQ2NTc2Mn0.ReOuE3fcgDKHxMkg1udO4l2Pj6u2qeAYWX0uXjgWQ1BVf6-yFT-pyfh59yAiy_rdEN2kDZovM-gUPbLeskZyRw
2023-07-04T11:06:26.583+05:30  INFO 4476 --- [http-nio-8090-exec-1] o.s.web.filter.OncePerRequestFilter      :  Header :  Bearer eyJhbGciOiJIUzUxMiJ9.eyJzdWIiOiJhZG1pbkBnbWFpbC5jb20iLCJpYXQiOjE2ODg0NDc3NjIsImV4cCI6MTY4ODQ2NTc2Mn0.ReOuE3fcgDKHxMkg1udO4l2Pj6u2qeAYWX0uXjgWQ1BVf6-yFT-pyfh59yAiy_rdEN2kDZovM-gUPbLeskZyRw
2023-07-04T11:06:26.583+05:30  INFO 4476 --- [http-nio-8090-exec-3] o.s.web.filter.OncePerRequestFilter      :  Header :  Bearer eyJhbGciOiJIUzUxMiJ9.eyJzdWIiOiJhZG1pbkBnbWFpbC5jb20iLCJpYXQiOjE2ODg0NDc3NjIsImV4cCI6MTY4ODQ2NTc2Mn0.ReOuE3fcgDKHxMkg1udO4l2Pj6u2qeAYWX0uXjgWQ1BVf6-yFT-pyfh59yAiy_rdEN2kDZovM-gUPbLeskZyRw
2023-07-04T11:06:26.615+05:30  INFO 4476 --- [http-nio-8090-exec-4] o.s.web.filter.OncePerRequestFilter      :  Header :  Bearer eyJhbGciOiJIUzUxMiJ9.eyJzdWIiOiJhZG1pbkBnbWFpbC5jb20iLCJpYXQiOjE2ODg0NDc3NjIsImV4cCI6MTY4ODQ2NTc2Mn0.ReOuE3fcgDKHxMkg1udO4l2Pj6u2qeAYWX0uXjgWQ1BVf6-yFT-pyfh59yAiy_rdEN2kDZovM-gUPbLeskZyRw
2023-07-04T11:06:26.652+05:30  INFO 4476 --- [http-nio-8090-exec-2] o.s.web.filter.OncePerRequestFilter      :  Header :  Bearer eyJhbGciOiJIUzUxMiJ9.eyJzdWIiOiJhZG1pbkBnbWFpbC5jb20iLCJpYXQiOjE2ODg0NDc3NjIsImV4cCI6MTY4ODQ2NTc2Mn0.ReOuE3fcgDKHxMkg1udO4l2Pj6u2qeAYWX0uXjgWQ1BVf6-yFT-pyfh59yAiy_rdEN2kDZovM-gUPbLeskZyRw
2023-07-04T11:06:26.652+05:30  INFO 4476 --- [http-nio-8090-exec-7] o.s.web.filter.OncePerRequestFilter      :  Header :  Bearer eyJhbGciOiJIUzUxMiJ9.eyJzdWIiOiJhZG1pbkBnbWFpbC5jb20iLCJpYXQiOjE2ODg0NDc3NjIsImV4cCI6MTY4ODQ2NTc2Mn0.ReOuE3fcgDKHxMkg1udO4l2Pj6u2qeAYWX0uXjgWQ1BVf6-yFT-pyfh59yAiy_rdEN2kDZovM-gUPbLeskZyRw
2023-07-04T11:06:26.654+05:30  INFO 4476 --- [http-nio-8090-exec-8] o.s.web.filter.OncePerRequestFilter      :  Header :  Bearer eyJhbGciOiJIUzUxMiJ9.eyJzdWIiOiJhZG1pbkBnbWFpbC5jb20iLCJpYXQiOjE2ODg0NDc3NjIsImV4cCI6MTY4ODQ2NTc2Mn0.ReOuE3fcgDKHxMkg1udO4l2Pj6u2qeAYWX0uXjgWQ1BVf6-yFT-pyfh59yAiy_rdEN2kDZovM-gUPbLeskZyRw
2023-07-04T11:06:26.654+05:30  INFO 4476 --- [http-nio-8090-exec-10] o.s.web.filter.OncePerRequestFilter      :  Header :  Bearer eyJhbGciOiJIUzUxMiJ9.eyJzdWIiOiJhZG1pbkBnbWFpbC5jb20iLCJpYXQiOjE2ODg0NDc3NjIsImV4cCI6MTY4ODQ2NTc2Mn0.ReOuE3fcgDKHxMkg1udO4l2Pj6u2qeAYWX0uXjgWQ1BVf6-yFT-pyfh59yAiy_rdEN2kDZovM-gUPbLeskZyRw
2023-07-04T11:06:26.724+05:30  INFO 4476 --- [http-nio-8090-exec-9] o.s.web.filter.OncePerRequestFilter      :  Header :  Bearer eyJhbGciOiJIUzUxMiJ9.eyJzdWIiOiJhZG1pbkBnbWFpbC5jb20iLCJpYXQiOjE2ODg0NDc3NjIsImV4cCI6MTY4ODQ2NTc2Mn0.ReOuE3fcgDKHxMkg1udO4l2Pj6u2qeAYWX0uXjgWQ1BVf6-yFT-pyfh59yAiy_rdEN2kDZovM-gUPbLeskZyRw
2023-07-04T11:06:28.871+05:30  INFO 4476 --- [http-nio-8090-exec-1] o.s.web.filter.OncePerRequestFilter      :  Header :  Bearer eyJhbGciOiJIUzUxMiJ9.eyJzdWIiOiJhZG1pbkBnbWFpbC5jb20iLCJpYXQiOjE2ODg0NDc3NjIsImV4cCI6MTY4ODQ2NTc2Mn0.ReOuE3fcgDKHxMkg1udO4l2Pj6u2qeAYWX0uXjgWQ1BVf6-yFT-pyfh59yAiy_rdEN2kDZovM-gUPbLeskZyRw
2023-07-04T11:06:28.888+05:30  INFO 4476 --- [http-nio-8090-exec-5] o.s.web.filter.OncePerRequestFilter      :  Header :  Bearer eyJhbGciOiJIUzUxMiJ9.eyJzdWIiOiJhZG1pbkBnbWFpbC5jb20iLCJpYXQiOjE2ODg0NDc3NjIsImV4cCI6MTY4ODQ2NTc2Mn0.ReOuE3fcgDKHxMkg1udO4l2Pj6u2qeAYWX0uXjgWQ1BVf6-yFT-pyfh59yAiy_rdEN2kDZovM-gUPbLeskZyRw
2023-07-04T11:08:27.057+05:30  INFO 4476 --- [AsyncResolver-bootstrap-executor-0] c.n.d.s.r.aws.ConfigClusterResolver      : Resolving eureka endpoints via configuration
2023-07-04T11:13:27.059+05:30  INFO 4476 --- [AsyncResolver-bootstrap-executor-0] c.n.d.s.r.aws.ConfigClusterResolver      : Resolving eureka endpoints via configuration
2023-07-04T11:18:27.060+05:30  INFO 4476 --- [AsyncResolver-bootstrap-executor-0] c.n.d.s.r.aws.ConfigClusterResolver      : Resolving eureka endpoints via configuration
2023-07-04T11:23:27.062+05:30  INFO 4476 --- [AsyncResolver-bootstrap-executor-0] c.n.d.s.r.aws.ConfigClusterResolver      : Resolving eureka endpoints via configuration
2023-07-04T11:28:27.062+05:30  INFO 4476 --- [AsyncResolver-bootstrap-executor-0] c.n.d.s.r.aws.ConfigClusterResolver      : Resolving eureka endpoints via configuration
2023-07-04T11:33:27.065+05:30  INFO 4476 --- [AsyncResolver-bootstrap-executor-0] c.n.d.s.r.aws.ConfigClusterResolver      : Resolving eureka endpoints via configuration
2023-07-04T11:38:27.065+05:30  INFO 4476 --- [AsyncResolver-bootstrap-executor-0] c.n.d.s.r.aws.ConfigClusterResolver      : Resolving eureka endpoints via configuration
2023-07-04T11:43:27.067+05:30  INFO 4476 --- [AsyncResolver-bootstrap-executor-0] c.n.d.s.r.aws.ConfigClusterResolver      : Resolving eureka endpoints via configuration
2023-07-04T11:48:27.071+05:30  INFO 4476 --- [AsyncResolver-bootstrap-executor-0] c.n.d.s.r.aws.ConfigClusterResolver      : Resolving eureka endpoints via configuration
2023-07-04T11:53:27.085+05:30  INFO 4476 --- [AsyncResolver-bootstrap-executor-0] c.n.d.s.r.aws.ConfigClusterResolver      : Resolving eureka endpoints via configuration
2023-07-04T12:01:56.591+05:30  WARN 4476 --- [HikariPool-1 housekeeper] com.zaxxer.hikari.pool.HikariPool        : HikariPool-1 - Thread starvation or clock leap detected (housekeeper delta=6m34s34ms547µs200ns).
2023-07-04T12:03:39.999+05:30  INFO 4476 --- [http-nio-8090-exec-8] o.s.web.filter.OncePerRequestFilter      :  Header :  Bearer eyJhbGciOiJIUzUxMiJ9.eyJzdWIiOiJhZG1pbkBnbWFpbC5jb20iLCJpYXQiOjE2ODg0NDc3NjIsImV4cCI6MTY4ODQ2NTc2Mn0.ReOuE3fcgDKHxMkg1udO4l2Pj6u2qeAYWX0uXjgWQ1BVf6-yFT-pyfh59yAiy_rdEN2kDZovM-gUPbLeskZyRw
2023-07-04T12:03:40.000+05:30  INFO 4476 --- [http-nio-8090-exec-5] o.s.web.filter.OncePerRequestFilter      :  Header :  Bearer eyJhbGciOiJIUzUxMiJ9.eyJzdWIiOiJhZG1pbkBnbWFpbC5jb20iLCJpYXQiOjE2ODg0NDc3NjIsImV4cCI6MTY4ODQ2NTc2Mn0.ReOuE3fcgDKHxMkg1udO4l2Pj6u2qeAYWX0uXjgWQ1BVf6-yFT-pyfh59yAiy_rdEN2kDZovM-gUPbLeskZyRw
2023-07-04T12:03:39.999+05:30  INFO 4476 --- [http-nio-8090-exec-1] o.s.web.filter.OncePerRequestFilter      :  Header :  Bearer eyJhbGciOiJIUzUxMiJ9.eyJzdWIiOiJhZG1pbkBnbWFpbC5jb20iLCJpYXQiOjE2ODg0NDc3NjIsImV4cCI6MTY4ODQ2NTc2Mn0.ReOuE3fcgDKHxMkg1udO4l2Pj6u2qeAYWX0uXjgWQ1BVf6-yFT-pyfh59yAiy_rdEN2kDZovM-gUPbLeskZyRw
2023-07-04T12:03:39.999+05:30  INFO 4476 --- [http-nio-8090-exec-9] o.s.web.filter.OncePerRequestFilter      :  Header :  Bearer eyJhbGciOiJIUzUxMiJ9.eyJzdWIiOiJhZG1pbkBnbWFpbC5jb20iLCJpYXQiOjE2ODg0NDc3NjIsImV4cCI6MTY4ODQ2NTc2Mn0.ReOuE3fcgDKHxMkg1udO4l2Pj6u2qeAYWX0uXjgWQ1BVf6-yFT-pyfh59yAiy_rdEN2kDZovM-gUPbLeskZyRw
2023-07-04T12:03:39.999+05:30  INFO 4476 --- [http-nio-8090-exec-7] o.s.web.filter.OncePerRequestFilter      :  Header :  Bearer eyJhbGciOiJIUzUxMiJ9.eyJzdWIiOiJhZG1pbkBnbWFpbC5jb20iLCJpYXQiOjE2ODg0NDc3NjIsImV4cCI6MTY4ODQ2NTc2Mn0.ReOuE3fcgDKHxMkg1udO4l2Pj6u2qeAYWX0uXjgWQ1BVf6-yFT-pyfh59yAiy_rdEN2kDZovM-gUPbLeskZyRw
2023-07-04T12:03:40.028+05:30  INFO 4476 --- [http-nio-8090-exec-6] o.s.web.filter.OncePerRequestFilter      :  Header :  Bearer eyJhbGciOiJIUzUxMiJ9.eyJzdWIiOiJhZG1pbkBnbWFpbC5jb20iLCJpYXQiOjE2ODg0NDc3NjIsImV4cCI6MTY4ODQ2NTc2Mn0.ReOuE3fcgDKHxMkg1udO4l2Pj6u2qeAYWX0uXjgWQ1BVf6-yFT-pyfh59yAiy_rdEN2kDZovM-gUPbLeskZyRw
2023-07-04T12:03:40.037+05:30  INFO 4476 --- [http-nio-8090-exec-4] o.s.web.filter.OncePerRequestFilter      :  Header :  Bearer eyJhbGciOiJIUzUxMiJ9.eyJzdWIiOiJhZG1pbkBnbWFpbC5jb20iLCJpYXQiOjE2ODg0NDc3NjIsImV4cCI6MTY4ODQ2NTc2Mn0.ReOuE3fcgDKHxMkg1udO4l2Pj6u2qeAYWX0uXjgWQ1BVf6-yFT-pyfh59yAiy_rdEN2kDZovM-gUPbLeskZyRw
2023-07-04T12:03:40.047+05:30  INFO 4476 --- [http-nio-8090-exec-6] o.s.web.filter.OncePerRequestFilter      :  Header :  Bearer eyJhbGciOiJIUzUxMiJ9.eyJzdWIiOiJhZG1pbkBnbWFpbC5jb20iLCJpYXQiOjE2ODg0NDc3NjIsImV4cCI6MTY4ODQ2NTc2Mn0.ReOuE3fcgDKHxMkg1udO4l2Pj6u2qeAYWX0uXjgWQ1BVf6-yFT-pyfh59yAiy_rdEN2kDZovM-gUPbLeskZyRw
2023-07-04T12:03:40.047+05:30  INFO 4476 --- [http-nio-8090-exec-3] o.s.web.filter.OncePerRequestFilter      :  Header :  Bearer eyJhbGciOiJIUzUxMiJ9.eyJzdWIiOiJhZG1pbkBnbWFpbC5jb20iLCJpYXQiOjE2ODg0NDc3NjIsImV4cCI6MTY4ODQ2NTc2Mn0.ReOuE3fcgDKHxMkg1udO4l2Pj6u2qeAYWX0uXjgWQ1BVf6-yFT-pyfh59yAiy_rdEN2kDZovM-gUPbLeskZyRw
2023-07-04T12:03:40.053+05:30  INFO 4476 --- [http-nio-8090-exec-2] o.s.web.filter.OncePerRequestFilter      :  Header :  Bearer eyJhbGciOiJIUzUxMiJ9.eyJzdWIiOiJhZG1pbkBnbWFpbC5jb20iLCJpYXQiOjE2ODg0NDc3NjIsImV4cCI6MTY4ODQ2NTc2Mn0.ReOuE3fcgDKHxMkg1udO4l2Pj6u2qeAYWX0uXjgWQ1BVf6-yFT-pyfh59yAiy_rdEN2kDZovM-gUPbLeskZyRw
2023-07-04T12:03:40.098+05:30  INFO 4476 --- [http-nio-8090-exec-9] o.s.web.filter.OncePerRequestFilter      :  Header :  Bearer eyJhbGciOiJIUzUxMiJ9.eyJzdWIiOiJhZG1pbkBnbWFpbC5jb20iLCJpYXQiOjE2ODg0NDc3NjIsImV4cCI6MTY4ODQ2NTc2Mn0.ReOuE3fcgDKHxMkg1udO4l2Pj6u2qeAYWX0uXjgWQ1BVf6-yFT-pyfh59yAiy_rdEN2kDZovM-gUPbLeskZyRw
2023-07-04T12:03:40.140+05:30  INFO 4476 --- [http-nio-8090-exec-8] o.s.web.filter.OncePerRequestFilter      :  Header :  Bearer eyJhbGciOiJIUzUxMiJ9.eyJzdWIiOiJhZG1pbkBnbWFpbC5jb20iLCJpYXQiOjE2ODg0NDc3NjIsImV4cCI6MTY4ODQ2NTc2Mn0.ReOuE3fcgDKHxMkg1udO4l2Pj6u2qeAYWX0uXjgWQ1BVf6-yFT-pyfh59yAiy_rdEN2kDZovM-gUPbLeskZyRw
2023-07-04T12:03:43.500+05:30  INFO 4476 --- [http-nio-8090-exec-7] o.s.web.filter.OncePerRequestFilter      :  Header :  Bearer eyJhbGciOiJIUzUxMiJ9.eyJzdWIiOiJhZG1pbkBnbWFpbC5jb20iLCJpYXQiOjE2ODg0NDc3NjIsImV4cCI6MTY4ODQ2NTc2Mn0.ReOuE3fcgDKHxMkg1udO4l2Pj6u2qeAYWX0uXjgWQ1BVf6-yFT-pyfh59yAiy_rdEN2kDZovM-gUPbLeskZyRw
2023-07-04T12:03:43.522+05:30  INFO 4476 --- [http-nio-8090-exec-1] o.s.web.filter.OncePerRequestFilter      :  Header :  Bearer eyJhbGciOiJIUzUxMiJ9.eyJzdWIiOiJhZG1pbkBnbWFpbC5jb20iLCJpYXQiOjE2ODg0NDc3NjIsImV4cCI6MTY4ODQ2NTc2Mn0.ReOuE3fcgDKHxMkg1udO4l2Pj6u2qeAYWX0uXjgWQ1BVf6-yFT-pyfh59yAiy_rdEN2kDZovM-gUPbLeskZyRw
2023-07-04T12:03:45.635+05:30  INFO 4476 --- [http-nio-8090-exec-10] o.s.web.filter.OncePerRequestFilter      :  Header :  Bearer eyJhbGciOiJIUzUxMiJ9.eyJzdWIiOiJhZG1pbkBnbWFpbC5jb20iLCJpYXQiOjE2ODg0NDc3NjIsImV4cCI6MTY4ODQ2NTc2Mn0.ReOuE3fcgDKHxMkg1udO4l2Pj6u2qeAYWX0uXjgWQ1BVf6-yFT-pyfh59yAiy_rdEN2kDZovM-gUPbLeskZyRw
2023-07-04T12:03:45.635+05:30  INFO 4476 --- [http-nio-8090-exec-5] o.s.web.filter.OncePerRequestFilter      :  Header :  Bearer eyJhbGciOiJIUzUxMiJ9.eyJzdWIiOiJhZG1pbkBnbWFpbC5jb20iLCJpYXQiOjE2ODg0NDc3NjIsImV4cCI6MTY4ODQ2NTc2Mn0.ReOuE3fcgDKHxMkg1udO4l2Pj6u2qeAYWX0uXjgWQ1BVf6-yFT-pyfh59yAiy_rdEN2kDZovM-gUPbLeskZyRw
2023-07-04T12:03:45.640+05:30  INFO 4476 --- [http-nio-8090-exec-4] o.s.web.filter.OncePerRequestFilter      :  Header :  Bearer eyJhbGciOiJIUzUxMiJ9.eyJzdWIiOiJhZG1pbkBnbWFpbC5jb20iLCJpYXQiOjE2ODg0NDc3NjIsImV4cCI6MTY4ODQ2NTc2Mn0.ReOuE3fcgDKHxMkg1udO4l2Pj6u2qeAYWX0uXjgWQ1BVf6-yFT-pyfh59yAiy_rdEN2kDZovM-gUPbLeskZyRw
2023-07-04T12:03:45.641+05:30  INFO 4476 --- [http-nio-8090-exec-6] o.s.web.filter.OncePerRequestFilter      :  Header :  Bearer eyJhbGciOiJIUzUxMiJ9.eyJzdWIiOiJhZG1pbkBnbWFpbC5jb20iLCJpYXQiOjE2ODg0NDc3NjIsImV4cCI6MTY4ODQ2NTc2Mn0.ReOuE3fcgDKHxMkg1udO4l2Pj6u2qeAYWX0uXjgWQ1BVf6-yFT-pyfh59yAiy_rdEN2kDZovM-gUPbLeskZyRw
2023-07-04T12:03:45.643+05:30  INFO 4476 --- [http-nio-8090-exec-3] o.s.web.filter.OncePerRequestFilter      :  Header :  Bearer eyJhbGciOiJIUzUxMiJ9.eyJzdWIiOiJhZG1pbkBnbWFpbC5jb20iLCJpYXQiOjE2ODg0NDc3NjIsImV4cCI6MTY4ODQ2NTc2Mn0.ReOuE3fcgDKHxMkg1udO4l2Pj6u2qeAYWX0uXjgWQ1BVf6-yFT-pyfh59yAiy_rdEN2kDZovM-gUPbLeskZyRw
2023-07-04T12:03:45.689+05:30  INFO 4476 --- [http-nio-8090-exec-3] o.s.web.filter.OncePerRequestFilter      :  Header :  Bearer eyJhbGciOiJIUzUxMiJ9.eyJzdWIiOiJhZG1pbkBnbWFpbC5jb20iLCJpYXQiOjE2ODg0NDc3NjIsImV4cCI6MTY4ODQ2NTc2Mn0.ReOuE3fcgDKHxMkg1udO4l2Pj6u2qeAYWX0uXjgWQ1BVf6-yFT-pyfh59yAiy_rdEN2kDZovM-gUPbLeskZyRw
2023-07-04T12:03:45.709+05:30  INFO 4476 --- [http-nio-8090-exec-2] o.s.web.filter.OncePerRequestFilter      :  Header :  Bearer eyJhbGciOiJIUzUxMiJ9.eyJzdWIiOiJhZG1pbkBnbWFpbC5jb20iLCJpYXQiOjE2ODg0NDc3NjIsImV4cCI6MTY4ODQ2NTc2Mn0.ReOuE3fcgDKHxMkg1udO4l2Pj6u2qeAYWX0uXjgWQ1BVf6-yFT-pyfh59yAiy_rdEN2kDZovM-gUPbLeskZyRw
2023-07-04T12:03:45.709+05:30  INFO 4476 --- [http-nio-8090-exec-9] o.s.web.filter.OncePerRequestFilter      :  Header :  Bearer eyJhbGciOiJIUzUxMiJ9.eyJzdWIiOiJhZG1pbkBnbWFpbC5jb20iLCJpYXQiOjE2ODg0NDc3NjIsImV4cCI6MTY4ODQ2NTc2Mn0.ReOuE3fcgDKHxMkg1udO4l2Pj6u2qeAYWX0uXjgWQ1BVf6-yFT-pyfh59yAiy_rdEN2kDZovM-gUPbLeskZyRw
2023-07-04T12:03:45.736+05:30  INFO 4476 --- [http-nio-8090-exec-5] o.s.web.filter.OncePerRequestFilter      :  Header :  Bearer eyJhbGciOiJIUzUxMiJ9.eyJzdWIiOiJhZG1pbkBnbWFpbC5jb20iLCJpYXQiOjE2ODg0NDc3NjIsImV4cCI6MTY4ODQ2NTc2Mn0.ReOuE3fcgDKHxMkg1udO4l2Pj6u2qeAYWX0uXjgWQ1BVf6-yFT-pyfh59yAiy_rdEN2kDZovM-gUPbLeskZyRw
2023-07-04T12:03:45.738+05:30  INFO 4476 --- [http-nio-8090-exec-1] o.s.web.filter.OncePerRequestFilter      :  Header :  Bearer eyJhbGciOiJIUzUxMiJ9.eyJzdWIiOiJhZG1pbkBnbWFpbC5jb20iLCJpYXQiOjE2ODg0NDc3NjIsImV4cCI6MTY4ODQ2NTc2Mn0.ReOuE3fcgDKHxMkg1udO4l2Pj6u2qeAYWX0uXjgWQ1BVf6-yFT-pyfh59yAiy_rdEN2kDZovM-gUPbLeskZyRw
2023-07-04T12:03:45.741+05:30  INFO 4476 --- [http-nio-8090-exec-7] o.s.web.filter.OncePerRequestFilter      :  Header :  Bearer eyJhbGciOiJIUzUxMiJ9.eyJzdWIiOiJhZG1pbkBnbWFpbC5jb20iLCJpYXQiOjE2ODg0NDc3NjIsImV4cCI6MTY4ODQ2NTc2Mn0.ReOuE3fcgDKHxMkg1udO4l2Pj6u2qeAYWX0uXjgWQ1BVf6-yFT-pyfh59yAiy_rdEN2kDZovM-gUPbLeskZyRw
2023-07-04T12:03:45.770+05:30  INFO 4476 --- [http-nio-8090-exec-10] o.s.web.filter.OncePerRequestFilter      :  Header :  Bearer eyJhbGciOiJIUzUxMiJ9.eyJzdWIiOiJhZG1pbkBnbWFpbC5jb20iLCJpYXQiOjE2ODg0NDc3NjIsImV4cCI6MTY4ODQ2NTc2Mn0.ReOuE3fcgDKHxMkg1udO4l2Pj6u2qeAYWX0uXjgWQ1BVf6-yFT-pyfh59yAiy_rdEN2kDZovM-gUPbLeskZyRw
2023-07-04T12:03:46.780+05:30  INFO 4476 --- [http-nio-8090-exec-6] o.s.web.filter.OncePerRequestFilter      :  Header :  Bearer eyJhbGciOiJIUzUxMiJ9.eyJzdWIiOiJhZG1pbkBnbWFpbC5jb20iLCJpYXQiOjE2ODg0NDc3NjIsImV4cCI6MTY4ODQ2NTc2Mn0.ReOuE3fcgDKHxMkg1udO4l2Pj6u2qeAYWX0uXjgWQ1BVf6-yFT-pyfh59yAiy_rdEN2kDZovM-gUPbLeskZyRw
2023-07-04T12:03:46.795+05:30  INFO 4476 --- [http-nio-8090-exec-8] o.s.web.filter.OncePerRequestFilter      :  Header :  Bearer eyJhbGciOiJIUzUxMiJ9.eyJzdWIiOiJhZG1pbkBnbWFpbC5jb20iLCJpYXQiOjE2ODg0NDc3NjIsImV4cCI6MTY4ODQ2NTc2Mn0.ReOuE3fcgDKHxMkg1udO4l2Pj6u2qeAYWX0uXjgWQ1BVf6-yFT-pyfh59yAiy_rdEN2kDZovM-gUPbLeskZyRw
2023-07-04T12:03:47.775+05:30  INFO 4476 --- [http-nio-8090-exec-3] o.s.web.filter.OncePerRequestFilter      :  Header :  Bearer eyJhbGciOiJIUzUxMiJ9.eyJzdWIiOiJhZG1pbkBnbWFpbC5jb20iLCJpYXQiOjE2ODg0NDc3NjIsImV4cCI6MTY4ODQ2NTc2Mn0.ReOuE3fcgDKHxMkg1udO4l2Pj6u2qeAYWX0uXjgWQ1BVf6-yFT-pyfh59yAiy_rdEN2kDZovM-gUPbLeskZyRw
2023-07-04T12:03:47.792+05:30  INFO 4476 --- [http-nio-8090-exec-4] o.s.web.filter.OncePerRequestFilter      :  Header :  Bearer eyJhbGciOiJIUzUxMiJ9.eyJzdWIiOiJhZG1pbkBnbWFpbC5jb20iLCJpYXQiOjE2ODg0NDc3NjIsImV4cCI6MTY4ODQ2NTc2Mn0.ReOuE3fcgDKHxMkg1udO4l2Pj6u2qeAYWX0uXjgWQ1BVf6-yFT-pyfh59yAiy_rdEN2kDZovM-gUPbLeskZyRw
2023-07-04T12:03:47.797+05:30  INFO 4476 --- [http-nio-8090-exec-2] o.s.web.filter.OncePerRequestFilter      :  Header :  Bearer eyJhbGciOiJIUzUxMiJ9.eyJzdWIiOiJhZG1pbkBnbWFpbC5jb20iLCJpYXQiOjE2ODg0NDc3NjIsImV4cCI6MTY4ODQ2NTc2Mn0.ReOuE3fcgDKHxMkg1udO4l2Pj6u2qeAYWX0uXjgWQ1BVf6-yFT-pyfh59yAiy_rdEN2kDZovM-gUPbLeskZyRw
2023-07-04T12:03:47.797+05:30  INFO 4476 --- [http-nio-8090-exec-9] o.s.web.filter.OncePerRequestFilter      :  Header :  Bearer eyJhbGciOiJIUzUxMiJ9.eyJzdWIiOiJhZG1pbkBnbWFpbC5jb20iLCJpYXQiOjE2ODg0NDc3NjIsImV4cCI6MTY4ODQ2NTc2Mn0.ReOuE3fcgDKHxMkg1udO4l2Pj6u2qeAYWX0uXjgWQ1BVf6-yFT-pyfh59yAiy_rdEN2kDZovM-gUPbLeskZyRw
2023-07-04T12:03:47.797+05:30  INFO 4476 --- [http-nio-8090-exec-1] o.s.web.filter.OncePerRequestFilter      :  Header :  Bearer eyJhbGciOiJIUzUxMiJ9.eyJzdWIiOiJhZG1pbkBnbWFpbC5jb20iLCJpYXQiOjE2ODg0NDc3NjIsImV4cCI6MTY4ODQ2NTc2Mn0.ReOuE3fcgDKHxMkg1udO4l2Pj6u2qeAYWX0uXjgWQ1BVf6-yFT-pyfh59yAiy_rdEN2kDZovM-gUPbLeskZyRw
2023-07-04T12:03:47.810+05:30  INFO 4476 --- [http-nio-8090-exec-5] o.s.web.filter.OncePerRequestFilter      :  Header :  Bearer eyJhbGciOiJIUzUxMiJ9.eyJzdWIiOiJhZG1pbkBnbWFpbC5jb20iLCJpYXQiOjE2ODg0NDc3NjIsImV4cCI6MTY4ODQ2NTc2Mn0.ReOuE3fcgDKHxMkg1udO4l2Pj6u2qeAYWX0uXjgWQ1BVf6-yFT-pyfh59yAiy_rdEN2kDZovM-gUPbLeskZyRw
2023-07-04T12:03:47.831+05:30  INFO 4476 --- [http-nio-8090-exec-7] o.s.web.filter.OncePerRequestFilter      :  Header :  Bearer eyJhbGciOiJIUzUxMiJ9.eyJzdWIiOiJhZG1pbkBnbWFpbC5jb20iLCJpYXQiOjE2ODg0NDc3NjIsImV4cCI6MTY4ODQ2NTc2Mn0.ReOuE3fcgDKHxMkg1udO4l2Pj6u2qeAYWX0uXjgWQ1BVf6-yFT-pyfh59yAiy_rdEN2kDZovM-gUPbLeskZyRw
2023-07-04T12:03:47.840+05:30  INFO 4476 --- [http-nio-8090-exec-1] o.s.web.filter.OncePerRequestFilter      :  Header :  Bearer eyJhbGciOiJIUzUxMiJ9.eyJzdWIiOiJhZG1pbkBnbWFpbC5jb20iLCJpYXQiOjE2ODg0NDc3NjIsImV4cCI6MTY4ODQ2NTc2Mn0.ReOuE3fcgDKHxMkg1udO4l2Pj6u2qeAYWX0uXjgWQ1BVf6-yFT-pyfh59yAiy_rdEN2kDZovM-gUPbLeskZyRw
2023-07-04T12:03:47.831+05:30  INFO 4476 --- [http-nio-8090-exec-10] o.s.web.filter.OncePerRequestFilter      :  Header :  Bearer eyJhbGciOiJIUzUxMiJ9.eyJzdWIiOiJhZG1pbkBnbWFpbC5jb20iLCJpYXQiOjE2ODg0NDc3NjIsImV4cCI6MTY4ODQ2NTc2Mn0.ReOuE3fcgDKHxMkg1udO4l2Pj6u2qeAYWX0uXjgWQ1BVf6-yFT-pyfh59yAiy_rdEN2kDZovM-gUPbLeskZyRw
2023-07-04T12:03:47.862+05:30  INFO 4476 --- [http-nio-8090-exec-8] o.s.web.filter.OncePerRequestFilter      :  Header :  Bearer eyJhbGciOiJIUzUxMiJ9.eyJzdWIiOiJhZG1pbkBnbWFpbC5jb20iLCJpYXQiOjE2ODg0NDc3NjIsImV4cCI6MTY4ODQ2NTc2Mn0.ReOuE3fcgDKHxMkg1udO4l2Pj6u2qeAYWX0uXjgWQ1BVf6-yFT-pyfh59yAiy_rdEN2kDZovM-gUPbLeskZyRw
2023-07-04T12:03:47.863+05:30  INFO 4476 --- [http-nio-8090-exec-3] o.s.web.filter.OncePerRequestFilter      :  Header :  Bearer eyJhbGciOiJIUzUxMiJ9.eyJzdWIiOiJhZG1pbkBnbWFpbC5jb20iLCJpYXQiOjE2ODg0NDc3NjIsImV4cCI6MTY4ODQ2NTc2Mn0.ReOuE3fcgDKHxMkg1udO4l2Pj6u2qeAYWX0uXjgWQ1BVf6-yFT-pyfh59yAiy_rdEN2kDZovM-gUPbLeskZyRw
2023-07-04T12:03:47.898+05:30  INFO 4476 --- [http-nio-8090-exec-3] o.s.web.filter.OncePerRequestFilter      :  Header :  Bearer eyJhbGciOiJIUzUxMiJ9.eyJzdWIiOiJhZG1pbkBnbWFpbC5jb20iLCJpYXQiOjE2ODg0NDc3NjIsImV4cCI6MTY4ODQ2NTc2Mn0.ReOuE3fcgDKHxMkg1udO4l2Pj6u2qeAYWX0uXjgWQ1BVf6-yFT-pyfh59yAiy_rdEN2kDZovM-gUPbLeskZyRw
2023-07-04T12:03:48.625+05:30  INFO 4476 --- [http-nio-8090-exec-4] o.s.web.filter.OncePerRequestFilter      :  Header :  Bearer eyJhbGciOiJIUzUxMiJ9.eyJzdWIiOiJhZG1pbkBnbWFpbC5jb20iLCJpYXQiOjE2ODg0NDc3NjIsImV4cCI6MTY4ODQ2NTc2Mn0.ReOuE3fcgDKHxMkg1udO4l2Pj6u2qeAYWX0uXjgWQ1BVf6-yFT-pyfh59yAiy_rdEN2kDZovM-gUPbLeskZyRw
2023-07-04T12:03:48.641+05:30  INFO 4476 --- [http-nio-8090-exec-5] o.s.web.filter.OncePerRequestFilter      :  Header :  Bearer eyJhbGciOiJIUzUxMiJ9.eyJzdWIiOiJhZG1pbkBnbWFpbC5jb20iLCJpYXQiOjE2ODg0NDc3NjIsImV4cCI6MTY4ODQ2NTc2Mn0.ReOuE3fcgDKHxMkg1udO4l2Pj6u2qeAYWX0uXjgWQ1BVf6-yFT-pyfh59yAiy_rdEN2kDZovM-gUPbLeskZyRw
2023-07-04T12:04:01.174+05:30  INFO 4476 --- [http-nio-8090-exec-2] o.s.web.filter.OncePerRequestFilter      :  Header :  Bearer eyJhbGciOiJIUzUxMiJ9.eyJzdWIiOiJhZG1pbkBnbWFpbC5jb20iLCJpYXQiOjE2ODg0NDc3NjIsImV4cCI6MTY4ODQ2NTc2Mn0.ReOuE3fcgDKHxMkg1udO4l2Pj6u2qeAYWX0uXjgWQ1BVf6-yFT-pyfh59yAiy_rdEN2kDZovM-gUPbLeskZyRw
2023-07-04T12:04:31.101+05:30  INFO 4476 --- [AsyncResolver-bootstrap-executor-0] c.n.d.s.r.aws.ConfigClusterResolver      : Resolving eureka endpoints via configuration
2023-07-04T12:09:31.110+05:30  INFO 4476 --- [AsyncResolver-bootstrap-executor-0] c.n.d.s.r.aws.ConfigClusterResolver      : Resolving eureka endpoints via configuration
2023-07-04T12:11:57.173+05:30  INFO 4476 --- [http-nio-8090-exec-8] o.s.web.filter.OncePerRequestFilter      :  Header :  Bearer eyJhbGciOiJIUzUxMiJ9.eyJzdWIiOiJhZG1pbkBnbWFpbC5jb20iLCJpYXQiOjE2ODg0NDc3NjIsImV4cCI6MTY4ODQ2NTc2Mn0.ReOuE3fcgDKHxMkg1udO4l2Pj6u2qeAYWX0uXjgWQ1BVf6-yFT-pyfh59yAiy_rdEN2kDZovM-gUPbLeskZyRw
2023-07-04T12:12:02.602+05:30  INFO 4476 --- [http-nio-8090-exec-3] o.s.web.filter.OncePerRequestFilter      :  Header :  Bearer eyJhbGciOiJIUzUxMiJ9.eyJzdWIiOiJhZG1pbkBnbWFpbC5jb20iLCJpYXQiOjE2ODg0NDc3NjIsImV4cCI6MTY4ODQ2NTc2Mn0.ReOuE3fcgDKHxMkg1udO4l2Pj6u2qeAYWX0uXjgWQ1BVf6-yFT-pyfh59yAiy_rdEN2kDZovM-gUPbLeskZyRw
2023-07-04T12:12:02.622+05:30  INFO 4476 --- [http-nio-8090-exec-3] o.s.web.filter.OncePerRequestFilter      :  Header :  Bearer eyJhbGciOiJIUzUxMiJ9.eyJzdWIiOiJhZG1pbkBnbWFpbC5jb20iLCJpYXQiOjE2ODg0NDc3NjIsImV4cCI6MTY4ODQ2NTc2Mn0.ReOuE3fcgDKHxMkg1udO4l2Pj6u2qeAYWX0uXjgWQ1BVf6-yFT-pyfh59yAiy_rdEN2kDZovM-gUPbLeskZyRw
2023-07-04T12:12:02.626+05:30  INFO 4476 --- [http-nio-8090-exec-5] o.s.web.filter.OncePerRequestFilter      :  Header :  Bearer eyJhbGciOiJIUzUxMiJ9.eyJzdWIiOiJhZG1pbkBnbWFpbC5jb20iLCJpYXQiOjE2ODg0NDc3NjIsImV4cCI6MTY4ODQ2NTc2Mn0.ReOuE3fcgDKHxMkg1udO4l2Pj6u2qeAYWX0uXjgWQ1BVf6-yFT-pyfh59yAiy_rdEN2kDZovM-gUPbLeskZyRw
2023-07-04T12:12:02.629+05:30  INFO 4476 --- [http-nio-8090-exec-2] o.s.web.filter.OncePerRequestFilter      :  Header :  Bearer eyJhbGciOiJIUzUxMiJ9.eyJzdWIiOiJhZG1pbkBnbWFpbC5jb20iLCJpYXQiOjE2ODg0NDc3NjIsImV4cCI6MTY4ODQ2NTc2Mn0.ReOuE3fcgDKHxMkg1udO4l2Pj6u2qeAYWX0uXjgWQ1BVf6-yFT-pyfh59yAiy_rdEN2kDZovM-gUPbLeskZyRw
2023-07-04T12:12:02.632+05:30  INFO 4476 --- [http-nio-8090-exec-7] o.s.web.filter.OncePerRequestFilter      :  Header :  Bearer eyJhbGciOiJIUzUxMiJ9.eyJzdWIiOiJhZG1pbkBnbWFpbC5jb20iLCJpYXQiOjE2ODg0NDc3NjIsImV4cCI6MTY4ODQ2NTc2Mn0.ReOuE3fcgDKHxMkg1udO4l2Pj6u2qeAYWX0uXjgWQ1BVf6-yFT-pyfh59yAiy_rdEN2kDZovM-gUPbLeskZyRw
2023-07-04T12:12:02.640+05:30  INFO 4476 --- [http-nio-8090-exec-6] o.s.web.filter.OncePerRequestFilter      :  Header :  Bearer eyJhbGciOiJIUzUxMiJ9.eyJzdWIiOiJhZG1pbkBnbWFpbC5jb20iLCJpYXQiOjE2ODg0NDc3NjIsImV4cCI6MTY4ODQ2NTc2Mn0.ReOuE3fcgDKHxMkg1udO4l2Pj6u2qeAYWX0uXjgWQ1BVf6-yFT-pyfh59yAiy_rdEN2kDZovM-gUPbLeskZyRw
2023-07-04T12:12:02.652+05:30  INFO 4476 --- [http-nio-8090-exec-10] o.s.web.filter.OncePerRequestFilter      :  Header :  Bearer eyJhbGciOiJIUzUxMiJ9.eyJzdWIiOiJhZG1pbkBnbWFpbC5jb20iLCJpYXQiOjE2ODg0NDc3NjIsImV4cCI6MTY4ODQ2NTc2Mn0.ReOuE3fcgDKHxMkg1udO4l2Pj6u2qeAYWX0uXjgWQ1BVf6-yFT-pyfh59yAiy_rdEN2kDZovM-gUPbLeskZyRw
2023-07-04T12:12:02.655+05:30  INFO 4476 --- [http-nio-8090-exec-1] o.s.web.filter.OncePerRequestFilter      :  Header :  Bearer eyJhbGciOiJIUzUxMiJ9.eyJzdWIiOiJhZG1pbkBnbWFpbC5jb20iLCJpYXQiOjE2ODg0NDc3NjIsImV4cCI6MTY4ODQ2NTc2Mn0.ReOuE3fcgDKHxMkg1udO4l2Pj6u2qeAYWX0uXjgWQ1BVf6-yFT-pyfh59yAiy_rdEN2kDZovM-gUPbLeskZyRw
2023-07-04T12:12:02.680+05:30  INFO 4476 --- [http-nio-8090-exec-9] o.s.web.filter.OncePerRequestFilter      :  Header :  Bearer eyJhbGciOiJIUzUxMiJ9.eyJzdWIiOiJhZG1pbkBnbWFpbC5jb20iLCJpYXQiOjE2ODg0NDc3NjIsImV4cCI6MTY4ODQ2NTc2Mn0.ReOuE3fcgDKHxMkg1udO4l2Pj6u2qeAYWX0uXjgWQ1BVf6-yFT-pyfh59yAiy_rdEN2kDZovM-gUPbLeskZyRw
2023-07-04T12:12:02.680+05:30  INFO 4476 --- [http-nio-8090-exec-8] o.s.web.filter.OncePerRequestFilter      :  Header :  Bearer eyJhbGciOiJIUzUxMiJ9.eyJzdWIiOiJhZG1pbkBnbWFpbC5jb20iLCJpYXQiOjE2ODg0NDc3NjIsImV4cCI6MTY4ODQ2NTc2Mn0.ReOuE3fcgDKHxMkg1udO4l2Pj6u2qeAYWX0uXjgWQ1BVf6-yFT-pyfh59yAiy_rdEN2kDZovM-gUPbLeskZyRw
2023-07-04T12:12:02.684+05:30  INFO 4476 --- [http-nio-8090-exec-4] o.s.web.filter.OncePerRequestFilter      :  Header :  Bearer eyJhbGciOiJIUzUxMiJ9.eyJzdWIiOiJhZG1pbkBnbWFpbC5jb20iLCJpYXQiOjE2ODg0NDc3NjIsImV4cCI6MTY4ODQ2NTc2Mn0.ReOuE3fcgDKHxMkg1udO4l2Pj6u2qeAYWX0uXjgWQ1BVf6-yFT-pyfh59yAiy_rdEN2kDZovM-gUPbLeskZyRw
2023-07-04T12:12:02.702+05:30  INFO 4476 --- [http-nio-8090-exec-4] o.s.web.filter.OncePerRequestFilter      :  Header :  Bearer eyJhbGciOiJIUzUxMiJ9.eyJzdWIiOiJhZG1pbkBnbWFpbC5jb20iLCJpYXQiOjE2ODg0NDc3NjIsImV4cCI6MTY4ODQ2NTc2Mn0.ReOuE3fcgDKHxMkg1udO4l2Pj6u2qeAYWX0uXjgWQ1BVf6-yFT-pyfh59yAiy_rdEN2kDZovM-gUPbLeskZyRw
2023-07-04T12:12:05.202+05:30  INFO 4476 --- [http-nio-8090-exec-5] o.s.web.filter.OncePerRequestFilter      :  Header :  Bearer eyJhbGciOiJIUzUxMiJ9.eyJzdWIiOiJhZG1pbkBnbWFpbC5jb20iLCJpYXQiOjE2ODg0NDc3NjIsImV4cCI6MTY4ODQ2NTc2Mn0.ReOuE3fcgDKHxMkg1udO4l2Pj6u2qeAYWX0uXjgWQ1BVf6-yFT-pyfh59yAiy_rdEN2kDZovM-gUPbLeskZyRw
2023-07-04T12:12:05.218+05:30  INFO 4476 --- [http-nio-8090-exec-6] o.s.web.filter.OncePerRequestFilter      :  Header :  Bearer eyJhbGciOiJIUzUxMiJ9.eyJzdWIiOiJhZG1pbkBnbWFpbC5jb20iLCJpYXQiOjE2ODg0NDc3NjIsImV4cCI6MTY4ODQ2NTc2Mn0.ReOuE3fcgDKHxMkg1udO4l2Pj6u2qeAYWX0uXjgWQ1BVf6-yFT-pyfh59yAiy_rdEN2kDZovM-gUPbLeskZyRw
2023-07-04T12:14:04.168+05:30  INFO 4476 --- [http-nio-8090-exec-3] o.s.web.filter.OncePerRequestFilter      :  Header :  Bearer eyJhbGciOiJIUzUxMiJ9.eyJzdWIiOiJhZG1pbkBnbWFpbC5jb20iLCJpYXQiOjE2ODg0NDc3NjIsImV4cCI6MTY4ODQ2NTc2Mn0.ReOuE3fcgDKHxMkg1udO4l2Pj6u2qeAYWX0uXjgWQ1BVf6-yFT-pyfh59yAiy_rdEN2kDZovM-gUPbLeskZyRw
2023-07-04T12:14:11.343+05:30  INFO 4476 --- [http-nio-8090-exec-9] o.s.web.filter.OncePerRequestFilter      :  Header :  Bearer eyJhbGciOiJIUzUxMiJ9.eyJzdWIiOiJhZG1pbkBnbWFpbC5jb20iLCJpYXQiOjE2ODg0NDc3NjIsImV4cCI6MTY4ODQ2NTc2Mn0.ReOuE3fcgDKHxMkg1udO4l2Pj6u2qeAYWX0uXjgWQ1BVf6-yFT-pyfh59yAiy_rdEN2kDZovM-gUPbLeskZyRw
2023-07-04T12:14:11.543+05:30  INFO 4476 --- [http-nio-8090-exec-4] o.s.web.filter.OncePerRequestFilter      :  Header :  Bearer eyJhbGciOiJIUzUxMiJ9.eyJzdWIiOiJhZG1pbkBnbWFpbC5jb20iLCJpYXQiOjE2ODg0NDc3NjIsImV4cCI6MTY4ODQ2NTc2Mn0.ReOuE3fcgDKHxMkg1udO4l2Pj6u2qeAYWX0uXjgWQ1BVf6-yFT-pyfh59yAiy_rdEN2kDZovM-gUPbLeskZyRw
2023-07-04T12:14:17.230+05:30  INFO 4476 --- [http-nio-8090-exec-5] o.s.web.filter.OncePerRequestFilter      :  Header :  Bearer eyJhbGciOiJIUzUxMiJ9.eyJzdWIiOiJhZG1pbkBnbWFpbC5jb20iLCJpYXQiOjE2ODg0NDc3NjIsImV4cCI6MTY4ODQ2NTc2Mn0.ReOuE3fcgDKHxMkg1udO4l2Pj6u2qeAYWX0uXjgWQ1BVf6-yFT-pyfh59yAiy_rdEN2kDZovM-gUPbLeskZyRw
2023-07-04T12:14:17.234+05:30  INFO 4476 --- [http-nio-8090-exec-6] o.s.web.filter.OncePerRequestFilter      :  Header :  Bearer eyJhbGciOiJIUzUxMiJ9.eyJzdWIiOiJhZG1pbkBnbWFpbC5jb20iLCJpYXQiOjE2ODg0NDc3NjIsImV4cCI6MTY4ODQ2NTc2Mn0.ReOuE3fcgDKHxMkg1udO4l2Pj6u2qeAYWX0uXjgWQ1BVf6-yFT-pyfh59yAiy_rdEN2kDZovM-gUPbLeskZyRw
2023-07-04T12:14:17.235+05:30  INFO 4476 --- [http-nio-8090-exec-2] o.s.web.filter.OncePerRequestFilter      :  Header :  Bearer eyJhbGciOiJIUzUxMiJ9.eyJzdWIiOiJhZG1pbkBnbWFpbC5jb20iLCJpYXQiOjE2ODg0NDc3NjIsImV4cCI6MTY4ODQ2NTc2Mn0.ReOuE3fcgDKHxMkg1udO4l2Pj6u2qeAYWX0uXjgWQ1BVf6-yFT-pyfh59yAiy_rdEN2kDZovM-gUPbLeskZyRw
2023-07-04T12:14:17.234+05:30  INFO 4476 --- [http-nio-8090-exec-7] o.s.web.filter.OncePerRequestFilter      :  Header :  Bearer eyJhbGciOiJIUzUxMiJ9.eyJzdWIiOiJhZG1pbkBnbWFpbC5jb20iLCJpYXQiOjE2ODg0NDc3NjIsImV4cCI6MTY4ODQ2NTc2Mn0.ReOuE3fcgDKHxMkg1udO4l2Pj6u2qeAYWX0uXjgWQ1BVf6-yFT-pyfh59yAiy_rdEN2kDZovM-gUPbLeskZyRw
2023-07-04T12:14:17.237+05:30  INFO 4476 --- [http-nio-8090-exec-1] o.s.web.filter.OncePerRequestFilter      :  Header :  Bearer eyJhbGciOiJIUzUxMiJ9.eyJzdWIiOiJhZG1pbkBnbWFpbC5jb20iLCJpYXQiOjE2ODg0NDc3NjIsImV4cCI6MTY4ODQ2NTc2Mn0.ReOuE3fcgDKHxMkg1udO4l2Pj6u2qeAYWX0uXjgWQ1BVf6-yFT-pyfh59yAiy_rdEN2kDZovM-gUPbLeskZyRw
2023-07-04T12:14:17.267+05:30  INFO 4476 --- [http-nio-8090-exec-1] o.s.web.filter.OncePerRequestFilter      :  Header :  Bearer eyJhbGciOiJIUzUxMiJ9.eyJzdWIiOiJhZG1pbkBnbWFpbC5jb20iLCJpYXQiOjE2ODg0NDc3NjIsImV4cCI6MTY4ODQ2NTc2Mn0.ReOuE3fcgDKHxMkg1udO4l2Pj6u2qeAYWX0uXjgWQ1BVf6-yFT-pyfh59yAiy_rdEN2kDZovM-gUPbLeskZyRw
2023-07-04T12:14:17.293+05:30  INFO 4476 --- [http-nio-8090-exec-10] o.s.web.filter.OncePerRequestFilter      :  Header :  Bearer eyJhbGciOiJIUzUxMiJ9.eyJzdWIiOiJhZG1pbkBnbWFpbC5jb20iLCJpYXQiOjE2ODg0NDc3NjIsImV4cCI6MTY4ODQ2NTc2Mn0.ReOuE3fcgDKHxMkg1udO4l2Pj6u2qeAYWX0uXjgWQ1BVf6-yFT-pyfh59yAiy_rdEN2kDZovM-gUPbLeskZyRw
2023-07-04T12:14:17.293+05:30  INFO 4476 --- [http-nio-8090-exec-3] o.s.web.filter.OncePerRequestFilter      :  Header :  Bearer eyJhbGciOiJIUzUxMiJ9.eyJzdWIiOiJhZG1pbkBnbWFpbC5jb20iLCJpYXQiOjE2ODg0NDc3NjIsImV4cCI6MTY4ODQ2NTc2Mn0.ReOuE3fcgDKHxMkg1udO4l2Pj6u2qeAYWX0uXjgWQ1BVf6-yFT-pyfh59yAiy_rdEN2kDZovM-gUPbLeskZyRw
2023-07-04T12:14:17.294+05:30  INFO 4476 --- [http-nio-8090-exec-9] o.s.web.filter.OncePerRequestFilter      :  Header :  Bearer eyJhbGciOiJIUzUxMiJ9.eyJzdWIiOiJhZG1pbkBnbWFpbC5jb20iLCJpYXQiOjE2ODg0NDc3NjIsImV4cCI6MTY4ODQ2NTc2Mn0.ReOuE3fcgDKHxMkg1udO4l2Pj6u2qeAYWX0uXjgWQ1BVf6-yFT-pyfh59yAiy_rdEN2kDZovM-gUPbLeskZyRw
2023-07-04T12:14:17.295+05:30  INFO 4476 --- [http-nio-8090-exec-4] o.s.web.filter.OncePerRequestFilter      :  Header :  Bearer eyJhbGciOiJIUzUxMiJ9.eyJzdWIiOiJhZG1pbkBnbWFpbC5jb20iLCJpYXQiOjE2ODg0NDc3NjIsImV4cCI6MTY4ODQ2NTc2Mn0.ReOuE3fcgDKHxMkg1udO4l2Pj6u2qeAYWX0uXjgWQ1BVf6-yFT-pyfh59yAiy_rdEN2kDZovM-gUPbLeskZyRw
2023-07-04T12:14:17.347+05:30  INFO 4476 --- [http-nio-8090-exec-5] o.s.web.filter.OncePerRequestFilter      :  Header :  Bearer eyJhbGciOiJIUzUxMiJ9.eyJzdWIiOiJhZG1pbkBnbWFpbC5jb20iLCJpYXQiOjE2ODg0NDc3NjIsImV4cCI6MTY4ODQ2NTc2Mn0.ReOuE3fcgDKHxMkg1udO4l2Pj6u2qeAYWX0uXjgWQ1BVf6-yFT-pyfh59yAiy_rdEN2kDZovM-gUPbLeskZyRw
2023-07-04T12:14:17.409+05:30  INFO 4476 --- [http-nio-8090-exec-7] o.s.web.filter.OncePerRequestFilter      :  Header :  Bearer eyJhbGciOiJIUzUxMiJ9.eyJzdWIiOiJhZG1pbkBnbWFpbC5jb20iLCJpYXQiOjE2ODg0NDc3NjIsImV4cCI6MTY4ODQ2NTc2Mn0.ReOuE3fcgDKHxMkg1udO4l2Pj6u2qeAYWX0uXjgWQ1BVf6-yFT-pyfh59yAiy_rdEN2kDZovM-gUPbLeskZyRw
2023-07-04T12:14:18.537+05:30  INFO 4476 --- [http-nio-8090-exec-6] o.s.web.filter.OncePerRequestFilter      :  Header :  Bearer eyJhbGciOiJIUzUxMiJ9.eyJzdWIiOiJhZG1pbkBnbWFpbC5jb20iLCJpYXQiOjE2ODg0NDc3NjIsImV4cCI6MTY4ODQ2NTc2Mn0.ReOuE3fcgDKHxMkg1udO4l2Pj6u2qeAYWX0uXjgWQ1BVf6-yFT-pyfh59yAiy_rdEN2kDZovM-gUPbLeskZyRw
2023-07-04T12:14:18.554+05:30  INFO 4476 --- [http-nio-8090-exec-2] o.s.web.filter.OncePerRequestFilter      :  Header :  Bearer eyJhbGciOiJIUzUxMiJ9.eyJzdWIiOiJhZG1pbkBnbWFpbC5jb20iLCJpYXQiOjE2ODg0NDc3NjIsImV4cCI6MTY4ODQ2NTc2Mn0.ReOuE3fcgDKHxMkg1udO4l2Pj6u2qeAYWX0uXjgWQ1BVf6-yFT-pyfh59yAiy_rdEN2kDZovM-gUPbLeskZyRw
2023-07-04T12:14:20.513+05:30  INFO 4476 --- [http-nio-8090-exec-8] o.s.web.filter.OncePerRequestFilter      :  Header :  Bearer eyJhbGciOiJIUzUxMiJ9.eyJzdWIiOiJhZG1pbkBnbWFpbC5jb20iLCJpYXQiOjE2ODg0NDc3NjIsImV4cCI6MTY4ODQ2NTc2Mn0.ReOuE3fcgDKHxMkg1udO4l2Pj6u2qeAYWX0uXjgWQ1BVf6-yFT-pyfh59yAiy_rdEN2kDZovM-gUPbLeskZyRw
2023-07-04T12:14:20.519+05:30  INFO 4476 --- [http-nio-8090-exec-1] o.s.web.filter.OncePerRequestFilter      :  Header :  Bearer eyJhbGciOiJIUzUxMiJ9.eyJzdWIiOiJhZG1pbkBnbWFpbC5jb20iLCJpYXQiOjE2ODg0NDc3NjIsImV4cCI6MTY4ODQ2NTc2Mn0.ReOuE3fcgDKHxMkg1udO4l2Pj6u2qeAYWX0uXjgWQ1BVf6-yFT-pyfh59yAiy_rdEN2kDZovM-gUPbLeskZyRw
2023-07-04T12:14:20.530+05:30  INFO 4476 --- [http-nio-8090-exec-10] o.s.web.filter.OncePerRequestFilter      :  Header :  Bearer eyJhbGciOiJIUzUxMiJ9.eyJzdWIiOiJhZG1pbkBnbWFpbC5jb20iLCJpYXQiOjE2ODg0NDc3NjIsImV4cCI6MTY4ODQ2NTc2Mn0.ReOuE3fcgDKHxMkg1udO4l2Pj6u2qeAYWX0uXjgWQ1BVf6-yFT-pyfh59yAiy_rdEN2kDZovM-gUPbLeskZyRw
2023-07-04T12:14:20.530+05:30  INFO 4476 --- [http-nio-8090-exec-3] o.s.web.filter.OncePerRequestFilter      :  Header :  Bearer eyJhbGciOiJIUzUxMiJ9.eyJzdWIiOiJhZG1pbkBnbWFpbC5jb20iLCJpYXQiOjE2ODg0NDc3NjIsImV4cCI6MTY4ODQ2NTc2Mn0.ReOuE3fcgDKHxMkg1udO4l2Pj6u2qeAYWX0uXjgWQ1BVf6-yFT-pyfh59yAiy_rdEN2kDZovM-gUPbLeskZyRw
2023-07-04T12:14:20.532+05:30  INFO 4476 --- [http-nio-8090-exec-9] o.s.web.filter.OncePerRequestFilter      :  Header :  Bearer eyJhbGciOiJIUzUxMiJ9.eyJzdWIiOiJhZG1pbkBnbWFpbC5jb20iLCJpYXQiOjE2ODg0NDc3NjIsImV4cCI6MTY4ODQ2NTc2Mn0.ReOuE3fcgDKHxMkg1udO4l2Pj6u2qeAYWX0uXjgWQ1BVf6-yFT-pyfh59yAiy_rdEN2kDZovM-gUPbLeskZyRw
2023-07-04T12:14:20.538+05:30  INFO 4476 --- [http-nio-8090-exec-4] o.s.web.filter.OncePerRequestFilter      :  Header :  Bearer eyJhbGciOiJIUzUxMiJ9.eyJzdWIiOiJhZG1pbkBnbWFpbC5jb20iLCJpYXQiOjE2ODg0NDc3NjIsImV4cCI6MTY4ODQ2NTc2Mn0.ReOuE3fcgDKHxMkg1udO4l2Pj6u2qeAYWX0uXjgWQ1BVf6-yFT-pyfh59yAiy_rdEN2kDZovM-gUPbLeskZyRw
2023-07-04T12:14:20.554+05:30  INFO 4476 --- [http-nio-8090-exec-5] o.s.web.filter.OncePerRequestFilter      :  Header :  Bearer eyJhbGciOiJIUzUxMiJ9.eyJzdWIiOiJhZG1pbkBnbWFpbC5jb20iLCJpYXQiOjE2ODg0NDc3NjIsImV4cCI6MTY4ODQ2NTc2Mn0.ReOuE3fcgDKHxMkg1udO4l2Pj6u2qeAYWX0uXjgWQ1BVf6-yFT-pyfh59yAiy_rdEN2kDZovM-gUPbLeskZyRw
2023-07-04T12:14:20.557+05:30  INFO 4476 --- [http-nio-8090-exec-9] o.s.web.filter.OncePerRequestFilter      :  Header :  Bearer eyJhbGciOiJIUzUxMiJ9.eyJzdWIiOiJhZG1pbkBnbWFpbC5jb20iLCJpYXQiOjE2ODg0NDc3NjIsImV4cCI6MTY4ODQ2NTc2Mn0.ReOuE3fcgDKHxMkg1udO4l2Pj6u2qeAYWX0uXjgWQ1BVf6-yFT-pyfh59yAiy_rdEN2kDZovM-gUPbLeskZyRw
2023-07-04T12:14:20.579+05:30  INFO 4476 --- [http-nio-8090-exec-5] o.s.web.filter.OncePerRequestFilter      :  Header :  Bearer eyJhbGciOiJIUzUxMiJ9.eyJzdWIiOiJhZG1pbkBnbWFpbC5jb20iLCJpYXQiOjE2ODg0NDc3NjIsImV4cCI6MTY4ODQ2NTc2Mn0.ReOuE3fcgDKHxMkg1udO4l2Pj6u2qeAYWX0uXjgWQ1BVf6-yFT-pyfh59yAiy_rdEN2kDZovM-gUPbLeskZyRw
2023-07-04T12:14:20.586+05:30  INFO 4476 --- [http-nio-8090-exec-7] o.s.web.filter.OncePerRequestFilter      :  Header :  Bearer eyJhbGciOiJIUzUxMiJ9.eyJzdWIiOiJhZG1pbkBnbWFpbC5jb20iLCJpYXQiOjE2ODg0NDc3NjIsImV4cCI6MTY4ODQ2NTc2Mn0.ReOuE3fcgDKHxMkg1udO4l2Pj6u2qeAYWX0uXjgWQ1BVf6-yFT-pyfh59yAiy_rdEN2kDZovM-gUPbLeskZyRw
2023-07-04T12:14:20.598+05:30  INFO 4476 --- [http-nio-8090-exec-8] o.s.web.filter.OncePerRequestFilter      :  Header :  Bearer eyJhbGciOiJIUzUxMiJ9.eyJzdWIiOiJhZG1pbkBnbWFpbC5jb20iLCJpYXQiOjE2ODg0NDc3NjIsImV4cCI6MTY4ODQ2NTc2Mn0.ReOuE3fcgDKHxMkg1udO4l2Pj6u2qeAYWX0uXjgWQ1BVf6-yFT-pyfh59yAiy_rdEN2kDZovM-gUPbLeskZyRw
2023-07-04T12:14:20.598+05:30  INFO 4476 --- [http-nio-8090-exec-1] o.s.web.filter.OncePerRequestFilter      :  Header :  Bearer eyJhbGciOiJIUzUxMiJ9.eyJzdWIiOiJhZG1pbkBnbWFpbC5jb20iLCJpYXQiOjE2ODg0NDc3NjIsImV4cCI6MTY4ODQ2NTc2Mn0.ReOuE3fcgDKHxMkg1udO4l2Pj6u2qeAYWX0uXjgWQ1BVf6-yFT-pyfh59yAiy_rdEN2kDZovM-gUPbLeskZyRw
2023-07-04T12:14:22.328+05:30  INFO 4476 --- [http-nio-8090-exec-4] o.s.web.filter.OncePerRequestFilter      :  Header :  Bearer eyJhbGciOiJIUzUxMiJ9.eyJzdWIiOiJhZG1pbkBnbWFpbC5jb20iLCJpYXQiOjE2ODg0NDc3NjIsImV4cCI6MTY4ODQ2NTc2Mn0.ReOuE3fcgDKHxMkg1udO4l2Pj6u2qeAYWX0uXjgWQ1BVf6-yFT-pyfh59yAiy_rdEN2kDZovM-gUPbLeskZyRw
2023-07-04T12:14:22.342+05:30  INFO 4476 --- [http-nio-8090-exec-3] o.s.web.filter.OncePerRequestFilter      :  Header :  Bearer eyJhbGciOiJIUzUxMiJ9.eyJzdWIiOiJhZG1pbkBnbWFpbC5jb20iLCJpYXQiOjE2ODg0NDc3NjIsImV4cCI6MTY4ODQ2NTc2Mn0.ReOuE3fcgDKHxMkg1udO4l2Pj6u2qeAYWX0uXjgWQ1BVf6-yFT-pyfh59yAiy_rdEN2kDZovM-gUPbLeskZyRw
2023-07-04T12:14:31.126+05:30  INFO 4476 --- [AsyncResolver-bootstrap-executor-0] c.n.d.s.r.aws.ConfigClusterResolver      : Resolving eureka endpoints via configuration
2023-07-04T12:14:40.594+05:30  INFO 4476 --- [http-nio-8090-exec-10] o.s.web.filter.OncePerRequestFilter      :  Header :  Bearer eyJhbGciOiJIUzUxMiJ9.eyJzdWIiOiJhZG1pbkBnbWFpbC5jb20iLCJpYXQiOjE2ODg0NDc3NjIsImV4cCI6MTY4ODQ2NTc2Mn0.ReOuE3fcgDKHxMkg1udO4l2Pj6u2qeAYWX0uXjgWQ1BVf6-yFT-pyfh59yAiy_rdEN2kDZovM-gUPbLeskZyRw
2023-07-04T12:14:40.623+05:30  INFO 4476 --- [http-nio-8090-exec-6] o.s.web.filter.OncePerRequestFilter      :  Header :  Bearer eyJhbGciOiJIUzUxMiJ9.eyJzdWIiOiJhZG1pbkBnbWFpbC5jb20iLCJpYXQiOjE2ODg0NDc3NjIsImV4cCI6MTY4ODQ2NTc2Mn0.ReOuE3fcgDKHxMkg1udO4l2Pj6u2qeAYWX0uXjgWQ1BVf6-yFT-pyfh59yAiy_rdEN2kDZovM-gUPbLeskZyRw
2023-07-04T12:14:44.282+05:30  INFO 4476 --- [http-nio-8090-exec-2] o.s.web.filter.OncePerRequestFilter      :  Header :  Bearer eyJhbGciOiJIUzUxMiJ9.eyJzdWIiOiJhZG1pbkBnbWFpbC5jb20iLCJpYXQiOjE2ODg0NDc3NjIsImV4cCI6MTY4ODQ2NTc2Mn0.ReOuE3fcgDKHxMkg1udO4l2Pj6u2qeAYWX0uXjgWQ1BVf6-yFT-pyfh59yAiy_rdEN2kDZovM-gUPbLeskZyRw
2023-07-04T12:14:44.311+05:30  INFO 4476 --- [http-nio-8090-exec-9] o.s.web.filter.OncePerRequestFilter      :  Header :  Bearer eyJhbGciOiJIUzUxMiJ9.eyJzdWIiOiJhZG1pbkBnbWFpbC5jb20iLCJpYXQiOjE2ODg0NDc3NjIsImV4cCI6MTY4ODQ2NTc2Mn0.ReOuE3fcgDKHxMkg1udO4l2Pj6u2qeAYWX0uXjgWQ1BVf6-yFT-pyfh59yAiy_rdEN2kDZovM-gUPbLeskZyRw
2023-07-04T12:14:44.327+05:30  INFO 4476 --- [http-nio-8090-exec-5] o.s.web.filter.OncePerRequestFilter      :  Header :  Bearer eyJhbGciOiJIUzUxMiJ9.eyJzdWIiOiJhZG1pbkBnbWFpbC5jb20iLCJpYXQiOjE2ODg0NDc3NjIsImV4cCI6MTY4ODQ2NTc2Mn0.ReOuE3fcgDKHxMkg1udO4l2Pj6u2qeAYWX0uXjgWQ1BVf6-yFT-pyfh59yAiy_rdEN2kDZovM-gUPbLeskZyRw
2023-07-04T12:14:44.329+05:30  INFO 4476 --- [http-nio-8090-exec-1] o.s.web.filter.OncePerRequestFilter      :  Header :  Bearer eyJhbGciOiJIUzUxMiJ9.eyJzdWIiOiJhZG1pbkBnbWFpbC5jb20iLCJpYXQiOjE2ODg0NDc3NjIsImV4cCI6MTY4ODQ2NTc2Mn0.ReOuE3fcgDKHxMkg1udO4l2Pj6u2qeAYWX0uXjgWQ1BVf6-yFT-pyfh59yAiy_rdEN2kDZovM-gUPbLeskZyRw
2023-07-04T12:14:44.330+05:30  INFO 4476 --- [http-nio-8090-exec-8] o.s.web.filter.OncePerRequestFilter      :  Header :  Bearer eyJhbGciOiJIUzUxMiJ9.eyJzdWIiOiJhZG1pbkBnbWFpbC5jb20iLCJpYXQiOjE2ODg0NDc3NjIsImV4cCI6MTY4ODQ2NTc2Mn0.ReOuE3fcgDKHxMkg1udO4l2Pj6u2qeAYWX0uXjgWQ1BVf6-yFT-pyfh59yAiy_rdEN2kDZovM-gUPbLeskZyRw
2023-07-04T12:14:44.353+05:30  INFO 4476 --- [http-nio-8090-exec-7] o.s.web.filter.OncePerRequestFilter      :  Header :  Bearer eyJhbGciOiJIUzUxMiJ9.eyJzdWIiOiJhZG1pbkBnbWFpbC5jb20iLCJpYXQiOjE2ODg0NDc3NjIsImV4cCI6MTY4ODQ2NTc2Mn0.ReOuE3fcgDKHxMkg1udO4l2Pj6u2qeAYWX0uXjgWQ1BVf6-yFT-pyfh59yAiy_rdEN2kDZovM-gUPbLeskZyRw
2023-07-04T12:14:44.353+05:30  INFO 4476 --- [http-nio-8090-exec-4] o.s.web.filter.OncePerRequestFilter      :  Header :  Bearer eyJhbGciOiJIUzUxMiJ9.eyJzdWIiOiJhZG1pbkBnbWFpbC5jb20iLCJpYXQiOjE2ODg0NDc3NjIsImV4cCI6MTY4ODQ2NTc2Mn0.ReOuE3fcgDKHxMkg1udO4l2Pj6u2qeAYWX0uXjgWQ1BVf6-yFT-pyfh59yAiy_rdEN2kDZovM-gUPbLeskZyRw
2023-07-04T12:14:44.357+05:30  INFO 4476 --- [http-nio-8090-exec-1] o.s.web.filter.OncePerRequestFilter      :  Header :  Bearer eyJhbGciOiJIUzUxMiJ9.eyJzdWIiOiJhZG1pbkBnbWFpbC5jb20iLCJpYXQiOjE2ODg0NDc3NjIsImV4cCI6MTY4ODQ2NTc2Mn0.ReOuE3fcgDKHxMkg1udO4l2Pj6u2qeAYWX0uXjgWQ1BVf6-yFT-pyfh59yAiy_rdEN2kDZovM-gUPbLeskZyRw
2023-07-04T12:14:44.376+05:30  INFO 4476 --- [http-nio-8090-exec-4] o.s.web.filter.OncePerRequestFilter      :  Header :  Bearer eyJhbGciOiJIUzUxMiJ9.eyJzdWIiOiJhZG1pbkBnbWFpbC5jb20iLCJpYXQiOjE2ODg0NDc3NjIsImV4cCI6MTY4ODQ2NTc2Mn0.ReOuE3fcgDKHxMkg1udO4l2Pj6u2qeAYWX0uXjgWQ1BVf6-yFT-pyfh59yAiy_rdEN2kDZovM-gUPbLeskZyRw
2023-07-04T12:14:44.396+05:30  INFO 4476 --- [http-nio-8090-exec-4] o.s.web.filter.OncePerRequestFilter      :  Header :  Bearer eyJhbGciOiJIUzUxMiJ9.eyJzdWIiOiJhZG1pbkBnbWFpbC5jb20iLCJpYXQiOjE2ODg0NDc3NjIsImV4cCI6MTY4ODQ2NTc2Mn0.ReOuE3fcgDKHxMkg1udO4l2Pj6u2qeAYWX0uXjgWQ1BVf6-yFT-pyfh59yAiy_rdEN2kDZovM-gUPbLeskZyRw
2023-07-04T12:14:44.424+05:30  INFO 4476 --- [http-nio-8090-exec-2] o.s.web.filter.OncePerRequestFilter      :  Header :  Bearer eyJhbGciOiJIUzUxMiJ9.eyJzdWIiOiJhZG1pbkBnbWFpbC5jb20iLCJpYXQiOjE2ODg0NDc3NjIsImV4cCI6MTY4ODQ2NTc2Mn0.ReOuE3fcgDKHxMkg1udO4l2Pj6u2qeAYWX0uXjgWQ1BVf6-yFT-pyfh59yAiy_rdEN2kDZovM-gUPbLeskZyRw
2023-07-04T12:14:44.441+05:30  INFO 4476 --- [http-nio-8090-exec-9] o.s.web.filter.OncePerRequestFilter      :  Header :  Bearer eyJhbGciOiJIUzUxMiJ9.eyJzdWIiOiJhZG1pbkBnbWFpbC5jb20iLCJpYXQiOjE2ODg0NDc3NjIsImV4cCI6MTY4ODQ2NTc2Mn0.ReOuE3fcgDKHxMkg1udO4l2Pj6u2qeAYWX0uXjgWQ1BVf6-yFT-pyfh59yAiy_rdEN2kDZovM-gUPbLeskZyRw
2023-07-04T12:16:28.145+05:30  INFO 4476 --- [http-nio-8090-exec-4] o.s.web.filter.OncePerRequestFilter      :  Header :  Bearer eyJhbGciOiJIUzUxMiJ9.eyJzdWIiOiJhZG1pbkBnbWFpbC5jb20iLCJpYXQiOjE2ODg0NDc3NjIsImV4cCI6MTY4ODQ2NTc2Mn0.ReOuE3fcgDKHxMkg1udO4l2Pj6u2qeAYWX0uXjgWQ1BVf6-yFT-pyfh59yAiy_rdEN2kDZovM-gUPbLeskZyRw
2023-07-04T12:16:28.163+05:30  INFO 4476 --- [http-nio-8090-exec-1] o.s.web.filter.OncePerRequestFilter      :  Header :  Bearer eyJhbGciOiJIUzUxMiJ9.eyJzdWIiOiJhZG1pbkBnbWFpbC5jb20iLCJpYXQiOjE2ODg0NDc3NjIsImV4cCI6MTY4ODQ2NTc2Mn0.ReOuE3fcgDKHxMkg1udO4l2Pj6u2qeAYWX0uXjgWQ1BVf6-yFT-pyfh59yAiy_rdEN2kDZovM-gUPbLeskZyRw
2023-07-04T12:16:35.462+05:30  INFO 4476 --- [http-nio-8090-exec-2] o.s.web.filter.OncePerRequestFilter      :  Header :  Bearer eyJhbGciOiJIUzUxMiJ9.eyJzdWIiOiJhZG1pbkBnbWFpbC5jb20iLCJpYXQiOjE2ODg0NDc3NjIsImV4cCI6MTY4ODQ2NTc2Mn0.ReOuE3fcgDKHxMkg1udO4l2Pj6u2qeAYWX0uXjgWQ1BVf6-yFT-pyfh59yAiy_rdEN2kDZovM-gUPbLeskZyRw
2023-07-04T12:16:35.467+05:30  INFO 4476 --- [http-nio-8090-exec-9] o.s.web.filter.OncePerRequestFilter      :  Header :  Bearer eyJhbGciOiJIUzUxMiJ9.eyJzdWIiOiJhZG1pbkBnbWFpbC5jb20iLCJpYXQiOjE2ODg0NDc3NjIsImV4cCI6MTY4ODQ2NTc2Mn0.ReOuE3fcgDKHxMkg1udO4l2Pj6u2qeAYWX0uXjgWQ1BVf6-yFT-pyfh59yAiy_rdEN2kDZovM-gUPbLeskZyRw
2023-07-04T12:16:35.470+05:30  INFO 4476 --- [http-nio-8090-exec-6] o.s.web.filter.OncePerRequestFilter      :  Header :  Bearer eyJhbGciOiJIUzUxMiJ9.eyJzdWIiOiJhZG1pbkBnbWFpbC5jb20iLCJpYXQiOjE2ODg0NDc3NjIsImV4cCI6MTY4ODQ2NTc2Mn0.ReOuE3fcgDKHxMkg1udO4l2Pj6u2qeAYWX0uXjgWQ1BVf6-yFT-pyfh59yAiy_rdEN2kDZovM-gUPbLeskZyRw
2023-07-04T12:16:35.471+05:30  INFO 4476 --- [http-nio-8090-exec-10] o.s.web.filter.OncePerRequestFilter      :  Header :  Bearer eyJhbGciOiJIUzUxMiJ9.eyJzdWIiOiJhZG1pbkBnbWFpbC5jb20iLCJpYXQiOjE2ODg0NDc3NjIsImV4cCI6MTY4ODQ2NTc2Mn0.ReOuE3fcgDKHxMkg1udO4l2Pj6u2qeAYWX0uXjgWQ1BVf6-yFT-pyfh59yAiy_rdEN2kDZovM-gUPbLeskZyRw
2023-07-04T12:16:35.470+05:30  INFO 4476 --- [http-nio-8090-exec-7] o.s.web.filter.OncePerRequestFilter      :  Header :  Bearer eyJhbGciOiJIUzUxMiJ9.eyJzdWIiOiJhZG1pbkBnbWFpbC5jb20iLCJpYXQiOjE2ODg0NDc3NjIsImV4cCI6MTY4ODQ2NTc2Mn0.ReOuE3fcgDKHxMkg1udO4l2Pj6u2qeAYWX0uXjgWQ1BVf6-yFT-pyfh59yAiy_rdEN2kDZovM-gUPbLeskZyRw
2023-07-04T12:16:35.486+05:30  INFO 4476 --- [http-nio-8090-exec-8] o.s.web.filter.OncePerRequestFilter      :  Header :  Bearer eyJhbGciOiJIUzUxMiJ9.eyJzdWIiOiJhZG1pbkBnbWFpbC5jb20iLCJpYXQiOjE2ODg0NDc3NjIsImV4cCI6MTY4ODQ2NTc2Mn0.ReOuE3fcgDKHxMkg1udO4l2Pj6u2qeAYWX0uXjgWQ1BVf6-yFT-pyfh59yAiy_rdEN2kDZovM-gUPbLeskZyRw
2023-07-04T12:16:35.510+05:30  INFO 4476 --- [http-nio-8090-exec-5] o.s.web.filter.OncePerRequestFilter      :  Header :  Bearer eyJhbGciOiJIUzUxMiJ9.eyJzdWIiOiJhZG1pbkBnbWFpbC5jb20iLCJpYXQiOjE2ODg0NDc3NjIsImV4cCI6MTY4ODQ2NTc2Mn0.ReOuE3fcgDKHxMkg1udO4l2Pj6u2qeAYWX0uXjgWQ1BVf6-yFT-pyfh59yAiy_rdEN2kDZovM-gUPbLeskZyRw
2023-07-04T12:16:35.511+05:30  INFO 4476 --- [http-nio-8090-exec-3] o.s.web.filter.OncePerRequestFilter      :  Header :  Bearer eyJhbGciOiJIUzUxMiJ9.eyJzdWIiOiJhZG1pbkBnbWFpbC5jb20iLCJpYXQiOjE2ODg0NDc3NjIsImV4cCI6MTY4ODQ2NTc2Mn0.ReOuE3fcgDKHxMkg1udO4l2Pj6u2qeAYWX0uXjgWQ1BVf6-yFT-pyfh59yAiy_rdEN2kDZovM-gUPbLeskZyRw
2023-07-04T12:16:35.511+05:30  INFO 4476 --- [http-nio-8090-exec-4] o.s.web.filter.OncePerRequestFilter      :  Header :  Bearer eyJhbGciOiJIUzUxMiJ9.eyJzdWIiOiJhZG1pbkBnbWFpbC5jb20iLCJpYXQiOjE2ODg0NDc3NjIsImV4cCI6MTY4ODQ2NTc2Mn0.ReOuE3fcgDKHxMkg1udO4l2Pj6u2qeAYWX0uXjgWQ1BVf6-yFT-pyfh59yAiy_rdEN2kDZovM-gUPbLeskZyRw
2023-07-04T12:16:35.511+05:30  INFO 4476 --- [http-nio-8090-exec-1] o.s.web.filter.OncePerRequestFilter      :  Header :  Bearer eyJhbGciOiJIUzUxMiJ9.eyJzdWIiOiJhZG1pbkBnbWFpbC5jb20iLCJpYXQiOjE2ODg0NDc3NjIsImV4cCI6MTY4ODQ2NTc2Mn0.ReOuE3fcgDKHxMkg1udO4l2Pj6u2qeAYWX0uXjgWQ1BVf6-yFT-pyfh59yAiy_rdEN2kDZovM-gUPbLeskZyRw
2023-07-04T12:16:35.530+05:30  INFO 4476 --- [http-nio-8090-exec-2] o.s.web.filter.OncePerRequestFilter      :  Header :  Bearer eyJhbGciOiJIUzUxMiJ9.eyJzdWIiOiJhZG1pbkBnbWFpbC5jb20iLCJpYXQiOjE2ODg0NDc3NjIsImV4cCI6MTY4ODQ2NTc2Mn0.ReOuE3fcgDKHxMkg1udO4l2Pj6u2qeAYWX0uXjgWQ1BVf6-yFT-pyfh59yAiy_rdEN2kDZovM-gUPbLeskZyRw
2023-07-04T12:16:35.555+05:30  INFO 4476 --- [http-nio-8090-exec-9] o.s.web.filter.OncePerRequestFilter      :  Header :  Bearer eyJhbGciOiJIUzUxMiJ9.eyJzdWIiOiJhZG1pbkBnbWFpbC5jb20iLCJpYXQiOjE2ODg0NDc3NjIsImV4cCI6MTY4ODQ2NTc2Mn0.ReOuE3fcgDKHxMkg1udO4l2Pj6u2qeAYWX0uXjgWQ1BVf6-yFT-pyfh59yAiy_rdEN2kDZovM-gUPbLeskZyRw
2023-07-04T12:19:31.134+05:30  INFO 4476 --- [AsyncResolver-bootstrap-executor-0] c.n.d.s.r.aws.ConfigClusterResolver      : Resolving eureka endpoints via configuration
2023-07-04T12:22:47.188+05:30  INFO 4476 --- [http-nio-8090-exec-5] o.s.web.filter.OncePerRequestFilter      :  Header :  Bearer eyJhbGciOiJIUzUxMiJ9.eyJzdWIiOiJhZG1pbkBnbWFpbC5jb20iLCJpYXQiOjE2ODg0NDc3NjIsImV4cCI6MTY4ODQ2NTc2Mn0.ReOuE3fcgDKHxMkg1udO4l2Pj6u2qeAYWX0uXjgWQ1BVf6-yFT-pyfh59yAiy_rdEN2kDZovM-gUPbLeskZyRw
2023-07-04T12:22:47.188+05:30  INFO 4476 --- [http-nio-8090-exec-1] o.s.web.filter.OncePerRequestFilter      :  Header :  Bearer eyJhbGciOiJIUzUxMiJ9.eyJzdWIiOiJhZG1pbkBnbWFpbC5jb20iLCJpYXQiOjE2ODg0NDc3NjIsImV4cCI6MTY4ODQ2NTc2Mn0.ReOuE3fcgDKHxMkg1udO4l2Pj6u2qeAYWX0uXjgWQ1BVf6-yFT-pyfh59yAiy_rdEN2kDZovM-gUPbLeskZyRw
2023-07-04T12:22:47.189+05:30  INFO 4476 --- [http-nio-8090-exec-4] o.s.web.filter.OncePerRequestFilter      :  Header :  Bearer eyJhbGciOiJIUzUxMiJ9.eyJzdWIiOiJhZG1pbkBnbWFpbC5jb20iLCJpYXQiOjE2ODg0NDc3NjIsImV4cCI6MTY4ODQ2NTc2Mn0.ReOuE3fcgDKHxMkg1udO4l2Pj6u2qeAYWX0uXjgWQ1BVf6-yFT-pyfh59yAiy_rdEN2kDZovM-gUPbLeskZyRw
2023-07-04T12:22:47.189+05:30  INFO 4476 --- [http-nio-8090-exec-2] o.s.web.filter.OncePerRequestFilter      :  Header :  Bearer eyJhbGciOiJIUzUxMiJ9.eyJzdWIiOiJhZG1pbkBnbWFpbC5jb20iLCJpYXQiOjE2ODg0NDc3NjIsImV4cCI6MTY4ODQ2NTc2Mn0.ReOuE3fcgDKHxMkg1udO4l2Pj6u2qeAYWX0uXjgWQ1BVf6-yFT-pyfh59yAiy_rdEN2kDZovM-gUPbLeskZyRw
2023-07-04T12:24:04.755+05:30  INFO 4476 --- [http-nio-8090-exec-3] o.s.web.filter.OncePerRequestFilter      :  Header :  Bearer eyJhbGciOiJIUzUxMiJ9.eyJzdWIiOiJhZG1pbkBnbWFpbC5jb20iLCJpYXQiOjE2ODg0NDc3NjIsImV4cCI6MTY4ODQ2NTc2Mn0.ReOuE3fcgDKHxMkg1udO4l2Pj6u2qeAYWX0uXjgWQ1BVf6-yFT-pyfh59yAiy_rdEN2kDZovM-gUPbLeskZyRw
2023-07-04T12:24:04.766+05:30  INFO 4476 --- [http-nio-8090-exec-8] o.s.web.filter.OncePerRequestFilter      :  Header :  Bearer eyJhbGciOiJIUzUxMiJ9.eyJzdWIiOiJhZG1pbkBnbWFpbC5jb20iLCJpYXQiOjE2ODg0NDc3NjIsImV4cCI6MTY4ODQ2NTc2Mn0.ReOuE3fcgDKHxMkg1udO4l2Pj6u2qeAYWX0uXjgWQ1BVf6-yFT-pyfh59yAiy_rdEN2kDZovM-gUPbLeskZyRw
2023-07-04T12:24:04.777+05:30  INFO 4476 --- [http-nio-8090-exec-5] o.s.web.filter.OncePerRequestFilter      :  Header :  Bearer eyJhbGciOiJIUzUxMiJ9.eyJzdWIiOiJhZG1pbkBnbWFpbC5jb20iLCJpYXQiOjE2ODg0NDc3NjIsImV4cCI6MTY4ODQ2NTc2Mn0.ReOuE3fcgDKHxMkg1udO4l2Pj6u2qeAYWX0uXjgWQ1BVf6-yFT-pyfh59yAiy_rdEN2kDZovM-gUPbLeskZyRw
2023-07-04T12:24:04.781+05:30  INFO 4476 --- [http-nio-8090-exec-1] o.s.web.filter.OncePerRequestFilter      :  Header :  Bearer eyJhbGciOiJIUzUxMiJ9.eyJzdWIiOiJhZG1pbkBnbWFpbC5jb20iLCJpYXQiOjE2ODg0NDc3NjIsImV4cCI6MTY4ODQ2NTc2Mn0.ReOuE3fcgDKHxMkg1udO4l2Pj6u2qeAYWX0uXjgWQ1BVf6-yFT-pyfh59yAiy_rdEN2kDZovM-gUPbLeskZyRw
2023-07-04T12:24:04.783+05:30  INFO 4476 --- [http-nio-8090-exec-2] o.s.web.filter.OncePerRequestFilter      :  Header :  Bearer eyJhbGciOiJIUzUxMiJ9.eyJzdWIiOiJhZG1pbkBnbWFpbC5jb20iLCJpYXQiOjE2ODg0NDc3NjIsImV4cCI6MTY4ODQ2NTc2Mn0.ReOuE3fcgDKHxMkg1udO4l2Pj6u2qeAYWX0uXjgWQ1BVf6-yFT-pyfh59yAiy_rdEN2kDZovM-gUPbLeskZyRw
2023-07-04T12:24:04.789+05:30  INFO 4476 --- [http-nio-8090-exec-8] o.s.web.filter.OncePerRequestFilter      :  Header :  Bearer eyJhbGciOiJIUzUxMiJ9.eyJzdWIiOiJhZG1pbkBnbWFpbC5jb20iLCJpYXQiOjE2ODg0NDc3NjIsImV4cCI6MTY4ODQ2NTc2Mn0.ReOuE3fcgDKHxMkg1udO4l2Pj6u2qeAYWX0uXjgWQ1BVf6-yFT-pyfh59yAiy_rdEN2kDZovM-gUPbLeskZyRw
2023-07-04T12:24:04.797+05:30  INFO 4476 --- [http-nio-8090-exec-9] o.s.web.filter.OncePerRequestFilter      :  Header :  Bearer eyJhbGciOiJIUzUxMiJ9.eyJzdWIiOiJhZG1pbkBnbWFpbC5jb20iLCJpYXQiOjE2ODg0NDc3NjIsImV4cCI6MTY4ODQ2NTc2Mn0.ReOuE3fcgDKHxMkg1udO4l2Pj6u2qeAYWX0uXjgWQ1BVf6-yFT-pyfh59yAiy_rdEN2kDZovM-gUPbLeskZyRw
2023-07-04T12:24:04.822+05:30  INFO 4476 --- [http-nio-8090-exec-6] o.s.web.filter.OncePerRequestFilter      :  Header :  Bearer eyJhbGciOiJIUzUxMiJ9.eyJzdWIiOiJhZG1pbkBnbWFpbC5jb20iLCJpYXQiOjE2ODg0NDc3NjIsImV4cCI6MTY4ODQ2NTc2Mn0.ReOuE3fcgDKHxMkg1udO4l2Pj6u2qeAYWX0uXjgWQ1BVf6-yFT-pyfh59yAiy_rdEN2kDZovM-gUPbLeskZyRw
2023-07-04T12:24:04.826+05:30  INFO 4476 --- [http-nio-8090-exec-7] o.s.web.filter.OncePerRequestFilter      :  Header :  Bearer eyJhbGciOiJIUzUxMiJ9.eyJzdWIiOiJhZG1pbkBnbWFpbC5jb20iLCJpYXQiOjE2ODg0NDc3NjIsImV4cCI6MTY4ODQ2NTc2Mn0.ReOuE3fcgDKHxMkg1udO4l2Pj6u2qeAYWX0uXjgWQ1BVf6-yFT-pyfh59yAiy_rdEN2kDZovM-gUPbLeskZyRw
2023-07-04T12:24:04.826+05:30  INFO 4476 --- [http-nio-8090-exec-10] o.s.web.filter.OncePerRequestFilter      :  Header :  Bearer eyJhbGciOiJIUzUxMiJ9.eyJzdWIiOiJhZG1pbkBnbWFpbC5jb20iLCJpYXQiOjE2ODg0NDc3NjIsImV4cCI6MTY4ODQ2NTc2Mn0.ReOuE3fcgDKHxMkg1udO4l2Pj6u2qeAYWX0uXjgWQ1BVf6-yFT-pyfh59yAiy_rdEN2kDZovM-gUPbLeskZyRw
2023-07-04T12:24:04.840+05:30  INFO 4476 --- [http-nio-8090-exec-3] o.s.web.filter.OncePerRequestFilter      :  Header :  Bearer eyJhbGciOiJIUzUxMiJ9.eyJzdWIiOiJhZG1pbkBnbWFpbC5jb20iLCJpYXQiOjE2ODg0NDc3NjIsImV4cCI6MTY4ODQ2NTc2Mn0.ReOuE3fcgDKHxMkg1udO4l2Pj6u2qeAYWX0uXjgWQ1BVf6-yFT-pyfh59yAiy_rdEN2kDZovM-gUPbLeskZyRw
2023-07-04T12:24:04.857+05:30  INFO 4476 --- [http-nio-8090-exec-10] o.s.web.filter.OncePerRequestFilter      :  Header :  Bearer eyJhbGciOiJIUzUxMiJ9.eyJzdWIiOiJhZG1pbkBnbWFpbC5jb20iLCJpYXQiOjE2ODg0NDc3NjIsImV4cCI6MTY4ODQ2NTc2Mn0.ReOuE3fcgDKHxMkg1udO4l2Pj6u2qeAYWX0uXjgWQ1BVf6-yFT-pyfh59yAiy_rdEN2kDZovM-gUPbLeskZyRw
2023-07-04T12:24:07.290+05:30  INFO 4476 --- [http-nio-8090-exec-5] o.s.web.filter.OncePerRequestFilter      :  Header :  Bearer eyJhbGciOiJIUzUxMiJ9.eyJzdWIiOiJhZG1pbkBnbWFpbC5jb20iLCJpYXQiOjE2ODg0NDc3NjIsImV4cCI6MTY4ODQ2NTc2Mn0.ReOuE3fcgDKHxMkg1udO4l2Pj6u2qeAYWX0uXjgWQ1BVf6-yFT-pyfh59yAiy_rdEN2kDZovM-gUPbLeskZyRw
2023-07-04T12:24:07.306+05:30  INFO 4476 --- [http-nio-8090-exec-8] o.s.web.filter.OncePerRequestFilter      :  Header :  Bearer eyJhbGciOiJIUzUxMiJ9.eyJzdWIiOiJhZG1pbkBnbWFpbC5jb20iLCJpYXQiOjE2ODg0NDc3NjIsImV4cCI6MTY4ODQ2NTc2Mn0.ReOuE3fcgDKHxMkg1udO4l2Pj6u2qeAYWX0uXjgWQ1BVf6-yFT-pyfh59yAiy_rdEN2kDZovM-gUPbLeskZyRw
2023-07-04T12:24:08.228+05:30  INFO 4476 --- [http-nio-8090-exec-1] o.s.web.filter.OncePerRequestFilter      :  Header :  Bearer eyJhbGciOiJIUzUxMiJ9.eyJzdWIiOiJhZG1pbkBnbWFpbC5jb20iLCJpYXQiOjE2ODg0NDc3NjIsImV4cCI6MTY4ODQ2NTc2Mn0.ReOuE3fcgDKHxMkg1udO4l2Pj6u2qeAYWX0uXjgWQ1BVf6-yFT-pyfh59yAiy_rdEN2kDZovM-gUPbLeskZyRw
2023-07-04T12:24:08.237+05:30  INFO 4476 --- [http-nio-8090-exec-2] o.s.web.filter.OncePerRequestFilter      :  Header :  Bearer eyJhbGciOiJIUzUxMiJ9.eyJzdWIiOiJhZG1pbkBnbWFpbC5jb20iLCJpYXQiOjE2ODg0NDc3NjIsImV4cCI6MTY4ODQ2NTc2Mn0.ReOuE3fcgDKHxMkg1udO4l2Pj6u2qeAYWX0uXjgWQ1BVf6-yFT-pyfh59yAiy_rdEN2kDZovM-gUPbLeskZyRw
2023-07-04T12:24:08.245+05:30  INFO 4476 --- [http-nio-8090-exec-7] o.s.web.filter.OncePerRequestFilter      :  Header :  Bearer eyJhbGciOiJIUzUxMiJ9.eyJzdWIiOiJhZG1pbkBnbWFpbC5jb20iLCJpYXQiOjE2ODg0NDc3NjIsImV4cCI6MTY4ODQ2NTc2Mn0.ReOuE3fcgDKHxMkg1udO4l2Pj6u2qeAYWX0uXjgWQ1BVf6-yFT-pyfh59yAiy_rdEN2kDZovM-gUPbLeskZyRw
2023-07-04T12:24:08.247+05:30  INFO 4476 --- [http-nio-8090-exec-9] o.s.web.filter.OncePerRequestFilter      :  Header :  Bearer eyJhbGciOiJIUzUxMiJ9.eyJzdWIiOiJhZG1pbkBnbWFpbC5jb20iLCJpYXQiOjE2ODg0NDc3NjIsImV4cCI6MTY4ODQ2NTc2Mn0.ReOuE3fcgDKHxMkg1udO4l2Pj6u2qeAYWX0uXjgWQ1BVf6-yFT-pyfh59yAiy_rdEN2kDZovM-gUPbLeskZyRw
2023-07-04T12:24:08.249+05:30  INFO 4476 --- [http-nio-8090-exec-6] o.s.web.filter.OncePerRequestFilter      :  Header :  Bearer eyJhbGciOiJIUzUxMiJ9.eyJzdWIiOiJhZG1pbkBnbWFpbC5jb20iLCJpYXQiOjE2ODg0NDc3NjIsImV4cCI6MTY4ODQ2NTc2Mn0.ReOuE3fcgDKHxMkg1udO4l2Pj6u2qeAYWX0uXjgWQ1BVf6-yFT-pyfh59yAiy_rdEN2kDZovM-gUPbLeskZyRw
2023-07-04T12:24:08.251+05:30  INFO 4476 --- [http-nio-8090-exec-4] o.s.web.filter.OncePerRequestFilter      :  Header :  Bearer eyJhbGciOiJIUzUxMiJ9.eyJzdWIiOiJhZG1pbkBnbWFpbC5jb20iLCJpYXQiOjE2ODg0NDc3NjIsImV4cCI6MTY4ODQ2NTc2Mn0.ReOuE3fcgDKHxMkg1udO4l2Pj6u2qeAYWX0uXjgWQ1BVf6-yFT-pyfh59yAiy_rdEN2kDZovM-gUPbLeskZyRw
2023-07-04T12:24:08.281+05:30  INFO 4476 --- [http-nio-8090-exec-6] o.s.web.filter.OncePerRequestFilter      :  Header :  Bearer eyJhbGciOiJIUzUxMiJ9.eyJzdWIiOiJhZG1pbkBnbWFpbC5jb20iLCJpYXQiOjE2ODg0NDc3NjIsImV4cCI6MTY4ODQ2NTc2Mn0.ReOuE3fcgDKHxMkg1udO4l2Pj6u2qeAYWX0uXjgWQ1BVf6-yFT-pyfh59yAiy_rdEN2kDZovM-gUPbLeskZyRw
2023-07-04T12:24:08.284+05:30  INFO 4476 --- [http-nio-8090-exec-3] o.s.web.filter.OncePerRequestFilter      :  Header :  Bearer eyJhbGciOiJIUzUxMiJ9.eyJzdWIiOiJhZG1pbkBnbWFpbC5jb20iLCJpYXQiOjE2ODg0NDc3NjIsImV4cCI6MTY4ODQ2NTc2Mn0.ReOuE3fcgDKHxMkg1udO4l2Pj6u2qeAYWX0uXjgWQ1BVf6-yFT-pyfh59yAiy_rdEN2kDZovM-gUPbLeskZyRw
2023-07-04T12:24:08.298+05:30  INFO 4476 --- [http-nio-8090-exec-5] o.s.web.filter.OncePerRequestFilter      :  Header :  Bearer eyJhbGciOiJIUzUxMiJ9.eyJzdWIiOiJhZG1pbkBnbWFpbC5jb20iLCJpYXQiOjE2ODg0NDc3NjIsImV4cCI6MTY4ODQ2NTc2Mn0.ReOuE3fcgDKHxMkg1udO4l2Pj6u2qeAYWX0uXjgWQ1BVf6-yFT-pyfh59yAiy_rdEN2kDZovM-gUPbLeskZyRw
2023-07-04T12:24:08.299+05:30  INFO 4476 --- [http-nio-8090-exec-8] o.s.web.filter.OncePerRequestFilter      :  Header :  Bearer eyJhbGciOiJIUzUxMiJ9.eyJzdWIiOiJhZG1pbkBnbWFpbC5jb20iLCJpYXQiOjE2ODg0NDc3NjIsImV4cCI6MTY4ODQ2NTc2Mn0.ReOuE3fcgDKHxMkg1udO4l2Pj6u2qeAYWX0uXjgWQ1BVf6-yFT-pyfh59yAiy_rdEN2kDZovM-gUPbLeskZyRw
2023-07-04T12:24:08.298+05:30  INFO 4476 --- [http-nio-8090-exec-10] o.s.web.filter.OncePerRequestFilter      :  Header :  Bearer eyJhbGciOiJIUzUxMiJ9.eyJzdWIiOiJhZG1pbkBnbWFpbC5jb20iLCJpYXQiOjE2ODg0NDc3NjIsImV4cCI6MTY4ODQ2NTc2Mn0.ReOuE3fcgDKHxMkg1udO4l2Pj6u2qeAYWX0uXjgWQ1BVf6-yFT-pyfh59yAiy_rdEN2kDZovM-gUPbLeskZyRw
2023-07-04T12:24:08.325+05:30  INFO 4476 --- [http-nio-8090-exec-2] o.s.web.filter.OncePerRequestFilter      :  Header :  Bearer eyJhbGciOiJIUzUxMiJ9.eyJzdWIiOiJhZG1pbkBnbWFpbC5jb20iLCJpYXQiOjE2ODg0NDc3NjIsImV4cCI6MTY4ODQ2NTc2Mn0.ReOuE3fcgDKHxMkg1udO4l2Pj6u2qeAYWX0uXjgWQ1BVf6-yFT-pyfh59yAiy_rdEN2kDZovM-gUPbLeskZyRw
2023-07-04T12:24:14.308+05:30  INFO 4476 --- [http-nio-8090-exec-9] o.s.web.filter.OncePerRequestFilter      :  Header :  Bearer eyJhbGciOiJIUzUxMiJ9.eyJzdWIiOiJhZG1pbkBnbWFpbC5jb20iLCJpYXQiOjE2ODg0NDc3NjIsImV4cCI6MTY4ODQ2NTc2Mn0.ReOuE3fcgDKHxMkg1udO4l2Pj6u2qeAYWX0uXjgWQ1BVf6-yFT-pyfh59yAiy_rdEN2kDZovM-gUPbLeskZyRw
2023-07-04T12:24:14.321+05:30  INFO 4476 --- [http-nio-8090-exec-4] o.s.web.filter.OncePerRequestFilter      :  Header :  Bearer eyJhbGciOiJIUzUxMiJ9.eyJzdWIiOiJhZG1pbkBnbWFpbC5jb20iLCJpYXQiOjE2ODg0NDc3NjIsImV4cCI6MTY4ODQ2NTc2Mn0.ReOuE3fcgDKHxMkg1udO4l2Pj6u2qeAYWX0uXjgWQ1BVf6-yFT-pyfh59yAiy_rdEN2kDZovM-gUPbLeskZyRw
2023-07-04T12:24:19.441+05:30  INFO 4476 --- [http-nio-8090-exec-7] o.s.web.filter.OncePerRequestFilter      :  Header :  Bearer eyJhbGciOiJIUzUxMiJ9.eyJzdWIiOiJhZG1pbkBnbWFpbC5jb20iLCJpYXQiOjE2ODg0NDc3NjIsImV4cCI6MTY4ODQ2NTc2Mn0.ReOuE3fcgDKHxMkg1udO4l2Pj6u2qeAYWX0uXjgWQ1BVf6-yFT-pyfh59yAiy_rdEN2kDZovM-gUPbLeskZyRw
2023-07-04T12:24:19.445+05:30  INFO 4476 --- [http-nio-8090-exec-1] o.s.web.filter.OncePerRequestFilter      :  Header :  Bearer eyJhbGciOiJIUzUxMiJ9.eyJzdWIiOiJhZG1pbkBnbWFpbC5jb20iLCJpYXQiOjE2ODg0NDc3NjIsImV4cCI6MTY4ODQ2NTc2Mn0.ReOuE3fcgDKHxMkg1udO4l2Pj6u2qeAYWX0uXjgWQ1BVf6-yFT-pyfh59yAiy_rdEN2kDZovM-gUPbLeskZyRw
2023-07-04T12:24:19.459+05:30  INFO 4476 --- [http-nio-8090-exec-7] o.s.web.filter.OncePerRequestFilter      :  Header :  Bearer eyJhbGciOiJIUzUxMiJ9.eyJzdWIiOiJhZG1pbkBnbWFpbC5jb20iLCJpYXQiOjE2ODg0NDc3NjIsImV4cCI6MTY4ODQ2NTc2Mn0.ReOuE3fcgDKHxMkg1udO4l2Pj6u2qeAYWX0uXjgWQ1BVf6-yFT-pyfh59yAiy_rdEN2kDZovM-gUPbLeskZyRw
2023-07-04T12:24:19.467+05:30  INFO 4476 --- [http-nio-8090-exec-3] o.s.web.filter.OncePerRequestFilter      :  Header :  Bearer eyJhbGciOiJIUzUxMiJ9.eyJzdWIiOiJhZG1pbkBnbWFpbC5jb20iLCJpYXQiOjE2ODg0NDc3NjIsImV4cCI6MTY4ODQ2NTc2Mn0.ReOuE3fcgDKHxMkg1udO4l2Pj6u2qeAYWX0uXjgWQ1BVf6-yFT-pyfh59yAiy_rdEN2kDZovM-gUPbLeskZyRw
2023-07-04T12:24:19.471+05:30  INFO 4476 --- [http-nio-8090-exec-5] o.s.web.filter.OncePerRequestFilter      :  Header :  Bearer eyJhbGciOiJIUzUxMiJ9.eyJzdWIiOiJhZG1pbkBnbWFpbC5jb20iLCJpYXQiOjE2ODg0NDc3NjIsImV4cCI6MTY4ODQ2NTc2Mn0.ReOuE3fcgDKHxMkg1udO4l2Pj6u2qeAYWX0uXjgWQ1BVf6-yFT-pyfh59yAiy_rdEN2kDZovM-gUPbLeskZyRw
2023-07-04T12:24:19.471+05:30  INFO 4476 --- [http-nio-8090-exec-8] o.s.web.filter.OncePerRequestFilter      :  Header :  Bearer eyJhbGciOiJIUzUxMiJ9.eyJzdWIiOiJhZG1pbkBnbWFpbC5jb20iLCJpYXQiOjE2ODg0NDc3NjIsImV4cCI6MTY4ODQ2NTc2Mn0.ReOuE3fcgDKHxMkg1udO4l2Pj6u2qeAYWX0uXjgWQ1BVf6-yFT-pyfh59yAiy_rdEN2kDZovM-gUPbLeskZyRw
2023-07-04T12:24:19.512+05:30  INFO 4476 --- [http-nio-8090-exec-2] o.s.web.filter.OncePerRequestFilter      :  Header :  Bearer eyJhbGciOiJIUzUxMiJ9.eyJzdWIiOiJhZG1pbkBnbWFpbC5jb20iLCJpYXQiOjE2ODg0NDc3NjIsImV4cCI6MTY4ODQ2NTc2Mn0.ReOuE3fcgDKHxMkg1udO4l2Pj6u2qeAYWX0uXjgWQ1BVf6-yFT-pyfh59yAiy_rdEN2kDZovM-gUPbLeskZyRw
2023-07-04T12:24:19.517+05:30  INFO 4476 --- [http-nio-8090-exec-9] o.s.web.filter.OncePerRequestFilter      :  Header :  Bearer eyJhbGciOiJIUzUxMiJ9.eyJzdWIiOiJhZG1pbkBnbWFpbC5jb20iLCJpYXQiOjE2ODg0NDc3NjIsImV4cCI6MTY4ODQ2NTc2Mn0.ReOuE3fcgDKHxMkg1udO4l2Pj6u2qeAYWX0uXjgWQ1BVf6-yFT-pyfh59yAiy_rdEN2kDZovM-gUPbLeskZyRw
2023-07-04T12:24:19.517+05:30  INFO 4476 --- [http-nio-8090-exec-4] o.s.web.filter.OncePerRequestFilter      :  Header :  Bearer eyJhbGciOiJIUzUxMiJ9.eyJzdWIiOiJhZG1pbkBnbWFpbC5jb20iLCJpYXQiOjE2ODg0NDc3NjIsImV4cCI6MTY4ODQ2NTc2Mn0.ReOuE3fcgDKHxMkg1udO4l2Pj6u2qeAYWX0uXjgWQ1BVf6-yFT-pyfh59yAiy_rdEN2kDZovM-gUPbLeskZyRw
2023-07-04T12:24:19.517+05:30  INFO 4476 --- [http-nio-8090-exec-10] o.s.web.filter.OncePerRequestFilter      :  Header :  Bearer eyJhbGciOiJIUzUxMiJ9.eyJzdWIiOiJhZG1pbkBnbWFpbC5jb20iLCJpYXQiOjE2ODg0NDc3NjIsImV4cCI6MTY4ODQ2NTc2Mn0.ReOuE3fcgDKHxMkg1udO4l2Pj6u2qeAYWX0uXjgWQ1BVf6-yFT-pyfh59yAiy_rdEN2kDZovM-gUPbLeskZyRw
2023-07-04T12:24:19.542+05:30  INFO 4476 --- [http-nio-8090-exec-2] o.s.web.filter.OncePerRequestFilter      :  Header :  Bearer eyJhbGciOiJIUzUxMiJ9.eyJzdWIiOiJhZG1pbkBnbWFpbC5jb20iLCJpYXQiOjE2ODg0NDc3NjIsImV4cCI6MTY4ODQ2NTc2Mn0.ReOuE3fcgDKHxMkg1udO4l2Pj6u2qeAYWX0uXjgWQ1BVf6-yFT-pyfh59yAiy_rdEN2kDZovM-gUPbLeskZyRw
2023-07-04T12:24:19.566+05:30  INFO 4476 --- [http-nio-8090-exec-1] o.s.web.filter.OncePerRequestFilter      :  Header :  Bearer eyJhbGciOiJIUzUxMiJ9.eyJzdWIiOiJhZG1pbkBnbWFpbC5jb20iLCJpYXQiOjE2ODg0NDc3NjIsImV4cCI6MTY4ODQ2NTc2Mn0.ReOuE3fcgDKHxMkg1udO4l2Pj6u2qeAYWX0uXjgWQ1BVf6-yFT-pyfh59yAiy_rdEN2kDZovM-gUPbLeskZyRw
2023-07-04T12:24:31.148+05:30  INFO 4476 --- [AsyncResolver-bootstrap-executor-0] c.n.d.s.r.aws.ConfigClusterResolver      : Resolving eureka endpoints via configuration
2023-07-04T12:29:31.156+05:30  INFO 4476 --- [AsyncResolver-bootstrap-executor-0] c.n.d.s.r.aws.ConfigClusterResolver      : Resolving eureka endpoints via configuration
2023-07-04T12:34:31.164+05:30  INFO 4476 --- [AsyncResolver-bootstrap-executor-0] c.n.d.s.r.aws.ConfigClusterResolver      : Resolving eureka endpoints via configuration
2023-07-04T12:34:57.158+05:30  INFO 4476 --- [http-nio-8090-exec-4] o.s.web.filter.OncePerRequestFilter      :  Header :  Bearer eyJhbGciOiJIUzUxMiJ9.eyJzdWIiOiJhZG1pbkBnbWFpbC5jb20iLCJpYXQiOjE2ODg0NDc3NjIsImV4cCI6MTY4ODQ2NTc2Mn0.ReOuE3fcgDKHxMkg1udO4l2Pj6u2qeAYWX0uXjgWQ1BVf6-yFT-pyfh59yAiy_rdEN2kDZovM-gUPbLeskZyRw
2023-07-04T12:34:57.270+05:30  INFO 4476 --- [http-nio-8090-exec-4] c.p.A.Impl.DrugCatalogueServiceImpl      : [{id=648011f1029f637a5d28a7a7, name=Aspirin, price=50, type=Tablet, category=Aspirin is used to reduce fever}, {id=6480141f029f637a5d28a7ad, name=Amoxicillin, price=100, type=Capsule, category=Amoxicillin is a penicillin antibiotic}, {id=6480143d029f637a5d28a7af, name=Atorvastatin, price=130, type=Tablet, category=Cholesterol-lowering agent}, {id=6480144d029f637a5d28a7b0, name=Ibuprofen, price=200, type=Tablet, category=Nonsteroidal anti-inflammatory drug (NSAID)}, {id=648584915683641112507aa4, name=Paracetamol, price=120, type=Tablet, category=Pain reliever}, {id=64918f86f72e301ef847fea1, name=Lisinopril, price=80, type=Tablet, category=Antihypertensive}, {id=64918fa1f72e301ef847fea2, name=Metformin, price=70, type=Tablet, category=Antidiabetic}, {id=64918fb6f72e301ef847fea3, name=Cetirizine, price=60, type=Tablet, category=Antihistamine}]
2023-07-04T12:35:15.734+05:30  INFO 4476 --- [http-nio-8090-exec-9] o.s.web.filter.OncePerRequestFilter      :  Header :  Bearer eyJhbGciOiJIUzUxMiJ9.eyJzdWIiOiJhZG1pbkBnbWFpbC5jb20iLCJpYXQiOjE2ODg0NDc3NjIsImV4cCI6MTY4ODQ2NTc2Mn0.ReOuE3fcgDKHxMkg1udO4l2Pj6u2qeAYWX0uXjgWQ1BVf6-yFT-pyfh59yAiy_rdEN2kDZovM-gUPbLeskZyRw
2023-07-04T12:35:15.739+05:30  INFO 4476 --- [http-nio-8090-exec-2] o.s.web.filter.OncePerRequestFilter      :  Header :  Bearer eyJhbGciOiJIUzUxMiJ9.eyJzdWIiOiJhZG1pbkBnbWFpbC5jb20iLCJpYXQiOjE2ODg0NDc3NjIsImV4cCI6MTY4ODQ2NTc2Mn0.ReOuE3fcgDKHxMkg1udO4l2Pj6u2qeAYWX0uXjgWQ1BVf6-yFT-pyfh59yAiy_rdEN2kDZovM-gUPbLeskZyRw
2023-07-04T12:35:15.755+05:30  INFO 4476 --- [http-nio-8090-exec-3] o.s.web.filter.OncePerRequestFilter      :  Header :  Bearer eyJhbGciOiJIUzUxMiJ9.eyJzdWIiOiJhZG1pbkBnbWFpbC5jb20iLCJpYXQiOjE2ODg0NDc3NjIsImV4cCI6MTY4ODQ2NTc2Mn0.ReOuE3fcgDKHxMkg1udO4l2Pj6u2qeAYWX0uXjgWQ1BVf6-yFT-pyfh59yAiy_rdEN2kDZovM-gUPbLeskZyRw
2023-07-04T12:35:15.759+05:30  INFO 4476 --- [http-nio-8090-exec-1] o.s.web.filter.OncePerRequestFilter      :  Header :  Bearer eyJhbGciOiJIUzUxMiJ9.eyJzdWIiOiJhZG1pbkBnbWFpbC5jb20iLCJpYXQiOjE2ODg0NDc3NjIsImV4cCI6MTY4ODQ2NTc2Mn0.ReOuE3fcgDKHxMkg1udO4l2Pj6u2qeAYWX0uXjgWQ1BVf6-yFT-pyfh59yAiy_rdEN2kDZovM-gUPbLeskZyRw
2023-07-04T12:35:15.777+05:30  INFO 4476 --- [http-nio-8090-exec-8] o.s.web.filter.OncePerRequestFilter      :  Header :  Bearer eyJhbGciOiJIUzUxMiJ9.eyJzdWIiOiJhZG1pbkBnbWFpbC5jb20iLCJpYXQiOjE2ODg0NDc3NjIsImV4cCI6MTY4ODQ2NTc2Mn0.ReOuE3fcgDKHxMkg1udO4l2Pj6u2qeAYWX0uXjgWQ1BVf6-yFT-pyfh59yAiy_rdEN2kDZovM-gUPbLeskZyRw
2023-07-04T12:35:15.782+05:30  INFO 4476 --- [http-nio-8090-exec-1] o.s.web.filter.OncePerRequestFilter      :  Header :  Bearer eyJhbGciOiJIUzUxMiJ9.eyJzdWIiOiJhZG1pbkBnbWFpbC5jb20iLCJpYXQiOjE2ODg0NDc3NjIsImV4cCI6MTY4ODQ2NTc2Mn0.ReOuE3fcgDKHxMkg1udO4l2Pj6u2qeAYWX0uXjgWQ1BVf6-yFT-pyfh59yAiy_rdEN2kDZovM-gUPbLeskZyRw
2023-07-04T12:35:15.799+05:30  INFO 4476 --- [http-nio-8090-exec-7] o.s.web.filter.OncePerRequestFilter      :  Header :  Bearer eyJhbGciOiJIUzUxMiJ9.eyJzdWIiOiJhZG1pbkBnbWFpbC5jb20iLCJpYXQiOjE2ODg0NDc3NjIsImV4cCI6MTY4ODQ2NTc2Mn0.ReOuE3fcgDKHxMkg1udO4l2Pj6u2qeAYWX0uXjgWQ1BVf6-yFT-pyfh59yAiy_rdEN2kDZovM-gUPbLeskZyRw
2023-07-04T12:35:15.809+05:30  INFO 4476 --- [http-nio-8090-exec-5] o.s.web.filter.OncePerRequestFilter      :  Header :  Bearer eyJhbGciOiJIUzUxMiJ9.eyJzdWIiOiJhZG1pbkBnbWFpbC5jb20iLCJpYXQiOjE2ODg0NDc3NjIsImV4cCI6MTY4ODQ2NTc2Mn0.ReOuE3fcgDKHxMkg1udO4l2Pj6u2qeAYWX0uXjgWQ1BVf6-yFT-pyfh59yAiy_rdEN2kDZovM-gUPbLeskZyRw
2023-07-04T12:35:15.811+05:30  INFO 4476 --- [http-nio-8090-exec-8] o.s.web.filter.OncePerRequestFilter      :  Header :  Bearer eyJhbGciOiJIUzUxMiJ9.eyJzdWIiOiJhZG1pbkBnbWFpbC5jb20iLCJpYXQiOjE2ODg0NDc3NjIsImV4cCI6MTY4ODQ2NTc2Mn0.ReOuE3fcgDKHxMkg1udO4l2Pj6u2qeAYWX0uXjgWQ1BVf6-yFT-pyfh59yAiy_rdEN2kDZovM-gUPbLeskZyRw
2023-07-04T12:35:15.814+05:30  INFO 4476 --- [http-nio-8090-exec-6] o.s.web.filter.OncePerRequestFilter      :  Header :  Bearer eyJhbGciOiJIUzUxMiJ9.eyJzdWIiOiJhZG1pbkBnbWFpbC5jb20iLCJpYXQiOjE2ODg0NDc3NjIsImV4cCI6MTY4ODQ2NTc2Mn0.ReOuE3fcgDKHxMkg1udO4l2Pj6u2qeAYWX0uXjgWQ1BVf6-yFT-pyfh59yAiy_rdEN2kDZovM-gUPbLeskZyRw
2023-07-04T12:35:15.853+05:30  INFO 4476 --- [http-nio-8090-exec-2] o.s.web.filter.OncePerRequestFilter      :  Header :  Bearer eyJhbGciOiJIUzUxMiJ9.eyJzdWIiOiJhZG1pbkBnbWFpbC5jb20iLCJpYXQiOjE2ODg0NDc3NjIsImV4cCI6MTY4ODQ2NTc2Mn0.ReOuE3fcgDKHxMkg1udO4l2Pj6u2qeAYWX0uXjgWQ1BVf6-yFT-pyfh59yAiy_rdEN2kDZovM-gUPbLeskZyRw
2023-07-04T12:35:15.853+05:30  INFO 4476 --- [http-nio-8090-exec-9] o.s.web.filter.OncePerRequestFilter      :  Header :  Bearer eyJhbGciOiJIUzUxMiJ9.eyJzdWIiOiJhZG1pbkBnbWFpbC5jb20iLCJpYXQiOjE2ODg0NDc3NjIsImV4cCI6MTY4ODQ2NTc2Mn0.ReOuE3fcgDKHxMkg1udO4l2Pj6u2qeAYWX0uXjgWQ1BVf6-yFT-pyfh59yAiy_rdEN2kDZovM-gUPbLeskZyRw
2023-07-04T12:35:20.216+05:30  INFO 4476 --- [http-nio-8090-exec-3] o.s.web.filter.OncePerRequestFilter      :  Header :  Bearer eyJhbGciOiJIUzUxMiJ9.eyJzdWIiOiJhZG1pbkBnbWFpbC5jb20iLCJpYXQiOjE2ODg0NDc3NjIsImV4cCI6MTY4ODQ2NTc2Mn0.ReOuE3fcgDKHxMkg1udO4l2Pj6u2qeAYWX0uXjgWQ1BVf6-yFT-pyfh59yAiy_rdEN2kDZovM-gUPbLeskZyRw
2023-07-04T12:35:20.235+05:30  INFO 4476 --- [http-nio-8090-exec-3] c.p.A.Impl.DrugCatalogueServiceImpl      : [{id=648011f1029f637a5d28a7a7, name=Aspirin, price=50, type=Tablet, category=Aspirin is used to reduce fever}, {id=6480141f029f637a5d28a7ad, name=Amoxicillin, price=100, type=Capsule, category=Amoxicillin is a penicillin antibiotic}, {id=6480143d029f637a5d28a7af, name=Atorvastatin, price=130, type=Tablet, category=Cholesterol-lowering agent}, {id=6480144d029f637a5d28a7b0, name=Ibuprofen, price=200, type=Tablet, category=Nonsteroidal anti-inflammatory drug (NSAID)}, {id=648584915683641112507aa4, name=Paracetamol, price=120, type=Tablet, category=Pain reliever}, {id=64918f86f72e301ef847fea1, name=Lisinopril, price=80, type=Tablet, category=Antihypertensive}, {id=64918fa1f72e301ef847fea2, name=Metformin, price=70, type=Tablet, category=Antidiabetic}, {id=64918fb6f72e301ef847fea3, name=Cetirizine, price=60, type=Tablet, category=Antihistamine}]
2023-07-04T12:35:20.247+05:30  INFO 4476 --- [http-nio-8090-exec-10] o.s.web.filter.OncePerRequestFilter      :  Header :  Bearer eyJhbGciOiJIUzUxMiJ9.eyJzdWIiOiJhZG1pbkBnbWFpbC5jb20iLCJpYXQiOjE2ODg0NDc3NjIsImV4cCI6MTY4ODQ2NTc2Mn0.ReOuE3fcgDKHxMkg1udO4l2Pj6u2qeAYWX0uXjgWQ1BVf6-yFT-pyfh59yAiy_rdEN2kDZovM-gUPbLeskZyRw
2023-07-04T12:35:20.267+05:30  INFO 4476 --- [http-nio-8090-exec-10] c.p.A.Impl.DrugCatalogueServiceImpl      : [{id=648011f1029f637a5d28a7a7, name=Aspirin, price=50, type=Tablet, category=Aspirin is used to reduce fever}, {id=6480141f029f637a5d28a7ad, name=Amoxicillin, price=100, type=Capsule, category=Amoxicillin is a penicillin antibiotic}, {id=6480143d029f637a5d28a7af, name=Atorvastatin, price=130, type=Tablet, category=Cholesterol-lowering agent}, {id=6480144d029f637a5d28a7b0, name=Ibuprofen, price=200, type=Tablet, category=Nonsteroidal anti-inflammatory drug (NSAID)}, {id=648584915683641112507aa4, name=Paracetamol, price=120, type=Tablet, category=Pain reliever}, {id=64918f86f72e301ef847fea1, name=Lisinopril, price=80, type=Tablet, category=Antihypertensive}, {id=64918fa1f72e301ef847fea2, name=Metformin, price=70, type=Tablet, category=Antidiabetic}, {id=64918fb6f72e301ef847fea3, name=Cetirizine, price=60, type=Tablet, category=Antihistamine}]
2023-07-04T12:35:54.183+05:30  INFO 4476 --- [http-nio-8090-exec-1] o.s.web.filter.OncePerRequestFilter      :  Header :  Bearer eyJhbGciOiJIUzUxMiJ9.eyJzdWIiOiJhZG1pbkBnbWFpbC5jb20iLCJpYXQiOjE2ODg0NDc3NjIsImV4cCI6MTY4ODQ2NTc2Mn0.ReOuE3fcgDKHxMkg1udO4l2Pj6u2qeAYWX0uXjgWQ1BVf6-yFT-pyfh59yAiy_rdEN2kDZovM-gUPbLeskZyRw
2023-07-04T12:35:54.209+05:30  INFO 4476 --- [http-nio-8090-exec-1] c.p.A.Impl.DrugCatalogueServiceImpl      : [{id=648011f1029f637a5d28a7a7, name=Aspirin, price=50, type=Tablet, category=Aspirin is used to reduce fever}, {id=6480141f029f637a5d28a7ad, name=Amoxicillin, price=100, type=Capsule, category=Amoxicillin is a penicillin antibiotic}, {id=6480143d029f637a5d28a7af, name=Atorvastatin, price=130, type=Tablet, category=Cholesterol-lowering agent}, {id=6480144d029f637a5d28a7b0, name=Ibuprofen, price=200, type=Tablet, category=Nonsteroidal anti-inflammatory drug (NSAID)}, {id=648584915683641112507aa4, name=Paracetamol, price=120, type=Tablet, category=Pain reliever}, {id=64918f86f72e301ef847fea1, name=Lisinopril, price=80, type=Tablet, category=Antihypertensive}, {id=64918fa1f72e301ef847fea2, name=Metformin, price=70, type=Tablet, category=Antidiabetic}, {id=64918fb6f72e301ef847fea3, name=Cetirizine, price=60, type=Tablet, category=Antihistamine}]
2023-07-04T12:36:11.165+05:30  INFO 4476 --- [http-nio-8090-exec-4] o.s.web.filter.OncePerRequestFilter      :  Header :  Bearer eyJhbGciOiJIUzUxMiJ9.eyJzdWIiOiJhZG1pbkBnbWFpbC5jb20iLCJpYXQiOjE2ODg0NDc3NjIsImV4cCI6MTY4ODQ2NTc2Mn0.ReOuE3fcgDKHxMkg1udO4l2Pj6u2qeAYWX0uXjgWQ1BVf6-yFT-pyfh59yAiy_rdEN2kDZovM-gUPbLeskZyRw
2023-07-04T12:36:11.176+05:30  INFO 4476 --- [http-nio-8090-exec-4] c.p.A.Impl.DrugCatalogueServiceImpl      : [{id=648011f1029f637a5d28a7a7, name=Aspirin, price=50, type=Tablet, category=Aspirin is used to reduce fever}, {id=6480141f029f637a5d28a7ad, name=Amoxicillin, price=100, type=Capsule, category=Amoxicillin is a penicillin antibiotic}, {id=6480143d029f637a5d28a7af, name=Atorvastatin, price=130, type=Tablet, category=Cholesterol-lowering agent}, {id=6480144d029f637a5d28a7b0, name=Ibuprofen, price=200, type=Tablet, category=Nonsteroidal anti-inflammatory drug (NSAID)}, {id=648584915683641112507aa4, name=Paracetamol, price=120, type=Tablet, category=Pain reliever}, {id=64918f86f72e301ef847fea1, name=Lisinopril, price=80, type=Tablet, category=Antihypertensive}, {id=64918fa1f72e301ef847fea2, name=Metformin, price=70, type=Tablet, category=Antidiabetic}, {id=64918fb6f72e301ef847fea3, name=Cetirizine, price=60, type=Tablet, category=Antihistamine}]
2023-07-04T12:39:31.165+05:30  INFO 4476 --- [AsyncResolver-bootstrap-executor-0] c.n.d.s.r.aws.ConfigClusterResolver      : Resolving eureka endpoints via configuration
2023-07-04T12:39:38.177+05:30  INFO 4476 --- [http-nio-8090-exec-6] o.s.web.filter.OncePerRequestFilter      :  Header :  Bearer eyJhbGciOiJIUzUxMiJ9.eyJzdWIiOiJhZG1pbkBnbWFpbC5jb20iLCJpYXQiOjE2ODg0NDc3NjIsImV4cCI6MTY4ODQ2NTc2Mn0.ReOuE3fcgDKHxMkg1udO4l2Pj6u2qeAYWX0uXjgWQ1BVf6-yFT-pyfh59yAiy_rdEN2kDZovM-gUPbLeskZyRw
2023-07-04T12:39:38.196+05:30  INFO 4476 --- [http-nio-8090-exec-6] c.p.A.Impl.DrugCatalogueServiceImpl      : [{id=648011f1029f637a5d28a7a7, name=Aspirin, price=50, type=Tablet, category=Aspirin is used to reduce fever}, {id=6480141f029f637a5d28a7ad, name=Amoxicillin, price=100, type=Capsule, category=Amoxicillin is a penicillin antibiotic}, {id=6480143d029f637a5d28a7af, name=Atorvastatin, price=130, type=Tablet, category=Cholesterol-lowering agent}, {id=6480144d029f637a5d28a7b0, name=Ibuprofen, price=200, type=Tablet, category=Nonsteroidal anti-inflammatory drug (NSAID)}, {id=648584915683641112507aa4, name=Paracetamol, price=120, type=Tablet, category=Pain reliever}, {id=64918f86f72e301ef847fea1, name=Lisinopril, price=80, type=Tablet, category=Antihypertensive}, {id=64918fa1f72e301ef847fea2, name=Metformin, price=70, type=Tablet, category=Antidiabetic}, {id=64918fb6f72e301ef847fea3, name=Cetirizine, price=60, type=Tablet, category=Antihistamine}]
2023-07-04T12:40:18.178+05:30  INFO 4476 --- [http-nio-8090-exec-3] o.s.web.filter.OncePerRequestFilter      :  Header :  Bearer eyJhbGciOiJIUzUxMiJ9.eyJzdWIiOiJhZG1pbkBnbWFpbC5jb20iLCJpYXQiOjE2ODg0NDc3NjIsImV4cCI6MTY4ODQ2NTc2Mn0.ReOuE3fcgDKHxMkg1udO4l2Pj6u2qeAYWX0uXjgWQ1BVf6-yFT-pyfh59yAiy_rdEN2kDZovM-gUPbLeskZyRw
2023-07-04T12:40:18.191+05:30  INFO 4476 --- [http-nio-8090-exec-3] c.p.A.Impl.DrugCatalogueServiceImpl      : [{id=648011f1029f637a5d28a7a7, name=Aspirin, price=50, type=Tablet, category=Aspirin is used to reduce fever}, {id=6480141f029f637a5d28a7ad, name=Amoxicillin, price=100, type=Capsule, category=Amoxicillin is a penicillin antibiotic}, {id=6480143d029f637a5d28a7af, name=Atorvastatin, price=130, type=Tablet, category=Cholesterol-lowering agent}, {id=6480144d029f637a5d28a7b0, name=Ibuprofen, price=200, type=Tablet, category=Nonsteroidal anti-inflammatory drug (NSAID)}, {id=648584915683641112507aa4, name=Paracetamol, price=120, type=Tablet, category=Pain reliever}, {id=64918f86f72e301ef847fea1, name=Lisinopril, price=80, type=Tablet, category=Antihypertensive}, {id=64918fa1f72e301ef847fea2, name=Metformin, price=70, type=Tablet, category=Antidiabetic}, {id=64918fb6f72e301ef847fea3, name=Cetirizine, price=60, type=Tablet, category=Antihistamine}]
2023-07-04T12:40:22.360+05:30  INFO 4476 --- [http-nio-8090-exec-10] o.s.web.filter.OncePerRequestFilter      :  Header :  Bearer eyJhbGciOiJIUzUxMiJ9.eyJzdWIiOiJhZG1pbkBnbWFpbC5jb20iLCJpYXQiOjE2ODg0NDc3NjIsImV4cCI6MTY4ODQ2NTc2Mn0.ReOuE3fcgDKHxMkg1udO4l2Pj6u2qeAYWX0uXjgWQ1BVf6-yFT-pyfh59yAiy_rdEN2kDZovM-gUPbLeskZyRw
2023-07-04T12:40:22.368+05:30  INFO 4476 --- [http-nio-8090-exec-1] o.s.web.filter.OncePerRequestFilter      :  Header :  Bearer eyJhbGciOiJIUzUxMiJ9.eyJzdWIiOiJhZG1pbkBnbWFpbC5jb20iLCJpYXQiOjE2ODg0NDc3NjIsImV4cCI6MTY4ODQ2NTc2Mn0.ReOuE3fcgDKHxMkg1udO4l2Pj6u2qeAYWX0uXjgWQ1BVf6-yFT-pyfh59yAiy_rdEN2kDZovM-gUPbLeskZyRw
2023-07-04T12:40:22.374+05:30  INFO 4476 --- [http-nio-8090-exec-4] o.s.web.filter.OncePerRequestFilter      :  Header :  Bearer eyJhbGciOiJIUzUxMiJ9.eyJzdWIiOiJhZG1pbkBnbWFpbC5jb20iLCJpYXQiOjE2ODg0NDc3NjIsImV4cCI6MTY4ODQ2NTc2Mn0.ReOuE3fcgDKHxMkg1udO4l2Pj6u2qeAYWX0uXjgWQ1BVf6-yFT-pyfh59yAiy_rdEN2kDZovM-gUPbLeskZyRw
2023-07-04T12:40:22.377+05:30  INFO 4476 --- [http-nio-8090-exec-8] o.s.web.filter.OncePerRequestFilter      :  Header :  Bearer eyJhbGciOiJIUzUxMiJ9.eyJzdWIiOiJhZG1pbkBnbWFpbC5jb20iLCJpYXQiOjE2ODg0NDc3NjIsImV4cCI6MTY4ODQ2NTc2Mn0.ReOuE3fcgDKHxMkg1udO4l2Pj6u2qeAYWX0uXjgWQ1BVf6-yFT-pyfh59yAiy_rdEN2kDZovM-gUPbLeskZyRw
2023-07-04T12:40:22.377+05:30  INFO 4476 --- [http-nio-8090-exec-2] o.s.web.filter.OncePerRequestFilter      :  Header :  Bearer eyJhbGciOiJIUzUxMiJ9.eyJzdWIiOiJhZG1pbkBnbWFpbC5jb20iLCJpYXQiOjE2ODg0NDc3NjIsImV4cCI6MTY4ODQ2NTc2Mn0.ReOuE3fcgDKHxMkg1udO4l2Pj6u2qeAYWX0uXjgWQ1BVf6-yFT-pyfh59yAiy_rdEN2kDZovM-gUPbLeskZyRw
2023-07-04T12:40:22.389+05:30  INFO 4476 --- [http-nio-8090-exec-5] o.s.web.filter.OncePerRequestFilter      :  Header :  Bearer eyJhbGciOiJIUzUxMiJ9.eyJzdWIiOiJhZG1pbkBnbWFpbC5jb20iLCJpYXQiOjE2ODg0NDc3NjIsImV4cCI6MTY4ODQ2NTc2Mn0.ReOuE3fcgDKHxMkg1udO4l2Pj6u2qeAYWX0uXjgWQ1BVf6-yFT-pyfh59yAiy_rdEN2kDZovM-gUPbLeskZyRw
2023-07-04T12:40:22.396+05:30  INFO 4476 --- [http-nio-8090-exec-8] o.s.web.filter.OncePerRequestFilter      :  Header :  Bearer eyJhbGciOiJIUzUxMiJ9.eyJzdWIiOiJhZG1pbkBnbWFpbC5jb20iLCJpYXQiOjE2ODg0NDc3NjIsImV4cCI6MTY4ODQ2NTc2Mn0.ReOuE3fcgDKHxMkg1udO4l2Pj6u2qeAYWX0uXjgWQ1BVf6-yFT-pyfh59yAiy_rdEN2kDZovM-gUPbLeskZyRw
2023-07-04T12:40:22.408+05:30  INFO 4476 --- [http-nio-8090-exec-9] o.s.web.filter.OncePerRequestFilter      :  Header :  Bearer eyJhbGciOiJIUzUxMiJ9.eyJzdWIiOiJhZG1pbkBnbWFpbC5jb20iLCJpYXQiOjE2ODg0NDc3NjIsImV4cCI6MTY4ODQ2NTc2Mn0.ReOuE3fcgDKHxMkg1udO4l2Pj6u2qeAYWX0uXjgWQ1BVf6-yFT-pyfh59yAiy_rdEN2kDZovM-gUPbLeskZyRw
2023-07-04T12:40:22.425+05:30  INFO 4476 --- [http-nio-8090-exec-6] o.s.web.filter.OncePerRequestFilter      :  Header :  Bearer eyJhbGciOiJIUzUxMiJ9.eyJzdWIiOiJhZG1pbkBnbWFpbC5jb20iLCJpYXQiOjE2ODg0NDc3NjIsImV4cCI6MTY4ODQ2NTc2Mn0.ReOuE3fcgDKHxMkg1udO4l2Pj6u2qeAYWX0uXjgWQ1BVf6-yFT-pyfh59yAiy_rdEN2kDZovM-gUPbLeskZyRw
2023-07-04T12:40:22.427+05:30  INFO 4476 --- [http-nio-8090-exec-3] o.s.web.filter.OncePerRequestFilter      :  Header :  Bearer eyJhbGciOiJIUzUxMiJ9.eyJzdWIiOiJhZG1pbkBnbWFpbC5jb20iLCJpYXQiOjE2ODg0NDc3NjIsImV4cCI6MTY4ODQ2NTc2Mn0.ReOuE3fcgDKHxMkg1udO4l2Pj6u2qeAYWX0uXjgWQ1BVf6-yFT-pyfh59yAiy_rdEN2kDZovM-gUPbLeskZyRw
2023-07-04T12:40:22.444+05:30  INFO 4476 --- [http-nio-8090-exec-10] o.s.web.filter.OncePerRequestFilter      :  Header :  Bearer eyJhbGciOiJIUzUxMiJ9.eyJzdWIiOiJhZG1pbkBnbWFpbC5jb20iLCJpYXQiOjE2ODg0NDc3NjIsImV4cCI6MTY4ODQ2NTc2Mn0.ReOuE3fcgDKHxMkg1udO4l2Pj6u2qeAYWX0uXjgWQ1BVf6-yFT-pyfh59yAiy_rdEN2kDZovM-gUPbLeskZyRw
2023-07-04T12:40:22.508+05:30  INFO 4476 --- [http-nio-8090-exec-1] o.s.web.filter.OncePerRequestFilter      :  Header :  Bearer eyJhbGciOiJIUzUxMiJ9.eyJzdWIiOiJhZG1pbkBnbWFpbC5jb20iLCJpYXQiOjE2ODg0NDc3NjIsImV4cCI6MTY4ODQ2NTc2Mn0.ReOuE3fcgDKHxMkg1udO4l2Pj6u2qeAYWX0uXjgWQ1BVf6-yFT-pyfh59yAiy_rdEN2kDZovM-gUPbLeskZyRw
2023-07-04T12:40:24.005+05:30  INFO 4476 --- [http-nio-8090-exec-7] o.s.web.filter.OncePerRequestFilter      :  Header :  Bearer eyJhbGciOiJIUzUxMiJ9.eyJzdWIiOiJhZG1pbkBnbWFpbC5jb20iLCJpYXQiOjE2ODg0NDc3NjIsImV4cCI6MTY4ODQ2NTc2Mn0.ReOuE3fcgDKHxMkg1udO4l2Pj6u2qeAYWX0uXjgWQ1BVf6-yFT-pyfh59yAiy_rdEN2kDZovM-gUPbLeskZyRw
2023-07-04T12:40:24.024+05:30  INFO 4476 --- [http-nio-8090-exec-7] c.p.A.Impl.DrugCatalogueServiceImpl      : [{id=648011f1029f637a5d28a7a7, name=Aspirin, price=50, type=Tablet, category=Aspirin is used to reduce fever}, {id=6480141f029f637a5d28a7ad, name=Amoxicillin, price=100, type=Capsule, category=Amoxicillin is a penicillin antibiotic}, {id=6480143d029f637a5d28a7af, name=Atorvastatin, price=130, type=Tablet, category=Cholesterol-lowering agent}, {id=6480144d029f637a5d28a7b0, name=Ibuprofen, price=200, type=Tablet, category=Nonsteroidal anti-inflammatory drug (NSAID)}, {id=648584915683641112507aa4, name=Paracetamol, price=120, type=Tablet, category=Pain reliever}, {id=64918f86f72e301ef847fea1, name=Lisinopril, price=80, type=Tablet, category=Antihypertensive}, {id=64918fa1f72e301ef847fea2, name=Metformin, price=70, type=Tablet, category=Antidiabetic}, {id=64918fb6f72e301ef847fea3, name=Cetirizine, price=60, type=Tablet, category=Antihistamine}]
2023-07-04T12:40:24.035+05:30  INFO 4476 --- [http-nio-8090-exec-5] o.s.web.filter.OncePerRequestFilter      :  Header :  Bearer eyJhbGciOiJIUzUxMiJ9.eyJzdWIiOiJhZG1pbkBnbWFpbC5jb20iLCJpYXQiOjE2ODg0NDc3NjIsImV4cCI6MTY4ODQ2NTc2Mn0.ReOuE3fcgDKHxMkg1udO4l2Pj6u2qeAYWX0uXjgWQ1BVf6-yFT-pyfh59yAiy_rdEN2kDZovM-gUPbLeskZyRw
2023-07-04T12:40:24.055+05:30  INFO 4476 --- [http-nio-8090-exec-5] c.p.A.Impl.DrugCatalogueServiceImpl      : [{id=648011f1029f637a5d28a7a7, name=Aspirin, price=50, type=Tablet, category=Aspirin is used to reduce fever}, {id=6480141f029f637a5d28a7ad, name=Amoxicillin, price=100, type=Capsule, category=Amoxicillin is a penicillin antibiotic}, {id=6480143d029f637a5d28a7af, name=Atorvastatin, price=130, type=Tablet, category=Cholesterol-lowering agent}, {id=6480144d029f637a5d28a7b0, name=Ibuprofen, price=200, type=Tablet, category=Nonsteroidal anti-inflammatory drug (NSAID)}, {id=648584915683641112507aa4, name=Paracetamol, price=120, type=Tablet, category=Pain reliever}, {id=64918f86f72e301ef847fea1, name=Lisinopril, price=80, type=Tablet, category=Antihypertensive}, {id=64918fa1f72e301ef847fea2, name=Metformin, price=70, type=Tablet, category=Antidiabetic}, {id=64918fb6f72e301ef847fea3, name=Cetirizine, price=60, type=Tablet, category=Antihistamine}]
2023-07-04T12:41:30.165+05:30  INFO 4476 --- [http-nio-8090-exec-8] o.s.web.filter.OncePerRequestFilter      :  Header :  Bearer eyJhbGciOiJIUzUxMiJ9.eyJzdWIiOiJhZG1pbkBnbWFpbC5jb20iLCJpYXQiOjE2ODg0NDc3NjIsImV4cCI6MTY4ODQ2NTc2Mn0.ReOuE3fcgDKHxMkg1udO4l2Pj6u2qeAYWX0uXjgWQ1BVf6-yFT-pyfh59yAiy_rdEN2kDZovM-gUPbLeskZyRw
2023-07-04T12:41:30.182+05:30  INFO 4476 --- [http-nio-8090-exec-8] c.p.A.Impl.DrugCatalogueServiceImpl      : [{id=648011f1029f637a5d28a7a7, name=Aspirin, price=50, type=Tablet, category=Aspirin is used to reduce fever}, {id=6480141f029f637a5d28a7ad, name=Amoxicillin, price=100, type=Capsule, category=Amoxicillin is a penicillin antibiotic}, {id=6480143d029f637a5d28a7af, name=Atorvastatin, price=130, type=Tablet, category=Cholesterol-lowering agent}, {id=6480144d029f637a5d28a7b0, name=Ibuprofen, price=200, type=Tablet, category=Nonsteroidal anti-inflammatory drug (NSAID)}, {id=648584915683641112507aa4, name=Paracetamol, price=120, type=Tablet, category=Pain reliever}, {id=64918f86f72e301ef847fea1, name=Lisinopril, price=80, type=Tablet, category=Antihypertensive}, {id=64918fa1f72e301ef847fea2, name=Metformin, price=70, type=Tablet, category=Antidiabetic}, {id=64918fb6f72e301ef847fea3, name=Cetirizine, price=60, type=Tablet, category=Antihistamine}]
2023-07-04T12:42:31.027+05:30  INFO 4476 --- [http-nio-8090-exec-1] o.s.web.filter.OncePerRequestFilter      :  Header :  Bearer eyJhbGciOiJIUzUxMiJ9.eyJzdWIiOiJhZG1pbkBnbWFpbC5jb20iLCJpYXQiOjE2ODg0NDc3NjIsImV4cCI6MTY4ODQ2NTc2Mn0.ReOuE3fcgDKHxMkg1udO4l2Pj6u2qeAYWX0uXjgWQ1BVf6-yFT-pyfh59yAiy_rdEN2kDZovM-gUPbLeskZyRw
2023-07-04T12:42:31.065+05:30  INFO 4476 --- [http-nio-8090-exec-7] o.s.web.filter.OncePerRequestFilter      :  Header :  Bearer eyJhbGciOiJIUzUxMiJ9.eyJzdWIiOiJhZG1pbkBnbWFpbC5jb20iLCJpYXQiOjE2ODg0NDc3NjIsImV4cCI6MTY4ODQ2NTc2Mn0.ReOuE3fcgDKHxMkg1udO4l2Pj6u2qeAYWX0uXjgWQ1BVf6-yFT-pyfh59yAiy_rdEN2kDZovM-gUPbLeskZyRw
2023-07-04T12:42:31.065+05:30  INFO 4476 --- [http-nio-8090-exec-5] o.s.web.filter.OncePerRequestFilter      :  Header :  Bearer eyJhbGciOiJIUzUxMiJ9.eyJzdWIiOiJhZG1pbkBnbWFpbC5jb20iLCJpYXQiOjE2ODg0NDc3NjIsImV4cCI6MTY4ODQ2NTc2Mn0.ReOuE3fcgDKHxMkg1udO4l2Pj6u2qeAYWX0uXjgWQ1BVf6-yFT-pyfh59yAiy_rdEN2kDZovM-gUPbLeskZyRw
2023-07-04T12:42:31.069+05:30  INFO 4476 --- [http-nio-8090-exec-4] o.s.web.filter.OncePerRequestFilter      :  Header :  Bearer eyJhbGciOiJIUzUxMiJ9.eyJzdWIiOiJhZG1pbkBnbWFpbC5jb20iLCJpYXQiOjE2ODg0NDc3NjIsImV4cCI6MTY4ODQ2NTc2Mn0.ReOuE3fcgDKHxMkg1udO4l2Pj6u2qeAYWX0uXjgWQ1BVf6-yFT-pyfh59yAiy_rdEN2kDZovM-gUPbLeskZyRw
2023-07-04T12:42:31.070+05:30  INFO 4476 --- [http-nio-8090-exec-2] o.s.web.filter.OncePerRequestFilter      :  Header :  Bearer eyJhbGciOiJIUzUxMiJ9.eyJzdWIiOiJhZG1pbkBnbWFpbC5jb20iLCJpYXQiOjE2ODg0NDc3NjIsImV4cCI6MTY4ODQ2NTc2Mn0.ReOuE3fcgDKHxMkg1udO4l2Pj6u2qeAYWX0uXjgWQ1BVf6-yFT-pyfh59yAiy_rdEN2kDZovM-gUPbLeskZyRw
2023-07-04T12:42:31.071+05:30  INFO 4476 --- [http-nio-8090-exec-9] o.s.web.filter.OncePerRequestFilter      :  Header :  Bearer eyJhbGciOiJIUzUxMiJ9.eyJzdWIiOiJhZG1pbkBnbWFpbC5jb20iLCJpYXQiOjE2ODg0NDc3NjIsImV4cCI6MTY4ODQ2NTc2Mn0.ReOuE3fcgDKHxMkg1udO4l2Pj6u2qeAYWX0uXjgWQ1BVf6-yFT-pyfh59yAiy_rdEN2kDZovM-gUPbLeskZyRw
2023-07-04T12:42:31.101+05:30  INFO 4476 --- [http-nio-8090-exec-9] o.s.web.filter.OncePerRequestFilter      :  Header :  Bearer eyJhbGciOiJIUzUxMiJ9.eyJzdWIiOiJhZG1pbkBnbWFpbC5jb20iLCJpYXQiOjE2ODg0NDc3NjIsImV4cCI6MTY4ODQ2NTc2Mn0.ReOuE3fcgDKHxMkg1udO4l2Pj6u2qeAYWX0uXjgWQ1BVf6-yFT-pyfh59yAiy_rdEN2kDZovM-gUPbLeskZyRw
2023-07-04T12:42:31.103+05:30  INFO 4476 --- [http-nio-8090-exec-10] o.s.web.filter.OncePerRequestFilter      :  Header :  Bearer eyJhbGciOiJIUzUxMiJ9.eyJzdWIiOiJhZG1pbkBnbWFpbC5jb20iLCJpYXQiOjE2ODg0NDc3NjIsImV4cCI6MTY4ODQ2NTc2Mn0.ReOuE3fcgDKHxMkg1udO4l2Pj6u2qeAYWX0uXjgWQ1BVf6-yFT-pyfh59yAiy_rdEN2kDZovM-gUPbLeskZyRw
2023-07-04T12:42:31.107+05:30  INFO 4476 --- [http-nio-8090-exec-8] o.s.web.filter.OncePerRequestFilter      :  Header :  Bearer eyJhbGciOiJIUzUxMiJ9.eyJzdWIiOiJhZG1pbkBnbWFpbC5jb20iLCJpYXQiOjE2ODg0NDc3NjIsImV4cCI6MTY4ODQ2NTc2Mn0.ReOuE3fcgDKHxMkg1udO4l2Pj6u2qeAYWX0uXjgWQ1BVf6-yFT-pyfh59yAiy_rdEN2kDZovM-gUPbLeskZyRw
2023-07-04T12:42:31.113+05:30  INFO 4476 --- [http-nio-8090-exec-6] o.s.web.filter.OncePerRequestFilter      :  Header :  Bearer eyJhbGciOiJIUzUxMiJ9.eyJzdWIiOiJhZG1pbkBnbWFpbC5jb20iLCJpYXQiOjE2ODg0NDc3NjIsImV4cCI6MTY4ODQ2NTc2Mn0.ReOuE3fcgDKHxMkg1udO4l2Pj6u2qeAYWX0uXjgWQ1BVf6-yFT-pyfh59yAiy_rdEN2kDZovM-gUPbLeskZyRw
2023-07-04T12:42:31.113+05:30  INFO 4476 --- [http-nio-8090-exec-1] o.s.web.filter.OncePerRequestFilter      :  Header :  Bearer eyJhbGciOiJIUzUxMiJ9.eyJzdWIiOiJhZG1pbkBnbWFpbC5jb20iLCJpYXQiOjE2ODg0NDc3NjIsImV4cCI6MTY4ODQ2NTc2Mn0.ReOuE3fcgDKHxMkg1udO4l2Pj6u2qeAYWX0uXjgWQ1BVf6-yFT-pyfh59yAiy_rdEN2kDZovM-gUPbLeskZyRw
2023-07-04T12:42:31.157+05:30  INFO 4476 --- [http-nio-8090-exec-5] o.s.web.filter.OncePerRequestFilter      :  Header :  Bearer eyJhbGciOiJIUzUxMiJ9.eyJzdWIiOiJhZG1pbkBnbWFpbC5jb20iLCJpYXQiOjE2ODg0NDc3NjIsImV4cCI6MTY4ODQ2NTc2Mn0.ReOuE3fcgDKHxMkg1udO4l2Pj6u2qeAYWX0uXjgWQ1BVf6-yFT-pyfh59yAiy_rdEN2kDZovM-gUPbLeskZyRw
2023-07-04T12:42:35.504+05:30  INFO 4476 --- [http-nio-8090-exec-7] o.s.web.filter.OncePerRequestFilter      :  Header :  Bearer eyJhbGciOiJIUzUxMiJ9.eyJzdWIiOiJhZG1pbkBnbWFpbC5jb20iLCJpYXQiOjE2ODg0NDc3NjIsImV4cCI6MTY4ODQ2NTc2Mn0.ReOuE3fcgDKHxMkg1udO4l2Pj6u2qeAYWX0uXjgWQ1BVf6-yFT-pyfh59yAiy_rdEN2kDZovM-gUPbLeskZyRw
2023-07-04T12:42:35.519+05:30  INFO 4476 --- [http-nio-8090-exec-4] o.s.web.filter.OncePerRequestFilter      :  Header :  Bearer eyJhbGciOiJIUzUxMiJ9.eyJzdWIiOiJhZG1pbkBnbWFpbC5jb20iLCJpYXQiOjE2ODg0NDc3NjIsImV4cCI6MTY4ODQ2NTc2Mn0.ReOuE3fcgDKHxMkg1udO4l2Pj6u2qeAYWX0uXjgWQ1BVf6-yFT-pyfh59yAiy_rdEN2kDZovM-gUPbLeskZyRw
2023-07-04T12:42:39.178+05:30  INFO 4476 --- [http-nio-8090-exec-2] o.s.web.filter.OncePerRequestFilter      :  Header :  Bearer eyJhbGciOiJIUzUxMiJ9.eyJzdWIiOiJhZG1pbkBnbWFpbC5jb20iLCJpYXQiOjE2ODg0NDc3NjIsImV4cCI6MTY4ODQ2NTc2Mn0.ReOuE3fcgDKHxMkg1udO4l2Pj6u2qeAYWX0uXjgWQ1BVf6-yFT-pyfh59yAiy_rdEN2kDZovM-gUPbLeskZyRw
2023-07-04T12:42:39.179+05:30  INFO 4476 --- [http-nio-8090-exec-3] o.s.web.filter.OncePerRequestFilter      :  Header :  Bearer eyJhbGciOiJIUzUxMiJ9.eyJzdWIiOiJhZG1pbkBnbWFpbC5jb20iLCJpYXQiOjE2ODg0NDc3NjIsImV4cCI6MTY4ODQ2NTc2Mn0.ReOuE3fcgDKHxMkg1udO4l2Pj6u2qeAYWX0uXjgWQ1BVf6-yFT-pyfh59yAiy_rdEN2kDZovM-gUPbLeskZyRw
2023-07-04T12:42:39.179+05:30  INFO 4476 --- [http-nio-8090-exec-9] o.s.web.filter.OncePerRequestFilter      :  Header :  Bearer eyJhbGciOiJIUzUxMiJ9.eyJzdWIiOiJhZG1pbkBnbWFpbC5jb20iLCJpYXQiOjE2ODg0NDc3NjIsImV4cCI6MTY4ODQ2NTc2Mn0.ReOuE3fcgDKHxMkg1udO4l2Pj6u2qeAYWX0uXjgWQ1BVf6-yFT-pyfh59yAiy_rdEN2kDZovM-gUPbLeskZyRw
2023-07-04T12:42:39.179+05:30  INFO 4476 --- [http-nio-8090-exec-8] o.s.web.filter.OncePerRequestFilter      :  Header :  Bearer eyJhbGciOiJIUzUxMiJ9.eyJzdWIiOiJhZG1pbkBnbWFpbC5jb20iLCJpYXQiOjE2ODg0NDc3NjIsImV4cCI6MTY4ODQ2NTc2Mn0.ReOuE3fcgDKHxMkg1udO4l2Pj6u2qeAYWX0uXjgWQ1BVf6-yFT-pyfh59yAiy_rdEN2kDZovM-gUPbLeskZyRw
2023-07-04T12:42:39.181+05:30  INFO 4476 --- [http-nio-8090-exec-10] o.s.web.filter.OncePerRequestFilter      :  Header :  Bearer eyJhbGciOiJIUzUxMiJ9.eyJzdWIiOiJhZG1pbkBnbWFpbC5jb20iLCJpYXQiOjE2ODg0NDc3NjIsImV4cCI6MTY4ODQ2NTc2Mn0.ReOuE3fcgDKHxMkg1udO4l2Pj6u2qeAYWX0uXjgWQ1BVf6-yFT-pyfh59yAiy_rdEN2kDZovM-gUPbLeskZyRw
2023-07-04T12:42:39.202+05:30  INFO 4476 --- [http-nio-8090-exec-9] o.s.web.filter.OncePerRequestFilter      :  Header :  Bearer eyJhbGciOiJIUzUxMiJ9.eyJzdWIiOiJhZG1pbkBnbWFpbC5jb20iLCJpYXQiOjE2ODg0NDc3NjIsImV4cCI6MTY4ODQ2NTc2Mn0.ReOuE3fcgDKHxMkg1udO4l2Pj6u2qeAYWX0uXjgWQ1BVf6-yFT-pyfh59yAiy_rdEN2kDZovM-gUPbLeskZyRw
2023-07-04T12:42:39.227+05:30  INFO 4476 --- [http-nio-8090-exec-6] o.s.web.filter.OncePerRequestFilter      :  Header :  Bearer eyJhbGciOiJIUzUxMiJ9.eyJzdWIiOiJhZG1pbkBnbWFpbC5jb20iLCJpYXQiOjE2ODg0NDc3NjIsImV4cCI6MTY4ODQ2NTc2Mn0.ReOuE3fcgDKHxMkg1udO4l2Pj6u2qeAYWX0uXjgWQ1BVf6-yFT-pyfh59yAiy_rdEN2kDZovM-gUPbLeskZyRw
2023-07-04T12:42:39.227+05:30  INFO 4476 --- [http-nio-8090-exec-5] o.s.web.filter.OncePerRequestFilter      :  Header :  Bearer eyJhbGciOiJIUzUxMiJ9.eyJzdWIiOiJhZG1pbkBnbWFpbC5jb20iLCJpYXQiOjE2ODg0NDc3NjIsImV4cCI6MTY4ODQ2NTc2Mn0.ReOuE3fcgDKHxMkg1udO4l2Pj6u2qeAYWX0uXjgWQ1BVf6-yFT-pyfh59yAiy_rdEN2kDZovM-gUPbLeskZyRw
2023-07-04T12:42:39.227+05:30  INFO 4476 --- [http-nio-8090-exec-1] o.s.web.filter.OncePerRequestFilter      :  Header :  Bearer eyJhbGciOiJIUzUxMiJ9.eyJzdWIiOiJhZG1pbkBnbWFpbC5jb20iLCJpYXQiOjE2ODg0NDc3NjIsImV4cCI6MTY4ODQ2NTc2Mn0.ReOuE3fcgDKHxMkg1udO4l2Pj6u2qeAYWX0uXjgWQ1BVf6-yFT-pyfh59yAiy_rdEN2kDZovM-gUPbLeskZyRw
2023-07-04T12:42:39.241+05:30  INFO 4476 --- [http-nio-8090-exec-4] o.s.web.filter.OncePerRequestFilter      :  Header :  Bearer eyJhbGciOiJIUzUxMiJ9.eyJzdWIiOiJhZG1pbkBnbWFpbC5jb20iLCJpYXQiOjE2ODg0NDc3NjIsImV4cCI6MTY4ODQ2NTc2Mn0.ReOuE3fcgDKHxMkg1udO4l2Pj6u2qeAYWX0uXjgWQ1BVf6-yFT-pyfh59yAiy_rdEN2kDZovM-gUPbLeskZyRw
2023-07-04T12:42:39.276+05:30  INFO 4476 --- [http-nio-8090-exec-2] o.s.web.filter.OncePerRequestFilter      :  Header :  Bearer eyJhbGciOiJIUzUxMiJ9.eyJzdWIiOiJhZG1pbkBnbWFpbC5jb20iLCJpYXQiOjE2ODg0NDc3NjIsImV4cCI6MTY4ODQ2NTc2Mn0.ReOuE3fcgDKHxMkg1udO4l2Pj6u2qeAYWX0uXjgWQ1BVf6-yFT-pyfh59yAiy_rdEN2kDZovM-gUPbLeskZyRw
2023-07-04T12:42:39.298+05:30  INFO 4476 --- [http-nio-8090-exec-3] o.s.web.filter.OncePerRequestFilter      :  Header :  Bearer eyJhbGciOiJIUzUxMiJ9.eyJzdWIiOiJhZG1pbkBnbWFpbC5jb20iLCJpYXQiOjE2ODg0NDc3NjIsImV4cCI6MTY4ODQ2NTc2Mn0.ReOuE3fcgDKHxMkg1udO4l2Pj6u2qeAYWX0uXjgWQ1BVf6-yFT-pyfh59yAiy_rdEN2kDZovM-gUPbLeskZyRw
2023-07-04T12:42:43.105+05:30  INFO 4476 --- [http-nio-8090-exec-8] o.s.web.filter.OncePerRequestFilter      :  Header :  Bearer eyJhbGciOiJIUzUxMiJ9.eyJzdWIiOiJhZG1pbkBnbWFpbC5jb20iLCJpYXQiOjE2ODg0NDc3NjIsImV4cCI6MTY4ODQ2NTc2Mn0.ReOuE3fcgDKHxMkg1udO4l2Pj6u2qeAYWX0uXjgWQ1BVf6-yFT-pyfh59yAiy_rdEN2kDZovM-gUPbLeskZyRw
2023-07-04T12:42:43.120+05:30  INFO 4476 --- [http-nio-8090-exec-9] o.s.web.filter.OncePerRequestFilter      :  Header :  Bearer eyJhbGciOiJIUzUxMiJ9.eyJzdWIiOiJhZG1pbkBnbWFpbC5jb20iLCJpYXQiOjE2ODg0NDc3NjIsImV4cCI6MTY4ODQ2NTc2Mn0.ReOuE3fcgDKHxMkg1udO4l2Pj6u2qeAYWX0uXjgWQ1BVf6-yFT-pyfh59yAiy_rdEN2kDZovM-gUPbLeskZyRw
2023-07-04T12:42:48.308+05:30  INFO 4476 --- [http-nio-8090-exec-10] o.s.web.filter.OncePerRequestFilter      :  Header :  Bearer eyJhbGciOiJIUzUxMiJ9.eyJzdWIiOiJhZG1pbkBnbWFpbC5jb20iLCJpYXQiOjE2ODg0NDc3NjIsImV4cCI6MTY4ODQ2NTc2Mn0.ReOuE3fcgDKHxMkg1udO4l2Pj6u2qeAYWX0uXjgWQ1BVf6-yFT-pyfh59yAiy_rdEN2kDZovM-gUPbLeskZyRw
2023-07-04T12:42:48.313+05:30  INFO 4476 --- [http-nio-8090-exec-7] o.s.web.filter.OncePerRequestFilter      :  Header :  Bearer eyJhbGciOiJIUzUxMiJ9.eyJzdWIiOiJhZG1pbkBnbWFpbC5jb20iLCJpYXQiOjE2ODg0NDc3NjIsImV4cCI6MTY4ODQ2NTc2Mn0.ReOuE3fcgDKHxMkg1udO4l2Pj6u2qeAYWX0uXjgWQ1BVf6-yFT-pyfh59yAiy_rdEN2kDZovM-gUPbLeskZyRw
2023-07-04T12:42:48.317+05:30  INFO 4476 --- [http-nio-8090-exec-5] o.s.web.filter.OncePerRequestFilter      :  Header :  Bearer eyJhbGciOiJIUzUxMiJ9.eyJzdWIiOiJhZG1pbkBnbWFpbC5jb20iLCJpYXQiOjE2ODg0NDc3NjIsImV4cCI6MTY4ODQ2NTc2Mn0.ReOuE3fcgDKHxMkg1udO4l2Pj6u2qeAYWX0uXjgWQ1BVf6-yFT-pyfh59yAiy_rdEN2kDZovM-gUPbLeskZyRw
2023-07-04T12:42:48.317+05:30  INFO 4476 --- [http-nio-8090-exec-1] o.s.web.filter.OncePerRequestFilter      :  Header :  Bearer eyJhbGciOiJIUzUxMiJ9.eyJzdWIiOiJhZG1pbkBnbWFpbC5jb20iLCJpYXQiOjE2ODg0NDc3NjIsImV4cCI6MTY4ODQ2NTc2Mn0.ReOuE3fcgDKHxMkg1udO4l2Pj6u2qeAYWX0uXjgWQ1BVf6-yFT-pyfh59yAiy_rdEN2kDZovM-gUPbLeskZyRw
2023-07-04T12:42:48.318+05:30  INFO 4476 --- [http-nio-8090-exec-4] o.s.web.filter.OncePerRequestFilter      :  Header :  Bearer eyJhbGciOiJIUzUxMiJ9.eyJzdWIiOiJhZG1pbkBnbWFpbC5jb20iLCJpYXQiOjE2ODg0NDc3NjIsImV4cCI6MTY4ODQ2NTc2Mn0.ReOuE3fcgDKHxMkg1udO4l2Pj6u2qeAYWX0uXjgWQ1BVf6-yFT-pyfh59yAiy_rdEN2kDZovM-gUPbLeskZyRw
2023-07-04T12:42:48.345+05:30  INFO 4476 --- [http-nio-8090-exec-6] o.s.web.filter.OncePerRequestFilter      :  Header :  Bearer eyJhbGciOiJIUzUxMiJ9.eyJzdWIiOiJhZG1pbkBnbWFpbC5jb20iLCJpYXQiOjE2ODg0NDc3NjIsImV4cCI6MTY4ODQ2NTc2Mn0.ReOuE3fcgDKHxMkg1udO4l2Pj6u2qeAYWX0uXjgWQ1BVf6-yFT-pyfh59yAiy_rdEN2kDZovM-gUPbLeskZyRw
2023-07-04T12:42:48.352+05:30  INFO 4476 --- [http-nio-8090-exec-8] o.s.web.filter.OncePerRequestFilter      :  Header :  Bearer eyJhbGciOiJIUzUxMiJ9.eyJzdWIiOiJhZG1pbkBnbWFpbC5jb20iLCJpYXQiOjE2ODg0NDc3NjIsImV4cCI6MTY4ODQ2NTc2Mn0.ReOuE3fcgDKHxMkg1udO4l2Pj6u2qeAYWX0uXjgWQ1BVf6-yFT-pyfh59yAiy_rdEN2kDZovM-gUPbLeskZyRw
2023-07-04T12:42:48.352+05:30  INFO 4476 --- [http-nio-8090-exec-2] o.s.web.filter.OncePerRequestFilter      :  Header :  Bearer eyJhbGciOiJIUzUxMiJ9.eyJzdWIiOiJhZG1pbkBnbWFpbC5jb20iLCJpYXQiOjE2ODg0NDc3NjIsImV4cCI6MTY4ODQ2NTc2Mn0.ReOuE3fcgDKHxMkg1udO4l2Pj6u2qeAYWX0uXjgWQ1BVf6-yFT-pyfh59yAiy_rdEN2kDZovM-gUPbLeskZyRw
2023-07-04T12:42:48.352+05:30  INFO 4476 --- [http-nio-8090-exec-3] o.s.web.filter.OncePerRequestFilter      :  Header :  Bearer eyJhbGciOiJIUzUxMiJ9.eyJzdWIiOiJhZG1pbkBnbWFpbC5jb20iLCJpYXQiOjE2ODg0NDc3NjIsImV4cCI6MTY4ODQ2NTc2Mn0.ReOuE3fcgDKHxMkg1udO4l2Pj6u2qeAYWX0uXjgWQ1BVf6-yFT-pyfh59yAiy_rdEN2kDZovM-gUPbLeskZyRw
2023-07-04T12:42:48.352+05:30  INFO 4476 --- [http-nio-8090-exec-9] o.s.web.filter.OncePerRequestFilter      :  Header :  Bearer eyJhbGciOiJIUzUxMiJ9.eyJzdWIiOiJhZG1pbkBnbWFpbC5jb20iLCJpYXQiOjE2ODg0NDc3NjIsImV4cCI6MTY4ODQ2NTc2Mn0.ReOuE3fcgDKHxMkg1udO4l2Pj6u2qeAYWX0uXjgWQ1BVf6-yFT-pyfh59yAiy_rdEN2kDZovM-gUPbLeskZyRw
2023-07-04T12:42:48.382+05:30  INFO 4476 --- [http-nio-8090-exec-10] o.s.web.filter.OncePerRequestFilter      :  Header :  Bearer eyJhbGciOiJIUzUxMiJ9.eyJzdWIiOiJhZG1pbkBnbWFpbC5jb20iLCJpYXQiOjE2ODg0NDc3NjIsImV4cCI6MTY4ODQ2NTc2Mn0.ReOuE3fcgDKHxMkg1udO4l2Pj6u2qeAYWX0uXjgWQ1BVf6-yFT-pyfh59yAiy_rdEN2kDZovM-gUPbLeskZyRw
2023-07-04T12:42:48.398+05:30  INFO 4476 --- [http-nio-8090-exec-4] o.s.web.filter.OncePerRequestFilter      :  Header :  Bearer eyJhbGciOiJIUzUxMiJ9.eyJzdWIiOiJhZG1pbkBnbWFpbC5jb20iLCJpYXQiOjE2ODg0NDc3NjIsImV4cCI6MTY4ODQ2NTc2Mn0.ReOuE3fcgDKHxMkg1udO4l2Pj6u2qeAYWX0uXjgWQ1BVf6-yFT-pyfh59yAiy_rdEN2kDZovM-gUPbLeskZyRw
2023-07-04T12:44:31.173+05:30  INFO 4476 --- [AsyncResolver-bootstrap-executor-0] c.n.d.s.r.aws.ConfigClusterResolver      : Resolving eureka endpoints via configuration
2023-07-04T12:45:24.174+05:30  INFO 4476 --- [http-nio-8090-exec-8] o.s.web.filter.OncePerRequestFilter      :  Header :  Bearer eyJhbGciOiJIUzUxMiJ9.eyJzdWIiOiJhZG1pbkBnbWFpbC5jb20iLCJpYXQiOjE2ODg0NDc3NjIsImV4cCI6MTY4ODQ2NTc2Mn0.ReOuE3fcgDKHxMkg1udO4l2Pj6u2qeAYWX0uXjgWQ1BVf6-yFT-pyfh59yAiy_rdEN2kDZovM-gUPbLeskZyRw
2023-07-04T12:45:24.199+05:30  INFO 4476 --- [http-nio-8090-exec-8] c.p.A.Impl.DrugCatalogueServiceImpl      : [{id=648011f1029f637a5d28a7a7, name=Aspirin, price=50, type=Tablet, category=Aspirin is used to reduce fever}, {id=6480141f029f637a5d28a7ad, name=Amoxicillin, price=100, type=Capsule, category=Amoxicillin is a penicillin antibiotic}, {id=6480143d029f637a5d28a7af, name=Atorvastatin, price=130, type=Tablet, category=Cholesterol-lowering agent}, {id=6480144d029f637a5d28a7b0, name=Ibuprofen, price=200, type=Tablet, category=Nonsteroidal anti-inflammatory drug (NSAID)}, {id=648584915683641112507aa4, name=Paracetamol, price=120, type=Tablet, category=Pain reliever}, {id=64918f86f72e301ef847fea1, name=Lisinopril, price=80, type=Tablet, category=Antihypertensive}, {id=64918fa1f72e301ef847fea2, name=Metformin, price=70, type=Tablet, category=Antidiabetic}, {id=64918fb6f72e301ef847fea3, name=Cetirizine, price=60, type=Tablet, category=Antihistamine}]
2023-07-04T12:45:24.205+05:30  INFO 4476 --- [http-nio-8090-exec-9] o.s.web.filter.OncePerRequestFilter      :  Header :  Bearer eyJhbGciOiJIUzUxMiJ9.eyJzdWIiOiJhZG1pbkBnbWFpbC5jb20iLCJpYXQiOjE2ODg0NDc3NjIsImV4cCI6MTY4ODQ2NTc2Mn0.ReOuE3fcgDKHxMkg1udO4l2Pj6u2qeAYWX0uXjgWQ1BVf6-yFT-pyfh59yAiy_rdEN2kDZovM-gUPbLeskZyRw
2023-07-04T12:45:24.216+05:30  INFO 4476 --- [http-nio-8090-exec-9] c.p.A.Impl.DrugCatalogueServiceImpl      : [{id=648011f1029f637a5d28a7a7, name=Aspirin, price=50, type=Tablet, category=Aspirin is used to reduce fever}, {id=6480141f029f637a5d28a7ad, name=Amoxicillin, price=100, type=Capsule, category=Amoxicillin is a penicillin antibiotic}, {id=6480143d029f637a5d28a7af, name=Atorvastatin, price=130, type=Tablet, category=Cholesterol-lowering agent}, {id=6480144d029f637a5d28a7b0, name=Ibuprofen, price=200, type=Tablet, category=Nonsteroidal anti-inflammatory drug (NSAID)}, {id=648584915683641112507aa4, name=Paracetamol, price=120, type=Tablet, category=Pain reliever}, {id=64918f86f72e301ef847fea1, name=Lisinopril, price=80, type=Tablet, category=Antihypertensive}, {id=64918fa1f72e301ef847fea2, name=Metformin, price=70, type=Tablet, category=Antidiabetic}, {id=64918fb6f72e301ef847fea3, name=Cetirizine, price=60, type=Tablet, category=Antihistamine}]
2023-07-04T12:45:35.156+05:30  INFO 4476 --- [http-nio-8090-exec-2] o.s.web.filter.OncePerRequestFilter      :  Header :  Bearer eyJhbGciOiJIUzUxMiJ9.eyJzdWIiOiJhZG1pbkBnbWFpbC5jb20iLCJpYXQiOjE2ODg0NDc3NjIsImV4cCI6MTY4ODQ2NTc2Mn0.ReOuE3fcgDKHxMkg1udO4l2Pj6u2qeAYWX0uXjgWQ1BVf6-yFT-pyfh59yAiy_rdEN2kDZovM-gUPbLeskZyRw
2023-07-04T12:45:35.167+05:30  INFO 4476 --- [http-nio-8090-exec-2] c.p.A.Impl.DrugCatalogueServiceImpl      : [{id=648011f1029f637a5d28a7a7, name=Aspirin, price=50, type=Tablet, category=Aspirin is used to reduce fever}, {id=6480141f029f637a5d28a7ad, name=Amoxicillin, price=100, type=Capsule, category=Amoxicillin is a penicillin antibiotic}, {id=6480143d029f637a5d28a7af, name=Atorvastatin, price=130, type=Tablet, category=Cholesterol-lowering agent}, {id=6480144d029f637a5d28a7b0, name=Ibuprofen, price=200, type=Tablet, category=Nonsteroidal anti-inflammatory drug (NSAID)}, {id=648584915683641112507aa4, name=Paracetamol, price=120, type=Tablet, category=Pain reliever}, {id=64918f86f72e301ef847fea1, name=Lisinopril, price=80, type=Tablet, category=Antihypertensive}, {id=64918fa1f72e301ef847fea2, name=Metformin, price=70, type=Tablet, category=Antidiabetic}, {id=64918fb6f72e301ef847fea3, name=Cetirizine, price=60, type=Tablet, category=Antihistamine}]
2023-07-04T12:45:42.382+05:30  INFO 4476 --- [http-nio-8090-exec-10] o.s.web.filter.OncePerRequestFilter      :  Header :  Bearer eyJhbGciOiJIUzUxMiJ9.eyJzdWIiOiJhZG1pbkBnbWFpbC5jb20iLCJpYXQiOjE2ODg0NDc3NjIsImV4cCI6MTY4ODQ2NTc2Mn0.ReOuE3fcgDKHxMkg1udO4l2Pj6u2qeAYWX0uXjgWQ1BVf6-yFT-pyfh59yAiy_rdEN2kDZovM-gUPbLeskZyRw
2023-07-04T12:45:42.397+05:30  INFO 4476 --- [http-nio-8090-exec-10] c.p.A.Impl.DrugCatalogueServiceImpl      : [{id=648011f1029f637a5d28a7a7, name=Aspirin, price=50, type=Tablet, category=Aspirin is used to reduce fever}, {id=6480141f029f637a5d28a7ad, name=Amoxicillin, price=100, type=Capsule, category=Amoxicillin is a penicillin antibiotic}, {id=6480143d029f637a5d28a7af, name=Atorvastatin, price=130, type=Tablet, category=Cholesterol-lowering agent}, {id=6480144d029f637a5d28a7b0, name=Ibuprofen, price=200, type=Tablet, category=Nonsteroidal anti-inflammatory drug (NSAID)}, {id=648584915683641112507aa4, name=Paracetamol, price=120, type=Tablet, category=Pain reliever}, {id=64918f86f72e301ef847fea1, name=Lisinopril, price=80, type=Tablet, category=Antihypertensive}, {id=64918fa1f72e301ef847fea2, name=Metformin, price=70, type=Tablet, category=Antidiabetic}, {id=64918fb6f72e301ef847fea3, name=Cetirizine, price=60, type=Tablet, category=Antihistamine}]
2023-07-04T12:46:04.162+05:30  INFO 4476 --- [http-nio-8090-exec-4] o.s.web.filter.OncePerRequestFilter      :  Header :  Bearer eyJhbGciOiJIUzUxMiJ9.eyJzdWIiOiJhZG1pbkBnbWFpbC5jb20iLCJpYXQiOjE2ODg0NDc3NjIsImV4cCI6MTY4ODQ2NTc2Mn0.ReOuE3fcgDKHxMkg1udO4l2Pj6u2qeAYWX0uXjgWQ1BVf6-yFT-pyfh59yAiy_rdEN2kDZovM-gUPbLeskZyRw
2023-07-04T12:46:04.174+05:30  INFO 4476 --- [http-nio-8090-exec-4] c.p.A.Impl.DrugCatalogueServiceImpl      : [{id=648011f1029f637a5d28a7a7, name=Aspirin, price=50, type=Tablet, category=Aspirin is used to reduce fever}, {id=6480141f029f637a5d28a7ad, name=Amoxicillin, price=100, type=Capsule, category=Amoxicillin is a penicillin antibiotic}, {id=6480143d029f637a5d28a7af, name=Atorvastatin, price=130, type=Tablet, category=Cholesterol-lowering agent}, {id=6480144d029f637a5d28a7b0, name=Ibuprofen, price=200, type=Tablet, category=Nonsteroidal anti-inflammatory drug (NSAID)}, {id=648584915683641112507aa4, name=Paracetamol, price=120, type=Tablet, category=Pain reliever}, {id=64918f86f72e301ef847fea1, name=Lisinopril, price=80, type=Tablet, category=Antihypertensive}, {id=64918fa1f72e301ef847fea2, name=Metformin, price=70, type=Tablet, category=Antidiabetic}, {id=64918fb6f72e301ef847fea3, name=Cetirizine, price=60, type=Tablet, category=Antihistamine}]
2023-07-04T12:46:54.174+05:30  INFO 4476 --- [http-nio-8090-exec-7] o.s.web.filter.OncePerRequestFilter      :  Header :  Bearer eyJhbGciOiJIUzUxMiJ9.eyJzdWIiOiJhZG1pbkBnbWFpbC5jb20iLCJpYXQiOjE2ODg0NDc3NjIsImV4cCI6MTY4ODQ2NTc2Mn0.ReOuE3fcgDKHxMkg1udO4l2Pj6u2qeAYWX0uXjgWQ1BVf6-yFT-pyfh59yAiy_rdEN2kDZovM-gUPbLeskZyRw
2023-07-04T12:46:54.195+05:30  INFO 4476 --- [http-nio-8090-exec-7] c.p.A.Impl.DrugCatalogueServiceImpl      : [{id=648011f1029f637a5d28a7a7, name=Aspirin, price=50, type=Tablet, category=Aspirin is used to reduce fever}, {id=6480141f029f637a5d28a7ad, name=Amoxicillin, price=100, type=Capsule, category=Amoxicillin is a penicillin antibiotic}, {id=6480143d029f637a5d28a7af, name=Atorvastatin, price=130, type=Tablet, category=Cholesterol-lowering agent}, {id=6480144d029f637a5d28a7b0, name=Ibuprofen, price=200, type=Tablet, category=Nonsteroidal anti-inflammatory drug (NSAID)}, {id=648584915683641112507aa4, name=Paracetamol, price=120, type=Tablet, category=Pain reliever}, {id=64918f86f72e301ef847fea1, name=Lisinopril, price=80, type=Tablet, category=Antihypertensive}, {id=64918fa1f72e301ef847fea2, name=Metformin, price=70, type=Tablet, category=Antidiabetic}, {id=64918fb6f72e301ef847fea3, name=Cetirizine, price=60, type=Tablet, category=Antihistamine}]
2023-07-04T12:47:05.134+05:30  INFO 4476 --- [http-nio-8090-exec-1] o.s.web.filter.OncePerRequestFilter      :  Header :  Bearer eyJhbGciOiJIUzUxMiJ9.eyJzdWIiOiJhZG1pbkBnbWFpbC5jb20iLCJpYXQiOjE2ODg0NDc3NjIsImV4cCI6MTY4ODQ2NTc2Mn0.ReOuE3fcgDKHxMkg1udO4l2Pj6u2qeAYWX0uXjgWQ1BVf6-yFT-pyfh59yAiy_rdEN2kDZovM-gUPbLeskZyRw
2023-07-04T12:47:05.160+05:30  INFO 4476 --- [http-nio-8090-exec-1] c.p.A.Impl.DrugCatalogueServiceImpl      : [{id=648011f1029f637a5d28a7a7, name=Aspirin, price=50, type=Tablet, category=Aspirin is used to reduce fever}, {id=6480141f029f637a5d28a7ad, name=Amoxicillin, price=100, type=Capsule, category=Amoxicillin is a penicillin antibiotic}, {id=6480143d029f637a5d28a7af, name=Atorvastatin, price=130, type=Tablet, category=Cholesterol-lowering agent}, {id=6480144d029f637a5d28a7b0, name=Ibuprofen, price=200, type=Tablet, category=Nonsteroidal anti-inflammatory drug (NSAID)}, {id=648584915683641112507aa4, name=Paracetamol, price=120, type=Tablet, category=Pain reliever}, {id=64918f86f72e301ef847fea1, name=Lisinopril, price=80, type=Tablet, category=Antihypertensive}, {id=64918fa1f72e301ef847fea2, name=Metformin, price=70, type=Tablet, category=Antidiabetic}, {id=64918fb6f72e301ef847fea3, name=Cetirizine, price=60, type=Tablet, category=Antihistamine}]
2023-07-04T12:47:19.543+05:30  INFO 4476 --- [http-nio-8090-exec-5] o.s.web.filter.OncePerRequestFilter      :  Header :  Bearer eyJhbGciOiJIUzUxMiJ9.eyJzdWIiOiJhZG1pbkBnbWFpbC5jb20iLCJpYXQiOjE2ODg0NDc3NjIsImV4cCI6MTY4ODQ2NTc2Mn0.ReOuE3fcgDKHxMkg1udO4l2Pj6u2qeAYWX0uXjgWQ1BVf6-yFT-pyfh59yAiy_rdEN2kDZovM-gUPbLeskZyRw
2023-07-04T12:47:19.559+05:30  INFO 4476 --- [http-nio-8090-exec-5] c.p.A.Impl.DrugCatalogueServiceImpl      : [{id=648011f1029f637a5d28a7a7, name=Aspirin, price=50, type=Tablet, category=Aspirin is used to reduce fever}, {id=6480141f029f637a5d28a7ad, name=Amoxicillin, price=100, type=Capsule, category=Amoxicillin is a penicillin antibiotic}, {id=6480143d029f637a5d28a7af, name=Atorvastatin, price=130, type=Tablet, category=Cholesterol-lowering agent}, {id=6480144d029f637a5d28a7b0, name=Ibuprofen, price=200, type=Tablet, category=Nonsteroidal anti-inflammatory drug (NSAID)}, {id=648584915683641112507aa4, name=Paracetamol, price=120, type=Tablet, category=Pain reliever}, {id=64918f86f72e301ef847fea1, name=Lisinopril, price=80, type=Tablet, category=Antihypertensive}, {id=64918fa1f72e301ef847fea2, name=Metformin, price=70, type=Tablet, category=Antidiabetic}, {id=64918fb6f72e301ef847fea3, name=Cetirizine, price=60, type=Tablet, category=Antihistamine}]
2023-07-04T12:49:19.161+05:30  INFO 4476 --- [http-nio-8090-exec-6] o.s.web.filter.OncePerRequestFilter      :  Header :  Bearer eyJhbGciOiJIUzUxMiJ9.eyJzdWIiOiJhZG1pbkBnbWFpbC5jb20iLCJpYXQiOjE2ODg0NDc3NjIsImV4cCI6MTY4ODQ2NTc2Mn0.ReOuE3fcgDKHxMkg1udO4l2Pj6u2qeAYWX0uXjgWQ1BVf6-yFT-pyfh59yAiy_rdEN2kDZovM-gUPbLeskZyRw
2023-07-04T12:49:19.176+05:30  INFO 4476 --- [http-nio-8090-exec-6] c.p.A.Impl.DrugCatalogueServiceImpl      : [{id=648011f1029f637a5d28a7a7, name=Aspirin, price=50, type=Tablet, category=Aspirin is used to reduce fever}, {id=6480141f029f637a5d28a7ad, name=Amoxicillin, price=100, type=Capsule, category=Amoxicillin is a penicillin antibiotic}, {id=6480143d029f637a5d28a7af, name=Atorvastatin, price=130, type=Tablet, category=Cholesterol-lowering agent}, {id=6480144d029f637a5d28a7b0, name=Ibuprofen, price=200, type=Tablet, category=Nonsteroidal anti-inflammatory drug (NSAID)}, {id=648584915683641112507aa4, name=Paracetamol, price=120, type=Tablet, category=Pain reliever}, {id=64918f86f72e301ef847fea1, name=Lisinopril, price=80, type=Tablet, category=Antihypertensive}, {id=64918fa1f72e301ef847fea2, name=Metformin, price=70, type=Tablet, category=Antidiabetic}, {id=64918fb6f72e301ef847fea3, name=Cetirizine, price=60, type=Tablet, category=Antihistamine}]
2023-07-04T12:49:31.182+05:30  INFO 4476 --- [AsyncResolver-bootstrap-executor-0] c.n.d.s.r.aws.ConfigClusterResolver      : Resolving eureka endpoints via configuration
2023-07-04T12:50:07.690+05:30  INFO 4476 --- [http-nio-8090-exec-8] o.s.web.filter.OncePerRequestFilter      :  Header :  Bearer eyJhbGciOiJIUzUxMiJ9.eyJzdWIiOiJhZG1pbkBnbWFpbC5jb20iLCJpYXQiOjE2ODg0NDc3NjIsImV4cCI6MTY4ODQ2NTc2Mn0.ReOuE3fcgDKHxMkg1udO4l2Pj6u2qeAYWX0uXjgWQ1BVf6-yFT-pyfh59yAiy_rdEN2kDZovM-gUPbLeskZyRw
2023-07-04T12:50:07.709+05:30  INFO 4476 --- [http-nio-8090-exec-8] c.p.A.Impl.DrugCatalogueServiceImpl      : [{id=648011f1029f637a5d28a7a7, name=Aspirin, price=50, type=Tablet, category=Aspirin is used to reduce fever}, {id=6480141f029f637a5d28a7ad, name=Amoxicillin, price=100, type=Capsule, category=Amoxicillin is a penicillin antibiotic}, {id=6480143d029f637a5d28a7af, name=Atorvastatin, price=130, type=Tablet, category=Cholesterol-lowering agent}, {id=6480144d029f637a5d28a7b0, name=Ibuprofen, price=200, type=Tablet, category=Nonsteroidal anti-inflammatory drug (NSAID)}, {id=648584915683641112507aa4, name=Paracetamol, price=120, type=Tablet, category=Pain reliever}, {id=64918f86f72e301ef847fea1, name=Lisinopril, price=80, type=Tablet, category=Antihypertensive}, {id=64918fa1f72e301ef847fea2, name=Metformin, price=70, type=Tablet, category=Antidiabetic}, {id=64918fb6f72e301ef847fea3, name=Cetirizine, price=60, type=Tablet, category=Antihistamine}]
2023-07-04T12:51:42.068+05:30  INFO 4476 --- [http-nio-8090-exec-2] o.s.web.filter.OncePerRequestFilter      :  Header :  Bearer eyJhbGciOiJIUzUxMiJ9.eyJzdWIiOiJhZG1pbkBnbWFpbC5jb20iLCJpYXQiOjE2ODg0NDc3NjIsImV4cCI6MTY4ODQ2NTc2Mn0.ReOuE3fcgDKHxMkg1udO4l2Pj6u2qeAYWX0uXjgWQ1BVf6-yFT-pyfh59yAiy_rdEN2kDZovM-gUPbLeskZyRw
2023-07-04T12:51:42.094+05:30  INFO 4476 --- [http-nio-8090-exec-2] c.p.A.Impl.DrugCatalogueServiceImpl      : [{id=648011f1029f637a5d28a7a7, name=Aspirin, price=50, type=Tablet, category=Aspirin is used to reduce fever}, {id=6480141f029f637a5d28a7ad, name=Amoxicillin, price=100, type=Capsule, category=Amoxicillin is a penicillin antibiotic}, {id=6480143d029f637a5d28a7af, name=Atorvastatin, price=130, type=Tablet, category=Cholesterol-lowering agent}, {id=6480144d029f637a5d28a7b0, name=Ibuprofen, price=200, type=Tablet, category=Nonsteroidal anti-inflammatory drug (NSAID)}, {id=648584915683641112507aa4, name=Paracetamol, price=120, type=Tablet, category=Pain reliever}, {id=64918f86f72e301ef847fea1, name=Lisinopril, price=80, type=Tablet, category=Antihypertensive}, {id=64918fa1f72e301ef847fea2, name=Metformin, price=70, type=Tablet, category=Antidiabetic}, {id=64918fb6f72e301ef847fea3, name=Cetirizine, price=60, type=Tablet, category=Antihistamine}]
2023-07-04T12:54:31.188+05:30  INFO 4476 --- [AsyncResolver-bootstrap-executor-0] c.n.d.s.r.aws.ConfigClusterResolver      : Resolving eureka endpoints via configuration
2023-07-04T12:54:36.163+05:30  INFO 4476 --- [http-nio-8090-exec-4] o.s.web.filter.OncePerRequestFilter      :  Header :  Bearer eyJhbGciOiJIUzUxMiJ9.eyJzdWIiOiJhZG1pbkBnbWFpbC5jb20iLCJpYXQiOjE2ODg0NDc3NjIsImV4cCI6MTY4ODQ2NTc2Mn0.ReOuE3fcgDKHxMkg1udO4l2Pj6u2qeAYWX0uXjgWQ1BVf6-yFT-pyfh59yAiy_rdEN2kDZovM-gUPbLeskZyRw
2023-07-04T12:54:36.181+05:30  INFO 4476 --- [http-nio-8090-exec-4] c.p.A.Impl.DrugCatalogueServiceImpl      : [{id=648011f1029f637a5d28a7a7, name=Aspirin, price=50, type=Tablet, category=Aspirin is used to reduce fever}, {id=6480141f029f637a5d28a7ad, name=Amoxicillin, price=100, type=Capsule, category=Amoxicillin is a penicillin antibiotic}, {id=6480143d029f637a5d28a7af, name=Atorvastatin, price=130, type=Tablet, category=Cholesterol-lowering agent}, {id=6480144d029f637a5d28a7b0, name=Ibuprofen, price=200, type=Tablet, category=Nonsteroidal anti-inflammatory drug (NSAID)}, {id=648584915683641112507aa4, name=Paracetamol, price=120, type=Tablet, category=Pain reliever}, {id=64918f86f72e301ef847fea1, name=Lisinopril, price=80, type=Tablet, category=Antihypertensive}, {id=64918fa1f72e301ef847fea2, name=Metformin, price=70, type=Tablet, category=Antidiabetic}, {id=64918fb6f72e301ef847fea3, name=Cetirizine, price=60, type=Tablet, category=Antihistamine}]
2023-07-04T12:57:17.163+05:30  INFO 4476 --- [http-nio-8090-exec-1] o.s.web.filter.OncePerRequestFilter      :  Header :  Bearer eyJhbGciOiJIUzUxMiJ9.eyJzdWIiOiJhZG1pbkBnbWFpbC5jb20iLCJpYXQiOjE2ODg0NDc3NjIsImV4cCI6MTY4ODQ2NTc2Mn0.ReOuE3fcgDKHxMkg1udO4l2Pj6u2qeAYWX0uXjgWQ1BVf6-yFT-pyfh59yAiy_rdEN2kDZovM-gUPbLeskZyRw
2023-07-04T12:57:17.183+05:30  INFO 4476 --- [http-nio-8090-exec-1] c.p.A.Impl.DrugCatalogueServiceImpl      : [{id=648011f1029f637a5d28a7a7, name=Aspirin, price=50, type=Tablet, category=Aspirin is used to reduce fever}, {id=6480141f029f637a5d28a7ad, name=Amoxicillin, price=100, type=Capsule, category=Amoxicillin is a penicillin antibiotic}, {id=6480143d029f637a5d28a7af, name=Atorvastatin, price=130, type=Tablet, category=Cholesterol-lowering agent}, {id=6480144d029f637a5d28a7b0, name=Ibuprofen, price=200, type=Tablet, category=Nonsteroidal anti-inflammatory drug (NSAID)}, {id=648584915683641112507aa4, name=Paracetamol, price=120, type=Tablet, category=Pain reliever}, {id=64918f86f72e301ef847fea1, name=Lisinopril, price=80, type=Tablet, category=Antihypertensive}, {id=64918fa1f72e301ef847fea2, name=Metformin, price=70, type=Tablet, category=Antidiabetic}, {id=64918fb6f72e301ef847fea3, name=Cetirizine, price=60, type=Tablet, category=Antihistamine}]
2023-07-04T12:59:25.170+05:30  INFO 4476 --- [http-nio-8090-exec-3] o.s.web.filter.OncePerRequestFilter      :  Header :  Bearer eyJhbGciOiJIUzUxMiJ9.eyJzdWIiOiJhZG1pbkBnbWFpbC5jb20iLCJpYXQiOjE2ODg0NDc3NjIsImV4cCI6MTY4ODQ2NTc2Mn0.ReOuE3fcgDKHxMkg1udO4l2Pj6u2qeAYWX0uXjgWQ1BVf6-yFT-pyfh59yAiy_rdEN2kDZovM-gUPbLeskZyRw
2023-07-04T12:59:25.185+05:30  INFO 4476 --- [http-nio-8090-exec-3] c.p.A.Impl.DrugCatalogueServiceImpl      : [{id=648011f1029f637a5d28a7a7, name=Aspirin, price=50, type=Tablet, category=Aspirin is used to reduce fever}, {id=6480141f029f637a5d28a7ad, name=Amoxicillin, price=100, type=Capsule, category=Amoxicillin is a penicillin antibiotic}, {id=6480143d029f637a5d28a7af, name=Atorvastatin, price=130, type=Tablet, category=Cholesterol-lowering agent}, {id=6480144d029f637a5d28a7b0, name=Ibuprofen, price=200, type=Tablet, category=Nonsteroidal anti-inflammatory drug (NSAID)}, {id=648584915683641112507aa4, name=Paracetamol, price=120, type=Tablet, category=Pain reliever}, {id=64918f86f72e301ef847fea1, name=Lisinopril, price=80, type=Tablet, category=Antihypertensive}, {id=64918fa1f72e301ef847fea2, name=Metformin, price=70, type=Tablet, category=Antidiabetic}, {id=64918fb6f72e301ef847fea3, name=Cetirizine, price=60, type=Tablet, category=Antihistamine}]
2023-07-04T12:59:31.193+05:30  INFO 4476 --- [AsyncResolver-bootstrap-executor-0] c.n.d.s.r.aws.ConfigClusterResolver      : Resolving eureka endpoints via configuration
2023-07-04T12:59:47.838+05:30  INFO 4476 --- [http-nio-8090-exec-6] o.s.web.filter.OncePerRequestFilter      :  Header :  Bearer eyJhbGciOiJIUzUxMiJ9.eyJzdWIiOiJhZG1pbkBnbWFpbC5jb20iLCJpYXQiOjE2ODg0NDc3NjIsImV4cCI6MTY4ODQ2NTc2Mn0.ReOuE3fcgDKHxMkg1udO4l2Pj6u2qeAYWX0uXjgWQ1BVf6-yFT-pyfh59yAiy_rdEN2kDZovM-gUPbLeskZyRw
2023-07-04T12:59:47.868+05:30  INFO 4476 --- [http-nio-8090-exec-6] c.p.A.Impl.DrugCatalogueServiceImpl      : [{id=648011f1029f637a5d28a7a7, name=Aspirin, price=50, type=Tablet, category=Aspirin is used to reduce fever}, {id=6480141f029f637a5d28a7ad, name=Amoxicillin, price=100, type=Capsule, category=Amoxicillin is a penicillin antibiotic}, {id=6480143d029f637a5d28a7af, name=Atorvastatin, price=130, type=Tablet, category=Cholesterol-lowering agent}, {id=6480144d029f637a5d28a7b0, name=Ibuprofen, price=200, type=Tablet, category=Nonsteroidal anti-inflammatory drug (NSAID)}, {id=648584915683641112507aa4, name=Paracetamol, price=120, type=Tablet, category=Pain reliever}, {id=64918f86f72e301ef847fea1, name=Lisinopril, price=80, type=Tablet, category=Antihypertensive}, {id=64918fa1f72e301ef847fea2, name=Metformin, price=70, type=Tablet, category=Antidiabetic}, {id=64918fb6f72e301ef847fea3, name=Cetirizine, price=60, type=Tablet, category=Antihistamine}]
2023-07-04T13:03:11.174+05:30  INFO 4476 --- [http-nio-8090-exec-9] o.s.web.filter.OncePerRequestFilter      :  Header :  Bearer eyJhbGciOiJIUzUxMiJ9.eyJzdWIiOiJhZG1pbkBnbWFpbC5jb20iLCJpYXQiOjE2ODg0NDc3NjIsImV4cCI6MTY4ODQ2NTc2Mn0.ReOuE3fcgDKHxMkg1udO4l2Pj6u2qeAYWX0uXjgWQ1BVf6-yFT-pyfh59yAiy_rdEN2kDZovM-gUPbLeskZyRw
2023-07-04T13:03:11.201+05:30  INFO 4476 --- [http-nio-8090-exec-9] c.p.A.Impl.DrugCatalogueServiceImpl      : [{id=648011f1029f637a5d28a7a7, name=Aspirin, price=50, type=Tablet, category=Aspirin is used to reduce fever}, {id=6480141f029f637a5d28a7ad, name=Amoxicillin, price=100, type=Capsule, category=Amoxicillin is a penicillin antibiotic}, {id=6480143d029f637a5d28a7af, name=Atorvastatin, price=130, type=Tablet, category=Cholesterol-lowering agent}, {id=6480144d029f637a5d28a7b0, name=Ibuprofen, price=200, type=Tablet, category=Nonsteroidal anti-inflammatory drug (NSAID)}, {id=648584915683641112507aa4, name=Paracetamol, price=120, type=Tablet, category=Pain reliever}, {id=64918f86f72e301ef847fea1, name=Lisinopril, price=80, type=Tablet, category=Antihypertensive}, {id=64918fa1f72e301ef847fea2, name=Metformin, price=70, type=Tablet, category=Antidiabetic}, {id=64918fb6f72e301ef847fea3, name=Cetirizine, price=60, type=Tablet, category=Antihistamine}]
2023-07-04T13:03:58.184+05:30  INFO 4476 --- [http-nio-8090-exec-2] o.s.web.filter.OncePerRequestFilter      :  Header :  Bearer eyJhbGciOiJIUzUxMiJ9.eyJzdWIiOiJhZG1pbkBnbWFpbC5jb20iLCJpYXQiOjE2ODg0NDc3NjIsImV4cCI6MTY4ODQ2NTc2Mn0.ReOuE3fcgDKHxMkg1udO4l2Pj6u2qeAYWX0uXjgWQ1BVf6-yFT-pyfh59yAiy_rdEN2kDZovM-gUPbLeskZyRw
2023-07-04T13:03:58.234+05:30  INFO 4476 --- [http-nio-8090-exec-2] c.p.A.Impl.DrugCatalogueServiceImpl      : [{id=648011f1029f637a5d28a7a7, name=Aspirin, price=50, type=Tablet, category=Aspirin is used to reduce fever}, {id=6480141f029f637a5d28a7ad, name=Amoxicillin, price=100, type=Capsule, category=Amoxicillin is a penicillin antibiotic}, {id=6480143d029f637a5d28a7af, name=Atorvastatin, price=130, type=Tablet, category=Cholesterol-lowering agent}, {id=6480144d029f637a5d28a7b0, name=Ibuprofen, price=200, type=Tablet, category=Nonsteroidal anti-inflammatory drug (NSAID)}, {id=648584915683641112507aa4, name=Paracetamol, price=120, type=Tablet, category=Pain reliever}, {id=64918f86f72e301ef847fea1, name=Lisinopril, price=80, type=Tablet, category=Antihypertensive}, {id=64918fa1f72e301ef847fea2, name=Metformin, price=70, type=Tablet, category=Antidiabetic}, {id=64918fb6f72e301ef847fea3, name=Cetirizine, price=60, type=Tablet, category=Antihistamine}]
2023-07-04T13:04:31.204+05:30  INFO 4476 --- [AsyncResolver-bootstrap-executor-0] c.n.d.s.r.aws.ConfigClusterResolver      : Resolving eureka endpoints via configuration
2023-07-04T13:06:59.655+05:30  INFO 4476 --- [http-nio-8090-exec-4] o.s.web.filter.OncePerRequestFilter      :  Header :  Bearer eyJhbGciOiJIUzUxMiJ9.eyJzdWIiOiJhZG1pbkBnbWFpbC5jb20iLCJpYXQiOjE2ODg0NDc3NjIsImV4cCI6MTY4ODQ2NTc2Mn0.ReOuE3fcgDKHxMkg1udO4l2Pj6u2qeAYWX0uXjgWQ1BVf6-yFT-pyfh59yAiy_rdEN2kDZovM-gUPbLeskZyRw
2023-07-04T13:06:59.674+05:30  INFO 4476 --- [http-nio-8090-exec-4] c.p.A.Impl.DrugCatalogueServiceImpl      : [{id=648011f1029f637a5d28a7a7, name=Aspirin, price=50, type=Tablet, category=Aspirin is used to reduce fever}, {id=6480141f029f637a5d28a7ad, name=Amoxicillin, price=100, type=Capsule, category=Amoxicillin is a penicillin antibiotic}, {id=6480143d029f637a5d28a7af, name=Atorvastatin, price=130, type=Tablet, category=Cholesterol-lowering agent}, {id=6480144d029f637a5d28a7b0, name=Ibuprofen, price=200, type=Tablet, category=Nonsteroidal anti-inflammatory drug (NSAID)}, {id=648584915683641112507aa4, name=Paracetamol, price=120, type=Tablet, category=Pain reliever}, {id=64918f86f72e301ef847fea1, name=Lisinopril, price=80, type=Tablet, category=Antihypertensive}, {id=64918fa1f72e301ef847fea2, name=Metformin, price=70, type=Tablet, category=Antidiabetic}, {id=64918fb6f72e301ef847fea3, name=Cetirizine, price=60, type=Tablet, category=Antihistamine}]
2023-07-04T13:07:33.870+05:30  INFO 4476 --- [http-nio-8090-exec-7] o.s.web.filter.OncePerRequestFilter      :  Header :  Bearer eyJhbGciOiJIUzUxMiJ9.eyJzdWIiOiJhZG1pbkBnbWFpbC5jb20iLCJpYXQiOjE2ODg0NDc3NjIsImV4cCI6MTY4ODQ2NTc2Mn0.ReOuE3fcgDKHxMkg1udO4l2Pj6u2qeAYWX0uXjgWQ1BVf6-yFT-pyfh59yAiy_rdEN2kDZovM-gUPbLeskZyRw
2023-07-04T13:07:33.898+05:30  INFO 4476 --- [http-nio-8090-exec-7] c.p.A.Impl.DrugCatalogueServiceImpl      : [{id=648011f1029f637a5d28a7a7, name=Aspirin, price=50, type=Tablet, category=Aspirin is used to reduce fever}, {id=6480141f029f637a5d28a7ad, name=Amoxicillin, price=100, type=Capsule, category=Amoxicillin is a penicillin antibiotic}, {id=6480143d029f637a5d28a7af, name=Atorvastatin, price=130, type=Tablet, category=Cholesterol-lowering agent}, {id=6480144d029f637a5d28a7b0, name=Ibuprofen, price=200, type=Tablet, category=Nonsteroidal anti-inflammatory drug (NSAID)}, {id=648584915683641112507aa4, name=Paracetamol, price=120, type=Tablet, category=Pain reliever}, {id=64918f86f72e301ef847fea1, name=Lisinopril, price=80, type=Tablet, category=Antihypertensive}, {id=64918fa1f72e301ef847fea2, name=Metformin, price=70, type=Tablet, category=Antidiabetic}, {id=64918fb6f72e301ef847fea3, name=Cetirizine, price=60, type=Tablet, category=Antihistamine}]
2023-07-04T13:09:03.200+05:30  INFO 4476 --- [http-nio-8090-exec-5] o.s.web.filter.OncePerRequestFilter      :  Header :  Bearer eyJhbGciOiJIUzUxMiJ9.eyJzdWIiOiJhZG1pbkBnbWFpbC5jb20iLCJpYXQiOjE2ODg0NDc3NjIsImV4cCI6MTY4ODQ2NTc2Mn0.ReOuE3fcgDKHxMkg1udO4l2Pj6u2qeAYWX0uXjgWQ1BVf6-yFT-pyfh59yAiy_rdEN2kDZovM-gUPbLeskZyRw
2023-07-04T13:09:03.218+05:30  INFO 4476 --- [http-nio-8090-exec-5] c.p.A.Impl.DrugCatalogueServiceImpl      : [{id=648011f1029f637a5d28a7a7, name=Aspirin, price=50, type=Tablet, category=Aspirin is used to reduce fever}, {id=6480141f029f637a5d28a7ad, name=Amoxicillin, price=100, type=Capsule, category=Amoxicillin is a penicillin antibiotic}, {id=6480143d029f637a5d28a7af, name=Atorvastatin, price=130, type=Tablet, category=Cholesterol-lowering agent}, {id=6480144d029f637a5d28a7b0, name=Ibuprofen, price=200, type=Tablet, category=Nonsteroidal anti-inflammatory drug (NSAID)}, {id=648584915683641112507aa4, name=Paracetamol, price=120, type=Tablet, category=Pain reliever}, {id=64918f86f72e301ef847fea1, name=Lisinopril, price=80, type=Tablet, category=Antihypertensive}, {id=64918fa1f72e301ef847fea2, name=Metformin, price=70, type=Tablet, category=Antidiabetic}, {id=64918fb6f72e301ef847fea3, name=Cetirizine, price=60, type=Tablet, category=Antihistamine}]
2023-07-04T13:09:31.218+05:30  INFO 4476 --- [AsyncResolver-bootstrap-executor-0] c.n.d.s.r.aws.ConfigClusterResolver      : Resolving eureka endpoints via configuration
2023-07-04T13:10:08.178+05:30  INFO 4476 --- [http-nio-8090-exec-6] o.s.web.filter.OncePerRequestFilter      :  Header :  Bearer eyJhbGciOiJIUzUxMiJ9.eyJzdWIiOiJhZG1pbkBnbWFpbC5jb20iLCJpYXQiOjE2ODg0NDc3NjIsImV4cCI6MTY4ODQ2NTc2Mn0.ReOuE3fcgDKHxMkg1udO4l2Pj6u2qeAYWX0uXjgWQ1BVf6-yFT-pyfh59yAiy_rdEN2kDZovM-gUPbLeskZyRw
2023-07-04T13:10:08.198+05:30  INFO 4476 --- [http-nio-8090-exec-6] c.p.A.Impl.DrugCatalogueServiceImpl      : [{id=648011f1029f637a5d28a7a7, name=Aspirin, price=50, type=Tablet, category=Aspirin is used to reduce fever}, {id=6480141f029f637a5d28a7ad, name=Amoxicillin, price=100, type=Capsule, category=Amoxicillin is a penicillin antibiotic}, {id=6480143d029f637a5d28a7af, name=Atorvastatin, price=130, type=Tablet, category=Cholesterol-lowering agent}, {id=6480144d029f637a5d28a7b0, name=Ibuprofen, price=200, type=Tablet, category=Nonsteroidal anti-inflammatory drug (NSAID)}, {id=648584915683641112507aa4, name=Paracetamol, price=120, type=Tablet, category=Pain reliever}, {id=64918f86f72e301ef847fea1, name=Lisinopril, price=80, type=Tablet, category=Antihypertensive}, {id=64918fa1f72e301ef847fea2, name=Metformin, price=70, type=Tablet, category=Antidiabetic}, {id=64918fb6f72e301ef847fea3, name=Cetirizine, price=60, type=Tablet, category=Antihistamine}]
2023-07-04T13:10:44.009+05:30  INFO 4476 --- [http-nio-8090-exec-8] o.s.web.filter.OncePerRequestFilter      :  Header :  Bearer eyJhbGciOiJIUzUxMiJ9.eyJzdWIiOiJhZG1pbkBnbWFpbC5jb20iLCJpYXQiOjE2ODg0NDc3NjIsImV4cCI6MTY4ODQ2NTc2Mn0.ReOuE3fcgDKHxMkg1udO4l2Pj6u2qeAYWX0uXjgWQ1BVf6-yFT-pyfh59yAiy_rdEN2kDZovM-gUPbLeskZyRw
2023-07-04T13:10:44.026+05:30  INFO 4476 --- [http-nio-8090-exec-8] c.p.A.Impl.DrugCatalogueServiceImpl      : [{id=648011f1029f637a5d28a7a7, name=Aspirin, price=50, type=Tablet, category=Aspirin is used to reduce fever}, {id=6480141f029f637a5d28a7ad, name=Amoxicillin, price=100, type=Capsule, category=Amoxicillin is a penicillin antibiotic}, {id=6480143d029f637a5d28a7af, name=Atorvastatin, price=130, type=Tablet, category=Cholesterol-lowering agent}, {id=6480144d029f637a5d28a7b0, name=Ibuprofen, price=200, type=Tablet, category=Nonsteroidal anti-inflammatory drug (NSAID)}, {id=648584915683641112507aa4, name=Paracetamol, price=120, type=Tablet, category=Pain reliever}, {id=64918f86f72e301ef847fea1, name=Lisinopril, price=80, type=Tablet, category=Antihypertensive}, {id=64918fa1f72e301ef847fea2, name=Metformin, price=70, type=Tablet, category=Antidiabetic}, {id=64918fb6f72e301ef847fea3, name=Cetirizine, price=60, type=Tablet, category=Antihistamine}]
2023-07-04T13:10:59.800+05:30  INFO 4476 --- [http-nio-8090-exec-9] o.s.web.filter.OncePerRequestFilter      :  Header :  Bearer eyJhbGciOiJIUzUxMiJ9.eyJzdWIiOiJhZG1pbkBnbWFpbC5jb20iLCJpYXQiOjE2ODg0NDc3NjIsImV4cCI6MTY4ODQ2NTc2Mn0.ReOuE3fcgDKHxMkg1udO4l2Pj6u2qeAYWX0uXjgWQ1BVf6-yFT-pyfh59yAiy_rdEN2kDZovM-gUPbLeskZyRw
2023-07-04T13:10:59.825+05:30  INFO 4476 --- [http-nio-8090-exec-9] c.p.A.Impl.DrugCatalogueServiceImpl      : [{id=648011f1029f637a5d28a7a7, name=Aspirin, price=50, type=Tablet, category=Aspirin is used to reduce fever}, {id=6480141f029f637a5d28a7ad, name=Amoxicillin, price=100, type=Capsule, category=Amoxicillin is a penicillin antibiotic}, {id=6480143d029f637a5d28a7af, name=Atorvastatin, price=130, type=Tablet, category=Cholesterol-lowering agent}, {id=6480144d029f637a5d28a7b0, name=Ibuprofen, price=200, type=Tablet, category=Nonsteroidal anti-inflammatory drug (NSAID)}, {id=648584915683641112507aa4, name=Paracetamol, price=120, type=Tablet, category=Pain reliever}, {id=64918f86f72e301ef847fea1, name=Lisinopril, price=80, type=Tablet, category=Antihypertensive}, {id=64918fa1f72e301ef847fea2, name=Metformin, price=70, type=Tablet, category=Antidiabetic}, {id=64918fb6f72e301ef847fea3, name=Cetirizine, price=60, type=Tablet, category=Antihistamine}]
2023-07-04T13:12:15.963+05:30  INFO 4476 --- [http-nio-8090-exec-10] o.s.web.filter.OncePerRequestFilter      :  Header :  Bearer eyJhbGciOiJIUzUxMiJ9.eyJzdWIiOiJhZG1pbkBnbWFpbC5jb20iLCJpYXQiOjE2ODg0NDc3NjIsImV4cCI6MTY4ODQ2NTc2Mn0.ReOuE3fcgDKHxMkg1udO4l2Pj6u2qeAYWX0uXjgWQ1BVf6-yFT-pyfh59yAiy_rdEN2kDZovM-gUPbLeskZyRw
2023-07-04T13:12:15.984+05:30  INFO 4476 --- [http-nio-8090-exec-10] c.p.A.Impl.DrugCatalogueServiceImpl      : [{id=648011f1029f637a5d28a7a7, name=Aspirin, price=50, type=Tablet, category=Aspirin is used to reduce fever}, {id=6480141f029f637a5d28a7ad, name=Amoxicillin, price=100, type=Capsule, category=Amoxicillin is a penicillin antibiotic}, {id=6480143d029f637a5d28a7af, name=Atorvastatin, price=130, type=Tablet, category=Cholesterol-lowering agent}, {id=6480144d029f637a5d28a7b0, name=Ibuprofen, price=200, type=Tablet, category=Nonsteroidal anti-inflammatory drug (NSAID)}, {id=648584915683641112507aa4, name=Paracetamol, price=120, type=Tablet, category=Pain reliever}, {id=64918f86f72e301ef847fea1, name=Lisinopril, price=80, type=Tablet, category=Antihypertensive}, {id=64918fa1f72e301ef847fea2, name=Metformin, price=70, type=Tablet, category=Antidiabetic}, {id=64918fb6f72e301ef847fea3, name=Cetirizine, price=60, type=Tablet, category=Antihistamine}]
2023-07-04T13:13:29.161+05:30  INFO 4476 --- [http-nio-8090-exec-7] o.s.web.filter.OncePerRequestFilter      :  Header :  Bearer eyJhbGciOiJIUzUxMiJ9.eyJzdWIiOiJhZG1pbkBnbWFpbC5jb20iLCJpYXQiOjE2ODg0NDc3NjIsImV4cCI6MTY4ODQ2NTc2Mn0.ReOuE3fcgDKHxMkg1udO4l2Pj6u2qeAYWX0uXjgWQ1BVf6-yFT-pyfh59yAiy_rdEN2kDZovM-gUPbLeskZyRw
2023-07-04T13:13:29.173+05:30  INFO 4476 --- [http-nio-8090-exec-7] c.p.A.Impl.DrugCatalogueServiceImpl      : [{id=648011f1029f637a5d28a7a7, name=Aspirin, price=50, type=Tablet, category=Aspirin is used to reduce fever}, {id=6480141f029f637a5d28a7ad, name=Amoxicillin, price=100, type=Capsule, category=Amoxicillin is a penicillin antibiotic}, {id=6480143d029f637a5d28a7af, name=Atorvastatin, price=130, type=Tablet, category=Cholesterol-lowering agent}, {id=6480144d029f637a5d28a7b0, name=Ibuprofen, price=200, type=Tablet, category=Nonsteroidal anti-inflammatory drug (NSAID)}, {id=648584915683641112507aa4, name=Paracetamol, price=120, type=Tablet, category=Pain reliever}, {id=64918f86f72e301ef847fea1, name=Lisinopril, price=80, type=Tablet, category=Antihypertensive}, {id=64918fa1f72e301ef847fea2, name=Metformin, price=70, type=Tablet, category=Antidiabetic}, {id=64918fb6f72e301ef847fea3, name=Cetirizine, price=60, type=Tablet, category=Antihistamine}]
2023-07-04T13:14:22.213+05:30  INFO 4476 --- [http-nio-8090-exec-1] o.s.web.filter.OncePerRequestFilter      :  Header :  Bearer eyJhbGciOiJIUzUxMiJ9.eyJzdWIiOiJhZG1pbkBnbWFpbC5jb20iLCJpYXQiOjE2ODg0NDc3NjIsImV4cCI6MTY4ODQ2NTc2Mn0.ReOuE3fcgDKHxMkg1udO4l2Pj6u2qeAYWX0uXjgWQ1BVf6-yFT-pyfh59yAiy_rdEN2kDZovM-gUPbLeskZyRw
2023-07-04T13:14:22.248+05:30  INFO 4476 --- [http-nio-8090-exec-1] c.p.A.Impl.DrugCatalogueServiceImpl      : [{id=648011f1029f637a5d28a7a7, name=Aspirin, price=50, type=Tablet, category=Aspirin is used to reduce fever}, {id=6480141f029f637a5d28a7ad, name=Amoxicillin, price=100, type=Capsule, category=Amoxicillin is a penicillin antibiotic}, {id=6480143d029f637a5d28a7af, name=Atorvastatin, price=130, type=Tablet, category=Cholesterol-lowering agent}, {id=6480144d029f637a5d28a7b0, name=Ibuprofen, price=200, type=Tablet, category=Nonsteroidal anti-inflammatory drug (NSAID)}, {id=648584915683641112507aa4, name=Paracetamol, price=120, type=Tablet, category=Pain reliever}, {id=64918f86f72e301ef847fea1, name=Lisinopril, price=80, type=Tablet, category=Antihypertensive}, {id=64918fa1f72e301ef847fea2, name=Metformin, price=70, type=Tablet, category=Antidiabetic}, {id=64918fb6f72e301ef847fea3, name=Cetirizine, price=60, type=Tablet, category=Antihistamine}]
2023-07-04T13:14:31.228+05:30  INFO 4476 --- [AsyncResolver-bootstrap-executor-0] c.n.d.s.r.aws.ConfigClusterResolver      : Resolving eureka endpoints via configuration
2023-07-04T13:14:34.213+05:30  INFO 4476 --- [http-nio-8090-exec-5] o.s.web.filter.OncePerRequestFilter      :  Header :  Bearer eyJhbGciOiJIUzUxMiJ9.eyJzdWIiOiJhZG1pbkBnbWFpbC5jb20iLCJpYXQiOjE2ODg0NDc3NjIsImV4cCI6MTY4ODQ2NTc2Mn0.ReOuE3fcgDKHxMkg1udO4l2Pj6u2qeAYWX0uXjgWQ1BVf6-yFT-pyfh59yAiy_rdEN2kDZovM-gUPbLeskZyRw
2023-07-04T13:14:34.249+05:30  INFO 4476 --- [http-nio-8090-exec-5] c.p.A.Impl.DrugCatalogueServiceImpl      : [{id=648011f1029f637a5d28a7a7, name=Aspirin, price=50, type=Tablet, category=Aspirin is used to reduce fever}, {id=6480141f029f637a5d28a7ad, name=Amoxicillin, price=100, type=Capsule, category=Amoxicillin is a penicillin antibiotic}, {id=6480143d029f637a5d28a7af, name=Atorvastatin, price=130, type=Tablet, category=Cholesterol-lowering agent}, {id=6480144d029f637a5d28a7b0, name=Ibuprofen, price=200, type=Tablet, category=Nonsteroidal anti-inflammatory drug (NSAID)}, {id=648584915683641112507aa4, name=Paracetamol, price=120, type=Tablet, category=Pain reliever}, {id=64918f86f72e301ef847fea1, name=Lisinopril, price=80, type=Tablet, category=Antihypertensive}, {id=64918fa1f72e301ef847fea2, name=Metformin, price=70, type=Tablet, category=Antidiabetic}, {id=64918fb6f72e301ef847fea3, name=Cetirizine, price=60, type=Tablet, category=Antihistamine}]
2023-07-04T13:14:41.455+05:30  INFO 4476 --- [http-nio-8090-exec-3] o.s.web.filter.OncePerRequestFilter      :  Header :  Bearer eyJhbGciOiJIUzUxMiJ9.eyJzdWIiOiJhZG1pbkBnbWFpbC5jb20iLCJpYXQiOjE2ODg0NDc3NjIsImV4cCI6MTY4ODQ2NTc2Mn0.ReOuE3fcgDKHxMkg1udO4l2Pj6u2qeAYWX0uXjgWQ1BVf6-yFT-pyfh59yAiy_rdEN2kDZovM-gUPbLeskZyRw
2023-07-04T13:14:41.469+05:30  INFO 4476 --- [http-nio-8090-exec-3] c.p.A.Impl.DrugCatalogueServiceImpl      : [{id=648011f1029f637a5d28a7a7, name=Aspirin, price=50, type=Tablet, category=Aspirin is used to reduce fever}, {id=6480141f029f637a5d28a7ad, name=Amoxicillin, price=100, type=Capsule, category=Amoxicillin is a penicillin antibiotic}, {id=6480143d029f637a5d28a7af, name=Atorvastatin, price=130, type=Tablet, category=Cholesterol-lowering agent}, {id=6480144d029f637a5d28a7b0, name=Ibuprofen, price=200, type=Tablet, category=Nonsteroidal anti-inflammatory drug (NSAID)}, {id=648584915683641112507aa4, name=Paracetamol, price=120, type=Tablet, category=Pain reliever}, {id=64918f86f72e301ef847fea1, name=Lisinopril, price=80, type=Tablet, category=Antihypertensive}, {id=64918fa1f72e301ef847fea2, name=Metformin, price=70, type=Tablet, category=Antidiabetic}, {id=64918fb6f72e301ef847fea3, name=Cetirizine, price=60, type=Tablet, category=Antihistamine}]
2023-07-04T13:16:18.520+05:30  INFO 4476 --- [http-nio-8090-exec-8] o.s.web.filter.OncePerRequestFilter      :  Header :  Bearer eyJhbGciOiJIUzUxMiJ9.eyJzdWIiOiJhZG1pbkBnbWFpbC5jb20iLCJpYXQiOjE2ODg0NDc3NjIsImV4cCI6MTY4ODQ2NTc2Mn0.ReOuE3fcgDKHxMkg1udO4l2Pj6u2qeAYWX0uXjgWQ1BVf6-yFT-pyfh59yAiy_rdEN2kDZovM-gUPbLeskZyRw
2023-07-04T13:16:18.546+05:30  INFO 4476 --- [http-nio-8090-exec-8] c.p.A.Impl.DrugCatalogueServiceImpl      : [{id=648011f1029f637a5d28a7a7, name=Aspirin, price=50, type=Tablet, category=Aspirin is used to reduce fever}, {id=6480141f029f637a5d28a7ad, name=Amoxicillin, price=100, type=Capsule, category=Amoxicillin is a penicillin antibiotic}, {id=6480143d029f637a5d28a7af, name=Atorvastatin, price=130, type=Tablet, category=Cholesterol-lowering agent}, {id=6480144d029f637a5d28a7b0, name=Ibuprofen, price=200, type=Tablet, category=Nonsteroidal anti-inflammatory drug (NSAID)}, {id=648584915683641112507aa4, name=Paracetamol, price=120, type=Tablet, category=Pain reliever}, {id=64918f86f72e301ef847fea1, name=Lisinopril, price=80, type=Tablet, category=Antihypertensive}, {id=64918fa1f72e301ef847fea2, name=Metformin, price=70, type=Tablet, category=Antidiabetic}, {id=64918fb6f72e301ef847fea3, name=Cetirizine, price=60, type=Tablet, category=Antihistamine}]
2023-07-04T13:19:31.241+05:30  INFO 4476 --- [AsyncResolver-bootstrap-executor-0] c.n.d.s.r.aws.ConfigClusterResolver      : Resolving eureka endpoints via configuration
2023-07-04T13:19:52.068+05:30  INFO 4476 --- [http-nio-8090-exec-2] o.s.web.filter.OncePerRequestFilter      :  Header :  Bearer eyJhbGciOiJIUzUxMiJ9.eyJzdWIiOiJhZG1pbkBnbWFpbC5jb20iLCJpYXQiOjE2ODg0NDc3NjIsImV4cCI6MTY4ODQ2NTc2Mn0.ReOuE3fcgDKHxMkg1udO4l2Pj6u2qeAYWX0uXjgWQ1BVf6-yFT-pyfh59yAiy_rdEN2kDZovM-gUPbLeskZyRw
2023-07-04T13:19:52.087+05:30  INFO 4476 --- [http-nio-8090-exec-2] c.p.A.Impl.DrugCatalogueServiceImpl      : [{id=648011f1029f637a5d28a7a7, name=Aspirin, price=50, type=Tablet, category=Aspirin is used to reduce fever}, {id=6480141f029f637a5d28a7ad, name=Amoxicillin, price=100, type=Capsule, category=Amoxicillin is a penicillin antibiotic}, {id=6480143d029f637a5d28a7af, name=Atorvastatin, price=130, type=Tablet, category=Cholesterol-lowering agent}, {id=6480144d029f637a5d28a7b0, name=Ibuprofen, price=200, type=Tablet, category=Nonsteroidal anti-inflammatory drug (NSAID)}, {id=648584915683641112507aa4, name=Paracetamol, price=120, type=Tablet, category=Pain reliever}, {id=64918f86f72e301ef847fea1, name=Lisinopril, price=80, type=Tablet, category=Antihypertensive}, {id=64918fa1f72e301ef847fea2, name=Metformin, price=70, type=Tablet, category=Antidiabetic}, {id=64918fb6f72e301ef847fea3, name=Cetirizine, price=60, type=Tablet, category=Antihistamine}]
2023-07-04T13:20:05.047+05:30  INFO 4476 --- [http-nio-8090-exec-10] o.s.web.filter.OncePerRequestFilter      :  Header :  Bearer eyJhbGciOiJIUzUxMiJ9.eyJzdWIiOiJhZG1pbkBnbWFpbC5jb20iLCJpYXQiOjE2ODg0NDc3NjIsImV4cCI6MTY4ODQ2NTc2Mn0.ReOuE3fcgDKHxMkg1udO4l2Pj6u2qeAYWX0uXjgWQ1BVf6-yFT-pyfh59yAiy_rdEN2kDZovM-gUPbLeskZyRw
2023-07-04T13:20:05.067+05:30  INFO 4476 --- [http-nio-8090-exec-10] c.p.A.Impl.DrugCatalogueServiceImpl      : [{id=648011f1029f637a5d28a7a7, name=Aspirin, price=50, type=Tablet, category=Aspirin is used to reduce fever}, {id=6480141f029f637a5d28a7ad, name=Amoxicillin, price=100, type=Capsule, category=Amoxicillin is a penicillin antibiotic}, {id=6480143d029f637a5d28a7af, name=Atorvastatin, price=130, type=Tablet, category=Cholesterol-lowering agent}, {id=6480144d029f637a5d28a7b0, name=Ibuprofen, price=200, type=Tablet, category=Nonsteroidal anti-inflammatory drug (NSAID)}, {id=648584915683641112507aa4, name=Paracetamol, price=120, type=Tablet, category=Pain reliever}, {id=64918f86f72e301ef847fea1, name=Lisinopril, price=80, type=Tablet, category=Antihypertensive}, {id=64918fa1f72e301ef847fea2, name=Metformin, price=70, type=Tablet, category=Antidiabetic}, {id=64918fb6f72e301ef847fea3, name=Cetirizine, price=60, type=Tablet, category=Antihistamine}]
2023-07-04T13:20:19.799+05:30  INFO 4476 --- [http-nio-8090-exec-4] o.s.web.filter.OncePerRequestFilter      :  Header :  Bearer eyJhbGciOiJIUzUxMiJ9.eyJzdWIiOiJhZG1pbkBnbWFpbC5jb20iLCJpYXQiOjE2ODg0NDc3NjIsImV4cCI6MTY4ODQ2NTc2Mn0.ReOuE3fcgDKHxMkg1udO4l2Pj6u2qeAYWX0uXjgWQ1BVf6-yFT-pyfh59yAiy_rdEN2kDZovM-gUPbLeskZyRw
2023-07-04T13:20:19.812+05:30  INFO 4476 --- [http-nio-8090-exec-4] c.p.A.Impl.DrugCatalogueServiceImpl      : [{id=648011f1029f637a5d28a7a7, name=Aspirin, price=50, type=Tablet, category=Aspirin is used to reduce fever}, {id=6480141f029f637a5d28a7ad, name=Amoxicillin, price=100, type=Capsule, category=Amoxicillin is a penicillin antibiotic}, {id=6480143d029f637a5d28a7af, name=Atorvastatin, price=130, type=Tablet, category=Cholesterol-lowering agent}, {id=6480144d029f637a5d28a7b0, name=Ibuprofen, price=200, type=Tablet, category=Nonsteroidal anti-inflammatory drug (NSAID)}, {id=648584915683641112507aa4, name=Paracetamol, price=120, type=Tablet, category=Pain reliever}, {id=64918f86f72e301ef847fea1, name=Lisinopril, price=80, type=Tablet, category=Antihypertensive}, {id=64918fa1f72e301ef847fea2, name=Metformin, price=70, type=Tablet, category=Antidiabetic}, {id=64918fb6f72e301ef847fea3, name=Cetirizine, price=60, type=Tablet, category=Antihistamine}]
2023-07-04T13:20:56.208+05:30  INFO 4476 --- [http-nio-8090-exec-7] o.s.web.filter.OncePerRequestFilter      :  Header :  Bearer eyJhbGciOiJIUzUxMiJ9.eyJzdWIiOiJhZG1pbkBnbWFpbC5jb20iLCJpYXQiOjE2ODg0NDc3NjIsImV4cCI6MTY4ODQ2NTc2Mn0.ReOuE3fcgDKHxMkg1udO4l2Pj6u2qeAYWX0uXjgWQ1BVf6-yFT-pyfh59yAiy_rdEN2kDZovM-gUPbLeskZyRw
2023-07-04T13:20:56.246+05:30  INFO 4476 --- [http-nio-8090-exec-7] c.p.A.Impl.DrugCatalogueServiceImpl      : [{id=648011f1029f637a5d28a7a7, name=Aspirin, price=50, type=Tablet, category=Aspirin is used to reduce fever}, {id=6480141f029f637a5d28a7ad, name=Amoxicillin, price=100, type=Capsule, category=Amoxicillin is a penicillin antibiotic}, {id=6480143d029f637a5d28a7af, name=Atorvastatin, price=130, type=Tablet, category=Cholesterol-lowering agent}, {id=6480144d029f637a5d28a7b0, name=Ibuprofen, price=200, type=Tablet, category=Nonsteroidal anti-inflammatory drug (NSAID)}, {id=648584915683641112507aa4, name=Paracetamol, price=120, type=Tablet, category=Pain reliever}, {id=64918f86f72e301ef847fea1, name=Lisinopril, price=80, type=Tablet, category=Antihypertensive}, {id=64918fa1f72e301ef847fea2, name=Metformin, price=70, type=Tablet, category=Antidiabetic}, {id=64918fb6f72e301ef847fea3, name=Cetirizine, price=60, type=Tablet, category=Antihistamine}]
2023-07-04T13:21:20.205+05:30  INFO 4476 --- [http-nio-8090-exec-1] o.s.web.filter.OncePerRequestFilter      :  Header :  Bearer eyJhbGciOiJIUzUxMiJ9.eyJzdWIiOiJhZG1pbkBnbWFpbC5jb20iLCJpYXQiOjE2ODg0NDc3NjIsImV4cCI6MTY4ODQ2NTc2Mn0.ReOuE3fcgDKHxMkg1udO4l2Pj6u2qeAYWX0uXjgWQ1BVf6-yFT-pyfh59yAiy_rdEN2kDZovM-gUPbLeskZyRw
2023-07-04T13:21:20.235+05:30  INFO 4476 --- [http-nio-8090-exec-1] c.p.A.Impl.DrugCatalogueServiceImpl      : [{id=648011f1029f637a5d28a7a7, name=Aspirin, price=50, type=Tablet, category=Aspirin is used to reduce fever}, {id=6480141f029f637a5d28a7ad, name=Amoxicillin, price=100, type=Capsule, category=Amoxicillin is a penicillin antibiotic}, {id=6480143d029f637a5d28a7af, name=Atorvastatin, price=130, type=Tablet, category=Cholesterol-lowering agent}, {id=6480144d029f637a5d28a7b0, name=Ibuprofen, price=200, type=Tablet, category=Nonsteroidal anti-inflammatory drug (NSAID)}, {id=648584915683641112507aa4, name=Paracetamol, price=120, type=Tablet, category=Pain reliever}, {id=64918f86f72e301ef847fea1, name=Lisinopril, price=80, type=Tablet, category=Antihypertensive}, {id=64918fa1f72e301ef847fea2, name=Metformin, price=70, type=Tablet, category=Antidiabetic}, {id=64918fb6f72e301ef847fea3, name=Cetirizine, price=60, type=Tablet, category=Antihistamine}]
2023-07-04T13:24:12.122+05:30  INFO 4476 --- [http-nio-8090-exec-3] o.s.web.filter.OncePerRequestFilter      :  Header :  Bearer eyJhbGciOiJIUzUxMiJ9.eyJzdWIiOiJhZG1pbkBnbWFpbC5jb20iLCJpYXQiOjE2ODg0NDc3NjIsImV4cCI6MTY4ODQ2NTc2Mn0.ReOuE3fcgDKHxMkg1udO4l2Pj6u2qeAYWX0uXjgWQ1BVf6-yFT-pyfh59yAiy_rdEN2kDZovM-gUPbLeskZyRw
2023-07-04T13:24:12.156+05:30  INFO 4476 --- [http-nio-8090-exec-3] c.p.A.Impl.DrugCatalogueServiceImpl      : [{id=648011f1029f637a5d28a7a7, name=Aspirin, price=50, type=Tablet, category=Aspirin is used to reduce fever}, {id=6480141f029f637a5d28a7ad, name=Amoxicillin, price=100, type=Capsule, category=Amoxicillin is a penicillin antibiotic}, {id=6480143d029f637a5d28a7af, name=Atorvastatin, price=130, type=Tablet, category=Cholesterol-lowering agent}, {id=6480144d029f637a5d28a7b0, name=Ibuprofen, price=200, type=Tablet, category=Nonsteroidal anti-inflammatory drug (NSAID)}, {id=648584915683641112507aa4, name=Paracetamol, price=120, type=Tablet, category=Pain reliever}, {id=64918f86f72e301ef847fea1, name=Lisinopril, price=80, type=Tablet, category=Antihypertensive}, {id=64918fa1f72e301ef847fea2, name=Metformin, price=70, type=Tablet, category=Antidiabetic}, {id=64918fb6f72e301ef847fea3, name=Cetirizine, price=60, type=Tablet, category=Antihistamine}]
2023-07-04T13:24:31.248+05:30  INFO 4476 --- [AsyncResolver-bootstrap-executor-0] c.n.d.s.r.aws.ConfigClusterResolver      : Resolving eureka endpoints via configuration
2023-07-04T13:27:14.189+05:30  INFO 4476 --- [http-nio-8090-exec-8] o.s.web.filter.OncePerRequestFilter      :  Header :  Bearer eyJhbGciOiJIUzUxMiJ9.eyJzdWIiOiJhZG1pbkBnbWFpbC5jb20iLCJpYXQiOjE2ODg0NDc3NjIsImV4cCI6MTY4ODQ2NTc2Mn0.ReOuE3fcgDKHxMkg1udO4l2Pj6u2qeAYWX0uXjgWQ1BVf6-yFT-pyfh59yAiy_rdEN2kDZovM-gUPbLeskZyRw
2023-07-04T13:27:14.209+05:30  INFO 4476 --- [http-nio-8090-exec-8] c.p.A.Impl.DrugCatalogueServiceImpl      : [{id=648011f1029f637a5d28a7a7, name=Aspirin, price=50, type=Tablet, category=Aspirin is used to reduce fever}, {id=6480141f029f637a5d28a7ad, name=Amoxicillin, price=100, type=Capsule, category=Amoxicillin is a penicillin antibiotic}, {id=6480143d029f637a5d28a7af, name=Atorvastatin, price=130, type=Tablet, category=Cholesterol-lowering agent}, {id=6480144d029f637a5d28a7b0, name=Ibuprofen, price=200, type=Tablet, category=Nonsteroidal anti-inflammatory drug (NSAID)}, {id=648584915683641112507aa4, name=Paracetamol, price=120, type=Tablet, category=Pain reliever}, {id=64918f86f72e301ef847fea1, name=Lisinopril, price=80, type=Tablet, category=Antihypertensive}, {id=64918fa1f72e301ef847fea2, name=Metformin, price=70, type=Tablet, category=Antidiabetic}, {id=64918fb6f72e301ef847fea3, name=Cetirizine, price=60, type=Tablet, category=Antihistamine}]
2023-07-04T13:27:14.216+05:30  INFO 4476 --- [http-nio-8090-exec-9] o.s.web.filter.OncePerRequestFilter      :  Header :  Bearer eyJhbGciOiJIUzUxMiJ9.eyJzdWIiOiJhZG1pbkBnbWFpbC5jb20iLCJpYXQiOjE2ODg0NDc3NjIsImV4cCI6MTY4ODQ2NTc2Mn0.ReOuE3fcgDKHxMkg1udO4l2Pj6u2qeAYWX0uXjgWQ1BVf6-yFT-pyfh59yAiy_rdEN2kDZovM-gUPbLeskZyRw
2023-07-04T13:27:14.237+05:30  INFO 4476 --- [http-nio-8090-exec-9] c.p.A.Impl.DrugCatalogueServiceImpl      : [{id=648011f1029f637a5d28a7a7, name=Aspirin, price=50, type=Tablet, category=Aspirin is used to reduce fever}, {id=6480141f029f637a5d28a7ad, name=Amoxicillin, price=100, type=Capsule, category=Amoxicillin is a penicillin antibiotic}, {id=6480143d029f637a5d28a7af, name=Atorvastatin, price=130, type=Tablet, category=Cholesterol-lowering agent}, {id=6480144d029f637a5d28a7b0, name=Ibuprofen, price=200, type=Tablet, category=Nonsteroidal anti-inflammatory drug (NSAID)}, {id=648584915683641112507aa4, name=Paracetamol, price=120, type=Tablet, category=Pain reliever}, {id=64918f86f72e301ef847fea1, name=Lisinopril, price=80, type=Tablet, category=Antihypertensive}, {id=64918fa1f72e301ef847fea2, name=Metformin, price=70, type=Tablet, category=Antidiabetic}, {id=64918fb6f72e301ef847fea3, name=Cetirizine, price=60, type=Tablet, category=Antihistamine}]
2023-07-04T13:29:31.251+05:30  INFO 4476 --- [AsyncResolver-bootstrap-executor-0] c.n.d.s.r.aws.ConfigClusterResolver      : Resolving eureka endpoints via configuration
2023-07-04T13:31:42.235+05:30  INFO 4476 --- [http-nio-8090-exec-10] o.s.web.filter.OncePerRequestFilter      :  Header :  Bearer eyJhbGciOiJIUzUxMiJ9.eyJzdWIiOiJhZG1pbkBnbWFpbC5jb20iLCJpYXQiOjE2ODg0NDc3NjIsImV4cCI6MTY4ODQ2NTc2Mn0.ReOuE3fcgDKHxMkg1udO4l2Pj6u2qeAYWX0uXjgWQ1BVf6-yFT-pyfh59yAiy_rdEN2kDZovM-gUPbLeskZyRw
2023-07-04T13:31:42.261+05:30  INFO 4476 --- [http-nio-8090-exec-10] c.p.A.Impl.DrugCatalogueServiceImpl      : [{id=648011f1029f637a5d28a7a7, name=Aspirin, price=50, type=Tablet, category=Aspirin is used to reduce fever}, {id=6480141f029f637a5d28a7ad, name=Amoxicillin, price=100, type=Capsule, category=Amoxicillin is a penicillin antibiotic}, {id=6480143d029f637a5d28a7af, name=Atorvastatin, price=130, type=Tablet, category=Cholesterol-lowering agent}, {id=6480144d029f637a5d28a7b0, name=Ibuprofen, price=200, type=Tablet, category=Nonsteroidal anti-inflammatory drug (NSAID)}, {id=648584915683641112507aa4, name=Paracetamol, price=120, type=Tablet, category=Pain reliever}, {id=64918f86f72e301ef847fea1, name=Lisinopril, price=80, type=Tablet, category=Antihypertensive}, {id=64918fa1f72e301ef847fea2, name=Metformin, price=70, type=Tablet, category=Antidiabetic}, {id=64918fb6f72e301ef847fea3, name=Cetirizine, price=60, type=Tablet, category=Antihistamine}]
2023-07-04T13:33:14.189+05:30  INFO 4476 --- [http-nio-8090-exec-7] o.s.web.filter.OncePerRequestFilter      :  Header :  Bearer eyJhbGciOiJIUzUxMiJ9.eyJzdWIiOiJhZG1pbkBnbWFpbC5jb20iLCJpYXQiOjE2ODg0NDc3NjIsImV4cCI6MTY4ODQ2NTc2Mn0.ReOuE3fcgDKHxMkg1udO4l2Pj6u2qeAYWX0uXjgWQ1BVf6-yFT-pyfh59yAiy_rdEN2kDZovM-gUPbLeskZyRw
2023-07-04T13:33:14.204+05:30  INFO 4476 --- [http-nio-8090-exec-7] c.p.A.Impl.DrugCatalogueServiceImpl      : [{id=648011f1029f637a5d28a7a7, name=Aspirin, price=50, type=Tablet, category=Aspirin is used to reduce fever}, {id=6480141f029f637a5d28a7ad, name=Amoxicillin, price=100, type=Capsule, category=Amoxicillin is a penicillin antibiotic}, {id=6480143d029f637a5d28a7af, name=Atorvastatin, price=130, type=Tablet, category=Cholesterol-lowering agent}, {id=6480144d029f637a5d28a7b0, name=Ibuprofen, price=200, type=Tablet, category=Nonsteroidal anti-inflammatory drug (NSAID)}, {id=648584915683641112507aa4, name=Paracetamol, price=120, type=Tablet, category=Pain reliever}, {id=64918f86f72e301ef847fea1, name=Lisinopril, price=80, type=Tablet, category=Antihypertensive}, {id=64918fa1f72e301ef847fea2, name=Metformin, price=70, type=Tablet, category=Antidiabetic}, {id=64918fb6f72e301ef847fea3, name=Cetirizine, price=60, type=Tablet, category=Antihistamine}]
2023-07-04T13:34:04.195+05:30  INFO 4476 --- [http-nio-8090-exec-1] o.s.web.filter.OncePerRequestFilter      :  Header :  Bearer eyJhbGciOiJIUzUxMiJ9.eyJzdWIiOiJhZG1pbkBnbWFpbC5jb20iLCJpYXQiOjE2ODg0NDc3NjIsImV4cCI6MTY4ODQ2NTc2Mn0.ReOuE3fcgDKHxMkg1udO4l2Pj6u2qeAYWX0uXjgWQ1BVf6-yFT-pyfh59yAiy_rdEN2kDZovM-gUPbLeskZyRw
2023-07-04T13:34:04.208+05:30  INFO 4476 --- [http-nio-8090-exec-1] c.p.A.Impl.DrugCatalogueServiceImpl      : [{id=648011f1029f637a5d28a7a7, name=Aspirin, price=50, type=Tablet, category=Aspirin is used to reduce fever}, {id=6480141f029f637a5d28a7ad, name=Amoxicillin, price=100, type=Capsule, category=Amoxicillin is a penicillin antibiotic}, {id=6480143d029f637a5d28a7af, name=Atorvastatin, price=130, type=Tablet, category=Cholesterol-lowering agent}, {id=6480144d029f637a5d28a7b0, name=Ibuprofen, price=200, type=Tablet, category=Nonsteroidal anti-inflammatory drug (NSAID)}, {id=648584915683641112507aa4, name=Paracetamol, price=120, type=Tablet, category=Pain reliever}, {id=64918f86f72e301ef847fea1, name=Lisinopril, price=80, type=Tablet, category=Antihypertensive}, {id=64918fa1f72e301ef847fea2, name=Metformin, price=70, type=Tablet, category=Antidiabetic}, {id=64918fb6f72e301ef847fea3, name=Cetirizine, price=60, type=Tablet, category=Antihistamine}]
2023-07-04T13:34:04.215+05:30  INFO 4476 --- [http-nio-8090-exec-5] o.s.web.filter.OncePerRequestFilter      :  Header :  Bearer eyJhbGciOiJIUzUxMiJ9.eyJzdWIiOiJhZG1pbkBnbWFpbC5jb20iLCJpYXQiOjE2ODg0NDc3NjIsImV4cCI6MTY4ODQ2NTc2Mn0.ReOuE3fcgDKHxMkg1udO4l2Pj6u2qeAYWX0uXjgWQ1BVf6-yFT-pyfh59yAiy_rdEN2kDZovM-gUPbLeskZyRw
2023-07-04T13:34:04.229+05:30  INFO 4476 --- [http-nio-8090-exec-5] c.p.A.Impl.DrugCatalogueServiceImpl      : [{id=648011f1029f637a5d28a7a7, name=Aspirin, price=50, type=Tablet, category=Aspirin is used to reduce fever}, {id=6480141f029f637a5d28a7ad, name=Amoxicillin, price=100, type=Capsule, category=Amoxicillin is a penicillin antibiotic}, {id=6480143d029f637a5d28a7af, name=Atorvastatin, price=130, type=Tablet, category=Cholesterol-lowering agent}, {id=6480144d029f637a5d28a7b0, name=Ibuprofen, price=200, type=Tablet, category=Nonsteroidal anti-inflammatory drug (NSAID)}, {id=648584915683641112507aa4, name=Paracetamol, price=120, type=Tablet, category=Pain reliever}, {id=64918f86f72e301ef847fea1, name=Lisinopril, price=80, type=Tablet, category=Antihypertensive}, {id=64918fa1f72e301ef847fea2, name=Metformin, price=70, type=Tablet, category=Antidiabetic}, {id=64918fb6f72e301ef847fea3, name=Cetirizine, price=60, type=Tablet, category=Antihistamine}]
2023-07-04T13:34:31.255+05:30  INFO 4476 --- [AsyncResolver-bootstrap-executor-0] c.n.d.s.r.aws.ConfigClusterResolver      : Resolving eureka endpoints via configuration
2023-07-04T13:37:55.198+05:30  INFO 4476 --- [http-nio-8090-exec-6] o.s.web.filter.OncePerRequestFilter      :  Header :  Bearer eyJhbGciOiJIUzUxMiJ9.eyJzdWIiOiJhZG1pbkBnbWFpbC5jb20iLCJpYXQiOjE2ODg0NDc3NjIsImV4cCI6MTY4ODQ2NTc2Mn0.ReOuE3fcgDKHxMkg1udO4l2Pj6u2qeAYWX0uXjgWQ1BVf6-yFT-pyfh59yAiy_rdEN2kDZovM-gUPbLeskZyRw
2023-07-04T13:37:55.223+05:30  INFO 4476 --- [http-nio-8090-exec-6] c.p.A.Impl.DrugCatalogueServiceImpl      : [{id=648011f1029f637a5d28a7a7, name=Aspirin, price=50, type=Tablet, category=Aspirin is used to reduce fever}, {id=6480141f029f637a5d28a7ad, name=Amoxicillin, price=100, type=Capsule, category=Amoxicillin is a penicillin antibiotic}, {id=6480143d029f637a5d28a7af, name=Atorvastatin, price=130, type=Tablet, category=Cholesterol-lowering agent}, {id=6480144d029f637a5d28a7b0, name=Ibuprofen, price=200, type=Tablet, category=Nonsteroidal anti-inflammatory drug (NSAID)}, {id=648584915683641112507aa4, name=Paracetamol, price=120, type=Tablet, category=Pain reliever}, {id=64918f86f72e301ef847fea1, name=Lisinopril, price=80, type=Tablet, category=Antihypertensive}, {id=64918fa1f72e301ef847fea2, name=Metformin, price=70, type=Tablet, category=Antidiabetic}, {id=64918fb6f72e301ef847fea3, name=Cetirizine, price=60, type=Tablet, category=Antihistamine}]
2023-07-04T13:38:38.998+05:30  INFO 4476 --- [http-nio-8090-exec-8] o.s.web.filter.OncePerRequestFilter      :  Header :  Bearer eyJhbGciOiJIUzUxMiJ9.eyJzdWIiOiJhZG1pbkBnbWFpbC5jb20iLCJpYXQiOjE2ODg0NDc3NjIsImV4cCI6MTY4ODQ2NTc2Mn0.ReOuE3fcgDKHxMkg1udO4l2Pj6u2qeAYWX0uXjgWQ1BVf6-yFT-pyfh59yAiy_rdEN2kDZovM-gUPbLeskZyRw
2023-07-04T13:38:39.023+05:30  INFO 4476 --- [http-nio-8090-exec-8] c.p.A.Impl.DrugCatalogueServiceImpl      : [{id=648011f1029f637a5d28a7a7, name=Aspirin, price=50, type=Tablet, category=Aspirin is used to reduce fever}, {id=6480141f029f637a5d28a7ad, name=Amoxicillin, price=100, type=Capsule, category=Amoxicillin is a penicillin antibiotic}, {id=6480143d029f637a5d28a7af, name=Atorvastatin, price=130, type=Tablet, category=Cholesterol-lowering agent}, {id=6480144d029f637a5d28a7b0, name=Ibuprofen, price=200, type=Tablet, category=Nonsteroidal anti-inflammatory drug (NSAID)}, {id=648584915683641112507aa4, name=Paracetamol, price=120, type=Tablet, category=Pain reliever}, {id=64918f86f72e301ef847fea1, name=Lisinopril, price=80, type=Tablet, category=Antihypertensive}, {id=64918fa1f72e301ef847fea2, name=Metformin, price=70, type=Tablet, category=Antidiabetic}, {id=64918fb6f72e301ef847fea3, name=Cetirizine, price=60, type=Tablet, category=Antihistamine}]
2023-07-04T13:39:31.259+05:30  INFO 4476 --- [AsyncResolver-bootstrap-executor-0] c.n.d.s.r.aws.ConfigClusterResolver      : Resolving eureka endpoints via configuration
2023-07-04T13:44:31.274+05:30  INFO 4476 --- [AsyncResolver-bootstrap-executor-0] c.n.d.s.r.aws.ConfigClusterResolver      : Resolving eureka endpoints via configuration
2023-07-04T13:49:31.289+05:30  INFO 4476 --- [AsyncResolver-bootstrap-executor-0] c.n.d.s.r.aws.ConfigClusterResolver      : Resolving eureka endpoints via configuration
2023-07-04T13:50:23.286+05:30  INFO 4476 --- [http-nio-8090-exec-2] o.s.web.filter.OncePerRequestFilter      :  Header :  Bearer eyJhbGciOiJIUzUxMiJ9.eyJzdWIiOiJhZG1pbkBnbWFpbC5jb20iLCJpYXQiOjE2ODg0NDc3NjIsImV4cCI6MTY4ODQ2NTc2Mn0.ReOuE3fcgDKHxMkg1udO4l2Pj6u2qeAYWX0uXjgWQ1BVf6-yFT-pyfh59yAiy_rdEN2kDZovM-gUPbLeskZyRw
2023-07-04T13:50:23.316+05:30  INFO 4476 --- [http-nio-8090-exec-2] c.p.A.Impl.DrugCatalogueServiceImpl      : [{id=648011f1029f637a5d28a7a7, name=Aspirin, price=50, type=Tablet, category=Aspirin is used to reduce fever}, {id=6480141f029f637a5d28a7ad, name=Amoxicillin, price=100, type=Capsule, category=Amoxicillin is a penicillin antibiotic}, {id=6480143d029f637a5d28a7af, name=Atorvastatin, price=130, type=Tablet, category=Cholesterol-lowering agent}, {id=6480144d029f637a5d28a7b0, name=Ibuprofen, price=200, type=Tablet, category=Nonsteroidal anti-inflammatory drug (NSAID)}, {id=648584915683641112507aa4, name=Paracetamol, price=120, type=Tablet, category=Pain reliever}, {id=64918f86f72e301ef847fea1, name=Lisinopril, price=80, type=Tablet, category=Antihypertensive}, {id=64918fa1f72e301ef847fea2, name=Metformin, price=70, type=Tablet, category=Antidiabetic}, {id=64918fb6f72e301ef847fea3, name=Cetirizine, price=60, type=Tablet, category=Antihistamine}]
2023-07-04T13:50:23.349+05:30  INFO 4476 --- [http-nio-8090-exec-10] o.s.web.filter.OncePerRequestFilter      :  Header :  Bearer eyJhbGciOiJIUzUxMiJ9.eyJzdWIiOiJhZG1pbkBnbWFpbC5jb20iLCJpYXQiOjE2ODg0NDc3NjIsImV4cCI6MTY4ODQ2NTc2Mn0.ReOuE3fcgDKHxMkg1udO4l2Pj6u2qeAYWX0uXjgWQ1BVf6-yFT-pyfh59yAiy_rdEN2kDZovM-gUPbLeskZyRw
2023-07-04T13:50:23.367+05:30  INFO 4476 --- [http-nio-8090-exec-10] c.p.A.Impl.DrugCatalogueServiceImpl      : [{id=648011f1029f637a5d28a7a7, name=Aspirin, price=50, type=Tablet, category=Aspirin is used to reduce fever}, {id=6480141f029f637a5d28a7ad, name=Amoxicillin, price=100, type=Capsule, category=Amoxicillin is a penicillin antibiotic}, {id=6480143d029f637a5d28a7af, name=Atorvastatin, price=130, type=Tablet, category=Cholesterol-lowering agent}, {id=6480144d029f637a5d28a7b0, name=Ibuprofen, price=200, type=Tablet, category=Nonsteroidal anti-inflammatory drug (NSAID)}, {id=648584915683641112507aa4, name=Paracetamol, price=120, type=Tablet, category=Pain reliever}, {id=64918f86f72e301ef847fea1, name=Lisinopril, price=80, type=Tablet, category=Antihypertensive}, {id=64918fa1f72e301ef847fea2, name=Metformin, price=70, type=Tablet, category=Antidiabetic}, {id=64918fb6f72e301ef847fea3, name=Cetirizine, price=60, type=Tablet, category=Antihistamine}]
2023-07-04T13:50:24.191+05:30  INFO 4476 --- [http-nio-8090-exec-4] o.s.web.filter.OncePerRequestFilter      :  Header :  Bearer eyJhbGciOiJIUzUxMiJ9.eyJzdWIiOiJhZG1pbkBnbWFpbC5jb20iLCJpYXQiOjE2ODg0NDc3NjIsImV4cCI6MTY4ODQ2NTc2Mn0.ReOuE3fcgDKHxMkg1udO4l2Pj6u2qeAYWX0uXjgWQ1BVf6-yFT-pyfh59yAiy_rdEN2kDZovM-gUPbLeskZyRw
2023-07-04T13:50:24.216+05:30  INFO 4476 --- [http-nio-8090-exec-4] c.p.A.Impl.DrugCatalogueServiceImpl      : [{id=648011f1029f637a5d28a7a7, name=Aspirin, price=50, type=Tablet, category=Aspirin is used to reduce fever}, {id=6480141f029f637a5d28a7ad, name=Amoxicillin, price=100, type=Capsule, category=Amoxicillin is a penicillin antibiotic}, {id=6480143d029f637a5d28a7af, name=Atorvastatin, price=130, type=Tablet, category=Cholesterol-lowering agent}, {id=6480144d029f637a5d28a7b0, name=Ibuprofen, price=200, type=Tablet, category=Nonsteroidal anti-inflammatory drug (NSAID)}, {id=648584915683641112507aa4, name=Paracetamol, price=120, type=Tablet, category=Pain reliever}, {id=64918f86f72e301ef847fea1, name=Lisinopril, price=80, type=Tablet, category=Antihypertensive}, {id=64918fa1f72e301ef847fea2, name=Metformin, price=70, type=Tablet, category=Antidiabetic}, {id=64918fb6f72e301ef847fea3, name=Cetirizine, price=60, type=Tablet, category=Antihistamine}]
2023-07-04T13:50:24.224+05:30  INFO 4476 --- [http-nio-8090-exec-7] o.s.web.filter.OncePerRequestFilter      :  Header :  Bearer eyJhbGciOiJIUzUxMiJ9.eyJzdWIiOiJhZG1pbkBnbWFpbC5jb20iLCJpYXQiOjE2ODg0NDc3NjIsImV4cCI6MTY4ODQ2NTc2Mn0.ReOuE3fcgDKHxMkg1udO4l2Pj6u2qeAYWX0uXjgWQ1BVf6-yFT-pyfh59yAiy_rdEN2kDZovM-gUPbLeskZyRw
2023-07-04T13:50:24.242+05:30  INFO 4476 --- [http-nio-8090-exec-7] c.p.A.Impl.DrugCatalogueServiceImpl      : [{id=648011f1029f637a5d28a7a7, name=Aspirin, price=50, type=Tablet, category=Aspirin is used to reduce fever}, {id=6480141f029f637a5d28a7ad, name=Amoxicillin, price=100, type=Capsule, category=Amoxicillin is a penicillin antibiotic}, {id=6480143d029f637a5d28a7af, name=Atorvastatin, price=130, type=Tablet, category=Cholesterol-lowering agent}, {id=6480144d029f637a5d28a7b0, name=Ibuprofen, price=200, type=Tablet, category=Nonsteroidal anti-inflammatory drug (NSAID)}, {id=648584915683641112507aa4, name=Paracetamol, price=120, type=Tablet, category=Pain reliever}, {id=64918f86f72e301ef847fea1, name=Lisinopril, price=80, type=Tablet, category=Antihypertensive}, {id=64918fa1f72e301ef847fea2, name=Metformin, price=70, type=Tablet, category=Antidiabetic}, {id=64918fb6f72e301ef847fea3, name=Cetirizine, price=60, type=Tablet, category=Antihistamine}]
2023-07-04T13:51:14.157+05:30  INFO 4476 --- [http-nio-8090-exec-1] o.s.web.filter.OncePerRequestFilter      :  Header :  Bearer eyJhbGciOiJIUzUxMiJ9.eyJzdWIiOiJhZG1pbkBnbWFpbC5jb20iLCJpYXQiOjE2ODg0NDc3NjIsImV4cCI6MTY4ODQ2NTc2Mn0.ReOuE3fcgDKHxMkg1udO4l2Pj6u2qeAYWX0uXjgWQ1BVf6-yFT-pyfh59yAiy_rdEN2kDZovM-gUPbLeskZyRw
2023-07-04T13:51:14.179+05:30  INFO 4476 --- [http-nio-8090-exec-1] c.p.A.Impl.DrugCatalogueServiceImpl      : [{id=648011f1029f637a5d28a7a7, name=Aspirin, price=50, type=Tablet, category=Aspirin is used to reduce fever}, {id=6480141f029f637a5d28a7ad, name=Amoxicillin, price=100, type=Capsule, category=Amoxicillin is a penicillin antibiotic}, {id=6480143d029f637a5d28a7af, name=Atorvastatin, price=130, type=Tablet, category=Cholesterol-lowering agent}, {id=6480144d029f637a5d28a7b0, name=Ibuprofen, price=200, type=Tablet, category=Nonsteroidal anti-inflammatory drug (NSAID)}, {id=648584915683641112507aa4, name=Paracetamol, price=120, type=Tablet, category=Pain reliever}, {id=64918f86f72e301ef847fea1, name=Lisinopril, price=80, type=Tablet, category=Antihypertensive}, {id=64918fa1f72e301ef847fea2, name=Metformin, price=70, type=Tablet, category=Antidiabetic}, {id=64918fb6f72e301ef847fea3, name=Cetirizine, price=60, type=Tablet, category=Antihistamine}]
2023-07-04T13:51:58.179+05:30  INFO 4476 --- [http-nio-8090-exec-5] o.s.web.filter.OncePerRequestFilter      :  Header :  Bearer eyJhbGciOiJIUzUxMiJ9.eyJzdWIiOiJhZG1pbkBnbWFpbC5jb20iLCJpYXQiOjE2ODg0NDc3NjIsImV4cCI6MTY4ODQ2NTc2Mn0.ReOuE3fcgDKHxMkg1udO4l2Pj6u2qeAYWX0uXjgWQ1BVf6-yFT-pyfh59yAiy_rdEN2kDZovM-gUPbLeskZyRw
2023-07-04T13:51:58.207+05:30  INFO 4476 --- [http-nio-8090-exec-5] c.p.A.Impl.DrugCatalogueServiceImpl      : [{id=648011f1029f637a5d28a7a7, name=Aspirin, price=50, type=Tablet, category=Aspirin is used to reduce fever}, {id=6480141f029f637a5d28a7ad, name=Amoxicillin, price=100, type=Capsule, category=Amoxicillin is a penicillin antibiotic}, {id=6480143d029f637a5d28a7af, name=Atorvastatin, price=130, type=Tablet, category=Cholesterol-lowering agent}, {id=6480144d029f637a5d28a7b0, name=Ibuprofen, price=200, type=Tablet, category=Nonsteroidal anti-inflammatory drug (NSAID)}, {id=648584915683641112507aa4, name=Paracetamol, price=120, type=Tablet, category=Pain reliever}, {id=64918f86f72e301ef847fea1, name=Lisinopril, price=80, type=Tablet, category=Antihypertensive}, {id=64918fa1f72e301ef847fea2, name=Metformin, price=70, type=Tablet, category=Antidiabetic}, {id=64918fb6f72e301ef847fea3, name=Cetirizine, price=60, type=Tablet, category=Antihistamine}]
2023-07-04T13:52:15.624+05:30  INFO 4476 --- [http-nio-8090-exec-3] o.s.web.filter.OncePerRequestFilter      :  Header :  Bearer eyJhbGciOiJIUzUxMiJ9.eyJzdWIiOiJhZG1pbkBnbWFpbC5jb20iLCJpYXQiOjE2ODg0NDc3NjIsImV4cCI6MTY4ODQ2NTc2Mn0.ReOuE3fcgDKHxMkg1udO4l2Pj6u2qeAYWX0uXjgWQ1BVf6-yFT-pyfh59yAiy_rdEN2kDZovM-gUPbLeskZyRw
2023-07-04T13:52:15.955+05:30  INFO 4476 --- [http-nio-8090-exec-6] o.s.web.filter.OncePerRequestFilter      :  Header :  Bearer eyJhbGciOiJIUzUxMiJ9.eyJzdWIiOiJhZG1pbkBnbWFpbC5jb20iLCJpYXQiOjE2ODg0NDc3NjIsImV4cCI6MTY4ODQ2NTc2Mn0.ReOuE3fcgDKHxMkg1udO4l2Pj6u2qeAYWX0uXjgWQ1BVf6-yFT-pyfh59yAiy_rdEN2kDZovM-gUPbLeskZyRw
2023-07-04T13:52:15.965+05:30  INFO 4476 --- [http-nio-8090-exec-6] c.p.A.Impl.DrugCatalogueServiceImpl      : [{id=648011f1029f637a5d28a7a7, name=null, price=51, type=Tablet, category=Aspirin is used to reduce fever}, {id=6480141f029f637a5d28a7ad, name=Amoxicillin, price=100, type=Capsule, category=Amoxicillin is a penicillin antibiotic}, {id=6480143d029f637a5d28a7af, name=Atorvastatin, price=130, type=Tablet, category=Cholesterol-lowering agent}, {id=6480144d029f637a5d28a7b0, name=Ibuprofen, price=200, type=Tablet, category=Nonsteroidal anti-inflammatory drug (NSAID)}, {id=648584915683641112507aa4, name=Paracetamol, price=120, type=Tablet, category=Pain reliever}, {id=64918f86f72e301ef847fea1, name=Lisinopril, price=80, type=Tablet, category=Antihypertensive}, {id=64918fa1f72e301ef847fea2, name=Metformin, price=70, type=Tablet, category=Antidiabetic}, {id=64918fb6f72e301ef847fea3, name=Cetirizine, price=60, type=Tablet, category=Antihistamine}]
2023-07-04T13:54:31.299+05:30  INFO 4476 --- [AsyncResolver-bootstrap-executor-0] c.n.d.s.r.aws.ConfigClusterResolver      : Resolving eureka endpoints via configuration
2023-07-04T13:55:40.527+05:30  INFO 4476 --- [http-nio-8090-exec-9] o.s.web.filter.OncePerRequestFilter      :  Header :  Bearer eyJhbGciOiJIUzUxMiJ9.eyJzdWIiOiJhZG1pbkBnbWFpbC5jb20iLCJpYXQiOjE2ODg0NDc3NjIsImV4cCI6MTY4ODQ2NTc2Mn0.ReOuE3fcgDKHxMkg1udO4l2Pj6u2qeAYWX0uXjgWQ1BVf6-yFT-pyfh59yAiy_rdEN2kDZovM-gUPbLeskZyRw
2023-07-04T13:55:40.535+05:30  INFO 4476 --- [http-nio-8090-exec-2] o.s.web.filter.OncePerRequestFilter      :  Header :  Bearer eyJhbGciOiJIUzUxMiJ9.eyJzdWIiOiJhZG1pbkBnbWFpbC5jb20iLCJpYXQiOjE2ODg0NDc3NjIsImV4cCI6MTY4ODQ2NTc2Mn0.ReOuE3fcgDKHxMkg1udO4l2Pj6u2qeAYWX0uXjgWQ1BVf6-yFT-pyfh59yAiy_rdEN2kDZovM-gUPbLeskZyRw
2023-07-04T13:55:40.562+05:30  INFO 4476 --- [http-nio-8090-exec-10] o.s.web.filter.OncePerRequestFilter      :  Header :  Bearer eyJhbGciOiJIUzUxMiJ9.eyJzdWIiOiJhZG1pbkBnbWFpbC5jb20iLCJpYXQiOjE2ODg0NDc3NjIsImV4cCI6MTY4ODQ2NTc2Mn0.ReOuE3fcgDKHxMkg1udO4l2Pj6u2qeAYWX0uXjgWQ1BVf6-yFT-pyfh59yAiy_rdEN2kDZovM-gUPbLeskZyRw
2023-07-04T13:55:40.562+05:30  INFO 4476 --- [http-nio-8090-exec-4] o.s.web.filter.OncePerRequestFilter      :  Header :  Bearer eyJhbGciOiJIUzUxMiJ9.eyJzdWIiOiJhZG1pbkBnbWFpbC5jb20iLCJpYXQiOjE2ODg0NDc3NjIsImV4cCI6MTY4ODQ2NTc2Mn0.ReOuE3fcgDKHxMkg1udO4l2Pj6u2qeAYWX0uXjgWQ1BVf6-yFT-pyfh59yAiy_rdEN2kDZovM-gUPbLeskZyRw
2023-07-04T13:55:40.571+05:30  INFO 4476 --- [http-nio-8090-exec-1] o.s.web.filter.OncePerRequestFilter      :  Header :  Bearer eyJhbGciOiJIUzUxMiJ9.eyJzdWIiOiJhZG1pbkBnbWFpbC5jb20iLCJpYXQiOjE2ODg0NDc3NjIsImV4cCI6MTY4ODQ2NTc2Mn0.ReOuE3fcgDKHxMkg1udO4l2Pj6u2qeAYWX0uXjgWQ1BVf6-yFT-pyfh59yAiy_rdEN2kDZovM-gUPbLeskZyRw
2023-07-04T13:55:40.572+05:30  INFO 4476 --- [http-nio-8090-exec-5] o.s.web.filter.OncePerRequestFilter      :  Header :  Bearer eyJhbGciOiJIUzUxMiJ9.eyJzdWIiOiJhZG1pbkBnbWFpbC5jb20iLCJpYXQiOjE2ODg0NDc3NjIsImV4cCI6MTY4ODQ2NTc2Mn0.ReOuE3fcgDKHxMkg1udO4l2Pj6u2qeAYWX0uXjgWQ1BVf6-yFT-pyfh59yAiy_rdEN2kDZovM-gUPbLeskZyRw
2023-07-04T13:55:40.573+05:30  INFO 4476 --- [http-nio-8090-exec-7] o.s.web.filter.OncePerRequestFilter      :  Header :  Bearer eyJhbGciOiJIUzUxMiJ9.eyJzdWIiOiJhZG1pbkBnbWFpbC5jb20iLCJpYXQiOjE2ODg0NDc3NjIsImV4cCI6MTY4ODQ2NTc2Mn0.ReOuE3fcgDKHxMkg1udO4l2Pj6u2qeAYWX0uXjgWQ1BVf6-yFT-pyfh59yAiy_rdEN2kDZovM-gUPbLeskZyRw
2023-07-04T13:55:40.580+05:30  INFO 4476 --- [http-nio-8090-exec-3] o.s.web.filter.OncePerRequestFilter      :  Header :  Bearer eyJhbGciOiJIUzUxMiJ9.eyJzdWIiOiJhZG1pbkBnbWFpbC5jb20iLCJpYXQiOjE2ODg0NDc3NjIsImV4cCI6MTY4ODQ2NTc2Mn0.ReOuE3fcgDKHxMkg1udO4l2Pj6u2qeAYWX0uXjgWQ1BVf6-yFT-pyfh59yAiy_rdEN2kDZovM-gUPbLeskZyRw
2023-07-04T13:55:40.624+05:30  INFO 4476 --- [http-nio-8090-exec-6] o.s.web.filter.OncePerRequestFilter      :  Header :  Bearer eyJhbGciOiJIUzUxMiJ9.eyJzdWIiOiJhZG1pbkBnbWFpbC5jb20iLCJpYXQiOjE2ODg0NDc3NjIsImV4cCI6MTY4ODQ2NTc2Mn0.ReOuE3fcgDKHxMkg1udO4l2Pj6u2qeAYWX0uXjgWQ1BVf6-yFT-pyfh59yAiy_rdEN2kDZovM-gUPbLeskZyRw
2023-07-04T13:55:40.624+05:30  INFO 4476 --- [http-nio-8090-exec-8] o.s.web.filter.OncePerRequestFilter      :  Header :  Bearer eyJhbGciOiJIUzUxMiJ9.eyJzdWIiOiJhZG1pbkBnbWFpbC5jb20iLCJpYXQiOjE2ODg0NDc3NjIsImV4cCI6MTY4ODQ2NTc2Mn0.ReOuE3fcgDKHxMkg1udO4l2Pj6u2qeAYWX0uXjgWQ1BVf6-yFT-pyfh59yAiy_rdEN2kDZovM-gUPbLeskZyRw
2023-07-04T13:55:40.627+05:30  INFO 4476 --- [http-nio-8090-exec-9] o.s.web.filter.OncePerRequestFilter      :  Header :  Bearer eyJhbGciOiJIUzUxMiJ9.eyJzdWIiOiJhZG1pbkBnbWFpbC5jb20iLCJpYXQiOjE2ODg0NDc3NjIsImV4cCI6MTY4ODQ2NTc2Mn0.ReOuE3fcgDKHxMkg1udO4l2Pj6u2qeAYWX0uXjgWQ1BVf6-yFT-pyfh59yAiy_rdEN2kDZovM-gUPbLeskZyRw
2023-07-04T13:55:40.657+05:30  INFO 4476 --- [http-nio-8090-exec-2] o.s.web.filter.OncePerRequestFilter      :  Header :  Bearer eyJhbGciOiJIUzUxMiJ9.eyJzdWIiOiJhZG1pbkBnbWFpbC5jb20iLCJpYXQiOjE2ODg0NDc3NjIsImV4cCI6MTY4ODQ2NTc2Mn0.ReOuE3fcgDKHxMkg1udO4l2Pj6u2qeAYWX0uXjgWQ1BVf6-yFT-pyfh59yAiy_rdEN2kDZovM-gUPbLeskZyRw
2023-07-04T13:55:43.416+05:30  INFO 4476 --- [http-nio-8090-exec-10] o.s.web.filter.OncePerRequestFilter      :  Header :  Bearer eyJhbGciOiJIUzUxMiJ9.eyJzdWIiOiJhZG1pbkBnbWFpbC5jb20iLCJpYXQiOjE2ODg0NDc3NjIsImV4cCI6MTY4ODQ2NTc2Mn0.ReOuE3fcgDKHxMkg1udO4l2Pj6u2qeAYWX0uXjgWQ1BVf6-yFT-pyfh59yAiy_rdEN2kDZovM-gUPbLeskZyRw
2023-07-04T13:55:43.433+05:30  INFO 4476 --- [http-nio-8090-exec-10] c.p.A.Impl.DrugCatalogueServiceImpl      : [{id=648011f1029f637a5d28a7a7, name=null, price=51, type=Tablet, category=Aspirin is used to reduce fever}, {id=6480141f029f637a5d28a7ad, name=Amoxicillin, price=100, type=Capsule, category=Amoxicillin is a penicillin antibiotic}, {id=6480143d029f637a5d28a7af, name=Atorvastatin, price=130, type=Tablet, category=Cholesterol-lowering agent}, {id=6480144d029f637a5d28a7b0, name=Ibuprofen, price=200, type=Tablet, category=Nonsteroidal anti-inflammatory drug (NSAID)}, {id=648584915683641112507aa4, name=Paracetamol, price=120, type=Tablet, category=Pain reliever}, {id=64918f86f72e301ef847fea1, name=Lisinopril, price=80, type=Tablet, category=Antihypertensive}, {id=64918fa1f72e301ef847fea2, name=Metformin, price=70, type=Tablet, category=Antidiabetic}, {id=64918fb6f72e301ef847fea3, name=Cetirizine, price=60, type=Tablet, category=Antihistamine}]
2023-07-04T13:55:43.447+05:30  INFO 4476 --- [http-nio-8090-exec-1] o.s.web.filter.OncePerRequestFilter      :  Header :  Bearer eyJhbGciOiJIUzUxMiJ9.eyJzdWIiOiJhZG1pbkBnbWFpbC5jb20iLCJpYXQiOjE2ODg0NDc3NjIsImV4cCI6MTY4ODQ2NTc2Mn0.ReOuE3fcgDKHxMkg1udO4l2Pj6u2qeAYWX0uXjgWQ1BVf6-yFT-pyfh59yAiy_rdEN2kDZovM-gUPbLeskZyRw
2023-07-04T13:55:43.464+05:30  INFO 4476 --- [http-nio-8090-exec-1] c.p.A.Impl.DrugCatalogueServiceImpl      : [{id=648011f1029f637a5d28a7a7, name=null, price=51, type=Tablet, category=Aspirin is used to reduce fever}, {id=6480141f029f637a5d28a7ad, name=Amoxicillin, price=100, type=Capsule, category=Amoxicillin is a penicillin antibiotic}, {id=6480143d029f637a5d28a7af, name=Atorvastatin, price=130, type=Tablet, category=Cholesterol-lowering agent}, {id=6480144d029f637a5d28a7b0, name=Ibuprofen, price=200, type=Tablet, category=Nonsteroidal anti-inflammatory drug (NSAID)}, {id=648584915683641112507aa4, name=Paracetamol, price=120, type=Tablet, category=Pain reliever}, {id=64918f86f72e301ef847fea1, name=Lisinopril, price=80, type=Tablet, category=Antihypertensive}, {id=64918fa1f72e301ef847fea2, name=Metformin, price=70, type=Tablet, category=Antidiabetic}, {id=64918fb6f72e301ef847fea3, name=Cetirizine, price=60, type=Tablet, category=Antihistamine}]
2023-07-04T13:56:06.503+05:30  INFO 4476 --- [http-nio-8090-exec-3] o.s.web.filter.OncePerRequestFilter      :  Header :  Bearer eyJhbGciOiJIUzUxMiJ9.eyJzdWIiOiJhZG1pbkBnbWFpbC5jb20iLCJpYXQiOjE2ODg0NDc3NjIsImV4cCI6MTY4ODQ2NTc2Mn0.ReOuE3fcgDKHxMkg1udO4l2Pj6u2qeAYWX0uXjgWQ1BVf6-yFT-pyfh59yAiy_rdEN2kDZovM-gUPbLeskZyRw
2023-07-04T13:56:06.539+05:30  INFO 4476 --- [http-nio-8090-exec-7] o.s.web.filter.OncePerRequestFilter      :  Header :  Bearer eyJhbGciOiJIUzUxMiJ9.eyJzdWIiOiJhZG1pbkBnbWFpbC5jb20iLCJpYXQiOjE2ODg0NDc3NjIsImV4cCI6MTY4ODQ2NTc2Mn0.ReOuE3fcgDKHxMkg1udO4l2Pj6u2qeAYWX0uXjgWQ1BVf6-yFT-pyfh59yAiy_rdEN2kDZovM-gUPbLeskZyRw
2023-07-04T13:56:06.548+05:30  INFO 4476 --- [http-nio-8090-exec-7] c.p.A.Impl.DrugCatalogueServiceImpl      : [{id=648011f1029f637a5d28a7a7, name=null, price=51, type=Tablet, category=Aspirin is used to reduce fever}, {id=6480141f029f637a5d28a7ad, name=null, price=99, type=Capsule, category=Amoxicillin is a penicillin antibiotic}, {id=6480143d029f637a5d28a7af, name=Atorvastatin, price=130, type=Tablet, category=Cholesterol-lowering agent}, {id=6480144d029f637a5d28a7b0, name=Ibuprofen, price=200, type=Tablet, category=Nonsteroidal anti-inflammatory drug (NSAID)}, {id=648584915683641112507aa4, name=Paracetamol, price=120, type=Tablet, category=Pain reliever}, {id=64918f86f72e301ef847fea1, name=Lisinopril, price=80, type=Tablet, category=Antihypertensive}, {id=64918fa1f72e301ef847fea2, name=Metformin, price=70, type=Tablet, category=Antidiabetic}, {id=64918fb6f72e301ef847fea3, name=Cetirizine, price=60, type=Tablet, category=Antihistamine}]
2023-07-04T13:56:26.360+05:30  INFO 4476 --- [http-nio-8090-exec-5] o.s.web.filter.OncePerRequestFilter      :  Header :  Bearer eyJhbGciOiJIUzUxMiJ9.eyJzdWIiOiJhZG1pbkBnbWFpbC5jb20iLCJpYXQiOjE2ODg0NDc3NjIsImV4cCI6MTY4ODQ2NTc2Mn0.ReOuE3fcgDKHxMkg1udO4l2Pj6u2qeAYWX0uXjgWQ1BVf6-yFT-pyfh59yAiy_rdEN2kDZovM-gUPbLeskZyRw
2023-07-04T13:56:26.394+05:30  INFO 4476 --- [http-nio-8090-exec-6] o.s.web.filter.OncePerRequestFilter      :  Header :  Bearer eyJhbGciOiJIUzUxMiJ9.eyJzdWIiOiJhZG1pbkBnbWFpbC5jb20iLCJpYXQiOjE2ODg0NDc3NjIsImV4cCI6MTY4ODQ2NTc2Mn0.ReOuE3fcgDKHxMkg1udO4l2Pj6u2qeAYWX0uXjgWQ1BVf6-yFT-pyfh59yAiy_rdEN2kDZovM-gUPbLeskZyRw
2023-07-04T13:56:26.403+05:30  INFO 4476 --- [http-nio-8090-exec-6] c.p.A.Impl.DrugCatalogueServiceImpl      : [{id=648011f1029f637a5d28a7a7, name=null, price=51, type=Tablet, category=Aspirin is used to reduce fever}, {id=6480141f029f637a5d28a7ad, name=null, price=100, type=Capsule, category=Amoxicillin is a penicillin antibiotic}, {id=6480143d029f637a5d28a7af, name=Atorvastatin, price=130, type=Tablet, category=Cholesterol-lowering agent}, {id=6480144d029f637a5d28a7b0, name=Ibuprofen, price=200, type=Tablet, category=Nonsteroidal anti-inflammatory drug (NSAID)}, {id=648584915683641112507aa4, name=Paracetamol, price=120, type=Tablet, category=Pain reliever}, {id=64918f86f72e301ef847fea1, name=Lisinopril, price=80, type=Tablet, category=Antihypertensive}, {id=64918fa1f72e301ef847fea2, name=Metformin, price=70, type=Tablet, category=Antidiabetic}, {id=64918fb6f72e301ef847fea3, name=Cetirizine, price=60, type=Tablet, category=Antihistamine}]
2023-07-04T13:56:31.632+05:30  INFO 4476 --- [http-nio-8090-exec-4] o.s.web.filter.OncePerRequestFilter      :  Header :  Bearer eyJhbGciOiJIUzUxMiJ9.eyJzdWIiOiJhZG1pbkBnbWFpbC5jb20iLCJpYXQiOjE2ODg0NDc3NjIsImV4cCI6MTY4ODQ2NTc2Mn0.ReOuE3fcgDKHxMkg1udO4l2Pj6u2qeAYWX0uXjgWQ1BVf6-yFT-pyfh59yAiy_rdEN2kDZovM-gUPbLeskZyRw
2023-07-04T13:56:31.672+05:30  INFO 4476 --- [http-nio-8090-exec-8] o.s.web.filter.OncePerRequestFilter      :  Header :  Bearer eyJhbGciOiJIUzUxMiJ9.eyJzdWIiOiJhZG1pbkBnbWFpbC5jb20iLCJpYXQiOjE2ODg0NDc3NjIsImV4cCI6MTY4ODQ2NTc2Mn0.ReOuE3fcgDKHxMkg1udO4l2Pj6u2qeAYWX0uXjgWQ1BVf6-yFT-pyfh59yAiy_rdEN2kDZovM-gUPbLeskZyRw
2023-07-04T13:56:31.685+05:30  INFO 4476 --- [http-nio-8090-exec-8] c.p.A.Impl.DrugCatalogueServiceImpl      : [{id=648011f1029f637a5d28a7a7, name=50, price=51, type=Tablet, category=Aspirin is used to reduce fever}, {id=6480141f029f637a5d28a7ad, name=null, price=100, type=Capsule, category=Amoxicillin is a penicillin antibiotic}, {id=6480143d029f637a5d28a7af, name=Atorvastatin, price=130, type=Tablet, category=Cholesterol-lowering agent}, {id=6480144d029f637a5d28a7b0, name=Ibuprofen, price=200, type=Tablet, category=Nonsteroidal anti-inflammatory drug (NSAID)}, {id=648584915683641112507aa4, name=Paracetamol, price=120, type=Tablet, category=Pain reliever}, {id=64918f86f72e301ef847fea1, name=Lisinopril, price=80, type=Tablet, category=Antihypertensive}, {id=64918fa1f72e301ef847fea2, name=Metformin, price=70, type=Tablet, category=Antidiabetic}, {id=64918fb6f72e301ef847fea3, name=Cetirizine, price=60, type=Tablet, category=Antihistamine}]
2023-07-04T13:56:48.940+05:30  INFO 4476 --- [http-nio-8090-exec-9] o.s.web.filter.OncePerRequestFilter      :  Header :  Bearer eyJhbGciOiJIUzUxMiJ9.eyJzdWIiOiJhZG1pbkBnbWFpbC5jb20iLCJpYXQiOjE2ODg0NDc3NjIsImV4cCI6MTY4ODQ2NTc2Mn0.ReOuE3fcgDKHxMkg1udO4l2Pj6u2qeAYWX0uXjgWQ1BVf6-yFT-pyfh59yAiy_rdEN2kDZovM-gUPbLeskZyRw
2023-07-04T13:56:48.979+05:30  INFO 4476 --- [http-nio-8090-exec-2] o.s.web.filter.OncePerRequestFilter      :  Header :  Bearer eyJhbGciOiJIUzUxMiJ9.eyJzdWIiOiJhZG1pbkBnbWFpbC5jb20iLCJpYXQiOjE2ODg0NDc3NjIsImV4cCI6MTY4ODQ2NTc2Mn0.ReOuE3fcgDKHxMkg1udO4l2Pj6u2qeAYWX0uXjgWQ1BVf6-yFT-pyfh59yAiy_rdEN2kDZovM-gUPbLeskZyRw
2023-07-04T13:56:48.988+05:30  INFO 4476 --- [http-nio-8090-exec-2] c.p.A.Impl.DrugCatalogueServiceImpl      : [{id=648011f1029f637a5d28a7a7, name=Aspirin, price=48, type=Tablet, category=Aspirin is used to reduce fever}, {id=6480141f029f637a5d28a7ad, name=null, price=100, type=Capsule, category=Amoxicillin is a penicillin antibiotic}, {id=6480143d029f637a5d28a7af, name=Atorvastatin, price=130, type=Tablet, category=Cholesterol-lowering agent}, {id=6480144d029f637a5d28a7b0, name=Ibuprofen, price=200, type=Tablet, category=Nonsteroidal anti-inflammatory drug (NSAID)}, {id=648584915683641112507aa4, name=Paracetamol, price=120, type=Tablet, category=Pain reliever}, {id=64918f86f72e301ef847fea1, name=Lisinopril, price=80, type=Tablet, category=Antihypertensive}, {id=64918fa1f72e301ef847fea2, name=Metformin, price=70, type=Tablet, category=Antidiabetic}, {id=64918fb6f72e301ef847fea3, name=Cetirizine, price=60, type=Tablet, category=Antihistamine}]
2023-07-04T13:57:41.807+05:30  INFO 4476 --- [http-nio-8090-exec-5] o.s.web.filter.OncePerRequestFilter      :  Header :  Bearer eyJhbGciOiJIUzUxMiJ9.eyJzdWIiOiJhZG1pbkBnbWFpbC5jb20iLCJpYXQiOjE2ODg0NDc3NjIsImV4cCI6MTY4ODQ2NTc2Mn0.ReOuE3fcgDKHxMkg1udO4l2Pj6u2qeAYWX0uXjgWQ1BVf6-yFT-pyfh59yAiy_rdEN2kDZovM-gUPbLeskZyRw
2023-07-04T13:57:41.844+05:30  INFO 4476 --- [http-nio-8090-exec-6] o.s.web.filter.OncePerRequestFilter      :  Header :  Bearer eyJhbGciOiJIUzUxMiJ9.eyJzdWIiOiJhZG1pbkBnbWFpbC5jb20iLCJpYXQiOjE2ODg0NDc3NjIsImV4cCI6MTY4ODQ2NTc2Mn0.ReOuE3fcgDKHxMkg1udO4l2Pj6u2qeAYWX0uXjgWQ1BVf6-yFT-pyfh59yAiy_rdEN2kDZovM-gUPbLeskZyRw
2023-07-04T13:57:41.853+05:30  INFO 4476 --- [http-nio-8090-exec-6] c.p.A.Impl.DrugCatalogueServiceImpl      : [{id=648011f1029f637a5d28a7a7, name=Aspirin, price=48, type=Tablet, category=Aspirin is used to reduce fever}, {id=6480141f029f637a5d28a7ad, name=Amoxicillin, price=100, type=Capsule, category=Amoxicillin is a penicillin antibiotic}, {id=6480143d029f637a5d28a7af, name=Atorvastatin, price=130, type=Tablet, category=Cholesterol-lowering agent}, {id=6480144d029f637a5d28a7b0, name=Ibuprofen, price=200, type=Tablet, category=Nonsteroidal anti-inflammatory drug (NSAID)}, {id=648584915683641112507aa4, name=Paracetamol, price=120, type=Tablet, category=Pain reliever}, {id=64918f86f72e301ef847fea1, name=Lisinopril, price=80, type=Tablet, category=Antihypertensive}, {id=64918fa1f72e301ef847fea2, name=Metformin, price=70, type=Tablet, category=Antidiabetic}, {id=64918fb6f72e301ef847fea3, name=Cetirizine, price=60, type=Tablet, category=Antihistamine}]
2023-07-04T13:58:04.830+05:30  INFO 4476 --- [http-nio-8090-exec-4] o.s.web.filter.OncePerRequestFilter      :  Header :  Bearer eyJhbGciOiJIUzUxMiJ9.eyJzdWIiOiJhZG1pbkBnbWFpbC5jb20iLCJpYXQiOjE2ODg0NDc3NjIsImV4cCI6MTY4ODQ2NTc2Mn0.ReOuE3fcgDKHxMkg1udO4l2Pj6u2qeAYWX0uXjgWQ1BVf6-yFT-pyfh59yAiy_rdEN2kDZovM-gUPbLeskZyRw
2023-07-04T13:58:04.855+05:30  INFO 4476 --- [http-nio-8090-exec-8] o.s.web.filter.OncePerRequestFilter      :  Header :  Bearer eyJhbGciOiJIUzUxMiJ9.eyJzdWIiOiJhZG1pbkBnbWFpbC5jb20iLCJpYXQiOjE2ODg0NDc3NjIsImV4cCI6MTY4ODQ2NTc2Mn0.ReOuE3fcgDKHxMkg1udO4l2Pj6u2qeAYWX0uXjgWQ1BVf6-yFT-pyfh59yAiy_rdEN2kDZovM-gUPbLeskZyRw
2023-07-04T13:58:04.867+05:30  INFO 4476 --- [http-nio-8090-exec-8] c.p.A.Impl.DrugCatalogueServiceImpl      : [{id=648011f1029f637a5d28a7a7, name=Aspirin, price=50, type=Tablet, category=Aspirin is used to reduce fever}, {id=6480141f029f637a5d28a7ad, name=Amoxicillin, price=100, type=Capsule, category=Amoxicillin is a penicillin antibiotic}, {id=6480143d029f637a5d28a7af, name=Atorvastatin, price=130, type=Tablet, category=Cholesterol-lowering agent}, {id=6480144d029f637a5d28a7b0, name=Ibuprofen, price=200, type=Tablet, category=Nonsteroidal anti-inflammatory drug (NSAID)}, {id=648584915683641112507aa4, name=Paracetamol, price=120, type=Tablet, category=Pain reliever}, {id=64918f86f72e301ef847fea1, name=Lisinopril, price=80, type=Tablet, category=Antihypertensive}, {id=64918fa1f72e301ef847fea2, name=Metformin, price=70, type=Tablet, category=Antidiabetic}, {id=64918fb6f72e301ef847fea3, name=Cetirizine, price=60, type=Tablet, category=Antihistamine}]
2023-07-04T13:59:06.577+05:30  INFO 4476 --- [http-nio-8090-exec-10] o.s.web.filter.OncePerRequestFilter      :  Header :  Bearer eyJhbGciOiJIUzUxMiJ9.eyJzdWIiOiJhZG1pbkBnbWFpbC5jb20iLCJpYXQiOjE2ODg0NDc3NjIsImV4cCI6MTY4ODQ2NTc2Mn0.ReOuE3fcgDKHxMkg1udO4l2Pj6u2qeAYWX0uXjgWQ1BVf6-yFT-pyfh59yAiy_rdEN2kDZovM-gUPbLeskZyRw
2023-07-04T13:59:06.617+05:30  INFO 4476 --- [http-nio-8090-exec-1] o.s.web.filter.OncePerRequestFilter      :  Header :  Bearer eyJhbGciOiJIUzUxMiJ9.eyJzdWIiOiJhZG1pbkBnbWFpbC5jb20iLCJpYXQiOjE2ODg0NDc3NjIsImV4cCI6MTY4ODQ2NTc2Mn0.ReOuE3fcgDKHxMkg1udO4l2Pj6u2qeAYWX0uXjgWQ1BVf6-yFT-pyfh59yAiy_rdEN2kDZovM-gUPbLeskZyRw
2023-07-04T13:59:06.626+05:30  INFO 4476 --- [http-nio-8090-exec-1] c.p.A.Impl.DrugCatalogueServiceImpl      : [{id=648011f1029f637a5d28a7a7, name=null, price=51, type=Tablet, category=Aspirin is used to reduce fever}, {id=6480141f029f637a5d28a7ad, name=Amoxicillin, price=100, type=Capsule, category=Amoxicillin is a penicillin antibiotic}, {id=6480143d029f637a5d28a7af, name=Atorvastatin, price=130, type=Tablet, category=Cholesterol-lowering agent}, {id=6480144d029f637a5d28a7b0, name=Ibuprofen, price=200, type=Tablet, category=Nonsteroidal anti-inflammatory drug (NSAID)}, {id=648584915683641112507aa4, name=Paracetamol, price=120, type=Tablet, category=Pain reliever}, {id=64918f86f72e301ef847fea1, name=Lisinopril, price=80, type=Tablet, category=Antihypertensive}, {id=64918fa1f72e301ef847fea2, name=Metformin, price=70, type=Tablet, category=Antidiabetic}, {id=64918fb6f72e301ef847fea3, name=Cetirizine, price=60, type=Tablet, category=Antihistamine}]
2023-07-04T13:59:31.304+05:30  INFO 4476 --- [AsyncResolver-bootstrap-executor-0] c.n.d.s.r.aws.ConfigClusterResolver      : Resolving eureka endpoints via configuration
2023-07-04T13:59:39.212+05:30  INFO 4476 --- [http-nio-8090-exec-7] o.s.web.filter.OncePerRequestFilter      :  Header :  Bearer eyJhbGciOiJIUzUxMiJ9.eyJzdWIiOiJhZG1pbkBnbWFpbC5jb20iLCJpYXQiOjE2ODg0NDc3NjIsImV4cCI6MTY4ODQ2NTc2Mn0.ReOuE3fcgDKHxMkg1udO4l2Pj6u2qeAYWX0uXjgWQ1BVf6-yFT-pyfh59yAiy_rdEN2kDZovM-gUPbLeskZyRw
2023-07-04T13:59:39.232+05:30  INFO 4476 --- [http-nio-8090-exec-3] o.s.web.filter.OncePerRequestFilter      :  Header :  Bearer eyJhbGciOiJIUzUxMiJ9.eyJzdWIiOiJhZG1pbkBnbWFpbC5jb20iLCJpYXQiOjE2ODg0NDc3NjIsImV4cCI6MTY4ODQ2NTc2Mn0.ReOuE3fcgDKHxMkg1udO4l2Pj6u2qeAYWX0uXjgWQ1BVf6-yFT-pyfh59yAiy_rdEN2kDZovM-gUPbLeskZyRw
2023-07-04T13:59:39.242+05:30  INFO 4476 --- [http-nio-8090-exec-3] c.p.A.Impl.DrugCatalogueServiceImpl      : [{id=648011f1029f637a5d28a7a7, name=Aspirin, price=51, type=Tablet, category=Aspirin is used to reduce fever}, {id=6480141f029f637a5d28a7ad, name=Amoxicillin, price=100, type=Capsule, category=Amoxicillin is a penicillin antibiotic}, {id=6480143d029f637a5d28a7af, name=Atorvastatin, price=130, type=Tablet, category=Cholesterol-lowering agent}, {id=6480144d029f637a5d28a7b0, name=Ibuprofen, price=200, type=Tablet, category=Nonsteroidal anti-inflammatory drug (NSAID)}, {id=648584915683641112507aa4, name=Paracetamol, price=120, type=Tablet, category=Pain reliever}, {id=64918f86f72e301ef847fea1, name=Lisinopril, price=80, type=Tablet, category=Antihypertensive}, {id=64918fa1f72e301ef847fea2, name=Metformin, price=70, type=Tablet, category=Antidiabetic}, {id=64918fb6f72e301ef847fea3, name=Cetirizine, price=60, type=Tablet, category=Antihistamine}]
2023-07-04T14:00:35.183+05:30  INFO 4476 --- [http-nio-8090-exec-5] o.s.web.filter.OncePerRequestFilter      :  Header :  Bearer eyJhbGciOiJIUzUxMiJ9.eyJzdWIiOiJhZG1pbkBnbWFpbC5jb20iLCJpYXQiOjE2ODg0NDc3NjIsImV4cCI6MTY4ODQ2NTc2Mn0.ReOuE3fcgDKHxMkg1udO4l2Pj6u2qeAYWX0uXjgWQ1BVf6-yFT-pyfh59yAiy_rdEN2kDZovM-gUPbLeskZyRw
2023-07-04T14:00:35.215+05:30  INFO 4476 --- [http-nio-8090-exec-5] c.p.A.Impl.DrugCatalogueServiceImpl      : [{id=648011f1029f637a5d28a7a7, name=Aspirin, price=51, type=Tablet, category=Aspirin is used to reduce fever}, {id=6480141f029f637a5d28a7ad, name=Amoxicillin, price=100, type=Capsule, category=Amoxicillin is a penicillin antibiotic}, {id=6480143d029f637a5d28a7af, name=Atorvastatin, price=130, type=Tablet, category=Cholesterol-lowering agent}, {id=6480144d029f637a5d28a7b0, name=Ibuprofen, price=200, type=Tablet, category=Nonsteroidal anti-inflammatory drug (NSAID)}, {id=648584915683641112507aa4, name=Paracetamol, price=120, type=Tablet, category=Pain reliever}, {id=64918f86f72e301ef847fea1, name=Lisinopril, price=80, type=Tablet, category=Antihypertensive}, {id=64918fa1f72e301ef847fea2, name=Metformin, price=70, type=Tablet, category=Antidiabetic}, {id=64918fb6f72e301ef847fea3, name=Cetirizine, price=60, type=Tablet, category=Antihistamine}]
2023-07-04T14:00:35.227+05:30  INFO 4476 --- [http-nio-8090-exec-6] o.s.web.filter.OncePerRequestFilter      :  Header :  Bearer eyJhbGciOiJIUzUxMiJ9.eyJzdWIiOiJhZG1pbkBnbWFpbC5jb20iLCJpYXQiOjE2ODg0NDc3NjIsImV4cCI6MTY4ODQ2NTc2Mn0.ReOuE3fcgDKHxMkg1udO4l2Pj6u2qeAYWX0uXjgWQ1BVf6-yFT-pyfh59yAiy_rdEN2kDZovM-gUPbLeskZyRw
2023-07-04T14:00:35.248+05:30  INFO 4476 --- [http-nio-8090-exec-6] c.p.A.Impl.DrugCatalogueServiceImpl      : [{id=648011f1029f637a5d28a7a7, name=Aspirin, price=51, type=Tablet, category=Aspirin is used to reduce fever}, {id=6480141f029f637a5d28a7ad, name=Amoxicillin, price=100, type=Capsule, category=Amoxicillin is a penicillin antibiotic}, {id=6480143d029f637a5d28a7af, name=Atorvastatin, price=130, type=Tablet, category=Cholesterol-lowering agent}, {id=6480144d029f637a5d28a7b0, name=Ibuprofen, price=200, type=Tablet, category=Nonsteroidal anti-inflammatory drug (NSAID)}, {id=648584915683641112507aa4, name=Paracetamol, price=120, type=Tablet, category=Pain reliever}, {id=64918f86f72e301ef847fea1, name=Lisinopril, price=80, type=Tablet, category=Antihypertensive}, {id=64918fa1f72e301ef847fea2, name=Metformin, price=70, type=Tablet, category=Antidiabetic}, {id=64918fb6f72e301ef847fea3, name=Cetirizine, price=60, type=Tablet, category=Antihistamine}]
2023-07-04T14:00:37.638+05:30  INFO 4476 --- [http-nio-8090-exec-4] o.s.web.filter.OncePerRequestFilter      :  Header :  Bearer eyJhbGciOiJIUzUxMiJ9.eyJzdWIiOiJhZG1pbkBnbWFpbC5jb20iLCJpYXQiOjE2ODg0NDc3NjIsImV4cCI6MTY4ODQ2NTc2Mn0.ReOuE3fcgDKHxMkg1udO4l2Pj6u2qeAYWX0uXjgWQ1BVf6-yFT-pyfh59yAiy_rdEN2kDZovM-gUPbLeskZyRw
2023-07-04T14:00:37.653+05:30  INFO 4476 --- [http-nio-8090-exec-4] o.s.web.filter.OncePerRequestFilter      :  Header :  Bearer eyJhbGciOiJIUzUxMiJ9.eyJzdWIiOiJhZG1pbkBnbWFpbC5jb20iLCJpYXQiOjE2ODg0NDc3NjIsImV4cCI6MTY4ODQ2NTc2Mn0.ReOuE3fcgDKHxMkg1udO4l2Pj6u2qeAYWX0uXjgWQ1BVf6-yFT-pyfh59yAiy_rdEN2kDZovM-gUPbLeskZyRw
2023-07-04T14:00:37.653+05:30  INFO 4476 --- [http-nio-8090-exec-8] o.s.web.filter.OncePerRequestFilter      :  Header :  Bearer eyJhbGciOiJIUzUxMiJ9.eyJzdWIiOiJhZG1pbkBnbWFpbC5jb20iLCJpYXQiOjE2ODg0NDc3NjIsImV4cCI6MTY4ODQ2NTc2Mn0.ReOuE3fcgDKHxMkg1udO4l2Pj6u2qeAYWX0uXjgWQ1BVf6-yFT-pyfh59yAiy_rdEN2kDZovM-gUPbLeskZyRw
2023-07-04T14:00:37.654+05:30  INFO 4476 --- [http-nio-8090-exec-2] o.s.web.filter.OncePerRequestFilter      :  Header :  Bearer eyJhbGciOiJIUzUxMiJ9.eyJzdWIiOiJhZG1pbkBnbWFpbC5jb20iLCJpYXQiOjE2ODg0NDc3NjIsImV4cCI6MTY4ODQ2NTc2Mn0.ReOuE3fcgDKHxMkg1udO4l2Pj6u2qeAYWX0uXjgWQ1BVf6-yFT-pyfh59yAiy_rdEN2kDZovM-gUPbLeskZyRw
2023-07-04T14:00:37.654+05:30  INFO 4476 --- [http-nio-8090-exec-10] o.s.web.filter.OncePerRequestFilter      :  Header :  Bearer eyJhbGciOiJIUzUxMiJ9.eyJzdWIiOiJhZG1pbkBnbWFpbC5jb20iLCJpYXQiOjE2ODg0NDc3NjIsImV4cCI6MTY4ODQ2NTc2Mn0.ReOuE3fcgDKHxMkg1udO4l2Pj6u2qeAYWX0uXjgWQ1BVf6-yFT-pyfh59yAiy_rdEN2kDZovM-gUPbLeskZyRw
2023-07-04T14:00:37.677+05:30  INFO 4476 --- [http-nio-8090-exec-1] o.s.web.filter.OncePerRequestFilter      :  Header :  Bearer eyJhbGciOiJIUzUxMiJ9.eyJzdWIiOiJhZG1pbkBnbWFpbC5jb20iLCJpYXQiOjE2ODg0NDc3NjIsImV4cCI6MTY4ODQ2NTc2Mn0.ReOuE3fcgDKHxMkg1udO4l2Pj6u2qeAYWX0uXjgWQ1BVf6-yFT-pyfh59yAiy_rdEN2kDZovM-gUPbLeskZyRw
2023-07-04T14:00:37.680+05:30  INFO 4476 --- [http-nio-8090-exec-7] o.s.web.filter.OncePerRequestFilter      :  Header :  Bearer eyJhbGciOiJIUzUxMiJ9.eyJzdWIiOiJhZG1pbkBnbWFpbC5jb20iLCJpYXQiOjE2ODg0NDc3NjIsImV4cCI6MTY4ODQ2NTc2Mn0.ReOuE3fcgDKHxMkg1udO4l2Pj6u2qeAYWX0uXjgWQ1BVf6-yFT-pyfh59yAiy_rdEN2kDZovM-gUPbLeskZyRw
2023-07-04T14:00:37.696+05:30  INFO 4476 --- [http-nio-8090-exec-9] o.s.web.filter.OncePerRequestFilter      :  Header :  Bearer eyJhbGciOiJIUzUxMiJ9.eyJzdWIiOiJhZG1pbkBnbWFpbC5jb20iLCJpYXQiOjE2ODg0NDc3NjIsImV4cCI6MTY4ODQ2NTc2Mn0.ReOuE3fcgDKHxMkg1udO4l2Pj6u2qeAYWX0uXjgWQ1BVf6-yFT-pyfh59yAiy_rdEN2kDZovM-gUPbLeskZyRw
2023-07-04T14:00:37.696+05:30  INFO 4476 --- [http-nio-8090-exec-6] o.s.web.filter.OncePerRequestFilter      :  Header :  Bearer eyJhbGciOiJIUzUxMiJ9.eyJzdWIiOiJhZG1pbkBnbWFpbC5jb20iLCJpYXQiOjE2ODg0NDc3NjIsImV4cCI6MTY4ODQ2NTc2Mn0.ReOuE3fcgDKHxMkg1udO4l2Pj6u2qeAYWX0uXjgWQ1BVf6-yFT-pyfh59yAiy_rdEN2kDZovM-gUPbLeskZyRw
2023-07-04T14:00:37.696+05:30  INFO 4476 --- [http-nio-8090-exec-5] o.s.web.filter.OncePerRequestFilter      :  Header :  Bearer eyJhbGciOiJIUzUxMiJ9.eyJzdWIiOiJhZG1pbkBnbWFpbC5jb20iLCJpYXQiOjE2ODg0NDc3NjIsImV4cCI6MTY4ODQ2NTc2Mn0.ReOuE3fcgDKHxMkg1udO4l2Pj6u2qeAYWX0uXjgWQ1BVf6-yFT-pyfh59yAiy_rdEN2kDZovM-gUPbLeskZyRw
2023-07-04T14:00:37.696+05:30  INFO 4476 --- [http-nio-8090-exec-3] o.s.web.filter.OncePerRequestFilter      :  Header :  Bearer eyJhbGciOiJIUzUxMiJ9.eyJzdWIiOiJhZG1pbkBnbWFpbC5jb20iLCJpYXQiOjE2ODg0NDc3NjIsImV4cCI6MTY4ODQ2NTc2Mn0.ReOuE3fcgDKHxMkg1udO4l2Pj6u2qeAYWX0uXjgWQ1BVf6-yFT-pyfh59yAiy_rdEN2kDZovM-gUPbLeskZyRw
2023-07-04T14:00:37.737+05:30  INFO 4476 --- [http-nio-8090-exec-4] o.s.web.filter.OncePerRequestFilter      :  Header :  Bearer eyJhbGciOiJIUzUxMiJ9.eyJzdWIiOiJhZG1pbkBnbWFpbC5jb20iLCJpYXQiOjE2ODg0NDc3NjIsImV4cCI6MTY4ODQ2NTc2Mn0.ReOuE3fcgDKHxMkg1udO4l2Pj6u2qeAYWX0uXjgWQ1BVf6-yFT-pyfh59yAiy_rdEN2kDZovM-gUPbLeskZyRw
2023-07-04T14:00:39.856+05:30  INFO 4476 --- [http-nio-8090-exec-10] o.s.web.filter.OncePerRequestFilter      :  Header :  Bearer eyJhbGciOiJIUzUxMiJ9.eyJzdWIiOiJhZG1pbkBnbWFpbC5jb20iLCJpYXQiOjE2ODg0NDc3NjIsImV4cCI6MTY4ODQ2NTc2Mn0.ReOuE3fcgDKHxMkg1udO4l2Pj6u2qeAYWX0uXjgWQ1BVf6-yFT-pyfh59yAiy_rdEN2kDZovM-gUPbLeskZyRw
2023-07-04T14:00:39.873+05:30  INFO 4476 --- [http-nio-8090-exec-10] c.p.A.Impl.DrugCatalogueServiceImpl      : [{id=648011f1029f637a5d28a7a7, name=Aspirin, price=51, type=Tablet, category=Aspirin is used to reduce fever}, {id=6480141f029f637a5d28a7ad, name=Amoxicillin, price=100, type=Capsule, category=Amoxicillin is a penicillin antibiotic}, {id=6480143d029f637a5d28a7af, name=Atorvastatin, price=130, type=Tablet, category=Cholesterol-lowering agent}, {id=6480144d029f637a5d28a7b0, name=Ibuprofen, price=200, type=Tablet, category=Nonsteroidal anti-inflammatory drug (NSAID)}, {id=648584915683641112507aa4, name=Paracetamol, price=120, type=Tablet, category=Pain reliever}, {id=64918f86f72e301ef847fea1, name=Lisinopril, price=80, type=Tablet, category=Antihypertensive}, {id=64918fa1f72e301ef847fea2, name=Metformin, price=70, type=Tablet, category=Antidiabetic}, {id=64918fb6f72e301ef847fea3, name=Cetirizine, price=60, type=Tablet, category=Antihistamine}]
2023-07-04T14:00:39.884+05:30  INFO 4476 --- [http-nio-8090-exec-8] o.s.web.filter.OncePerRequestFilter      :  Header :  Bearer eyJhbGciOiJIUzUxMiJ9.eyJzdWIiOiJhZG1pbkBnbWFpbC5jb20iLCJpYXQiOjE2ODg0NDc3NjIsImV4cCI6MTY4ODQ2NTc2Mn0.ReOuE3fcgDKHxMkg1udO4l2Pj6u2qeAYWX0uXjgWQ1BVf6-yFT-pyfh59yAiy_rdEN2kDZovM-gUPbLeskZyRw
2023-07-04T14:00:39.898+05:30  INFO 4476 --- [http-nio-8090-exec-8] c.p.A.Impl.DrugCatalogueServiceImpl      : [{id=648011f1029f637a5d28a7a7, name=Aspirin, price=51, type=Tablet, category=Aspirin is used to reduce fever}, {id=6480141f029f637a5d28a7ad, name=Amoxicillin, price=100, type=Capsule, category=Amoxicillin is a penicillin antibiotic}, {id=6480143d029f637a5d28a7af, name=Atorvastatin, price=130, type=Tablet, category=Cholesterol-lowering agent}, {id=6480144d029f637a5d28a7b0, name=Ibuprofen, price=200, type=Tablet, category=Nonsteroidal anti-inflammatory drug (NSAID)}, {id=648584915683641112507aa4, name=Paracetamol, price=120, type=Tablet, category=Pain reliever}, {id=64918f86f72e301ef847fea1, name=Lisinopril, price=80, type=Tablet, category=Antihypertensive}, {id=64918fa1f72e301ef847fea2, name=Metformin, price=70, type=Tablet, category=Antidiabetic}, {id=64918fb6f72e301ef847fea3, name=Cetirizine, price=60, type=Tablet, category=Antihistamine}]
2023-07-04T14:00:51.057+05:30  INFO 4476 --- [http-nio-8090-exec-2] o.s.web.filter.OncePerRequestFilter      :  Header :  Bearer eyJhbGciOiJIUzUxMiJ9.eyJzdWIiOiJhZG1pbkBnbWFpbC5jb20iLCJpYXQiOjE2ODg0NDc3NjIsImV4cCI6MTY4ODQ2NTc2Mn0.ReOuE3fcgDKHxMkg1udO4l2Pj6u2qeAYWX0uXjgWQ1BVf6-yFT-pyfh59yAiy_rdEN2kDZovM-gUPbLeskZyRw
2023-07-04T14:00:51.089+05:30  INFO 4476 --- [http-nio-8090-exec-1] o.s.web.filter.OncePerRequestFilter      :  Header :  Bearer eyJhbGciOiJIUzUxMiJ9.eyJzdWIiOiJhZG1pbkBnbWFpbC5jb20iLCJpYXQiOjE2ODg0NDc3NjIsImV4cCI6MTY4ODQ2NTc2Mn0.ReOuE3fcgDKHxMkg1udO4l2Pj6u2qeAYWX0uXjgWQ1BVf6-yFT-pyfh59yAiy_rdEN2kDZovM-gUPbLeskZyRw
2023-07-04T14:00:51.098+05:30  INFO 4476 --- [http-nio-8090-exec-1] c.p.A.Impl.DrugCatalogueServiceImpl      : [{id=648011f1029f637a5d28a7a7, name=Aspirin, price=48, type=Tablet, category=Aspirin is used to reduce fever}, {id=6480141f029f637a5d28a7ad, name=Amoxicillin, price=100, type=Capsule, category=Amoxicillin is a penicillin antibiotic}, {id=6480143d029f637a5d28a7af, name=Atorvastatin, price=130, type=Tablet, category=Cholesterol-lowering agent}, {id=6480144d029f637a5d28a7b0, name=Ibuprofen, price=200, type=Tablet, category=Nonsteroidal anti-inflammatory drug (NSAID)}, {id=648584915683641112507aa4, name=Paracetamol, price=120, type=Tablet, category=Pain reliever}, {id=64918f86f72e301ef847fea1, name=Lisinopril, price=80, type=Tablet, category=Antihypertensive}, {id=64918fa1f72e301ef847fea2, name=Metformin, price=70, type=Tablet, category=Antidiabetic}, {id=64918fb6f72e301ef847fea3, name=Cetirizine, price=60, type=Tablet, category=Antihistamine}]
2023-07-04T14:01:11.814+05:30  INFO 4476 --- [http-nio-8090-exec-3] o.s.web.filter.OncePerRequestFilter      :  Header :  Bearer eyJhbGciOiJIUzUxMiJ9.eyJzdWIiOiJhZG1pbkBnbWFpbC5jb20iLCJpYXQiOjE2ODg0NDc3NjIsImV4cCI6MTY4ODQ2NTc2Mn0.ReOuE3fcgDKHxMkg1udO4l2Pj6u2qeAYWX0uXjgWQ1BVf6-yFT-pyfh59yAiy_rdEN2kDZovM-gUPbLeskZyRw
2023-07-04T14:01:11.832+05:30  INFO 4476 --- [http-nio-8090-exec-6] o.s.web.filter.OncePerRequestFilter      :  Header :  Bearer eyJhbGciOiJIUzUxMiJ9.eyJzdWIiOiJhZG1pbkBnbWFpbC5jb20iLCJpYXQiOjE2ODg0NDc3NjIsImV4cCI6MTY4ODQ2NTc2Mn0.ReOuE3fcgDKHxMkg1udO4l2Pj6u2qeAYWX0uXjgWQ1BVf6-yFT-pyfh59yAiy_rdEN2kDZovM-gUPbLeskZyRw
2023-07-04T14:01:11.843+05:30  INFO 4476 --- [http-nio-8090-exec-6] c.p.A.Impl.DrugCatalogueServiceImpl      : [{id=648011f1029f637a5d28a7a7, name=Aspirin, price=50, type=Tablet, category=Aspirin is used to reduce fever}, {id=6480141f029f637a5d28a7ad, name=Amoxicillin, price=100, type=Capsule, category=Amoxicillin is a penicillin antibiotic}, {id=6480143d029f637a5d28a7af, name=Atorvastatin, price=130, type=Tablet, category=Cholesterol-lowering agent}, {id=6480144d029f637a5d28a7b0, name=Ibuprofen, price=200, type=Tablet, category=Nonsteroidal anti-inflammatory drug (NSAID)}, {id=648584915683641112507aa4, name=Paracetamol, price=120, type=Tablet, category=Pain reliever}, {id=64918f86f72e301ef847fea1, name=Lisinopril, price=80, type=Tablet, category=Antihypertensive}, {id=64918fa1f72e301ef847fea2, name=Metformin, price=70, type=Tablet, category=Antidiabetic}, {id=64918fb6f72e301ef847fea3, name=Cetirizine, price=60, type=Tablet, category=Antihistamine}]
2023-07-04T14:04:31.321+05:30  INFO 4476 --- [AsyncResolver-bootstrap-executor-0] c.n.d.s.r.aws.ConfigClusterResolver      : Resolving eureka endpoints via configuration
2023-07-04T14:09:24.173+05:30  INFO 4476 --- [http-nio-8090-exec-8] o.s.web.filter.OncePerRequestFilter      :  Header :  Bearer eyJhbGciOiJIUzUxMiJ9.eyJzdWIiOiJhZG1pbkBnbWFpbC5jb20iLCJpYXQiOjE2ODg0NDc3NjIsImV4cCI6MTY4ODQ2NTc2Mn0.ReOuE3fcgDKHxMkg1udO4l2Pj6u2qeAYWX0uXjgWQ1BVf6-yFT-pyfh59yAiy_rdEN2kDZovM-gUPbLeskZyRw
2023-07-04T14:09:24.197+05:30  INFO 4476 --- [http-nio-8090-exec-8] c.p.A.Impl.DrugCatalogueServiceImpl      : [{id=648011f1029f637a5d28a7a7, name=Aspirin, price=50, type=Tablet, category=Aspirin is used to reduce fever}, {id=6480141f029f637a5d28a7ad, name=Amoxicillin, price=100, type=Capsule, category=Amoxicillin is a penicillin antibiotic}, {id=6480143d029f637a5d28a7af, name=Atorvastatin, price=130, type=Tablet, category=Cholesterol-lowering agent}, {id=6480144d029f637a5d28a7b0, name=Ibuprofen, price=200, type=Tablet, category=Nonsteroidal anti-inflammatory drug (NSAID)}, {id=648584915683641112507aa4, name=Paracetamol, price=120, type=Tablet, category=Pain reliever}, {id=64918f86f72e301ef847fea1, name=Lisinopril, price=80, type=Tablet, category=Antihypertensive}, {id=64918fa1f72e301ef847fea2, name=Metformin, price=70, type=Tablet, category=Antidiabetic}, {id=64918fb6f72e301ef847fea3, name=Cetirizine, price=60, type=Tablet, category=Antihistamine}]
2023-07-04T14:09:24.218+05:30  INFO 4476 --- [http-nio-8090-exec-2] o.s.web.filter.OncePerRequestFilter      :  Header :  Bearer eyJhbGciOiJIUzUxMiJ9.eyJzdWIiOiJhZG1pbkBnbWFpbC5jb20iLCJpYXQiOjE2ODg0NDc3NjIsImV4cCI6MTY4ODQ2NTc2Mn0.ReOuE3fcgDKHxMkg1udO4l2Pj6u2qeAYWX0uXjgWQ1BVf6-yFT-pyfh59yAiy_rdEN2kDZovM-gUPbLeskZyRw
2023-07-04T14:09:24.244+05:30  INFO 4476 --- [http-nio-8090-exec-2] c.p.A.Impl.DrugCatalogueServiceImpl      : [{id=648011f1029f637a5d28a7a7, name=Aspirin, price=50, type=Tablet, category=Aspirin is used to reduce fever}, {id=6480141f029f637a5d28a7ad, name=Amoxicillin, price=100, type=Capsule, category=Amoxicillin is a penicillin antibiotic}, {id=6480143d029f637a5d28a7af, name=Atorvastatin, price=130, type=Tablet, category=Cholesterol-lowering agent}, {id=6480144d029f637a5d28a7b0, name=Ibuprofen, price=200, type=Tablet, category=Nonsteroidal anti-inflammatory drug (NSAID)}, {id=648584915683641112507aa4, name=Paracetamol, price=120, type=Tablet, category=Pain reliever}, {id=64918f86f72e301ef847fea1, name=Lisinopril, price=80, type=Tablet, category=Antihypertensive}, {id=64918fa1f72e301ef847fea2, name=Metformin, price=70, type=Tablet, category=Antidiabetic}, {id=64918fb6f72e301ef847fea3, name=Cetirizine, price=60, type=Tablet, category=Antihistamine}]
2023-07-04T14:09:31.321+05:30  INFO 4476 --- [AsyncResolver-bootstrap-executor-0] c.n.d.s.r.aws.ConfigClusterResolver      : Resolving eureka endpoints via configuration
2023-07-04T14:12:08.221+05:30  INFO 4476 --- [http-nio-8090-exec-3] o.s.web.filter.OncePerRequestFilter      :  Header :  Bearer eyJhbGciOiJIUzUxMiJ9.eyJzdWIiOiJhZG1pbkBnbWFpbC5jb20iLCJpYXQiOjE2ODg0NDc3NjIsImV4cCI6MTY4ODQ2NTc2Mn0.ReOuE3fcgDKHxMkg1udO4l2Pj6u2qeAYWX0uXjgWQ1BVf6-yFT-pyfh59yAiy_rdEN2kDZovM-gUPbLeskZyRw
2023-07-04T14:12:08.263+05:30  INFO 4476 --- [http-nio-8090-exec-3] c.p.A.Impl.DrugCatalogueServiceImpl      : [{id=648011f1029f637a5d28a7a7, name=Aspirin, price=50, type=Tablet, category=Aspirin is used to reduce fever}, {id=6480141f029f637a5d28a7ad, name=Amoxicillin, price=100, type=Capsule, category=Amoxicillin is a penicillin antibiotic}, {id=6480143d029f637a5d28a7af, name=Atorvastatin, price=130, type=Tablet, category=Cholesterol-lowering agent}, {id=6480144d029f637a5d28a7b0, name=Ibuprofen, price=200, type=Tablet, category=Nonsteroidal anti-inflammatory drug (NSAID)}, {id=648584915683641112507aa4, name=Paracetamol, price=120, type=Tablet, category=Pain reliever}, {id=64918f86f72e301ef847fea1, name=Lisinopril, price=80, type=Tablet, category=Antihypertensive}, {id=64918fa1f72e301ef847fea2, name=Metformin, price=70, type=Tablet, category=Antidiabetic}, {id=64918fb6f72e301ef847fea3, name=Cetirizine, price=60, type=Tablet, category=Antihistamine}]
2023-07-04T14:14:22.205+05:30  INFO 4476 --- [http-nio-8090-exec-9] o.s.web.filter.OncePerRequestFilter      :  Header :  Bearer eyJhbGciOiJIUzUxMiJ9.eyJzdWIiOiJhZG1pbkBnbWFpbC5jb20iLCJpYXQiOjE2ODg0NDc3NjIsImV4cCI6MTY4ODQ2NTc2Mn0.ReOuE3fcgDKHxMkg1udO4l2Pj6u2qeAYWX0uXjgWQ1BVf6-yFT-pyfh59yAiy_rdEN2kDZovM-gUPbLeskZyRw
2023-07-04T14:14:22.224+05:30  INFO 4476 --- [http-nio-8090-exec-9] c.p.A.Impl.DrugCatalogueServiceImpl      : [{id=648011f1029f637a5d28a7a7, name=Aspirin, price=50, type=Tablet, category=Aspirin is used to reduce fever}, {id=6480141f029f637a5d28a7ad, name=Amoxicillin, price=100, type=Capsule, category=Amoxicillin is a penicillin antibiotic}, {id=6480143d029f637a5d28a7af, name=Atorvastatin, price=130, type=Tablet, category=Cholesterol-lowering agent}, {id=6480144d029f637a5d28a7b0, name=Ibuprofen, price=200, type=Tablet, category=Nonsteroidal anti-inflammatory drug (NSAID)}, {id=648584915683641112507aa4, name=Paracetamol, price=120, type=Tablet, category=Pain reliever}, {id=64918f86f72e301ef847fea1, name=Lisinopril, price=80, type=Tablet, category=Antihypertensive}, {id=64918fa1f72e301ef847fea2, name=Metformin, price=70, type=Tablet, category=Antidiabetic}, {id=64918fb6f72e301ef847fea3, name=Cetirizine, price=60, type=Tablet, category=Antihistamine}]
2023-07-04T14:14:31.331+05:30  INFO 4476 --- [AsyncResolver-bootstrap-executor-0] c.n.d.s.r.aws.ConfigClusterResolver      : Resolving eureka endpoints via configuration
2023-07-04T14:15:01.192+05:30  INFO 4476 --- [http-nio-8090-exec-7] o.s.web.filter.OncePerRequestFilter      :  Header :  Bearer eyJhbGciOiJIUzUxMiJ9.eyJzdWIiOiJhZG1pbkBnbWFpbC5jb20iLCJpYXQiOjE2ODg0NDc3NjIsImV4cCI6MTY4ODQ2NTc2Mn0.ReOuE3fcgDKHxMkg1udO4l2Pj6u2qeAYWX0uXjgWQ1BVf6-yFT-pyfh59yAiy_rdEN2kDZovM-gUPbLeskZyRw
2023-07-04T14:15:01.216+05:30  INFO 4476 --- [http-nio-8090-exec-7] c.p.A.Impl.DrugCatalogueServiceImpl      : [{id=648011f1029f637a5d28a7a7, name=Aspirin, price=50, type=Tablet, category=Aspirin is used to reduce fever}, {id=6480141f029f637a5d28a7ad, name=Amoxicillin, price=100, type=Capsule, category=Amoxicillin is a penicillin antibiotic}, {id=6480143d029f637a5d28a7af, name=Atorvastatin, price=130, type=Tablet, category=Cholesterol-lowering agent}, {id=6480144d029f637a5d28a7b0, name=Ibuprofen, price=200, type=Tablet, category=Nonsteroidal anti-inflammatory drug (NSAID)}, {id=648584915683641112507aa4, name=Paracetamol, price=120, type=Tablet, category=Pain reliever}, {id=64918f86f72e301ef847fea1, name=Lisinopril, price=80, type=Tablet, category=Antihypertensive}, {id=64918fa1f72e301ef847fea2, name=Metformin, price=70, type=Tablet, category=Antidiabetic}, {id=64918fb6f72e301ef847fea3, name=Cetirizine, price=60, type=Tablet, category=Antihistamine}]
2023-07-04T14:15:30.177+05:30  INFO 4476 --- [http-nio-8090-exec-5] o.s.web.filter.OncePerRequestFilter      :  Header :  Bearer eyJhbGciOiJIUzUxMiJ9.eyJzdWIiOiJhZG1pbkBnbWFpbC5jb20iLCJpYXQiOjE2ODg0NDc3NjIsImV4cCI6MTY4ODQ2NTc2Mn0.ReOuE3fcgDKHxMkg1udO4l2Pj6u2qeAYWX0uXjgWQ1BVf6-yFT-pyfh59yAiy_rdEN2kDZovM-gUPbLeskZyRw
2023-07-04T14:15:30.199+05:30  INFO 4476 --- [http-nio-8090-exec-5] c.p.A.Impl.DrugCatalogueServiceImpl      : [{id=648011f1029f637a5d28a7a7, name=Aspirin, price=50, type=Tablet, category=Aspirin is used to reduce fever}, {id=6480141f029f637a5d28a7ad, name=Amoxicillin, price=100, type=Capsule, category=Amoxicillin is a penicillin antibiotic}, {id=6480143d029f637a5d28a7af, name=Atorvastatin, price=130, type=Tablet, category=Cholesterol-lowering agent}, {id=6480144d029f637a5d28a7b0, name=Ibuprofen, price=200, type=Tablet, category=Nonsteroidal anti-inflammatory drug (NSAID)}, {id=648584915683641112507aa4, name=Paracetamol, price=120, type=Tablet, category=Pain reliever}, {id=64918f86f72e301ef847fea1, name=Lisinopril, price=80, type=Tablet, category=Antihypertensive}, {id=64918fa1f72e301ef847fea2, name=Metformin, price=70, type=Tablet, category=Antidiabetic}, {id=64918fb6f72e301ef847fea3, name=Cetirizine, price=60, type=Tablet, category=Antihistamine}]
2023-07-04T14:16:08.206+05:30  INFO 4476 --- [http-nio-8090-exec-4] o.s.web.filter.OncePerRequestFilter      :  Header :  Bearer eyJhbGciOiJIUzUxMiJ9.eyJzdWIiOiJhZG1pbkBnbWFpbC5jb20iLCJpYXQiOjE2ODg0NDc3NjIsImV4cCI6MTY4ODQ2NTc2Mn0.ReOuE3fcgDKHxMkg1udO4l2Pj6u2qeAYWX0uXjgWQ1BVf6-yFT-pyfh59yAiy_rdEN2kDZovM-gUPbLeskZyRw
2023-07-04T14:16:08.225+05:30  INFO 4476 --- [http-nio-8090-exec-4] c.p.A.Impl.DrugCatalogueServiceImpl      : [{id=648011f1029f637a5d28a7a7, name=Aspirin, price=50, type=Tablet, category=Aspirin is used to reduce fever}, {id=6480141f029f637a5d28a7ad, name=Amoxicillin, price=100, type=Capsule, category=Amoxicillin is a penicillin antibiotic}, {id=6480143d029f637a5d28a7af, name=Atorvastatin, price=130, type=Tablet, category=Cholesterol-lowering agent}, {id=6480144d029f637a5d28a7b0, name=Ibuprofen, price=200, type=Tablet, category=Nonsteroidal anti-inflammatory drug (NSAID)}, {id=648584915683641112507aa4, name=Paracetamol, price=120, type=Tablet, category=Pain reliever}, {id=64918f86f72e301ef847fea1, name=Lisinopril, price=80, type=Tablet, category=Antihypertensive}, {id=64918fa1f72e301ef847fea2, name=Metformin, price=70, type=Tablet, category=Antidiabetic}, {id=64918fb6f72e301ef847fea3, name=Cetirizine, price=60, type=Tablet, category=Antihistamine}]
2023-07-04T14:17:04.165+05:30  INFO 4476 --- [http-nio-8090-exec-10] o.s.web.filter.OncePerRequestFilter      :  Header :  Bearer eyJhbGciOiJIUzUxMiJ9.eyJzdWIiOiJhZG1pbkBnbWFpbC5jb20iLCJpYXQiOjE2ODg0NDc3NjIsImV4cCI6MTY4ODQ2NTc2Mn0.ReOuE3fcgDKHxMkg1udO4l2Pj6u2qeAYWX0uXjgWQ1BVf6-yFT-pyfh59yAiy_rdEN2kDZovM-gUPbLeskZyRw
2023-07-04T14:17:04.179+05:30  INFO 4476 --- [http-nio-8090-exec-10] c.p.A.Impl.DrugCatalogueServiceImpl      : [{id=648011f1029f637a5d28a7a7, name=Aspirin, price=50, type=Tablet, category=Aspirin is used to reduce fever}, {id=6480141f029f637a5d28a7ad, name=Amoxicillin, price=100, type=Capsule, category=Amoxicillin is a penicillin antibiotic}, {id=6480143d029f637a5d28a7af, name=Atorvastatin, price=130, type=Tablet, category=Cholesterol-lowering agent}, {id=6480144d029f637a5d28a7b0, name=Ibuprofen, price=200, type=Tablet, category=Nonsteroidal anti-inflammatory drug (NSAID)}, {id=648584915683641112507aa4, name=Paracetamol, price=120, type=Tablet, category=Pain reliever}, {id=64918f86f72e301ef847fea1, name=Lisinopril, price=80, type=Tablet, category=Antihypertensive}, {id=64918fa1f72e301ef847fea2, name=Metformin, price=70, type=Tablet, category=Antidiabetic}, {id=64918fb6f72e301ef847fea3, name=Cetirizine, price=60, type=Tablet, category=Antihistamine}]
2023-07-04T14:19:31.340+05:30  INFO 4476 --- [AsyncResolver-bootstrap-executor-0] c.n.d.s.r.aws.ConfigClusterResolver      : Resolving eureka endpoints via configuration
2023-07-04T14:22:45.200+05:30  INFO 4476 --- [http-nio-8090-exec-2] o.s.web.filter.OncePerRequestFilter      :  Header :  Bearer eyJhbGciOiJIUzUxMiJ9.eyJzdWIiOiJhZG1pbkBnbWFpbC5jb20iLCJpYXQiOjE2ODg0NDc3NjIsImV4cCI6MTY4ODQ2NTc2Mn0.ReOuE3fcgDKHxMkg1udO4l2Pj6u2qeAYWX0uXjgWQ1BVf6-yFT-pyfh59yAiy_rdEN2kDZovM-gUPbLeskZyRw
2023-07-04T14:22:45.218+05:30  INFO 4476 --- [http-nio-8090-exec-2] c.p.A.Impl.DrugCatalogueServiceImpl      : [{id=648011f1029f637a5d28a7a7, name=Aspirin, price=50, type=Tablet, category=Aspirin is used to reduce fever}, {id=6480141f029f637a5d28a7ad, name=Amoxicillin, price=100, type=Capsule, category=Amoxicillin is a penicillin antibiotic}, {id=6480143d029f637a5d28a7af, name=Atorvastatin, price=130, type=Tablet, category=Cholesterol-lowering agent}, {id=6480144d029f637a5d28a7b0, name=Ibuprofen, price=200, type=Tablet, category=Nonsteroidal anti-inflammatory drug (NSAID)}, {id=648584915683641112507aa4, name=Paracetamol, price=120, type=Tablet, category=Pain reliever}, {id=64918f86f72e301ef847fea1, name=Lisinopril, price=80, type=Tablet, category=Antihypertensive}, {id=64918fa1f72e301ef847fea2, name=Metformin, price=70, type=Tablet, category=Antidiabetic}, {id=64918fb6f72e301ef847fea3, name=Cetirizine, price=60, type=Tablet, category=Antihistamine}]
2023-07-04T14:22:45.225+05:30  INFO 4476 --- [http-nio-8090-exec-1] o.s.web.filter.OncePerRequestFilter      :  Header :  Bearer eyJhbGciOiJIUzUxMiJ9.eyJzdWIiOiJhZG1pbkBnbWFpbC5jb20iLCJpYXQiOjE2ODg0NDc3NjIsImV4cCI6MTY4ODQ2NTc2Mn0.ReOuE3fcgDKHxMkg1udO4l2Pj6u2qeAYWX0uXjgWQ1BVf6-yFT-pyfh59yAiy_rdEN2kDZovM-gUPbLeskZyRw
2023-07-04T14:22:45.237+05:30  INFO 4476 --- [http-nio-8090-exec-1] c.p.A.Impl.DrugCatalogueServiceImpl      : [{id=648011f1029f637a5d28a7a7, name=Aspirin, price=50, type=Tablet, category=Aspirin is used to reduce fever}, {id=6480141f029f637a5d28a7ad, name=Amoxicillin, price=100, type=Capsule, category=Amoxicillin is a penicillin antibiotic}, {id=6480143d029f637a5d28a7af, name=Atorvastatin, price=130, type=Tablet, category=Cholesterol-lowering agent}, {id=6480144d029f637a5d28a7b0, name=Ibuprofen, price=200, type=Tablet, category=Nonsteroidal anti-inflammatory drug (NSAID)}, {id=648584915683641112507aa4, name=Paracetamol, price=120, type=Tablet, category=Pain reliever}, {id=64918f86f72e301ef847fea1, name=Lisinopril, price=80, type=Tablet, category=Antihypertensive}, {id=64918fa1f72e301ef847fea2, name=Metformin, price=70, type=Tablet, category=Antidiabetic}, {id=64918fb6f72e301ef847fea3, name=Cetirizine, price=60, type=Tablet, category=Antihistamine}]
2023-07-04T14:24:31.356+05:30  INFO 4476 --- [AsyncResolver-bootstrap-executor-0] c.n.d.s.r.aws.ConfigClusterResolver      : Resolving eureka endpoints via configuration
2023-07-04T14:29:20.183+05:30  INFO 4476 --- [http-nio-8090-exec-6] o.s.web.filter.OncePerRequestFilter      :  Header :  Bearer eyJhbGciOiJIUzUxMiJ9.eyJzdWIiOiJhZG1pbkBnbWFpbC5jb20iLCJpYXQiOjE2ODg0NDc3NjIsImV4cCI6MTY4ODQ2NTc2Mn0.ReOuE3fcgDKHxMkg1udO4l2Pj6u2qeAYWX0uXjgWQ1BVf6-yFT-pyfh59yAiy_rdEN2kDZovM-gUPbLeskZyRw
2023-07-04T14:29:20.195+05:30  INFO 4476 --- [http-nio-8090-exec-6] c.p.A.Impl.DrugCatalogueServiceImpl      : [{id=648011f1029f637a5d28a7a7, name=Aspirin, price=50, type=Tablet, category=Aspirin is used to reduce fever}, {id=6480141f029f637a5d28a7ad, name=Amoxicillin, price=100, type=Capsule, category=Amoxicillin is a penicillin antibiotic}, {id=6480143d029f637a5d28a7af, name=Atorvastatin, price=130, type=Tablet, category=Cholesterol-lowering agent}, {id=6480144d029f637a5d28a7b0, name=Ibuprofen, price=200, type=Tablet, category=Nonsteroidal anti-inflammatory drug (NSAID)}, {id=648584915683641112507aa4, name=Paracetamol, price=120, type=Tablet, category=Pain reliever}, {id=64918f86f72e301ef847fea1, name=Lisinopril, price=80, type=Tablet, category=Antihypertensive}, {id=64918fa1f72e301ef847fea2, name=Metformin, price=70, type=Tablet, category=Antidiabetic}, {id=64918fb6f72e301ef847fea3, name=Cetirizine, price=60, type=Tablet, category=Antihistamine}]
2023-07-04T14:29:20.201+05:30  INFO 4476 --- [http-nio-8090-exec-9] o.s.web.filter.OncePerRequestFilter      :  Header :  Bearer eyJhbGciOiJIUzUxMiJ9.eyJzdWIiOiJhZG1pbkBnbWFpbC5jb20iLCJpYXQiOjE2ODg0NDc3NjIsImV4cCI6MTY4ODQ2NTc2Mn0.ReOuE3fcgDKHxMkg1udO4l2Pj6u2qeAYWX0uXjgWQ1BVf6-yFT-pyfh59yAiy_rdEN2kDZovM-gUPbLeskZyRw
2023-07-04T14:29:20.212+05:30  INFO 4476 --- [http-nio-8090-exec-9] c.p.A.Impl.DrugCatalogueServiceImpl      : [{id=648011f1029f637a5d28a7a7, name=Aspirin, price=50, type=Tablet, category=Aspirin is used to reduce fever}, {id=6480141f029f637a5d28a7ad, name=Amoxicillin, price=100, type=Capsule, category=Amoxicillin is a penicillin antibiotic}, {id=6480143d029f637a5d28a7af, name=Atorvastatin, price=130, type=Tablet, category=Cholesterol-lowering agent}, {id=6480144d029f637a5d28a7b0, name=Ibuprofen, price=200, type=Tablet, category=Nonsteroidal anti-inflammatory drug (NSAID)}, {id=648584915683641112507aa4, name=Paracetamol, price=120, type=Tablet, category=Pain reliever}, {id=64918f86f72e301ef847fea1, name=Lisinopril, price=80, type=Tablet, category=Antihypertensive}, {id=64918fa1f72e301ef847fea2, name=Metformin, price=70, type=Tablet, category=Antidiabetic}, {id=64918fb6f72e301ef847fea3, name=Cetirizine, price=60, type=Tablet, category=Antihistamine}]
2023-07-04T14:29:31.359+05:30  INFO 4476 --- [AsyncResolver-bootstrap-executor-0] c.n.d.s.r.aws.ConfigClusterResolver      : Resolving eureka endpoints via configuration
2023-07-04T14:32:20.175+05:30  INFO 4476 --- [http-nio-8090-exec-5] o.s.web.filter.OncePerRequestFilter      :  Header :  Bearer eyJhbGciOiJIUzUxMiJ9.eyJzdWIiOiJhZG1pbkBnbWFpbC5jb20iLCJpYXQiOjE2ODg0NDc3NjIsImV4cCI6MTY4ODQ2NTc2Mn0.ReOuE3fcgDKHxMkg1udO4l2Pj6u2qeAYWX0uXjgWQ1BVf6-yFT-pyfh59yAiy_rdEN2kDZovM-gUPbLeskZyRw
2023-07-04T14:32:20.190+05:30  INFO 4476 --- [http-nio-8090-exec-5] c.p.A.Impl.DrugCatalogueServiceImpl      : [{id=648011f1029f637a5d28a7a7, name=Aspirin, price=50, type=Tablet, category=Aspirin is used to reduce fever}, {id=6480141f029f637a5d28a7ad, name=Amoxicillin, price=100, type=Capsule, category=Amoxicillin is a penicillin antibiotic}, {id=6480143d029f637a5d28a7af, name=Atorvastatin, price=130, type=Tablet, category=Cholesterol-lowering agent}, {id=6480144d029f637a5d28a7b0, name=Ibuprofen, price=200, type=Tablet, category=Nonsteroidal anti-inflammatory drug (NSAID)}, {id=648584915683641112507aa4, name=Paracetamol, price=120, type=Tablet, category=Pain reliever}, {id=64918f86f72e301ef847fea1, name=Lisinopril, price=80, type=Tablet, category=Antihypertensive}, {id=64918fa1f72e301ef847fea2, name=Metformin, price=70, type=Tablet, category=Antidiabetic}, {id=64918fb6f72e301ef847fea3, name=Cetirizine, price=60, type=Tablet, category=Antihistamine}]
2023-07-04T14:34:27.166+05:30  INFO 4476 --- [http-nio-8090-exec-10] o.s.web.filter.OncePerRequestFilter      :  Header :  Bearer eyJhbGciOiJIUzUxMiJ9.eyJzdWIiOiJhZG1pbkBnbWFpbC5jb20iLCJpYXQiOjE2ODg0NDc3NjIsImV4cCI6MTY4ODQ2NTc2Mn0.ReOuE3fcgDKHxMkg1udO4l2Pj6u2qeAYWX0uXjgWQ1BVf6-yFT-pyfh59yAiy_rdEN2kDZovM-gUPbLeskZyRw
2023-07-04T14:34:27.181+05:30  INFO 4476 --- [http-nio-8090-exec-10] c.p.A.Impl.DrugCatalogueServiceImpl      : [{id=648011f1029f637a5d28a7a7, name=Aspirin, price=50, type=Tablet, category=Aspirin is used to reduce fever}, {id=6480141f029f637a5d28a7ad, name=Amoxicillin, price=100, type=Capsule, category=Amoxicillin is a penicillin antibiotic}, {id=6480143d029f637a5d28a7af, name=Atorvastatin, price=130, type=Tablet, category=Cholesterol-lowering agent}, {id=6480144d029f637a5d28a7b0, name=Ibuprofen, price=200, type=Tablet, category=Nonsteroidal anti-inflammatory drug (NSAID)}, {id=648584915683641112507aa4, name=Paracetamol, price=120, type=Tablet, category=Pain reliever}, {id=64918f86f72e301ef847fea1, name=Lisinopril, price=80, type=Tablet, category=Antihypertensive}, {id=64918fa1f72e301ef847fea2, name=Metformin, price=70, type=Tablet, category=Antidiabetic}, {id=64918fb6f72e301ef847fea3, name=Cetirizine, price=60, type=Tablet, category=Antihistamine}]
2023-07-04T14:34:31.369+05:30  INFO 4476 --- [AsyncResolver-bootstrap-executor-0] c.n.d.s.r.aws.ConfigClusterResolver      : Resolving eureka endpoints via configuration
2023-07-04T14:34:40.035+05:30  INFO 4476 --- [http-nio-8090-exec-8] o.s.web.filter.OncePerRequestFilter      :  Header :  Bearer eyJhbGciOiJIUzUxMiJ9.eyJzdWIiOiJhZG1pbkBnbWFpbC5jb20iLCJpYXQiOjE2ODg0NDc3NjIsImV4cCI6MTY4ODQ2NTc2Mn0.ReOuE3fcgDKHxMkg1udO4l2Pj6u2qeAYWX0uXjgWQ1BVf6-yFT-pyfh59yAiy_rdEN2kDZovM-gUPbLeskZyRw
2023-07-04T14:34:40.062+05:30  INFO 4476 --- [http-nio-8090-exec-8] c.p.A.Impl.DrugCatalogueServiceImpl      : [{id=648011f1029f637a5d28a7a7, name=Aspirin, price=50, type=Tablet, category=Aspirin is used to reduce fever}, {id=6480141f029f637a5d28a7ad, name=Amoxicillin, price=100, type=Capsule, category=Amoxicillin is a penicillin antibiotic}, {id=6480143d029f637a5d28a7af, name=Atorvastatin, price=130, type=Tablet, category=Cholesterol-lowering agent}, {id=6480144d029f637a5d28a7b0, name=Ibuprofen, price=200, type=Tablet, category=Nonsteroidal anti-inflammatory drug (NSAID)}, {id=648584915683641112507aa4, name=Paracetamol, price=120, type=Tablet, category=Pain reliever}, {id=64918f86f72e301ef847fea1, name=Lisinopril, price=80, type=Tablet, category=Antihypertensive}, {id=64918fa1f72e301ef847fea2, name=Metformin, price=70, type=Tablet, category=Antidiabetic}, {id=64918fb6f72e301ef847fea3, name=Cetirizine, price=60, type=Tablet, category=Antihistamine}]
2023-07-04T14:37:24.170+05:30  INFO 4476 --- [http-nio-8090-exec-1] o.s.web.filter.OncePerRequestFilter      :  Header :  Bearer eyJhbGciOiJIUzUxMiJ9.eyJzdWIiOiJhZG1pbkBnbWFpbC5jb20iLCJpYXQiOjE2ODg0NDc3NjIsImV4cCI6MTY4ODQ2NTc2Mn0.ReOuE3fcgDKHxMkg1udO4l2Pj6u2qeAYWX0uXjgWQ1BVf6-yFT-pyfh59yAiy_rdEN2kDZovM-gUPbLeskZyRw
2023-07-04T14:37:24.182+05:30  INFO 4476 --- [http-nio-8090-exec-1] c.p.A.Impl.DrugCatalogueServiceImpl      : [{id=648011f1029f637a5d28a7a7, name=Aspirin, price=50, type=Tablet, category=Aspirin is used to reduce fever}, {id=6480141f029f637a5d28a7ad, name=Amoxicillin, price=100, type=Capsule, category=Amoxicillin is a penicillin antibiotic}, {id=6480143d029f637a5d28a7af, name=Atorvastatin, price=130, type=Tablet, category=Cholesterol-lowering agent}, {id=6480144d029f637a5d28a7b0, name=Ibuprofen, price=200, type=Tablet, category=Nonsteroidal anti-inflammatory drug (NSAID)}, {id=648584915683641112507aa4, name=Paracetamol, price=120, type=Tablet, category=Pain reliever}, {id=64918f86f72e301ef847fea1, name=Lisinopril, price=80, type=Tablet, category=Antihypertensive}, {id=64918fa1f72e301ef847fea2, name=Metformin, price=70, type=Tablet, category=Antidiabetic}, {id=64918fb6f72e301ef847fea3, name=Cetirizine, price=60, type=Tablet, category=Antihistamine}]
2023-07-04T14:39:12.181+05:30  INFO 4476 --- [http-nio-8090-exec-6] o.s.web.filter.OncePerRequestFilter      :  Header :  Bearer eyJhbGciOiJIUzUxMiJ9.eyJzdWIiOiJhZG1pbkBnbWFpbC5jb20iLCJpYXQiOjE2ODg0NDc3NjIsImV4cCI6MTY4ODQ2NTc2Mn0.ReOuE3fcgDKHxMkg1udO4l2Pj6u2qeAYWX0uXjgWQ1BVf6-yFT-pyfh59yAiy_rdEN2kDZovM-gUPbLeskZyRw
2023-07-04T14:39:12.195+05:30  INFO 4476 --- [http-nio-8090-exec-6] c.p.A.Impl.DrugCatalogueServiceImpl      : [{id=648011f1029f637a5d28a7a7, name=Aspirin, price=50, type=Tablet, category=Aspirin is used to reduce fever}, {id=6480141f029f637a5d28a7ad, name=Amoxicillin, price=100, type=Capsule, category=Amoxicillin is a penicillin antibiotic}, {id=6480143d029f637a5d28a7af, name=Atorvastatin, price=130, type=Tablet, category=Cholesterol-lowering agent}, {id=6480144d029f637a5d28a7b0, name=Ibuprofen, price=200, type=Tablet, category=Nonsteroidal anti-inflammatory drug (NSAID)}, {id=648584915683641112507aa4, name=Paracetamol, price=120, type=Tablet, category=Pain reliever}, {id=64918f86f72e301ef847fea1, name=Lisinopril, price=80, type=Tablet, category=Antihypertensive}, {id=64918fa1f72e301ef847fea2, name=Metformin, price=70, type=Tablet, category=Antidiabetic}, {id=64918fb6f72e301ef847fea3, name=Cetirizine, price=60, type=Tablet, category=Antihistamine}]
2023-07-04T14:39:31.377+05:30  INFO 4476 --- [AsyncResolver-bootstrap-executor-0] c.n.d.s.r.aws.ConfigClusterResolver      : Resolving eureka endpoints via configuration
2023-07-04T14:40:59.312+05:30  INFO 4476 --- [http-nio-8090-exec-7] o.s.web.filter.OncePerRequestFilter      :  Header :  Bearer eyJhbGciOiJIUzUxMiJ9.eyJzdWIiOiJhZG1pbkBnbWFpbC5jb20iLCJpYXQiOjE2ODg0NDc3NjIsImV4cCI6MTY4ODQ2NTc2Mn0.ReOuE3fcgDKHxMkg1udO4l2Pj6u2qeAYWX0uXjgWQ1BVf6-yFT-pyfh59yAiy_rdEN2kDZovM-gUPbLeskZyRw
2023-07-04T14:40:59.346+05:30  INFO 4476 --- [http-nio-8090-exec-7] c.p.A.Impl.DrugCatalogueServiceImpl      : [{id=648011f1029f637a5d28a7a7, name=Aspirin, price=50, type=Tablet, category=Aspirin is used to reduce fever}, {id=6480141f029f637a5d28a7ad, name=Amoxicillin, price=100, type=Capsule, category=Amoxicillin is a penicillin antibiotic}, {id=6480143d029f637a5d28a7af, name=Atorvastatin, price=130, type=Tablet, category=Cholesterol-lowering agent}, {id=6480144d029f637a5d28a7b0, name=Ibuprofen, price=200, type=Tablet, category=Nonsteroidal anti-inflammatory drug (NSAID)}, {id=648584915683641112507aa4, name=Paracetamol, price=120, type=Tablet, category=Pain reliever}, {id=64918f86f72e301ef847fea1, name=Lisinopril, price=80, type=Tablet, category=Antihypertensive}, {id=64918fa1f72e301ef847fea2, name=Metformin, price=70, type=Tablet, category=Antidiabetic}, {id=64918fb6f72e301ef847fea3, name=Cetirizine, price=60, type=Tablet, category=Antihistamine}]
2023-07-04T14:41:31.694+05:30  INFO 4476 --- [http-nio-8090-exec-5] o.s.web.filter.OncePerRequestFilter      :  Header :  Bearer eyJhbGciOiJIUzUxMiJ9.eyJzdWIiOiJhZG1pbkBnbWFpbC5jb20iLCJpYXQiOjE2ODg0NDc3NjIsImV4cCI6MTY4ODQ2NTc2Mn0.ReOuE3fcgDKHxMkg1udO4l2Pj6u2qeAYWX0uXjgWQ1BVf6-yFT-pyfh59yAiy_rdEN2kDZovM-gUPbLeskZyRw
2023-07-04T14:41:31.707+05:30  INFO 4476 --- [http-nio-8090-exec-5] c.p.A.Impl.DrugCatalogueServiceImpl      : [{id=648011f1029f637a5d28a7a7, name=Aspirin, price=50, type=Tablet, category=Aspirin is used to reduce fever}, {id=6480141f029f637a5d28a7ad, name=Amoxicillin, price=100, type=Capsule, category=Amoxicillin is a penicillin antibiotic}, {id=6480143d029f637a5d28a7af, name=Atorvastatin, price=130, type=Tablet, category=Cholesterol-lowering agent}, {id=6480144d029f637a5d28a7b0, name=Ibuprofen, price=200, type=Tablet, category=Nonsteroidal anti-inflammatory drug (NSAID)}, {id=648584915683641112507aa4, name=Paracetamol, price=120, type=Tablet, category=Pain reliever}, {id=64918f86f72e301ef847fea1, name=Lisinopril, price=80, type=Tablet, category=Antihypertensive}, {id=64918fa1f72e301ef847fea2, name=Metformin, price=70, type=Tablet, category=Antidiabetic}, {id=64918fb6f72e301ef847fea3, name=Cetirizine, price=60, type=Tablet, category=Antihistamine}]
2023-07-04T14:43:32.171+05:30  INFO 4476 --- [http-nio-8090-exec-10] o.s.web.filter.OncePerRequestFilter      :  Header :  Bearer eyJhbGciOiJIUzUxMiJ9.eyJzdWIiOiJhZG1pbkBnbWFpbC5jb20iLCJpYXQiOjE2ODg0NDc3NjIsImV4cCI6MTY4ODQ2NTc2Mn0.ReOuE3fcgDKHxMkg1udO4l2Pj6u2qeAYWX0uXjgWQ1BVf6-yFT-pyfh59yAiy_rdEN2kDZovM-gUPbLeskZyRw
2023-07-04T14:43:32.186+05:30  INFO 4476 --- [http-nio-8090-exec-10] c.p.A.Impl.DrugCatalogueServiceImpl      : [{id=648011f1029f637a5d28a7a7, name=Aspirin, price=50, type=Tablet, category=Aspirin is used to reduce fever}, {id=6480141f029f637a5d28a7ad, name=Amoxicillin, price=100, type=Capsule, category=Amoxicillin is a penicillin antibiotic}, {id=6480143d029f637a5d28a7af, name=Atorvastatin, price=130, type=Tablet, category=Cholesterol-lowering agent}, {id=6480144d029f637a5d28a7b0, name=Ibuprofen, price=200, type=Tablet, category=Nonsteroidal anti-inflammatory drug (NSAID)}, {id=648584915683641112507aa4, name=Paracetamol, price=120, type=Tablet, category=Pain reliever}, {id=64918f86f72e301ef847fea1, name=Lisinopril, price=80, type=Tablet, category=Antihypertensive}, {id=64918fa1f72e301ef847fea2, name=Metformin, price=70, type=Tablet, category=Antidiabetic}, {id=64918fb6f72e301ef847fea3, name=Cetirizine, price=60, type=Tablet, category=Antihistamine}]
2023-07-04T14:44:31.390+05:30  INFO 4476 --- [AsyncResolver-bootstrap-executor-0] c.n.d.s.r.aws.ConfigClusterResolver      : Resolving eureka endpoints via configuration
2023-07-04T14:44:41.340+05:30  INFO 4476 --- [http-nio-8090-exec-2] o.s.web.filter.OncePerRequestFilter      :  Header :  Bearer eyJhbGciOiJIUzUxMiJ9.eyJzdWIiOiJhZG1pbkBnbWFpbC5jb20iLCJpYXQiOjE2ODg0NDc3NjIsImV4cCI6MTY4ODQ2NTc2Mn0.ReOuE3fcgDKHxMkg1udO4l2Pj6u2qeAYWX0uXjgWQ1BVf6-yFT-pyfh59yAiy_rdEN2kDZovM-gUPbLeskZyRw
2023-07-04T14:44:41.354+05:30  INFO 4476 --- [http-nio-8090-exec-2] c.p.A.Impl.DrugCatalogueServiceImpl      : [{id=648011f1029f637a5d28a7a7, name=Aspirin, price=50, type=Tablet, category=Aspirin is used to reduce fever}, {id=6480141f029f637a5d28a7ad, name=Amoxicillin, price=100, type=Capsule, category=Amoxicillin is a penicillin antibiotic}, {id=6480143d029f637a5d28a7af, name=Atorvastatin, price=130, type=Tablet, category=Cholesterol-lowering agent}, {id=6480144d029f637a5d28a7b0, name=Ibuprofen, price=200, type=Tablet, category=Nonsteroidal anti-inflammatory drug (NSAID)}, {id=648584915683641112507aa4, name=Paracetamol, price=120, type=Tablet, category=Pain reliever}, {id=64918f86f72e301ef847fea1, name=Lisinopril, price=80, type=Tablet, category=Antihypertensive}, {id=64918fa1f72e301ef847fea2, name=Metformin, price=70, type=Tablet, category=Antidiabetic}, {id=64918fb6f72e301ef847fea3, name=Cetirizine, price=60, type=Tablet, category=Antihistamine}]
2023-07-04T14:47:37.179+05:30  INFO 4476 --- [http-nio-8090-exec-3] o.s.web.filter.OncePerRequestFilter      :  Header :  Bearer eyJhbGciOiJIUzUxMiJ9.eyJzdWIiOiJhZG1pbkBnbWFpbC5jb20iLCJpYXQiOjE2ODg0NDc3NjIsImV4cCI6MTY4ODQ2NTc2Mn0.ReOuE3fcgDKHxMkg1udO4l2Pj6u2qeAYWX0uXjgWQ1BVf6-yFT-pyfh59yAiy_rdEN2kDZovM-gUPbLeskZyRw
2023-07-04T14:47:37.205+05:30  INFO 4476 --- [http-nio-8090-exec-3] c.p.A.Impl.DrugCatalogueServiceImpl      : [{id=648011f1029f637a5d28a7a7, name=Aspirin, price=50, type=Tablet, category=Aspirin is used to reduce fever}, {id=6480141f029f637a5d28a7ad, name=Amoxicillin, price=100, type=Capsule, category=Amoxicillin is a penicillin antibiotic}, {id=6480143d029f637a5d28a7af, name=Atorvastatin, price=130, type=Tablet, category=Cholesterol-lowering agent}, {id=6480144d029f637a5d28a7b0, name=Ibuprofen, price=200, type=Tablet, category=Nonsteroidal anti-inflammatory drug (NSAID)}, {id=648584915683641112507aa4, name=Paracetamol, price=120, type=Tablet, category=Pain reliever}, {id=64918f86f72e301ef847fea1, name=Lisinopril, price=80, type=Tablet, category=Antihypertensive}, {id=64918fa1f72e301ef847fea2, name=Metformin, price=70, type=Tablet, category=Antidiabetic}, {id=64918fb6f72e301ef847fea3, name=Cetirizine, price=60, type=Tablet, category=Antihistamine}]
2023-07-04T14:47:56.762+05:30  INFO 4476 --- [http-nio-8090-exec-6] o.s.web.filter.OncePerRequestFilter      :  Header :  Bearer eyJhbGciOiJIUzUxMiJ9.eyJzdWIiOiJhZG1pbkBnbWFpbC5jb20iLCJpYXQiOjE2ODg0NDc3NjIsImV4cCI6MTY4ODQ2NTc2Mn0.ReOuE3fcgDKHxMkg1udO4l2Pj6u2qeAYWX0uXjgWQ1BVf6-yFT-pyfh59yAiy_rdEN2kDZovM-gUPbLeskZyRw
2023-07-04T14:47:56.776+05:30  INFO 4476 --- [http-nio-8090-exec-6] c.p.A.Impl.DrugCatalogueServiceImpl      : [{id=648011f1029f637a5d28a7a7, name=Aspirin, price=50, type=Tablet, category=Aspirin is used to reduce fever}, {id=6480141f029f637a5d28a7ad, name=Amoxicillin, price=100, type=Capsule, category=Amoxicillin is a penicillin antibiotic}, {id=6480143d029f637a5d28a7af, name=Atorvastatin, price=130, type=Tablet, category=Cholesterol-lowering agent}, {id=6480144d029f637a5d28a7b0, name=Ibuprofen, price=200, type=Tablet, category=Nonsteroidal anti-inflammatory drug (NSAID)}, {id=648584915683641112507aa4, name=Paracetamol, price=120, type=Tablet, category=Pain reliever}, {id=64918f86f72e301ef847fea1, name=Lisinopril, price=80, type=Tablet, category=Antihypertensive}, {id=64918fa1f72e301ef847fea2, name=Metformin, price=70, type=Tablet, category=Antidiabetic}, {id=64918fb6f72e301ef847fea3, name=Cetirizine, price=60, type=Tablet, category=Antihistamine}]
2023-07-04T14:48:02.096+05:30  INFO 4476 --- [http-nio-8090-exec-9] o.s.web.filter.OncePerRequestFilter      :  Header :  Bearer eyJhbGciOiJIUzUxMiJ9.eyJzdWIiOiJhZG1pbkBnbWFpbC5jb20iLCJpYXQiOjE2ODg0NDc3NjIsImV4cCI6MTY4ODQ2NTc2Mn0.ReOuE3fcgDKHxMkg1udO4l2Pj6u2qeAYWX0uXjgWQ1BVf6-yFT-pyfh59yAiy_rdEN2kDZovM-gUPbLeskZyRw
2023-07-04T14:48:02.105+05:30  INFO 4476 --- [http-nio-8090-exec-9] c.p.A.Impl.DrugCatalogueServiceImpl      : [{id=648011f1029f637a5d28a7a7, name=Aspirin, price=50, type=Tablet, category=Aspirin is used to reduce fever}, {id=6480141f029f637a5d28a7ad, name=Amoxicillin, price=100, type=Capsule, category=Amoxicillin is a penicillin antibiotic}, {id=6480143d029f637a5d28a7af, name=Atorvastatin, price=130, type=Tablet, category=Cholesterol-lowering agent}, {id=6480144d029f637a5d28a7b0, name=Ibuprofen, price=200, type=Tablet, category=Nonsteroidal anti-inflammatory drug (NSAID)}, {id=648584915683641112507aa4, name=Paracetamol, price=120, type=Tablet, category=Pain reliever}, {id=64918f86f72e301ef847fea1, name=Lisinopril, price=80, type=Tablet, category=Antihypertensive}, {id=64918fa1f72e301ef847fea2, name=Metformin, price=70, type=Tablet, category=Antidiabetic}, {id=64918fb6f72e301ef847fea3, name=Cetirizine, price=60, type=Tablet, category=Antihistamine}]
2023-07-04T14:48:05.489+05:30  INFO 4476 --- [http-nio-8090-exec-7] o.s.web.filter.OncePerRequestFilter      :  Header :  Bearer eyJhbGciOiJIUzUxMiJ9.eyJzdWIiOiJhZG1pbkBnbWFpbC5jb20iLCJpYXQiOjE2ODg0NDc3NjIsImV4cCI6MTY4ODQ2NTc2Mn0.ReOuE3fcgDKHxMkg1udO4l2Pj6u2qeAYWX0uXjgWQ1BVf6-yFT-pyfh59yAiy_rdEN2kDZovM-gUPbLeskZyRw
2023-07-04T14:48:05.508+05:30  INFO 4476 --- [http-nio-8090-exec-7] c.p.A.Impl.DrugCatalogueServiceImpl      : [{id=648011f1029f637a5d28a7a7, name=Aspirin, price=50, type=Tablet, category=Aspirin is used to reduce fever}, {id=6480141f029f637a5d28a7ad, name=Amoxicillin, price=100, type=Capsule, category=Amoxicillin is a penicillin antibiotic}, {id=6480143d029f637a5d28a7af, name=Atorvastatin, price=130, type=Tablet, category=Cholesterol-lowering agent}, {id=6480144d029f637a5d28a7b0, name=Ibuprofen, price=200, type=Tablet, category=Nonsteroidal anti-inflammatory drug (NSAID)}, {id=648584915683641112507aa4, name=Paracetamol, price=120, type=Tablet, category=Pain reliever}, {id=64918f86f72e301ef847fea1, name=Lisinopril, price=80, type=Tablet, category=Antihypertensive}, {id=64918fa1f72e301ef847fea2, name=Metformin, price=70, type=Tablet, category=Antidiabetic}, {id=64918fb6f72e301ef847fea3, name=Cetirizine, price=60, type=Tablet, category=Antihistamine}]
2023-07-04T14:49:31.391+05:30  INFO 4476 --- [AsyncResolver-bootstrap-executor-0] c.n.d.s.r.aws.ConfigClusterResolver      : Resolving eureka endpoints via configuration
2023-07-04T14:52:43.171+05:30  INFO 4476 --- [http-nio-8090-exec-4] o.s.web.filter.OncePerRequestFilter      :  Header :  Bearer eyJhbGciOiJIUzUxMiJ9.eyJzdWIiOiJhZG1pbkBnbWFpbC5jb20iLCJpYXQiOjE2ODg0NDc3NjIsImV4cCI6MTY4ODQ2NTc2Mn0.ReOuE3fcgDKHxMkg1udO4l2Pj6u2qeAYWX0uXjgWQ1BVf6-yFT-pyfh59yAiy_rdEN2kDZovM-gUPbLeskZyRw
2023-07-04T14:52:43.185+05:30  INFO 4476 --- [http-nio-8090-exec-4] c.p.A.Impl.DrugCatalogueServiceImpl      : [{id=648011f1029f637a5d28a7a7, name=Aspirin, price=50, type=Tablet, category=Aspirin is used to reduce fever}, {id=6480141f029f637a5d28a7ad, name=Amoxicillin, price=100, type=Capsule, category=Amoxicillin is a penicillin antibiotic}, {id=6480143d029f637a5d28a7af, name=Atorvastatin, price=130, type=Tablet, category=Cholesterol-lowering agent}, {id=6480144d029f637a5d28a7b0, name=Ibuprofen, price=200, type=Tablet, category=Nonsteroidal anti-inflammatory drug (NSAID)}, {id=648584915683641112507aa4, name=Paracetamol, price=120, type=Tablet, category=Pain reliever}, {id=64918f86f72e301ef847fea1, name=Lisinopril, price=80, type=Tablet, category=Antihypertensive}, {id=64918fa1f72e301ef847fea2, name=Metformin, price=70, type=Tablet, category=Antidiabetic}, {id=64918fb6f72e301ef847fea3, name=Cetirizine, price=60, type=Tablet, category=Antihistamine}]
2023-07-04T14:53:05.067+05:30  INFO 4476 --- [http-nio-8090-exec-10] o.s.web.filter.OncePerRequestFilter      :  Header :  Bearer eyJhbGciOiJIUzUxMiJ9.eyJzdWIiOiJhZG1pbkBnbWFpbC5jb20iLCJpYXQiOjE2ODg0NDc3NjIsImV4cCI6MTY4ODQ2NTc2Mn0.ReOuE3fcgDKHxMkg1udO4l2Pj6u2qeAYWX0uXjgWQ1BVf6-yFT-pyfh59yAiy_rdEN2kDZovM-gUPbLeskZyRw
2023-07-04T14:53:05.078+05:30  INFO 4476 --- [http-nio-8090-exec-10] c.p.A.Impl.DrugCatalogueServiceImpl      : [{id=648011f1029f637a5d28a7a7, name=Aspirin, price=50, type=Tablet, category=Aspirin is used to reduce fever}, {id=6480141f029f637a5d28a7ad, name=Amoxicillin, price=100, type=Capsule, category=Amoxicillin is a penicillin antibiotic}, {id=6480143d029f637a5d28a7af, name=Atorvastatin, price=130, type=Tablet, category=Cholesterol-lowering agent}, {id=6480144d029f637a5d28a7b0, name=Ibuprofen, price=200, type=Tablet, category=Nonsteroidal anti-inflammatory drug (NSAID)}, {id=648584915683641112507aa4, name=Paracetamol, price=120, type=Tablet, category=Pain reliever}, {id=64918f86f72e301ef847fea1, name=Lisinopril, price=80, type=Tablet, category=Antihypertensive}, {id=64918fa1f72e301ef847fea2, name=Metformin, price=70, type=Tablet, category=Antidiabetic}, {id=64918fb6f72e301ef847fea3, name=Cetirizine, price=60, type=Tablet, category=Antihistamine}]
2023-07-04T14:54:24.169+05:30  INFO 4476 --- [http-nio-8090-exec-2] o.s.web.filter.OncePerRequestFilter      :  Header :  Bearer eyJhbGciOiJIUzUxMiJ9.eyJzdWIiOiJhZG1pbkBnbWFpbC5jb20iLCJpYXQiOjE2ODg0NDc3NjIsImV4cCI6MTY4ODQ2NTc2Mn0.ReOuE3fcgDKHxMkg1udO4l2Pj6u2qeAYWX0uXjgWQ1BVf6-yFT-pyfh59yAiy_rdEN2kDZovM-gUPbLeskZyRw
2023-07-04T14:54:24.180+05:30  INFO 4476 --- [http-nio-8090-exec-2] c.p.A.Impl.DrugCatalogueServiceImpl      : [{id=648011f1029f637a5d28a7a7, name=Aspirin, price=50, type=Tablet, category=Aspirin is used to reduce fever}, {id=6480141f029f637a5d28a7ad, name=Amoxicillin, price=100, type=Capsule, category=Amoxicillin is a penicillin antibiotic}, {id=6480143d029f637a5d28a7af, name=Atorvastatin, price=130, type=Tablet, category=Cholesterol-lowering agent}, {id=6480144d029f637a5d28a7b0, name=Ibuprofen, price=200, type=Tablet, category=Nonsteroidal anti-inflammatory drug (NSAID)}, {id=648584915683641112507aa4, name=Paracetamol, price=120, type=Tablet, category=Pain reliever}, {id=64918f86f72e301ef847fea1, name=Lisinopril, price=80, type=Tablet, category=Antihypertensive}, {id=64918fa1f72e301ef847fea2, name=Metformin, price=70, type=Tablet, category=Antidiabetic}, {id=64918fb6f72e301ef847fea3, name=Cetirizine, price=60, type=Tablet, category=Antihistamine}]
2023-07-04T14:54:31.396+05:30  INFO 4476 --- [AsyncResolver-bootstrap-executor-0] c.n.d.s.r.aws.ConfigClusterResolver      : Resolving eureka endpoints via configuration
2023-07-04T14:54:54.181+05:30  INFO 4476 --- [http-nio-8090-exec-1] o.s.web.filter.OncePerRequestFilter      :  Header :  Bearer eyJhbGciOiJIUzUxMiJ9.eyJzdWIiOiJhZG1pbkBnbWFpbC5jb20iLCJpYXQiOjE2ODg0NDc3NjIsImV4cCI6MTY4ODQ2NTc2Mn0.ReOuE3fcgDKHxMkg1udO4l2Pj6u2qeAYWX0uXjgWQ1BVf6-yFT-pyfh59yAiy_rdEN2kDZovM-gUPbLeskZyRw
2023-07-04T14:54:54.195+05:30  INFO 4476 --- [http-nio-8090-exec-1] c.p.A.Impl.DrugCatalogueServiceImpl      : [{id=648011f1029f637a5d28a7a7, name=Aspirin, price=50, type=Tablet, category=Aspirin is used to reduce fever}, {id=6480141f029f637a5d28a7ad, name=Amoxicillin, price=100, type=Capsule, category=Amoxicillin is a penicillin antibiotic}, {id=6480143d029f637a5d28a7af, name=Atorvastatin, price=130, type=Tablet, category=Cholesterol-lowering agent}, {id=6480144d029f637a5d28a7b0, name=Ibuprofen, price=200, type=Tablet, category=Nonsteroidal anti-inflammatory drug (NSAID)}, {id=648584915683641112507aa4, name=Paracetamol, price=120, type=Tablet, category=Pain reliever}, {id=64918f86f72e301ef847fea1, name=Lisinopril, price=80, type=Tablet, category=Antihypertensive}, {id=64918fa1f72e301ef847fea2, name=Metformin, price=70, type=Tablet, category=Antidiabetic}, {id=64918fb6f72e301ef847fea3, name=Cetirizine, price=60, type=Tablet, category=Antihistamine}]
2023-07-04T14:55:13.933+05:30  INFO 4476 --- [http-nio-8090-exec-3] o.s.web.filter.OncePerRequestFilter      :  Header :  Bearer eyJhbGciOiJIUzUxMiJ9.eyJzdWIiOiJhZG1pbkBnbWFpbC5jb20iLCJpYXQiOjE2ODg0NDc3NjIsImV4cCI6MTY4ODQ2NTc2Mn0.ReOuE3fcgDKHxMkg1udO4l2Pj6u2qeAYWX0uXjgWQ1BVf6-yFT-pyfh59yAiy_rdEN2kDZovM-gUPbLeskZyRw
2023-07-04T14:55:13.949+05:30  INFO 4476 --- [http-nio-8090-exec-3] c.p.A.Impl.DrugCatalogueServiceImpl      : [{id=648011f1029f637a5d28a7a7, name=Aspirin, price=50, type=Tablet, category=Aspirin is used to reduce fever}, {id=6480141f029f637a5d28a7ad, name=Amoxicillin, price=100, type=Capsule, category=Amoxicillin is a penicillin antibiotic}, {id=6480143d029f637a5d28a7af, name=Atorvastatin, price=130, type=Tablet, category=Cholesterol-lowering agent}, {id=6480144d029f637a5d28a7b0, name=Ibuprofen, price=200, type=Tablet, category=Nonsteroidal anti-inflammatory drug (NSAID)}, {id=648584915683641112507aa4, name=Paracetamol, price=120, type=Tablet, category=Pain reliever}, {id=64918f86f72e301ef847fea1, name=Lisinopril, price=80, type=Tablet, category=Antihypertensive}, {id=64918fa1f72e301ef847fea2, name=Metformin, price=70, type=Tablet, category=Antidiabetic}, {id=64918fb6f72e301ef847fea3, name=Cetirizine, price=60, type=Tablet, category=Antihistamine}]
2023-07-04T14:56:21.161+05:30  INFO 4476 --- [http-nio-8090-exec-9] o.s.web.filter.OncePerRequestFilter      :  Header :  Bearer eyJhbGciOiJIUzUxMiJ9.eyJzdWIiOiJhZG1pbkBnbWFpbC5jb20iLCJpYXQiOjE2ODg0NDc3NjIsImV4cCI6MTY4ODQ2NTc2Mn0.ReOuE3fcgDKHxMkg1udO4l2Pj6u2qeAYWX0uXjgWQ1BVf6-yFT-pyfh59yAiy_rdEN2kDZovM-gUPbLeskZyRw
2023-07-04T14:56:21.173+05:30  INFO 4476 --- [http-nio-8090-exec-9] c.p.A.Impl.DrugCatalogueServiceImpl      : [{id=648011f1029f637a5d28a7a7, name=Aspirin, price=50, type=Tablet, category=Aspirin is used to reduce fever}, {id=6480141f029f637a5d28a7ad, name=Amoxicillin, price=100, type=Capsule, category=Amoxicillin is a penicillin antibiotic}, {id=6480143d029f637a5d28a7af, name=Atorvastatin, price=130, type=Tablet, category=Cholesterol-lowering agent}, {id=6480144d029f637a5d28a7b0, name=Ibuprofen, price=200, type=Tablet, category=Nonsteroidal anti-inflammatory drug (NSAID)}, {id=648584915683641112507aa4, name=Paracetamol, price=120, type=Tablet, category=Pain reliever}, {id=64918f86f72e301ef847fea1, name=Lisinopril, price=80, type=Tablet, category=Antihypertensive}, {id=64918fa1f72e301ef847fea2, name=Metformin, price=70, type=Tablet, category=Antidiabetic}, {id=64918fb6f72e301ef847fea3, name=Cetirizine, price=60, type=Tablet, category=Antihistamine}]
2023-07-04T14:57:05.162+05:30  INFO 4476 --- [http-nio-8090-exec-7] o.s.web.filter.OncePerRequestFilter      :  Header :  Bearer eyJhbGciOiJIUzUxMiJ9.eyJzdWIiOiJhZG1pbkBnbWFpbC5jb20iLCJpYXQiOjE2ODg0NDc3NjIsImV4cCI6MTY4ODQ2NTc2Mn0.ReOuE3fcgDKHxMkg1udO4l2Pj6u2qeAYWX0uXjgWQ1BVf6-yFT-pyfh59yAiy_rdEN2kDZovM-gUPbLeskZyRw
2023-07-04T14:57:05.172+05:30  INFO 4476 --- [http-nio-8090-exec-7] c.p.A.Impl.DrugCatalogueServiceImpl      : [{id=648011f1029f637a5d28a7a7, name=Aspirin, price=50, type=Tablet, category=Aspirin is used to reduce fever}, {id=6480141f029f637a5d28a7ad, name=Amoxicillin, price=100, type=Capsule, category=Amoxicillin is a penicillin antibiotic}, {id=6480143d029f637a5d28a7af, name=Atorvastatin, price=130, type=Tablet, category=Cholesterol-lowering agent}, {id=6480144d029f637a5d28a7b0, name=Ibuprofen, price=200, type=Tablet, category=Nonsteroidal anti-inflammatory drug (NSAID)}, {id=648584915683641112507aa4, name=Paracetamol, price=120, type=Tablet, category=Pain reliever}, {id=64918f86f72e301ef847fea1, name=Lisinopril, price=80, type=Tablet, category=Antihypertensive}, {id=64918fa1f72e301ef847fea2, name=Metformin, price=70, type=Tablet, category=Antidiabetic}, {id=64918fb6f72e301ef847fea3, name=Cetirizine, price=60, type=Tablet, category=Antihistamine}]
2023-07-04T14:59:31.396+05:30  INFO 4476 --- [AsyncResolver-bootstrap-executor-0] c.n.d.s.r.aws.ConfigClusterResolver      : Resolving eureka endpoints via configuration
2023-07-04T15:02:25.166+05:30  INFO 4476 --- [http-nio-8090-exec-4] o.s.web.filter.OncePerRequestFilter      :  Header :  Bearer eyJhbGciOiJIUzUxMiJ9.eyJzdWIiOiJhZG1pbkBnbWFpbC5jb20iLCJpYXQiOjE2ODg0NDc3NjIsImV4cCI6MTY4ODQ2NTc2Mn0.ReOuE3fcgDKHxMkg1udO4l2Pj6u2qeAYWX0uXjgWQ1BVf6-yFT-pyfh59yAiy_rdEN2kDZovM-gUPbLeskZyRw
2023-07-04T15:02:25.184+05:30  INFO 4476 --- [http-nio-8090-exec-4] c.p.A.Impl.DrugCatalogueServiceImpl      : [{id=648011f1029f637a5d28a7a7, name=Aspirin, price=50, type=Tablet, category=Aspirin is used to reduce fever}, {id=6480141f029f637a5d28a7ad, name=Amoxicillin, price=100, type=Capsule, category=Amoxicillin is a penicillin antibiotic}, {id=6480143d029f637a5d28a7af, name=Atorvastatin, price=130, type=Tablet, category=Cholesterol-lowering agent}, {id=6480144d029f637a5d28a7b0, name=Ibuprofen, price=200, type=Tablet, category=Nonsteroidal anti-inflammatory drug (NSAID)}, {id=648584915683641112507aa4, name=Paracetamol, price=120, type=Tablet, category=Pain reliever}, {id=64918f86f72e301ef847fea1, name=Lisinopril, price=80, type=Tablet, category=Antihypertensive}, {id=64918fa1f72e301ef847fea2, name=Metformin, price=70, type=Tablet, category=Antidiabetic}, {id=64918fb6f72e301ef847fea3, name=Cetirizine, price=60, type=Tablet, category=Antihistamine}]
2023-07-04T15:04:31.402+05:30  INFO 4476 --- [AsyncResolver-bootstrap-executor-0] c.n.d.s.r.aws.ConfigClusterResolver      : Resolving eureka endpoints via configuration
2023-07-04T15:04:40.089+05:30  INFO 4476 --- [http-nio-8090-exec-8] o.s.web.filter.OncePerRequestFilter      :  Header :  Bearer eyJhbGciOiJIUzUxMiJ9.eyJzdWIiOiJhZG1pbkBnbWFpbC5jb20iLCJpYXQiOjE2ODg0NDc3NjIsImV4cCI6MTY4ODQ2NTc2Mn0.ReOuE3fcgDKHxMkg1udO4l2Pj6u2qeAYWX0uXjgWQ1BVf6-yFT-pyfh59yAiy_rdEN2kDZovM-gUPbLeskZyRw
2023-07-04T15:04:40.132+05:30  INFO 4476 --- [http-nio-8090-exec-2] o.s.web.filter.OncePerRequestFilter      :  Header :  Bearer eyJhbGciOiJIUzUxMiJ9.eyJzdWIiOiJhZG1pbkBnbWFpbC5jb20iLCJpYXQiOjE2ODg0NDc3NjIsImV4cCI6MTY4ODQ2NTc2Mn0.ReOuE3fcgDKHxMkg1udO4l2Pj6u2qeAYWX0uXjgWQ1BVf6-yFT-pyfh59yAiy_rdEN2kDZovM-gUPbLeskZyRw
2023-07-04T15:04:40.138+05:30  INFO 4476 --- [http-nio-8090-exec-2] c.p.A.Impl.DrugCatalogueServiceImpl      : [{id=648011f1029f637a5d28a7a7, name=Aspirin, price=48, type=Tablet, category=Aspirin is used to reduce fever}, {id=6480141f029f637a5d28a7ad, name=Amoxicillin, price=100, type=Capsule, category=Amoxicillin is a penicillin antibiotic}, {id=6480143d029f637a5d28a7af, name=Atorvastatin, price=130, type=Tablet, category=Cholesterol-lowering agent}, {id=6480144d029f637a5d28a7b0, name=Ibuprofen, price=200, type=Tablet, category=Nonsteroidal anti-inflammatory drug (NSAID)}, {id=648584915683641112507aa4, name=Paracetamol, price=120, type=Tablet, category=Pain reliever}, {id=64918f86f72e301ef847fea1, name=Lisinopril, price=80, type=Tablet, category=Antihypertensive}, {id=64918fa1f72e301ef847fea2, name=Metformin, price=70, type=Tablet, category=Antidiabetic}, {id=64918fb6f72e301ef847fea3, name=Cetirizine, price=60, type=Tablet, category=Antihistamine}]
2023-07-04T15:05:00.464+05:30  INFO 4476 --- [http-nio-8090-exec-1] o.s.web.filter.OncePerRequestFilter      :  Header :  Bearer eyJhbGciOiJIUzUxMiJ9.eyJzdWIiOiJhZG1pbkBnbWFpbC5jb20iLCJpYXQiOjE2ODg0NDc3NjIsImV4cCI6MTY4ODQ2NTc2Mn0.ReOuE3fcgDKHxMkg1udO4l2Pj6u2qeAYWX0uXjgWQ1BVf6-yFT-pyfh59yAiy_rdEN2kDZovM-gUPbLeskZyRw
2023-07-04T15:05:00.493+05:30  INFO 4476 --- [http-nio-8090-exec-3] o.s.web.filter.OncePerRequestFilter      :  Header :  Bearer eyJhbGciOiJIUzUxMiJ9.eyJzdWIiOiJhZG1pbkBnbWFpbC5jb20iLCJpYXQiOjE2ODg0NDc3NjIsImV4cCI6MTY4ODQ2NTc2Mn0.ReOuE3fcgDKHxMkg1udO4l2Pj6u2qeAYWX0uXjgWQ1BVf6-yFT-pyfh59yAiy_rdEN2kDZovM-gUPbLeskZyRw
2023-07-04T15:05:00.496+05:30  INFO 4476 --- [http-nio-8090-exec-6] o.s.web.filter.OncePerRequestFilter      :  Header :  Bearer eyJhbGciOiJIUzUxMiJ9.eyJzdWIiOiJhZG1pbkBnbWFpbC5jb20iLCJpYXQiOjE2ODg0NDc3NjIsImV4cCI6MTY4ODQ2NTc2Mn0.ReOuE3fcgDKHxMkg1udO4l2Pj6u2qeAYWX0uXjgWQ1BVf6-yFT-pyfh59yAiy_rdEN2kDZovM-gUPbLeskZyRw
2023-07-04T15:05:00.496+05:30  INFO 4476 --- [http-nio-8090-exec-9] o.s.web.filter.OncePerRequestFilter      :  Header :  Bearer eyJhbGciOiJIUzUxMiJ9.eyJzdWIiOiJhZG1pbkBnbWFpbC5jb20iLCJpYXQiOjE2ODg0NDc3NjIsImV4cCI6MTY4ODQ2NTc2Mn0.ReOuE3fcgDKHxMkg1udO4l2Pj6u2qeAYWX0uXjgWQ1BVf6-yFT-pyfh59yAiy_rdEN2kDZovM-gUPbLeskZyRw
2023-07-04T15:05:00.498+05:30  INFO 4476 --- [http-nio-8090-exec-7] o.s.web.filter.OncePerRequestFilter      :  Header :  Bearer eyJhbGciOiJIUzUxMiJ9.eyJzdWIiOiJhZG1pbkBnbWFpbC5jb20iLCJpYXQiOjE2ODg0NDc3NjIsImV4cCI6MTY4ODQ2NTc2Mn0.ReOuE3fcgDKHxMkg1udO4l2Pj6u2qeAYWX0uXjgWQ1BVf6-yFT-pyfh59yAiy_rdEN2kDZovM-gUPbLeskZyRw
2023-07-04T15:05:00.498+05:30  INFO 4476 --- [http-nio-8090-exec-5] o.s.web.filter.OncePerRequestFilter      :  Header :  Bearer eyJhbGciOiJIUzUxMiJ9.eyJzdWIiOiJhZG1pbkBnbWFpbC5jb20iLCJpYXQiOjE2ODg0NDc3NjIsImV4cCI6MTY4ODQ2NTc2Mn0.ReOuE3fcgDKHxMkg1udO4l2Pj6u2qeAYWX0uXjgWQ1BVf6-yFT-pyfh59yAiy_rdEN2kDZovM-gUPbLeskZyRw
2023-07-04T15:05:00.523+05:30  INFO 4476 --- [http-nio-8090-exec-4] o.s.web.filter.OncePerRequestFilter      :  Header :  Bearer eyJhbGciOiJIUzUxMiJ9.eyJzdWIiOiJhZG1pbkBnbWFpbC5jb20iLCJpYXQiOjE2ODg0NDc3NjIsImV4cCI6MTY4ODQ2NTc2Mn0.ReOuE3fcgDKHxMkg1udO4l2Pj6u2qeAYWX0uXjgWQ1BVf6-yFT-pyfh59yAiy_rdEN2kDZovM-gUPbLeskZyRw
2023-07-04T15:05:00.528+05:30  INFO 4476 --- [http-nio-8090-exec-10] o.s.web.filter.OncePerRequestFilter      :  Header :  Bearer eyJhbGciOiJIUzUxMiJ9.eyJzdWIiOiJhZG1pbkBnbWFpbC5jb20iLCJpYXQiOjE2ODg0NDc3NjIsImV4cCI6MTY4ODQ2NTc2Mn0.ReOuE3fcgDKHxMkg1udO4l2Pj6u2qeAYWX0uXjgWQ1BVf6-yFT-pyfh59yAiy_rdEN2kDZovM-gUPbLeskZyRw
2023-07-04T15:05:00.552+05:30  INFO 4476 --- [http-nio-8090-exec-8] o.s.web.filter.OncePerRequestFilter      :  Header :  Bearer eyJhbGciOiJIUzUxMiJ9.eyJzdWIiOiJhZG1pbkBnbWFpbC5jb20iLCJpYXQiOjE2ODg0NDc3NjIsImV4cCI6MTY4ODQ2NTc2Mn0.ReOuE3fcgDKHxMkg1udO4l2Pj6u2qeAYWX0uXjgWQ1BVf6-yFT-pyfh59yAiy_rdEN2kDZovM-gUPbLeskZyRw
2023-07-04T15:05:00.555+05:30  INFO 4476 --- [http-nio-8090-exec-2] o.s.web.filter.OncePerRequestFilter      :  Header :  Bearer eyJhbGciOiJIUzUxMiJ9.eyJzdWIiOiJhZG1pbkBnbWFpbC5jb20iLCJpYXQiOjE2ODg0NDc3NjIsImV4cCI6MTY4ODQ2NTc2Mn0.ReOuE3fcgDKHxMkg1udO4l2Pj6u2qeAYWX0uXjgWQ1BVf6-yFT-pyfh59yAiy_rdEN2kDZovM-gUPbLeskZyRw
2023-07-04T15:05:00.580+05:30  INFO 4476 --- [http-nio-8090-exec-1] o.s.web.filter.OncePerRequestFilter      :  Header :  Bearer eyJhbGciOiJIUzUxMiJ9.eyJzdWIiOiJhZG1pbkBnbWFpbC5jb20iLCJpYXQiOjE2ODg0NDc3NjIsImV4cCI6MTY4ODQ2NTc2Mn0.ReOuE3fcgDKHxMkg1udO4l2Pj6u2qeAYWX0uXjgWQ1BVf6-yFT-pyfh59yAiy_rdEN2kDZovM-gUPbLeskZyRw
2023-07-04T15:05:00.584+05:30  INFO 4476 --- [http-nio-8090-exec-9] o.s.web.filter.OncePerRequestFilter      :  Header :  Bearer eyJhbGciOiJIUzUxMiJ9.eyJzdWIiOiJhZG1pbkBnbWFpbC5jb20iLCJpYXQiOjE2ODg0NDc3NjIsImV4cCI6MTY4ODQ2NTc2Mn0.ReOuE3fcgDKHxMkg1udO4l2Pj6u2qeAYWX0uXjgWQ1BVf6-yFT-pyfh59yAiy_rdEN2kDZovM-gUPbLeskZyRw
2023-07-04T15:05:02.423+05:30  INFO 4476 --- [http-nio-8090-exec-3] o.s.web.filter.OncePerRequestFilter      :  Header :  Bearer eyJhbGciOiJIUzUxMiJ9.eyJzdWIiOiJhZG1pbkBnbWFpbC5jb20iLCJpYXQiOjE2ODg0NDc3NjIsImV4cCI6MTY4ODQ2NTc2Mn0.ReOuE3fcgDKHxMkg1udO4l2Pj6u2qeAYWX0uXjgWQ1BVf6-yFT-pyfh59yAiy_rdEN2kDZovM-gUPbLeskZyRw
2023-07-04T15:05:02.437+05:30  INFO 4476 --- [http-nio-8090-exec-3] c.p.A.Impl.DrugCatalogueServiceImpl      : [{id=648011f1029f637a5d28a7a7, name=Aspirin, price=48, type=Tablet, category=Aspirin is used to reduce fever}, {id=6480141f029f637a5d28a7ad, name=Amoxicillin, price=100, type=Capsule, category=Amoxicillin is a penicillin antibiotic}, {id=6480143d029f637a5d28a7af, name=Atorvastatin, price=130, type=Tablet, category=Cholesterol-lowering agent}, {id=6480144d029f637a5d28a7b0, name=Ibuprofen, price=200, type=Tablet, category=Nonsteroidal anti-inflammatory drug (NSAID)}, {id=648584915683641112507aa4, name=Paracetamol, price=120, type=Tablet, category=Pain reliever}, {id=64918f86f72e301ef847fea1, name=Lisinopril, price=80, type=Tablet, category=Antihypertensive}, {id=64918fa1f72e301ef847fea2, name=Metformin, price=70, type=Tablet, category=Antidiabetic}, {id=64918fb6f72e301ef847fea3, name=Cetirizine, price=60, type=Tablet, category=Antihistamine}]
2023-07-04T15:05:02.451+05:30  INFO 4476 --- [http-nio-8090-exec-6] o.s.web.filter.OncePerRequestFilter      :  Header :  Bearer eyJhbGciOiJIUzUxMiJ9.eyJzdWIiOiJhZG1pbkBnbWFpbC5jb20iLCJpYXQiOjE2ODg0NDc3NjIsImV4cCI6MTY4ODQ2NTc2Mn0.ReOuE3fcgDKHxMkg1udO4l2Pj6u2qeAYWX0uXjgWQ1BVf6-yFT-pyfh59yAiy_rdEN2kDZovM-gUPbLeskZyRw
2023-07-04T15:05:02.463+05:30  INFO 4476 --- [http-nio-8090-exec-6] c.p.A.Impl.DrugCatalogueServiceImpl      : [{id=648011f1029f637a5d28a7a7, name=Aspirin, price=48, type=Tablet, category=Aspirin is used to reduce fever}, {id=6480141f029f637a5d28a7ad, name=Amoxicillin, price=100, type=Capsule, category=Amoxicillin is a penicillin antibiotic}, {id=6480143d029f637a5d28a7af, name=Atorvastatin, price=130, type=Tablet, category=Cholesterol-lowering agent}, {id=6480144d029f637a5d28a7b0, name=Ibuprofen, price=200, type=Tablet, category=Nonsteroidal anti-inflammatory drug (NSAID)}, {id=648584915683641112507aa4, name=Paracetamol, price=120, type=Tablet, category=Pain reliever}, {id=64918f86f72e301ef847fea1, name=Lisinopril, price=80, type=Tablet, category=Antihypertensive}, {id=64918fa1f72e301ef847fea2, name=Metformin, price=70, type=Tablet, category=Antidiabetic}, {id=64918fb6f72e301ef847fea3, name=Cetirizine, price=60, type=Tablet, category=Antihistamine}]
2023-07-04T15:07:43.215+05:30  INFO 4476 --- [http-nio-8090-exec-2] o.s.web.filter.OncePerRequestFilter      :  Header :  Bearer eyJhbGciOiJIUzUxMiJ9.eyJzdWIiOiJhZG1pbkBnbWFpbC5jb20iLCJpYXQiOjE2ODg0NDc3NjIsImV4cCI6MTY4ODQ2NTc2Mn0.ReOuE3fcgDKHxMkg1udO4l2Pj6u2qeAYWX0uXjgWQ1BVf6-yFT-pyfh59yAiy_rdEN2kDZovM-gUPbLeskZyRw
2023-07-04T15:07:43.236+05:30  INFO 4476 --- [http-nio-8090-exec-2] c.p.A.Impl.DrugCatalogueServiceImpl      : [{id=648011f1029f637a5d28a7a7, name=Aspirin, price=48, type=Tablet, category=Aspirin is used to reduce fever}, {id=6480141f029f637a5d28a7ad, name=Amoxicillin, price=100, type=Capsule, category=Amoxicillin is a penicillin antibiotic}, {id=6480143d029f637a5d28a7af, name=Atorvastatin, price=130, type=Tablet, category=Cholesterol-lowering agent}, {id=6480144d029f637a5d28a7b0, name=Ibuprofen, price=200, type=Tablet, category=Nonsteroidal anti-inflammatory drug (NSAID)}, {id=648584915683641112507aa4, name=Paracetamol, price=120, type=Tablet, category=Pain reliever}, {id=64918f86f72e301ef847fea1, name=Lisinopril, price=80, type=Tablet, category=Antihypertensive}, {id=64918fa1f72e301ef847fea2, name=Metformin, price=70, type=Tablet, category=Antidiabetic}, {id=64918fb6f72e301ef847fea3, name=Cetirizine, price=60, type=Tablet, category=Antihistamine}]
2023-07-04T15:08:22.260+05:30  INFO 4476 --- [http-nio-8090-exec-1] o.s.web.filter.OncePerRequestFilter      :  Header :  Bearer eyJhbGciOiJIUzUxMiJ9.eyJzdWIiOiJhZG1pbkBnbWFpbC5jb20iLCJpYXQiOjE2ODg0NDc3NjIsImV4cCI6MTY4ODQ2NTc2Mn0.ReOuE3fcgDKHxMkg1udO4l2Pj6u2qeAYWX0uXjgWQ1BVf6-yFT-pyfh59yAiy_rdEN2kDZovM-gUPbLeskZyRw
2023-07-04T15:08:22.290+05:30  INFO 4476 --- [http-nio-8090-exec-9] o.s.web.filter.OncePerRequestFilter      :  Header :  Bearer eyJhbGciOiJIUzUxMiJ9.eyJzdWIiOiJhZG1pbkBnbWFpbC5jb20iLCJpYXQiOjE2ODg0NDc3NjIsImV4cCI6MTY4ODQ2NTc2Mn0.ReOuE3fcgDKHxMkg1udO4l2Pj6u2qeAYWX0uXjgWQ1BVf6-yFT-pyfh59yAiy_rdEN2kDZovM-gUPbLeskZyRw
2023-07-04T15:08:22.299+05:30  INFO 4476 --- [http-nio-8090-exec-9] c.p.A.Impl.DrugCatalogueServiceImpl      : [{id=648011f1029f637a5d28a7a7, name=Aspirin, price=50, type=Tablet, category=Aspirin is used to reduce fever}, {id=6480141f029f637a5d28a7ad, name=Amoxicillin, price=100, type=Capsule, category=Amoxicillin is a penicillin antibiotic}, {id=6480143d029f637a5d28a7af, name=Atorvastatin, price=130, type=Tablet, category=Cholesterol-lowering agent}, {id=6480144d029f637a5d28a7b0, name=Ibuprofen, price=200, type=Tablet, category=Nonsteroidal anti-inflammatory drug (NSAID)}, {id=648584915683641112507aa4, name=Paracetamol, price=120, type=Tablet, category=Pain reliever}, {id=64918f86f72e301ef847fea1, name=Lisinopril, price=80, type=Tablet, category=Antihypertensive}, {id=64918fa1f72e301ef847fea2, name=Metformin, price=70, type=Tablet, category=Antidiabetic}, {id=64918fb6f72e301ef847fea3, name=Cetirizine, price=60, type=Tablet, category=Antihistamine}]
2023-07-04T15:09:31.413+05:30  INFO 4476 --- [AsyncResolver-bootstrap-executor-0] c.n.d.s.r.aws.ConfigClusterResolver      : Resolving eureka endpoints via configuration
2023-07-04T15:13:05.370+05:30  INFO 4476 --- [http-nio-8090-exec-6] o.s.web.filter.OncePerRequestFilter      :  Header :  Bearer eyJhbGciOiJIUzUxMiJ9.eyJzdWIiOiJhZG1pbkBnbWFpbC5jb20iLCJpYXQiOjE2ODg0NDc3NjIsImV4cCI6MTY4ODQ2NTc2Mn0.ReOuE3fcgDKHxMkg1udO4l2Pj6u2qeAYWX0uXjgWQ1BVf6-yFT-pyfh59yAiy_rdEN2kDZovM-gUPbLeskZyRw
2023-07-04T15:13:05.389+05:30  INFO 4476 --- [http-nio-8090-exec-6] o.s.web.filter.OncePerRequestFilter      :  Header :  Bearer eyJhbGciOiJIUzUxMiJ9.eyJzdWIiOiJhZG1pbkBnbWFpbC5jb20iLCJpYXQiOjE2ODg0NDc3NjIsImV4cCI6MTY4ODQ2NTc2Mn0.ReOuE3fcgDKHxMkg1udO4l2Pj6u2qeAYWX0uXjgWQ1BVf6-yFT-pyfh59yAiy_rdEN2kDZovM-gUPbLeskZyRw
2023-07-04T15:13:05.402+05:30  INFO 4476 --- [http-nio-8090-exec-4] o.s.web.filter.OncePerRequestFilter      :  Header :  Bearer eyJhbGciOiJIUzUxMiJ9.eyJzdWIiOiJhZG1pbkBnbWFpbC5jb20iLCJpYXQiOjE2ODg0NDc3NjIsImV4cCI6MTY4ODQ2NTc2Mn0.ReOuE3fcgDKHxMkg1udO4l2Pj6u2qeAYWX0uXjgWQ1BVf6-yFT-pyfh59yAiy_rdEN2kDZovM-gUPbLeskZyRw
2023-07-04T15:13:05.402+05:30  INFO 4476 --- [http-nio-8090-exec-8] o.s.web.filter.OncePerRequestFilter      :  Header :  Bearer eyJhbGciOiJIUzUxMiJ9.eyJzdWIiOiJhZG1pbkBnbWFpbC5jb20iLCJpYXQiOjE2ODg0NDc3NjIsImV4cCI6MTY4ODQ2NTc2Mn0.ReOuE3fcgDKHxMkg1udO4l2Pj6u2qeAYWX0uXjgWQ1BVf6-yFT-pyfh59yAiy_rdEN2kDZovM-gUPbLeskZyRw
2023-07-04T15:13:05.404+05:30  INFO 4476 --- [http-nio-8090-exec-5] o.s.web.filter.OncePerRequestFilter      :  Header :  Bearer eyJhbGciOiJIUzUxMiJ9.eyJzdWIiOiJhZG1pbkBnbWFpbC5jb20iLCJpYXQiOjE2ODg0NDc3NjIsImV4cCI6MTY4ODQ2NTc2Mn0.ReOuE3fcgDKHxMkg1udO4l2Pj6u2qeAYWX0uXjgWQ1BVf6-yFT-pyfh59yAiy_rdEN2kDZovM-gUPbLeskZyRw
2023-07-04T15:13:05.410+05:30  INFO 4476 --- [http-nio-8090-exec-7] o.s.web.filter.OncePerRequestFilter      :  Header :  Bearer eyJhbGciOiJIUzUxMiJ9.eyJzdWIiOiJhZG1pbkBnbWFpbC5jb20iLCJpYXQiOjE2ODg0NDc3NjIsImV4cCI6MTY4ODQ2NTc2Mn0.ReOuE3fcgDKHxMkg1udO4l2Pj6u2qeAYWX0uXjgWQ1BVf6-yFT-pyfh59yAiy_rdEN2kDZovM-gUPbLeskZyRw
2023-07-04T15:13:05.416+05:30  INFO 4476 --- [http-nio-8090-exec-2] o.s.web.filter.OncePerRequestFilter      :  Header :  Bearer eyJhbGciOiJIUzUxMiJ9.eyJzdWIiOiJhZG1pbkBnbWFpbC5jb20iLCJpYXQiOjE2ODg0NDc3NjIsImV4cCI6MTY4ODQ2NTc2Mn0.ReOuE3fcgDKHxMkg1udO4l2Pj6u2qeAYWX0uXjgWQ1BVf6-yFT-pyfh59yAiy_rdEN2kDZovM-gUPbLeskZyRw
2023-07-04T15:13:05.425+05:30  INFO 4476 --- [http-nio-8090-exec-4] c.p.A.Impl.DrugCatalogueServiceImpl      : [{id=648011f1029f637a5d28a7a7, name=Aspirin, price=50, type=Tablet, category=Aspirin is used to reduce fever}, {id=6480141f029f637a5d28a7ad, name=Amoxicillin, price=100, type=Capsule, category=Amoxicillin is a penicillin antibiotic}, {id=6480143d029f637a5d28a7af, name=Atorvastatin, price=130, type=Tablet, category=Cholesterol-lowering agent}, {id=6480144d029f637a5d28a7b0, name=Ibuprofen, price=200, type=Tablet, category=Nonsteroidal anti-inflammatory drug (NSAID)}, {id=648584915683641112507aa4, name=Paracetamol, price=120, type=Tablet, category=Pain reliever}, {id=64918f86f72e301ef847fea1, name=Lisinopril, price=80, type=Tablet, category=Antihypertensive}, {id=64918fa1f72e301ef847fea2, name=Metformin, price=70, type=Tablet, category=Antidiabetic}, {id=64918fb6f72e301ef847fea3, name=Cetirizine, price=60, type=Tablet, category=Antihistamine}]
2023-07-04T15:13:05.427+05:30  INFO 4476 --- [http-nio-8090-exec-9] o.s.web.filter.OncePerRequestFilter      :  Header :  Bearer eyJhbGciOiJIUzUxMiJ9.eyJzdWIiOiJhZG1pbkBnbWFpbC5jb20iLCJpYXQiOjE2ODg0NDc3NjIsImV4cCI6MTY4ODQ2NTc2Mn0.ReOuE3fcgDKHxMkg1udO4l2Pj6u2qeAYWX0uXjgWQ1BVf6-yFT-pyfh59yAiy_rdEN2kDZovM-gUPbLeskZyRw
2023-07-04T15:13:05.428+05:30  INFO 4476 --- [http-nio-8090-exec-1] o.s.web.filter.OncePerRequestFilter      :  Header :  Bearer eyJhbGciOiJIUzUxMiJ9.eyJzdWIiOiJhZG1pbkBnbWFpbC5jb20iLCJpYXQiOjE2ODg0NDc3NjIsImV4cCI6MTY4ODQ2NTc2Mn0.ReOuE3fcgDKHxMkg1udO4l2Pj6u2qeAYWX0uXjgWQ1BVf6-yFT-pyfh59yAiy_rdEN2kDZovM-gUPbLeskZyRw
2023-07-04T15:13:05.449+05:30  INFO 4476 --- [http-nio-8090-exec-1] o.s.web.filter.OncePerRequestFilter      :  Header :  Bearer eyJhbGciOiJIUzUxMiJ9.eyJzdWIiOiJhZG1pbkBnbWFpbC5jb20iLCJpYXQiOjE2ODg0NDc3NjIsImV4cCI6MTY4ODQ2NTc2Mn0.ReOuE3fcgDKHxMkg1udO4l2Pj6u2qeAYWX0uXjgWQ1BVf6-yFT-pyfh59yAiy_rdEN2kDZovM-gUPbLeskZyRw
2023-07-04T15:13:05.452+05:30  INFO 4476 --- [http-nio-8090-exec-2] o.s.web.filter.OncePerRequestFilter      :  Header :  Bearer eyJhbGciOiJIUzUxMiJ9.eyJzdWIiOiJhZG1pbkBnbWFpbC5jb20iLCJpYXQiOjE2ODg0NDc3NjIsImV4cCI6MTY4ODQ2NTc2Mn0.ReOuE3fcgDKHxMkg1udO4l2Pj6u2qeAYWX0uXjgWQ1BVf6-yFT-pyfh59yAiy_rdEN2kDZovM-gUPbLeskZyRw
2023-07-04T15:13:05.453+05:30  INFO 4476 --- [http-nio-8090-exec-3] o.s.web.filter.OncePerRequestFilter      :  Header :  Bearer eyJhbGciOiJIUzUxMiJ9.eyJzdWIiOiJhZG1pbkBnbWFpbC5jb20iLCJpYXQiOjE2ODg0NDc3NjIsImV4cCI6MTY4ODQ2NTc2Mn0.ReOuE3fcgDKHxMkg1udO4l2Pj6u2qeAYWX0uXjgWQ1BVf6-yFT-pyfh59yAiy_rdEN2kDZovM-gUPbLeskZyRw
2023-07-04T15:13:05.467+05:30  INFO 4476 --- [http-nio-8090-exec-1] c.p.A.Impl.DrugCatalogueServiceImpl      : [{id=648011f1029f637a5d28a7a7, name=Aspirin, price=50, type=Tablet, category=Aspirin is used to reduce fever}, {id=6480141f029f637a5d28a7ad, name=Amoxicillin, price=100, type=Capsule, category=Amoxicillin is a penicillin antibiotic}, {id=6480143d029f637a5d28a7af, name=Atorvastatin, price=130, type=Tablet, category=Cholesterol-lowering agent}, {id=6480144d029f637a5d28a7b0, name=Ibuprofen, price=200, type=Tablet, category=Nonsteroidal anti-inflammatory drug (NSAID)}, {id=648584915683641112507aa4, name=Paracetamol, price=120, type=Tablet, category=Pain reliever}, {id=64918f86f72e301ef847fea1, name=Lisinopril, price=80, type=Tablet, category=Antihypertensive}, {id=64918fa1f72e301ef847fea2, name=Metformin, price=70, type=Tablet, category=Antidiabetic}, {id=64918fb6f72e301ef847fea3, name=Cetirizine, price=60, type=Tablet, category=Antihistamine}]
2023-07-04T15:13:05.468+05:30  INFO 4476 --- [http-nio-8090-exec-5] o.s.web.filter.OncePerRequestFilter      :  Header :  Bearer eyJhbGciOiJIUzUxMiJ9.eyJzdWIiOiJhZG1pbkBnbWFpbC5jb20iLCJpYXQiOjE2ODg0NDc3NjIsImV4cCI6MTY4ODQ2NTc2Mn0.ReOuE3fcgDKHxMkg1udO4l2Pj6u2qeAYWX0uXjgWQ1BVf6-yFT-pyfh59yAiy_rdEN2kDZovM-gUPbLeskZyRw
2023-07-04T15:13:05.470+05:30  INFO 4476 --- [http-nio-8090-exec-4] o.s.web.filter.OncePerRequestFilter      :  Header :  Bearer eyJhbGciOiJIUzUxMiJ9.eyJzdWIiOiJhZG1pbkBnbWFpbC5jb20iLCJpYXQiOjE2ODg0NDc3NjIsImV4cCI6MTY4ODQ2NTc2Mn0.ReOuE3fcgDKHxMkg1udO4l2Pj6u2qeAYWX0uXjgWQ1BVf6-yFT-pyfh59yAiy_rdEN2kDZovM-gUPbLeskZyRw
2023-07-04T15:13:09.018+05:30  INFO 4476 --- [http-nio-8090-exec-8] o.s.web.filter.OncePerRequestFilter      :  Header :  Bearer eyJhbGciOiJIUzUxMiJ9.eyJzdWIiOiJhZG1pbkBnbWFpbC5jb20iLCJpYXQiOjE2ODg0NDc3NjIsImV4cCI6MTY4ODQ2NTc2Mn0.ReOuE3fcgDKHxMkg1udO4l2Pj6u2qeAYWX0uXjgWQ1BVf6-yFT-pyfh59yAiy_rdEN2kDZovM-gUPbLeskZyRw
2023-07-04T15:13:09.030+05:30  INFO 4476 --- [http-nio-8090-exec-8] c.p.A.Impl.DrugCatalogueServiceImpl      : [{id=648011f1029f637a5d28a7a7, name=Aspirin, price=50, type=Tablet, category=Aspirin is used to reduce fever}, {id=6480141f029f637a5d28a7ad, name=Amoxicillin, price=100, type=Capsule, category=Amoxicillin is a penicillin antibiotic}, {id=6480143d029f637a5d28a7af, name=Atorvastatin, price=130, type=Tablet, category=Cholesterol-lowering agent}, {id=6480144d029f637a5d28a7b0, name=Ibuprofen, price=200, type=Tablet, category=Nonsteroidal anti-inflammatory drug (NSAID)}, {id=648584915683641112507aa4, name=Paracetamol, price=120, type=Tablet, category=Pain reliever}, {id=64918f86f72e301ef847fea1, name=Lisinopril, price=80, type=Tablet, category=Antihypertensive}, {id=64918fa1f72e301ef847fea2, name=Metformin, price=70, type=Tablet, category=Antidiabetic}, {id=64918fb6f72e301ef847fea3, name=Cetirizine, price=60, type=Tablet, category=Antihistamine}]
2023-07-04T15:13:09.040+05:30  INFO 4476 --- [http-nio-8090-exec-9] o.s.web.filter.OncePerRequestFilter      :  Header :  Bearer eyJhbGciOiJIUzUxMiJ9.eyJzdWIiOiJhZG1pbkBnbWFpbC5jb20iLCJpYXQiOjE2ODg0NDc3NjIsImV4cCI6MTY4ODQ2NTc2Mn0.ReOuE3fcgDKHxMkg1udO4l2Pj6u2qeAYWX0uXjgWQ1BVf6-yFT-pyfh59yAiy_rdEN2kDZovM-gUPbLeskZyRw
2023-07-04T15:13:09.069+05:30  INFO 4476 --- [http-nio-8090-exec-9] c.p.A.Impl.DrugCatalogueServiceImpl      : [{id=648011f1029f637a5d28a7a7, name=Aspirin, price=50, type=Tablet, category=Aspirin is used to reduce fever}, {id=6480141f029f637a5d28a7ad, name=Amoxicillin, price=100, type=Capsule, category=Amoxicillin is a penicillin antibiotic}, {id=6480143d029f637a5d28a7af, name=Atorvastatin, price=130, type=Tablet, category=Cholesterol-lowering agent}, {id=6480144d029f637a5d28a7b0, name=Ibuprofen, price=200, type=Tablet, category=Nonsteroidal anti-inflammatory drug (NSAID)}, {id=648584915683641112507aa4, name=Paracetamol, price=120, type=Tablet, category=Pain reliever}, {id=64918f86f72e301ef847fea1, name=Lisinopril, price=80, type=Tablet, category=Antihypertensive}, {id=64918fa1f72e301ef847fea2, name=Metformin, price=70, type=Tablet, category=Antidiabetic}, {id=64918fb6f72e301ef847fea3, name=Cetirizine, price=60, type=Tablet, category=Antihistamine}]
2023-07-04T15:14:31.429+05:30  INFO 4476 --- [AsyncResolver-bootstrap-executor-0] c.n.d.s.r.aws.ConfigClusterResolver      : Resolving eureka endpoints via configuration
2023-07-04T15:19:19.185+05:30  INFO 4476 --- [http-nio-8090-exec-4] o.s.web.filter.OncePerRequestFilter      :  Header :  Bearer eyJhbGciOiJIUzUxMiJ9.eyJzdWIiOiJhZG1pbkBnbWFpbC5jb20iLCJpYXQiOjE2ODg0NDc3NjIsImV4cCI6MTY4ODQ2NTc2Mn0.ReOuE3fcgDKHxMkg1udO4l2Pj6u2qeAYWX0uXjgWQ1BVf6-yFT-pyfh59yAiy_rdEN2kDZovM-gUPbLeskZyRw
2023-07-04T15:19:19.200+05:30  INFO 4476 --- [http-nio-8090-exec-4] c.p.A.Impl.DrugCatalogueServiceImpl      : [{id=648011f1029f637a5d28a7a7, name=Aspirin, price=50, type=Tablet, category=Aspirin is used to reduce fever}, {id=6480141f029f637a5d28a7ad, name=Amoxicillin, price=100, type=Capsule, category=Amoxicillin is a penicillin antibiotic}, {id=6480143d029f637a5d28a7af, name=Atorvastatin, price=130, type=Tablet, category=Cholesterol-lowering agent}, {id=6480144d029f637a5d28a7b0, name=Ibuprofen, price=200, type=Tablet, category=Nonsteroidal anti-inflammatory drug (NSAID)}, {id=648584915683641112507aa4, name=Paracetamol, price=120, type=Tablet, category=Pain reliever}, {id=64918f86f72e301ef847fea1, name=Lisinopril, price=80, type=Tablet, category=Antihypertensive}, {id=64918fa1f72e301ef847fea2, name=Metformin, price=70, type=Tablet, category=Antidiabetic}, {id=64918fb6f72e301ef847fea3, name=Cetirizine, price=60, type=Tablet, category=Antihistamine}]
2023-07-04T15:19:31.437+05:30  INFO 4476 --- [AsyncResolver-bootstrap-executor-0] c.n.d.s.r.aws.ConfigClusterResolver      : Resolving eureka endpoints via configuration
2023-07-04T15:20:14.160+05:30  INFO 4476 --- [http-nio-8090-exec-5] o.s.web.filter.OncePerRequestFilter      :  Header :  Bearer eyJhbGciOiJIUzUxMiJ9.eyJzdWIiOiJhZG1pbkBnbWFpbC5jb20iLCJpYXQiOjE2ODg0NDc3NjIsImV4cCI6MTY4ODQ2NTc2Mn0.ReOuE3fcgDKHxMkg1udO4l2Pj6u2qeAYWX0uXjgWQ1BVf6-yFT-pyfh59yAiy_rdEN2kDZovM-gUPbLeskZyRw
2023-07-04T15:20:14.171+05:30  INFO 4476 --- [http-nio-8090-exec-5] c.p.A.Impl.DrugCatalogueServiceImpl      : [{id=648011f1029f637a5d28a7a7, name=Aspirin, price=50, type=Tablet, category=Aspirin is used to reduce fever}, {id=6480141f029f637a5d28a7ad, name=Amoxicillin, price=100, type=Capsule, category=Amoxicillin is a penicillin antibiotic}, {id=6480143d029f637a5d28a7af, name=Atorvastatin, price=130, type=Tablet, category=Cholesterol-lowering agent}, {id=6480144d029f637a5d28a7b0, name=Ibuprofen, price=200, type=Tablet, category=Nonsteroidal anti-inflammatory drug (NSAID)}, {id=648584915683641112507aa4, name=Paracetamol, price=120, type=Tablet, category=Pain reliever}, {id=64918f86f72e301ef847fea1, name=Lisinopril, price=80, type=Tablet, category=Antihypertensive}, {id=64918fa1f72e301ef847fea2, name=Metformin, price=70, type=Tablet, category=Antidiabetic}, {id=64918fb6f72e301ef847fea3, name=Cetirizine, price=60, type=Tablet, category=Antihistamine}]
2023-07-04T15:20:45.209+05:30  INFO 4476 --- [http-nio-8090-exec-8] o.s.web.filter.OncePerRequestFilter      :  Header :  Bearer eyJhbGciOiJIUzUxMiJ9.eyJzdWIiOiJhZG1pbkBnbWFpbC5jb20iLCJpYXQiOjE2ODg0NDc3NjIsImV4cCI6MTY4ODQ2NTc2Mn0.ReOuE3fcgDKHxMkg1udO4l2Pj6u2qeAYWX0uXjgWQ1BVf6-yFT-pyfh59yAiy_rdEN2kDZovM-gUPbLeskZyRw
2023-07-04T15:20:45.219+05:30  INFO 4476 --- [http-nio-8090-exec-8] c.p.A.Impl.DrugCatalogueServiceImpl      : [{id=648011f1029f637a5d28a7a7, name=Aspirin, price=50, type=Tablet, category=Aspirin is used to reduce fever}, {id=6480141f029f637a5d28a7ad, name=Amoxicillin, price=100, type=Capsule, category=Amoxicillin is a penicillin antibiotic}, {id=6480143d029f637a5d28a7af, name=Atorvastatin, price=130, type=Tablet, category=Cholesterol-lowering agent}, {id=6480144d029f637a5d28a7b0, name=Ibuprofen, price=200, type=Tablet, category=Nonsteroidal anti-inflammatory drug (NSAID)}, {id=648584915683641112507aa4, name=Paracetamol, price=120, type=Tablet, category=Pain reliever}, {id=64918f86f72e301ef847fea1, name=Lisinopril, price=80, type=Tablet, category=Antihypertensive}, {id=64918fa1f72e301ef847fea2, name=Metformin, price=70, type=Tablet, category=Antidiabetic}, {id=64918fb6f72e301ef847fea3, name=Cetirizine, price=60, type=Tablet, category=Antihistamine}]
2023-07-04T15:20:55.165+05:30  INFO 4476 --- [http-nio-8090-exec-9] o.s.web.filter.OncePerRequestFilter      :  Header :  Bearer eyJhbGciOiJIUzUxMiJ9.eyJzdWIiOiJhZG1pbkBnbWFpbC5jb20iLCJpYXQiOjE2ODg0NDc3NjIsImV4cCI6MTY4ODQ2NTc2Mn0.ReOuE3fcgDKHxMkg1udO4l2Pj6u2qeAYWX0uXjgWQ1BVf6-yFT-pyfh59yAiy_rdEN2kDZovM-gUPbLeskZyRw
2023-07-04T15:20:55.175+05:30  INFO 4476 --- [http-nio-8090-exec-9] c.p.A.Impl.DrugCatalogueServiceImpl      : [{id=648011f1029f637a5d28a7a7, name=Aspirin, price=50, type=Tablet, category=Aspirin is used to reduce fever}, {id=6480141f029f637a5d28a7ad, name=Amoxicillin, price=100, type=Capsule, category=Amoxicillin is a penicillin antibiotic}, {id=6480143d029f637a5d28a7af, name=Atorvastatin, price=130, type=Tablet, category=Cholesterol-lowering agent}, {id=6480144d029f637a5d28a7b0, name=Ibuprofen, price=200, type=Tablet, category=Nonsteroidal anti-inflammatory drug (NSAID)}, {id=648584915683641112507aa4, name=Paracetamol, price=120, type=Tablet, category=Pain reliever}, {id=64918f86f72e301ef847fea1, name=Lisinopril, price=80, type=Tablet, category=Antihypertensive}, {id=64918fa1f72e301ef847fea2, name=Metformin, price=70, type=Tablet, category=Antidiabetic}, {id=64918fb6f72e301ef847fea3, name=Cetirizine, price=60, type=Tablet, category=Antihistamine}]
2023-07-04T15:22:03.171+05:30  INFO 4476 --- [http-nio-8090-exec-6] o.s.web.filter.OncePerRequestFilter      :  Header :  Bearer eyJhbGciOiJIUzUxMiJ9.eyJzdWIiOiJhZG1pbkBnbWFpbC5jb20iLCJpYXQiOjE2ODg0NDc3NjIsImV4cCI6MTY4ODQ2NTc2Mn0.ReOuE3fcgDKHxMkg1udO4l2Pj6u2qeAYWX0uXjgWQ1BVf6-yFT-pyfh59yAiy_rdEN2kDZovM-gUPbLeskZyRw
2023-07-04T15:22:03.184+05:30  INFO 4476 --- [http-nio-8090-exec-6] c.p.A.Impl.DrugCatalogueServiceImpl      : [{id=648011f1029f637a5d28a7a7, name=Aspirin, price=50, type=Tablet, category=Aspirin is used to reduce fever}, {id=6480141f029f637a5d28a7ad, name=Amoxicillin, price=100, type=Capsule, category=Amoxicillin is a penicillin antibiotic}, {id=6480143d029f637a5d28a7af, name=Atorvastatin, price=130, type=Tablet, category=Cholesterol-lowering agent}, {id=6480144d029f637a5d28a7b0, name=Ibuprofen, price=200, type=Tablet, category=Nonsteroidal anti-inflammatory drug (NSAID)}, {id=648584915683641112507aa4, name=Paracetamol, price=120, type=Tablet, category=Pain reliever}, {id=64918f86f72e301ef847fea1, name=Lisinopril, price=80, type=Tablet, category=Antihypertensive}, {id=64918fa1f72e301ef847fea2, name=Metformin, price=70, type=Tablet, category=Antidiabetic}, {id=64918fb6f72e301ef847fea3, name=Cetirizine, price=60, type=Tablet, category=Antihistamine}]
2023-07-04T15:22:35.139+05:30  INFO 4476 --- [http-nio-8090-exec-2] o.s.web.filter.OncePerRequestFilter      :  Header :  Bearer eyJhbGciOiJIUzUxMiJ9.eyJzdWIiOiJhZG1pbkBnbWFpbC5jb20iLCJpYXQiOjE2ODg0NDc3NjIsImV4cCI6MTY4ODQ2NTc2Mn0.ReOuE3fcgDKHxMkg1udO4l2Pj6u2qeAYWX0uXjgWQ1BVf6-yFT-pyfh59yAiy_rdEN2kDZovM-gUPbLeskZyRw
2023-07-04T15:22:35.168+05:30  INFO 4476 --- [http-nio-8090-exec-2] c.p.A.Impl.DrugCatalogueServiceImpl      : [{id=648011f1029f637a5d28a7a7, name=Aspirin, price=50, type=Tablet, category=Aspirin is used to reduce fever}, {id=6480141f029f637a5d28a7ad, name=Amoxicillin, price=100, type=Capsule, category=Amoxicillin is a penicillin antibiotic}, {id=6480143d029f637a5d28a7af, name=Atorvastatin, price=130, type=Tablet, category=Cholesterol-lowering agent}, {id=6480144d029f637a5d28a7b0, name=Ibuprofen, price=200, type=Tablet, category=Nonsteroidal anti-inflammatory drug (NSAID)}, {id=648584915683641112507aa4, name=Paracetamol, price=120, type=Tablet, category=Pain reliever}, {id=64918f86f72e301ef847fea1, name=Lisinopril, price=80, type=Tablet, category=Antihypertensive}, {id=64918fa1f72e301ef847fea2, name=Metformin, price=70, type=Tablet, category=Antidiabetic}, {id=64918fb6f72e301ef847fea3, name=Cetirizine, price=60, type=Tablet, category=Antihistamine}]
2023-07-04T15:24:31.439+05:30  INFO 4476 --- [AsyncResolver-bootstrap-executor-0] c.n.d.s.r.aws.ConfigClusterResolver      : Resolving eureka endpoints via configuration
2023-07-04T15:29:31.453+05:30  INFO 4476 --- [AsyncResolver-bootstrap-executor-0] c.n.d.s.r.aws.ConfigClusterResolver      : Resolving eureka endpoints via configuration
2023-07-04T15:30:11.169+05:30  INFO 4476 --- [http-nio-8090-exec-1] o.s.web.filter.OncePerRequestFilter      :  Header :  Bearer eyJhbGciOiJIUzUxMiJ9.eyJzdWIiOiJhZG1pbkBnbWFpbC5jb20iLCJpYXQiOjE2ODg0NDc3NjIsImV4cCI6MTY4ODQ2NTc2Mn0.ReOuE3fcgDKHxMkg1udO4l2Pj6u2qeAYWX0uXjgWQ1BVf6-yFT-pyfh59yAiy_rdEN2kDZovM-gUPbLeskZyRw
2023-07-04T15:30:11.183+05:30  INFO 4476 --- [http-nio-8090-exec-1] c.p.A.Impl.DrugCatalogueServiceImpl      : [{id=648011f1029f637a5d28a7a7, name=Aspirin, price=50, type=Tablet, category=Aspirin is used to reduce fever}, {id=6480141f029f637a5d28a7ad, name=Amoxicillin, price=100, type=Capsule, category=Amoxicillin is a penicillin antibiotic}, {id=6480143d029f637a5d28a7af, name=Atorvastatin, price=130, type=Tablet, category=Cholesterol-lowering agent}, {id=6480144d029f637a5d28a7b0, name=Ibuprofen, price=200, type=Tablet, category=Nonsteroidal anti-inflammatory drug (NSAID)}, {id=648584915683641112507aa4, name=Paracetamol, price=120, type=Tablet, category=Pain reliever}, {id=64918f86f72e301ef847fea1, name=Lisinopril, price=80, type=Tablet, category=Antihypertensive}, {id=64918fa1f72e301ef847fea2, name=Metformin, price=70, type=Tablet, category=Antidiabetic}, {id=64918fb6f72e301ef847fea3, name=Cetirizine, price=60, type=Tablet, category=Antihistamine}]
2023-07-04T15:31:26.169+05:30  INFO 4476 --- [http-nio-8090-exec-4] o.s.web.filter.OncePerRequestFilter      :  Header :  Bearer eyJhbGciOiJIUzUxMiJ9.eyJzdWIiOiJhZG1pbkBnbWFpbC5jb20iLCJpYXQiOjE2ODg0NDc3NjIsImV4cCI6MTY4ODQ2NTc2Mn0.ReOuE3fcgDKHxMkg1udO4l2Pj6u2qeAYWX0uXjgWQ1BVf6-yFT-pyfh59yAiy_rdEN2kDZovM-gUPbLeskZyRw
2023-07-04T15:31:26.182+05:30  INFO 4476 --- [http-nio-8090-exec-4] c.p.A.Impl.DrugCatalogueServiceImpl      : [{id=648011f1029f637a5d28a7a7, name=Aspirin, price=50, type=Tablet, category=Aspirin is used to reduce fever}, {id=6480141f029f637a5d28a7ad, name=Amoxicillin, price=100, type=Capsule, category=Amoxicillin is a penicillin antibiotic}, {id=6480143d029f637a5d28a7af, name=Atorvastatin, price=130, type=Tablet, category=Cholesterol-lowering agent}, {id=6480144d029f637a5d28a7b0, name=Ibuprofen, price=200, type=Tablet, category=Nonsteroidal anti-inflammatory drug (NSAID)}, {id=648584915683641112507aa4, name=Paracetamol, price=120, type=Tablet, category=Pain reliever}, {id=64918f86f72e301ef847fea1, name=Lisinopril, price=80, type=Tablet, category=Antihypertensive}, {id=64918fa1f72e301ef847fea2, name=Metformin, price=70, type=Tablet, category=Antidiabetic}, {id=64918fb6f72e301ef847fea3, name=Cetirizine, price=60, type=Tablet, category=Antihistamine}]
2023-07-04T15:31:37.168+05:30  INFO 4476 --- [http-nio-8090-exec-5] o.s.web.filter.OncePerRequestFilter      :  Header :  Bearer eyJhbGciOiJIUzUxMiJ9.eyJzdWIiOiJhZG1pbkBnbWFpbC5jb20iLCJpYXQiOjE2ODg0NDc3NjIsImV4cCI6MTY4ODQ2NTc2Mn0.ReOuE3fcgDKHxMkg1udO4l2Pj6u2qeAYWX0uXjgWQ1BVf6-yFT-pyfh59yAiy_rdEN2kDZovM-gUPbLeskZyRw
2023-07-04T15:31:37.183+05:30  INFO 4476 --- [http-nio-8090-exec-5] c.p.A.Impl.DrugCatalogueServiceImpl      : [{id=648011f1029f637a5d28a7a7, name=Aspirin, price=50, type=Tablet, category=Aspirin is used to reduce fever}, {id=6480141f029f637a5d28a7ad, name=Amoxicillin, price=100, type=Capsule, category=Amoxicillin is a penicillin antibiotic}, {id=6480143d029f637a5d28a7af, name=Atorvastatin, price=130, type=Tablet, category=Cholesterol-lowering agent}, {id=6480144d029f637a5d28a7b0, name=Ibuprofen, price=200, type=Tablet, category=Nonsteroidal anti-inflammatory drug (NSAID)}, {id=648584915683641112507aa4, name=Paracetamol, price=120, type=Tablet, category=Pain reliever}, {id=64918f86f72e301ef847fea1, name=Lisinopril, price=80, type=Tablet, category=Antihypertensive}, {id=64918fa1f72e301ef847fea2, name=Metformin, price=70, type=Tablet, category=Antidiabetic}, {id=64918fb6f72e301ef847fea3, name=Cetirizine, price=60, type=Tablet, category=Antihistamine}]
2023-07-04T15:33:03.794+05:30  INFO 4476 --- [http-nio-8090-exec-9] o.s.web.filter.OncePerRequestFilter      :  Header :  Bearer eyJhbGciOiJIUzUxMiJ9.eyJzdWIiOiJhZG1pbkBnbWFpbC5jb20iLCJpYXQiOjE2ODg0NDc3NjIsImV4cCI6MTY4ODQ2NTc2Mn0.ReOuE3fcgDKHxMkg1udO4l2Pj6u2qeAYWX0uXjgWQ1BVf6-yFT-pyfh59yAiy_rdEN2kDZovM-gUPbLeskZyRw
2023-07-04T15:33:03.815+05:30  INFO 4476 --- [http-nio-8090-exec-9] c.p.A.Impl.DrugCatalogueServiceImpl      : [{id=648011f1029f637a5d28a7a7, name=Aspirin, price=50, type=Tablet, category=Aspirin is used to reduce fever}, {id=6480141f029f637a5d28a7ad, name=Amoxicillin, price=100, type=Capsule, category=Amoxicillin is a penicillin antibiotic}, {id=6480143d029f637a5d28a7af, name=Atorvastatin, price=130, type=Tablet, category=Cholesterol-lowering agent}, {id=6480144d029f637a5d28a7b0, name=Ibuprofen, price=200, type=Tablet, category=Nonsteroidal anti-inflammatory drug (NSAID)}, {id=648584915683641112507aa4, name=Paracetamol, price=120, type=Tablet, category=Pain reliever}, {id=64918f86f72e301ef847fea1, name=Lisinopril, price=80, type=Tablet, category=Antihypertensive}, {id=64918fa1f72e301ef847fea2, name=Metformin, price=70, type=Tablet, category=Antidiabetic}, {id=64918fb6f72e301ef847fea3, name=Cetirizine, price=60, type=Tablet, category=Antihistamine}]
2023-07-04T15:33:29.167+05:30  INFO 4476 --- [http-nio-8090-exec-10] o.s.web.filter.OncePerRequestFilter      :  Header :  Bearer eyJhbGciOiJIUzUxMiJ9.eyJzdWIiOiJhZG1pbkBnbWFpbC5jb20iLCJpYXQiOjE2ODg0NDc3NjIsImV4cCI6MTY4ODQ2NTc2Mn0.ReOuE3fcgDKHxMkg1udO4l2Pj6u2qeAYWX0uXjgWQ1BVf6-yFT-pyfh59yAiy_rdEN2kDZovM-gUPbLeskZyRw
2023-07-04T15:33:29.180+05:30  INFO 4476 --- [http-nio-8090-exec-10] c.p.A.Impl.DrugCatalogueServiceImpl      : [{id=648011f1029f637a5d28a7a7, name=Aspirin, price=50, type=Tablet, category=Aspirin is used to reduce fever}, {id=6480141f029f637a5d28a7ad, name=Amoxicillin, price=100, type=Capsule, category=Amoxicillin is a penicillin antibiotic}, {id=6480143d029f637a5d28a7af, name=Atorvastatin, price=130, type=Tablet, category=Cholesterol-lowering agent}, {id=6480144d029f637a5d28a7b0, name=Ibuprofen, price=200, type=Tablet, category=Nonsteroidal anti-inflammatory drug (NSAID)}, {id=648584915683641112507aa4, name=Paracetamol, price=120, type=Tablet, category=Pain reliever}, {id=64918f86f72e301ef847fea1, name=Lisinopril, price=80, type=Tablet, category=Antihypertensive}, {id=64918fa1f72e301ef847fea2, name=Metformin, price=70, type=Tablet, category=Antidiabetic}, {id=64918fb6f72e301ef847fea3, name=Cetirizine, price=60, type=Tablet, category=Antihistamine}]
2023-07-04T15:33:43.966+05:30  INFO 4476 --- [http-nio-8090-exec-6] o.s.web.filter.OncePerRequestFilter      :  Header :  Bearer eyJhbGciOiJIUzUxMiJ9.eyJzdWIiOiJhZG1pbkBnbWFpbC5jb20iLCJpYXQiOjE2ODg0NDc3NjIsImV4cCI6MTY4ODQ2NTc2Mn0.ReOuE3fcgDKHxMkg1udO4l2Pj6u2qeAYWX0uXjgWQ1BVf6-yFT-pyfh59yAiy_rdEN2kDZovM-gUPbLeskZyRw
2023-07-04T15:33:43.984+05:30  INFO 4476 --- [http-nio-8090-exec-6] c.p.A.Impl.DrugCatalogueServiceImpl      : [{id=648011f1029f637a5d28a7a7, name=Aspirin, price=50, type=Tablet, category=Aspirin is used to reduce fever}, {id=6480141f029f637a5d28a7ad, name=Amoxicillin, price=100, type=Capsule, category=Amoxicillin is a penicillin antibiotic}, {id=6480143d029f637a5d28a7af, name=Atorvastatin, price=130, type=Tablet, category=Cholesterol-lowering agent}, {id=6480144d029f637a5d28a7b0, name=Ibuprofen, price=200, type=Tablet, category=Nonsteroidal anti-inflammatory drug (NSAID)}, {id=648584915683641112507aa4, name=Paracetamol, price=120, type=Tablet, category=Pain reliever}, {id=64918f86f72e301ef847fea1, name=Lisinopril, price=80, type=Tablet, category=Antihypertensive}, {id=64918fa1f72e301ef847fea2, name=Metformin, price=70, type=Tablet, category=Antidiabetic}, {id=64918fb6f72e301ef847fea3, name=Cetirizine, price=60, type=Tablet, category=Antihistamine}]
2023-07-04T15:34:31.457+05:30  INFO 4476 --- [AsyncResolver-bootstrap-executor-0] c.n.d.s.r.aws.ConfigClusterResolver      : Resolving eureka endpoints via configuration
2023-07-04T15:35:51.172+05:30  INFO 4476 --- [http-nio-8090-exec-7] o.s.web.filter.OncePerRequestFilter      :  Header :  Bearer eyJhbGciOiJIUzUxMiJ9.eyJzdWIiOiJhZG1pbkBnbWFpbC5jb20iLCJpYXQiOjE2ODg0NDc3NjIsImV4cCI6MTY4ODQ2NTc2Mn0.ReOuE3fcgDKHxMkg1udO4l2Pj6u2qeAYWX0uXjgWQ1BVf6-yFT-pyfh59yAiy_rdEN2kDZovM-gUPbLeskZyRw
2023-07-04T15:35:51.187+05:30  INFO 4476 --- [http-nio-8090-exec-7] c.p.A.Impl.DrugCatalogueServiceImpl      : [{id=648011f1029f637a5d28a7a7, name=Aspirin, price=50, type=Tablet, category=Aspirin is used to reduce fever}, {id=6480141f029f637a5d28a7ad, name=Amoxicillin, price=100, type=Capsule, category=Amoxicillin is a penicillin antibiotic}, {id=6480143d029f637a5d28a7af, name=Atorvastatin, price=130, type=Tablet, category=Cholesterol-lowering agent}, {id=6480144d029f637a5d28a7b0, name=Ibuprofen, price=200, type=Tablet, category=Nonsteroidal anti-inflammatory drug (NSAID)}, {id=648584915683641112507aa4, name=Paracetamol, price=120, type=Tablet, category=Pain reliever}, {id=64918f86f72e301ef847fea1, name=Lisinopril, price=80, type=Tablet, category=Antihypertensive}, {id=64918fa1f72e301ef847fea2, name=Metformin, price=70, type=Tablet, category=Antidiabetic}, {id=64918fb6f72e301ef847fea3, name=Cetirizine, price=60, type=Tablet, category=Antihistamine}]
2023-07-04T15:37:21.176+05:30  INFO 4476 --- [http-nio-8090-exec-3] o.s.web.filter.OncePerRequestFilter      :  Header :  Bearer eyJhbGciOiJIUzUxMiJ9.eyJzdWIiOiJhZG1pbkBnbWFpbC5jb20iLCJpYXQiOjE2ODg0NDc3NjIsImV4cCI6MTY4ODQ2NTc2Mn0.ReOuE3fcgDKHxMkg1udO4l2Pj6u2qeAYWX0uXjgWQ1BVf6-yFT-pyfh59yAiy_rdEN2kDZovM-gUPbLeskZyRw
2023-07-04T15:37:21.188+05:30  INFO 4476 --- [http-nio-8090-exec-3] c.p.A.Impl.DrugCatalogueServiceImpl      : [{id=648011f1029f637a5d28a7a7, name=Aspirin, price=50, type=Tablet, category=Aspirin is used to reduce fever}, {id=6480141f029f637a5d28a7ad, name=Amoxicillin, price=100, type=Capsule, category=Amoxicillin is a penicillin antibiotic}, {id=6480143d029f637a5d28a7af, name=Atorvastatin, price=130, type=Tablet, category=Cholesterol-lowering agent}, {id=6480144d029f637a5d28a7b0, name=Ibuprofen, price=200, type=Tablet, category=Nonsteroidal anti-inflammatory drug (NSAID)}, {id=648584915683641112507aa4, name=Paracetamol, price=120, type=Tablet, category=Pain reliever}, {id=64918f86f72e301ef847fea1, name=Lisinopril, price=80, type=Tablet, category=Antihypertensive}, {id=64918fa1f72e301ef847fea2, name=Metformin, price=70, type=Tablet, category=Antidiabetic}, {id=64918fb6f72e301ef847fea3, name=Cetirizine, price=60, type=Tablet, category=Antihistamine}]
2023-07-04T15:39:00.180+05:30  INFO 4476 --- [http-nio-8090-exec-5] o.s.web.filter.OncePerRequestFilter      :  Header :  Bearer eyJhbGciOiJIUzUxMiJ9.eyJzdWIiOiJhZG1pbkBnbWFpbC5jb20iLCJpYXQiOjE2ODg0NDc3NjIsImV4cCI6MTY4ODQ2NTc2Mn0.ReOuE3fcgDKHxMkg1udO4l2Pj6u2qeAYWX0uXjgWQ1BVf6-yFT-pyfh59yAiy_rdEN2kDZovM-gUPbLeskZyRw
2023-07-04T15:39:00.206+05:30  INFO 4476 --- [http-nio-8090-exec-5] c.p.A.Impl.DrugCatalogueServiceImpl      : [{id=648011f1029f637a5d28a7a7, name=Aspirin, price=50, type=Tablet, category=Aspirin is used to reduce fever}, {id=6480141f029f637a5d28a7ad, name=Amoxicillin, price=100, type=Capsule, category=Amoxicillin is a penicillin antibiotic}, {id=6480143d029f637a5d28a7af, name=Atorvastatin, price=130, type=Tablet, category=Cholesterol-lowering agent}, {id=6480144d029f637a5d28a7b0, name=Ibuprofen, price=200, type=Tablet, category=Nonsteroidal anti-inflammatory drug (NSAID)}, {id=648584915683641112507aa4, name=Paracetamol, price=120, type=Tablet, category=Pain reliever}, {id=64918f86f72e301ef847fea1, name=Lisinopril, price=80, type=Tablet, category=Antihypertensive}, {id=64918fa1f72e301ef847fea2, name=Metformin, price=70, type=Tablet, category=Antidiabetic}, {id=64918fb6f72e301ef847fea3, name=Cetirizine, price=60, type=Tablet, category=Antihistamine}]
2023-07-04T15:39:31.474+05:30  INFO 4476 --- [AsyncResolver-bootstrap-executor-0] c.n.d.s.r.aws.ConfigClusterResolver      : Resolving eureka endpoints via configuration
2023-07-04T15:40:51.046+05:30  INFO 4476 --- [http-nio-8090-exec-9] o.s.web.filter.OncePerRequestFilter      :  Header :  Bearer eyJhbGciOiJIUzUxMiJ9.eyJzdWIiOiJhZG1pbkBnbWFpbC5jb20iLCJpYXQiOjE2ODg0NDc3NjIsImV4cCI6MTY4ODQ2NTc2Mn0.ReOuE3fcgDKHxMkg1udO4l2Pj6u2qeAYWX0uXjgWQ1BVf6-yFT-pyfh59yAiy_rdEN2kDZovM-gUPbLeskZyRw
2023-07-04T15:40:51.074+05:30  INFO 4476 --- [http-nio-8090-exec-9] c.p.A.Impl.DrugCatalogueServiceImpl      : [{id=648011f1029f637a5d28a7a7, name=Aspirin, price=50, type=Tablet, category=Aspirin is used to reduce fever}, {id=6480141f029f637a5d28a7ad, name=Amoxicillin, price=100, type=Capsule, category=Amoxicillin is a penicillin antibiotic}, {id=6480143d029f637a5d28a7af, name=Atorvastatin, price=130, type=Tablet, category=Cholesterol-lowering agent}, {id=6480144d029f637a5d28a7b0, name=Ibuprofen, price=200, type=Tablet, category=Nonsteroidal anti-inflammatory drug (NSAID)}, {id=648584915683641112507aa4, name=Paracetamol, price=120, type=Tablet, category=Pain reliever}, {id=64918f86f72e301ef847fea1, name=Lisinopril, price=80, type=Tablet, category=Antihypertensive}, {id=64918fa1f72e301ef847fea2, name=Metformin, price=70, type=Tablet, category=Antidiabetic}, {id=64918fb6f72e301ef847fea3, name=Cetirizine, price=60, type=Tablet, category=Antihistamine}]
2023-07-04T15:41:49.175+05:30  INFO 4476 --- [http-nio-8090-exec-10] o.s.web.filter.OncePerRequestFilter      :  Header :  Bearer eyJhbGciOiJIUzUxMiJ9.eyJzdWIiOiJhZG1pbkBnbWFpbC5jb20iLCJpYXQiOjE2ODg0NDc3NjIsImV4cCI6MTY4ODQ2NTc2Mn0.ReOuE3fcgDKHxMkg1udO4l2Pj6u2qeAYWX0uXjgWQ1BVf6-yFT-pyfh59yAiy_rdEN2kDZovM-gUPbLeskZyRw
2023-07-04T15:41:49.190+05:30  INFO 4476 --- [http-nio-8090-exec-10] c.p.A.Impl.DrugCatalogueServiceImpl      : [{id=648011f1029f637a5d28a7a7, name=Aspirin, price=50, type=Tablet, category=Aspirin is used to reduce fever}, {id=6480141f029f637a5d28a7ad, name=Amoxicillin, price=100, type=Capsule, category=Amoxicillin is a penicillin antibiotic}, {id=6480143d029f637a5d28a7af, name=Atorvastatin, price=130, type=Tablet, category=Cholesterol-lowering agent}, {id=6480144d029f637a5d28a7b0, name=Ibuprofen, price=200, type=Tablet, category=Nonsteroidal anti-inflammatory drug (NSAID)}, {id=648584915683641112507aa4, name=Paracetamol, price=120, type=Tablet, category=Pain reliever}, {id=64918f86f72e301ef847fea1, name=Lisinopril, price=80, type=Tablet, category=Antihypertensive}, {id=64918fa1f72e301ef847fea2, name=Metformin, price=70, type=Tablet, category=Antidiabetic}, {id=64918fb6f72e301ef847fea3, name=Cetirizine, price=60, type=Tablet, category=Antihistamine}]
2023-07-04T15:42:42.172+05:30  INFO 4476 --- [http-nio-8090-exec-6] o.s.web.filter.OncePerRequestFilter      :  Header :  Bearer eyJhbGciOiJIUzUxMiJ9.eyJzdWIiOiJhZG1pbkBnbWFpbC5jb20iLCJpYXQiOjE2ODg0NDc3NjIsImV4cCI6MTY4ODQ2NTc2Mn0.ReOuE3fcgDKHxMkg1udO4l2Pj6u2qeAYWX0uXjgWQ1BVf6-yFT-pyfh59yAiy_rdEN2kDZovM-gUPbLeskZyRw
2023-07-04T15:42:42.189+05:30  INFO 4476 --- [http-nio-8090-exec-6] c.p.A.Impl.DrugCatalogueServiceImpl      : [{id=648011f1029f637a5d28a7a7, name=Aspirin, price=50, type=Tablet, category=Aspirin is used to reduce fever}, {id=6480141f029f637a5d28a7ad, name=Amoxicillin, price=100, type=Capsule, category=Amoxicillin is a penicillin antibiotic}, {id=6480143d029f637a5d28a7af, name=Atorvastatin, price=130, type=Tablet, category=Cholesterol-lowering agent}, {id=6480144d029f637a5d28a7b0, name=Ibuprofen, price=200, type=Tablet, category=Nonsteroidal anti-inflammatory drug (NSAID)}, {id=648584915683641112507aa4, name=Paracetamol, price=120, type=Tablet, category=Pain reliever}, {id=64918f86f72e301ef847fea1, name=Lisinopril, price=80, type=Tablet, category=Antihypertensive}, {id=64918fa1f72e301ef847fea2, name=Metformin, price=70, type=Tablet, category=Antidiabetic}, {id=64918fb6f72e301ef847fea3, name=Cetirizine, price=60, type=Tablet, category=Antihistamine}]
2023-07-04T15:44:31.484+05:30  INFO 4476 --- [AsyncResolver-bootstrap-executor-0] c.n.d.s.r.aws.ConfigClusterResolver      : Resolving eureka endpoints via configuration
2023-07-04T15:45:15.175+05:30  INFO 4476 --- [http-nio-8090-exec-7] o.s.web.filter.OncePerRequestFilter      :  Header :  Bearer eyJhbGciOiJIUzUxMiJ9.eyJzdWIiOiJhZG1pbkBnbWFpbC5jb20iLCJpYXQiOjE2ODg0NDc3NjIsImV4cCI6MTY4ODQ2NTc2Mn0.ReOuE3fcgDKHxMkg1udO4l2Pj6u2qeAYWX0uXjgWQ1BVf6-yFT-pyfh59yAiy_rdEN2kDZovM-gUPbLeskZyRw
2023-07-04T15:45:15.189+05:30  INFO 4476 --- [http-nio-8090-exec-7] c.p.A.Impl.DrugCatalogueServiceImpl      : [{id=648011f1029f637a5d28a7a7, name=Aspirin, price=50, type=Tablet, category=Aspirin is used to reduce fever}, {id=6480141f029f637a5d28a7ad, name=Amoxicillin, price=100, type=Capsule, category=Amoxicillin is a penicillin antibiotic}, {id=6480143d029f637a5d28a7af, name=Atorvastatin, price=130, type=Tablet, category=Cholesterol-lowering agent}, {id=6480144d029f637a5d28a7b0, name=Ibuprofen, price=200, type=Tablet, category=Nonsteroidal anti-inflammatory drug (NSAID)}, {id=648584915683641112507aa4, name=Paracetamol, price=120, type=Tablet, category=Pain reliever}, {id=64918f86f72e301ef847fea1, name=Lisinopril, price=80, type=Tablet, category=Antihypertensive}, {id=64918fa1f72e301ef847fea2, name=Metformin, price=70, type=Tablet, category=Antidiabetic}, {id=64918fb6f72e301ef847fea3, name=Cetirizine, price=60, type=Tablet, category=Antihistamine}]
2023-07-04T15:49:31.500+05:30  INFO 4476 --- [AsyncResolver-bootstrap-executor-0] c.n.d.s.r.aws.ConfigClusterResolver      : Resolving eureka endpoints via configuration
2023-07-04T15:54:31.513+05:30  INFO 4476 --- [AsyncResolver-bootstrap-executor-0] c.n.d.s.r.aws.ConfigClusterResolver      : Resolving eureka endpoints via configuration
2023-07-04T15:56:04.163+05:30  INFO 4476 --- [http-nio-8090-exec-3] o.s.web.filter.OncePerRequestFilter      :  Header :  Bearer eyJhbGciOiJIUzUxMiJ9.eyJzdWIiOiJhZG1pbkBnbWFpbC5jb20iLCJpYXQiOjE2ODg0NDc3NjIsImV4cCI6MTY4ODQ2NTc2Mn0.ReOuE3fcgDKHxMkg1udO4l2Pj6u2qeAYWX0uXjgWQ1BVf6-yFT-pyfh59yAiy_rdEN2kDZovM-gUPbLeskZyRw
2023-07-04T15:56:04.172+05:30  INFO 4476 --- [http-nio-8090-exec-3] o.s.web.filter.OncePerRequestFilter      : Given jwt token is expired !!
2023-07-04T15:56:59.171+05:30  INFO 4476 --- [http-nio-8090-exec-4] o.s.web.filter.OncePerRequestFilter      :  Header :  Bearer eyJhbGciOiJIUzUxMiJ9.eyJzdWIiOiJhZG1pbkBnbWFpbC5jb20iLCJpYXQiOjE2ODg0NDc3NjIsImV4cCI6MTY4ODQ2NTc2Mn0.ReOuE3fcgDKHxMkg1udO4l2Pj6u2qeAYWX0uXjgWQ1BVf6-yFT-pyfh59yAiy_rdEN2kDZovM-gUPbLeskZyRw
2023-07-04T15:56:59.173+05:30  INFO 4476 --- [http-nio-8090-exec-4] o.s.web.filter.OncePerRequestFilter      : Given jwt token is expired !!
2023-07-04T15:58:40.163+05:30  INFO 4476 --- [http-nio-8090-exec-8] o.s.web.filter.OncePerRequestFilter      :  Header :  Bearer eyJhbGciOiJIUzUxMiJ9.eyJzdWIiOiJhZG1pbkBnbWFpbC5jb20iLCJpYXQiOjE2ODg0NDc3NjIsImV4cCI6MTY4ODQ2NTc2Mn0.ReOuE3fcgDKHxMkg1udO4l2Pj6u2qeAYWX0uXjgWQ1BVf6-yFT-pyfh59yAiy_rdEN2kDZovM-gUPbLeskZyRw
2023-07-04T15:58:40.166+05:30  INFO 4476 --- [http-nio-8090-exec-8] o.s.web.filter.OncePerRequestFilter      : Given jwt token is expired !!
2023-07-04T15:59:03.058+05:30  INFO 4476 --- [http-nio-8090-exec-9] o.s.web.filter.OncePerRequestFilter      :  Header :  Bearer eyJhbGciOiJIUzUxMiJ9.eyJzdWIiOiJhZG1pbkBnbWFpbC5jb20iLCJpYXQiOjE2ODg0NDc3NjIsImV4cCI6MTY4ODQ2NTc2Mn0.ReOuE3fcgDKHxMkg1udO4l2Pj6u2qeAYWX0uXjgWQ1BVf6-yFT-pyfh59yAiy_rdEN2kDZovM-gUPbLeskZyRw
2023-07-04T15:59:03.059+05:30  INFO 4476 --- [http-nio-8090-exec-9] o.s.web.filter.OncePerRequestFilter      : Given jwt token is expired !!
2023-07-04T15:59:31.529+05:30  INFO 4476 --- [AsyncResolver-bootstrap-executor-0] c.n.d.s.r.aws.ConfigClusterResolver      : Resolving eureka endpoints via configuration
2023-07-04T15:59:35.582+05:30  INFO 4476 --- [http-nio-8090-exec-10] o.s.web.filter.OncePerRequestFilter      :  Header :  Bearer eyJhbGciOiJIUzUxMiJ9.eyJzdWIiOiJhZG1pbkBnbWFpbC5jb20iLCJpYXQiOjE2ODg0NDc3NjIsImV4cCI6MTY4ODQ2NTc2Mn0.ReOuE3fcgDKHxMkg1udO4l2Pj6u2qeAYWX0uXjgWQ1BVf6-yFT-pyfh59yAiy_rdEN2kDZovM-gUPbLeskZyRw
2023-07-04T15:59:35.584+05:30  INFO 4476 --- [http-nio-8090-exec-10] o.s.web.filter.OncePerRequestFilter      : Given jwt token is expired !!
2023-07-04T15:59:35.593+05:30  INFO 4476 --- [http-nio-8090-exec-6] o.s.web.filter.OncePerRequestFilter      :  Header :  Bearer eyJhbGciOiJIUzUxMiJ9.eyJzdWIiOiJhZG1pbkBnbWFpbC5jb20iLCJpYXQiOjE2ODg0NDc3NjIsImV4cCI6MTY4ODQ2NTc2Mn0.ReOuE3fcgDKHxMkg1udO4l2Pj6u2qeAYWX0uXjgWQ1BVf6-yFT-pyfh59yAiy_rdEN2kDZovM-gUPbLeskZyRw
2023-07-04T15:59:35.602+05:30  INFO 4476 --- [http-nio-8090-exec-6] o.s.web.filter.OncePerRequestFilter      : Given jwt token is expired !!
2023-07-04T15:59:35.621+05:30  INFO 4476 --- [http-nio-8090-exec-2] o.s.web.filter.OncePerRequestFilter      :  Header :  Bearer eyJhbGciOiJIUzUxMiJ9.eyJzdWIiOiJhZG1pbkBnbWFpbC5jb20iLCJpYXQiOjE2ODg0NDc3NjIsImV4cCI6MTY4ODQ2NTc2Mn0.ReOuE3fcgDKHxMkg1udO4l2Pj6u2qeAYWX0uXjgWQ1BVf6-yFT-pyfh59yAiy_rdEN2kDZovM-gUPbLeskZyRw
2023-07-04T15:59:35.623+05:30  INFO 4476 --- [http-nio-8090-exec-7] o.s.web.filter.OncePerRequestFilter      :  Header :  Bearer eyJhbGciOiJIUzUxMiJ9.eyJzdWIiOiJhZG1pbkBnbWFpbC5jb20iLCJpYXQiOjE2ODg0NDc3NjIsImV4cCI6MTY4ODQ2NTc2Mn0.ReOuE3fcgDKHxMkg1udO4l2Pj6u2qeAYWX0uXjgWQ1BVf6-yFT-pyfh59yAiy_rdEN2kDZovM-gUPbLeskZyRw
2023-07-04T15:59:35.624+05:30  INFO 4476 --- [http-nio-8090-exec-2] o.s.web.filter.OncePerRequestFilter      : Given jwt token is expired !!
2023-07-04T15:59:35.625+05:30  INFO 4476 --- [http-nio-8090-exec-1] o.s.web.filter.OncePerRequestFilter      :  Header :  Bearer eyJhbGciOiJIUzUxMiJ9.eyJzdWIiOiJhZG1pbkBnbWFpbC5jb20iLCJpYXQiOjE2ODg0NDc3NjIsImV4cCI6MTY4ODQ2NTc2Mn0.ReOuE3fcgDKHxMkg1udO4l2Pj6u2qeAYWX0uXjgWQ1BVf6-yFT-pyfh59yAiy_rdEN2kDZovM-gUPbLeskZyRw
2023-07-04T15:59:35.625+05:30  INFO 4476 --- [http-nio-8090-exec-4] o.s.web.filter.OncePerRequestFilter      :  Header :  Bearer eyJhbGciOiJIUzUxMiJ9.eyJzdWIiOiJhZG1pbkBnbWFpbC5jb20iLCJpYXQiOjE2ODg0NDc3NjIsImV4cCI6MTY4ODQ2NTc2Mn0.ReOuE3fcgDKHxMkg1udO4l2Pj6u2qeAYWX0uXjgWQ1BVf6-yFT-pyfh59yAiy_rdEN2kDZovM-gUPbLeskZyRw
2023-07-04T15:59:35.625+05:30  INFO 4476 --- [http-nio-8090-exec-3] o.s.web.filter.OncePerRequestFilter      :  Header :  Bearer eyJhbGciOiJIUzUxMiJ9.eyJzdWIiOiJhZG1pbkBnbWFpbC5jb20iLCJpYXQiOjE2ODg0NDc3NjIsImV4cCI6MTY4ODQ2NTc2Mn0.ReOuE3fcgDKHxMkg1udO4l2Pj6u2qeAYWX0uXjgWQ1BVf6-yFT-pyfh59yAiy_rdEN2kDZovM-gUPbLeskZyRw
2023-07-04T15:59:35.626+05:30  INFO 4476 --- [http-nio-8090-exec-7] o.s.web.filter.OncePerRequestFilter      : Given jwt token is expired !!
2023-07-04T15:59:35.627+05:30  INFO 4476 --- [http-nio-8090-exec-3] o.s.web.filter.OncePerRequestFilter      : Given jwt token is expired !!
2023-07-04T15:59:35.627+05:30  INFO 4476 --- [http-nio-8090-exec-4] o.s.web.filter.OncePerRequestFilter      : Given jwt token is expired !!
2023-07-04T15:59:35.628+05:30  INFO 4476 --- [http-nio-8090-exec-5] o.s.web.filter.OncePerRequestFilter      :  Header :  Bearer eyJhbGciOiJIUzUxMiJ9.eyJzdWIiOiJhZG1pbkBnbWFpbC5jb20iLCJpYXQiOjE2ODg0NDc3NjIsImV4cCI6MTY4ODQ2NTc2Mn0.ReOuE3fcgDKHxMkg1udO4l2Pj6u2qeAYWX0uXjgWQ1BVf6-yFT-pyfh59yAiy_rdEN2kDZovM-gUPbLeskZyRw
2023-07-04T15:59:35.628+05:30  INFO 4476 --- [http-nio-8090-exec-1] o.s.web.filter.OncePerRequestFilter      : Given jwt token is expired !!
2023-07-04T15:59:35.630+05:30  INFO 4476 --- [http-nio-8090-exec-5] o.s.web.filter.OncePerRequestFilter      : Given jwt token is expired !!
2023-07-04T15:59:35.633+05:30  INFO 4476 --- [http-nio-8090-exec-9] o.s.web.filter.OncePerRequestFilter      :  Header :  Bearer eyJhbGciOiJIUzUxMiJ9.eyJzdWIiOiJhZG1pbkBnbWFpbC5jb20iLCJpYXQiOjE2ODg0NDc3NjIsImV4cCI6MTY4ODQ2NTc2Mn0.ReOuE3fcgDKHxMkg1udO4l2Pj6u2qeAYWX0uXjgWQ1BVf6-yFT-pyfh59yAiy_rdEN2kDZovM-gUPbLeskZyRw
2023-07-04T15:59:35.633+05:30  INFO 4476 --- [http-nio-8090-exec-8] o.s.web.filter.OncePerRequestFilter      :  Header :  Bearer eyJhbGciOiJIUzUxMiJ9.eyJzdWIiOiJhZG1pbkBnbWFpbC5jb20iLCJpYXQiOjE2ODg0NDc3NjIsImV4cCI6MTY4ODQ2NTc2Mn0.ReOuE3fcgDKHxMkg1udO4l2Pj6u2qeAYWX0uXjgWQ1BVf6-yFT-pyfh59yAiy_rdEN2kDZovM-gUPbLeskZyRw
2023-07-04T15:59:35.634+05:30  INFO 4476 --- [http-nio-8090-exec-9] o.s.web.filter.OncePerRequestFilter      : Given jwt token is expired !!
2023-07-04T15:59:35.635+05:30  INFO 4476 --- [http-nio-8090-exec-8] o.s.web.filter.OncePerRequestFilter      : Given jwt token is expired !!
2023-07-04T15:59:35.641+05:30  INFO 4476 --- [http-nio-8090-exec-7] o.s.web.filter.OncePerRequestFilter      :  Header :  Bearer eyJhbGciOiJIUzUxMiJ9.eyJzdWIiOiJhZG1pbkBnbWFpbC5jb20iLCJpYXQiOjE2ODg0NDc3NjIsImV4cCI6MTY4ODQ2NTc2Mn0.ReOuE3fcgDKHxMkg1udO4l2Pj6u2qeAYWX0uXjgWQ1BVf6-yFT-pyfh59yAiy_rdEN2kDZovM-gUPbLeskZyRw
2023-07-04T15:59:35.642+05:30  INFO 4476 --- [http-nio-8090-exec-7] o.s.web.filter.OncePerRequestFilter      : Given jwt token is expired !!
2023-07-04T15:59:35.651+05:30  INFO 4476 --- [http-nio-8090-exec-6] o.s.web.filter.OncePerRequestFilter      :  Header :  Bearer eyJhbGciOiJIUzUxMiJ9.eyJzdWIiOiJhZG1pbkBnbWFpbC5jb20iLCJpYXQiOjE2ODg0NDc3NjIsImV4cCI6MTY4ODQ2NTc2Mn0.ReOuE3fcgDKHxMkg1udO4l2Pj6u2qeAYWX0uXjgWQ1BVf6-yFT-pyfh59yAiy_rdEN2kDZovM-gUPbLeskZyRw
2023-07-04T15:59:35.653+05:30  INFO 4476 --- [http-nio-8090-exec-6] o.s.web.filter.OncePerRequestFilter      : Given jwt token is expired !!
2023-07-04T15:59:57.577+05:30  INFO 4476 --- [http-nio-8090-exec-2] o.s.web.filter.OncePerRequestFilter      :  Header :  null
2023-07-04T15:59:57.577+05:30  INFO 4476 --- [http-nio-8090-exec-2] o.s.web.filter.OncePerRequestFilter      : Invalid Header Value !! 
2023-07-04T15:59:57.671+05:30  INFO 4476 --- [http-nio-8090-exec-4] o.s.web.filter.OncePerRequestFilter      :  Header :  Bearer eyJhbGciOiJIUzUxMiJ9.eyJzdWIiOiJhZG1pbkBnbWFpbC5jb20iLCJpYXQiOjE2ODg0NjY1OTcsImV4cCI6MTY4ODQ4NDU5N30.LhHVE3BNYgjkFFSC7Zjvj-5L_eVcvbvUExJWJ0agzCb_wxmp-TolSqHsn43ttmGeiSwnG6pwJ9CJ3n72SXrl3A
2023-07-04T15:59:57.713+05:30  INFO 4476 --- [http-nio-8090-exec-3] o.s.web.filter.OncePerRequestFilter      :  Header :  Bearer eyJhbGciOiJIUzUxMiJ9.eyJzdWIiOiJhZG1pbkBnbWFpbC5jb20iLCJpYXQiOjE2ODg0NjY1OTcsImV4cCI6MTY4ODQ4NDU5N30.LhHVE3BNYgjkFFSC7Zjvj-5L_eVcvbvUExJWJ0agzCb_wxmp-TolSqHsn43ttmGeiSwnG6pwJ9CJ3n72SXrl3A
2023-07-04T15:59:57.731+05:30  INFO 4476 --- [http-nio-8090-exec-1] o.s.web.filter.OncePerRequestFilter      :  Header :  Bearer eyJhbGciOiJIUzUxMiJ9.eyJzdWIiOiJhZG1pbkBnbWFpbC5jb20iLCJpYXQiOjE2ODg0NjY1OTcsImV4cCI6MTY4ODQ4NDU5N30.LhHVE3BNYgjkFFSC7Zjvj-5L_eVcvbvUExJWJ0agzCb_wxmp-TolSqHsn43ttmGeiSwnG6pwJ9CJ3n72SXrl3A
2023-07-04T15:59:57.731+05:30  INFO 4476 --- [http-nio-8090-exec-9] o.s.web.filter.OncePerRequestFilter      :  Header :  Bearer eyJhbGciOiJIUzUxMiJ9.eyJzdWIiOiJhZG1pbkBnbWFpbC5jb20iLCJpYXQiOjE2ODg0NjY1OTcsImV4cCI6MTY4ODQ4NDU5N30.LhHVE3BNYgjkFFSC7Zjvj-5L_eVcvbvUExJWJ0agzCb_wxmp-TolSqHsn43ttmGeiSwnG6pwJ9CJ3n72SXrl3A
2023-07-04T15:59:57.731+05:30  INFO 4476 --- [http-nio-8090-exec-5] o.s.web.filter.OncePerRequestFilter      :  Header :  Bearer eyJhbGciOiJIUzUxMiJ9.eyJzdWIiOiJhZG1pbkBnbWFpbC5jb20iLCJpYXQiOjE2ODg0NjY1OTcsImV4cCI6MTY4ODQ4NDU5N30.LhHVE3BNYgjkFFSC7Zjvj-5L_eVcvbvUExJWJ0agzCb_wxmp-TolSqHsn43ttmGeiSwnG6pwJ9CJ3n72SXrl3A
2023-07-04T15:59:57.731+05:30  INFO 4476 --- [http-nio-8090-exec-8] o.s.web.filter.OncePerRequestFilter      :  Header :  Bearer eyJhbGciOiJIUzUxMiJ9.eyJzdWIiOiJhZG1pbkBnbWFpbC5jb20iLCJpYXQiOjE2ODg0NjY1OTcsImV4cCI6MTY4ODQ4NDU5N30.LhHVE3BNYgjkFFSC7Zjvj-5L_eVcvbvUExJWJ0agzCb_wxmp-TolSqHsn43ttmGeiSwnG6pwJ9CJ3n72SXrl3A
2023-07-04T15:59:57.733+05:30  INFO 4476 --- [http-nio-8090-exec-10] o.s.web.filter.OncePerRequestFilter      :  Header :  Bearer eyJhbGciOiJIUzUxMiJ9.eyJzdWIiOiJhZG1pbkBnbWFpbC5jb20iLCJpYXQiOjE2ODg0NjY1OTcsImV4cCI6MTY4ODQ4NDU5N30.LhHVE3BNYgjkFFSC7Zjvj-5L_eVcvbvUExJWJ0agzCb_wxmp-TolSqHsn43ttmGeiSwnG6pwJ9CJ3n72SXrl3A
2023-07-04T15:59:57.733+05:30  INFO 4476 --- [http-nio-8090-exec-7] o.s.web.filter.OncePerRequestFilter      :  Header :  Bearer eyJhbGciOiJIUzUxMiJ9.eyJzdWIiOiJhZG1pbkBnbWFpbC5jb20iLCJpYXQiOjE2ODg0NjY1OTcsImV4cCI6MTY4ODQ4NDU5N30.LhHVE3BNYgjkFFSC7Zjvj-5L_eVcvbvUExJWJ0agzCb_wxmp-TolSqHsn43ttmGeiSwnG6pwJ9CJ3n72SXrl3A
2023-07-04T15:59:57.750+05:30  INFO 4476 --- [http-nio-8090-exec-9] c.p.A.Impl.DrugCatalogueServiceImpl      : [{id=648011f1029f637a5d28a7a7, name=Aspirin, price=50, type=Tablet, category=Aspirin is used to reduce fever}, {id=6480141f029f637a5d28a7ad, name=Amoxicillin, price=100, type=Capsule, category=Amoxicillin is a penicillin antibiotic}, {id=6480143d029f637a5d28a7af, name=Atorvastatin, price=130, type=Tablet, category=Cholesterol-lowering agent}, {id=6480144d029f637a5d28a7b0, name=Ibuprofen, price=200, type=Tablet, category=Nonsteroidal anti-inflammatory drug (NSAID)}, {id=648584915683641112507aa4, name=Paracetamol, price=120, type=Tablet, category=Pain reliever}, {id=64918f86f72e301ef847fea1, name=Lisinopril, price=80, type=Tablet, category=Antihypertensive}, {id=64918fa1f72e301ef847fea2, name=Metformin, price=70, type=Tablet, category=Antidiabetic}, {id=64918fb6f72e301ef847fea3, name=Cetirizine, price=60, type=Tablet, category=Antihistamine}]
2023-07-04T15:59:57.767+05:30  INFO 4476 --- [http-nio-8090-exec-7] o.s.web.filter.OncePerRequestFilter      :  Header :  Bearer eyJhbGciOiJIUzUxMiJ9.eyJzdWIiOiJhZG1pbkBnbWFpbC5jb20iLCJpYXQiOjE2ODg0NjY1OTcsImV4cCI6MTY4ODQ4NDU5N30.LhHVE3BNYgjkFFSC7Zjvj-5L_eVcvbvUExJWJ0agzCb_wxmp-TolSqHsn43ttmGeiSwnG6pwJ9CJ3n72SXrl3A
2023-07-04T15:59:57.767+05:30  INFO 4476 --- [http-nio-8090-exec-6] o.s.web.filter.OncePerRequestFilter      :  Header :  Bearer eyJhbGciOiJIUzUxMiJ9.eyJzdWIiOiJhZG1pbkBnbWFpbC5jb20iLCJpYXQiOjE2ODg0NjY1OTcsImV4cCI6MTY4ODQ4NDU5N30.LhHVE3BNYgjkFFSC7Zjvj-5L_eVcvbvUExJWJ0agzCb_wxmp-TolSqHsn43ttmGeiSwnG6pwJ9CJ3n72SXrl3A
2023-07-04T15:59:57.770+05:30  INFO 4476 --- [http-nio-8090-exec-2] o.s.web.filter.OncePerRequestFilter      :  Header :  Bearer eyJhbGciOiJIUzUxMiJ9.eyJzdWIiOiJhZG1pbkBnbWFpbC5jb20iLCJpYXQiOjE2ODg0NjY1OTcsImV4cCI6MTY4ODQ4NDU5N30.LhHVE3BNYgjkFFSC7Zjvj-5L_eVcvbvUExJWJ0agzCb_wxmp-TolSqHsn43ttmGeiSwnG6pwJ9CJ3n72SXrl3A
2023-07-04T15:59:57.772+05:30  INFO 4476 --- [http-nio-8090-exec-4] o.s.web.filter.OncePerRequestFilter      :  Header :  Bearer eyJhbGciOiJIUzUxMiJ9.eyJzdWIiOiJhZG1pbkBnbWFpbC5jb20iLCJpYXQiOjE2ODg0NjY1OTcsImV4cCI6MTY4ODQ4NDU5N30.LhHVE3BNYgjkFFSC7Zjvj-5L_eVcvbvUExJWJ0agzCb_wxmp-TolSqHsn43ttmGeiSwnG6pwJ9CJ3n72SXrl3A
2023-07-04T15:59:57.793+05:30  INFO 4476 --- [http-nio-8090-exec-5] o.s.web.filter.OncePerRequestFilter      :  Header :  Bearer eyJhbGciOiJIUzUxMiJ9.eyJzdWIiOiJhZG1pbkBnbWFpbC5jb20iLCJpYXQiOjE2ODg0NjY1OTcsImV4cCI6MTY4ODQ4NDU5N30.LhHVE3BNYgjkFFSC7Zjvj-5L_eVcvbvUExJWJ0agzCb_wxmp-TolSqHsn43ttmGeiSwnG6pwJ9CJ3n72SXrl3A
2023-07-04T15:59:57.793+05:30  INFO 4476 --- [http-nio-8090-exec-9] o.s.web.filter.OncePerRequestFilter      :  Header :  Bearer eyJhbGciOiJIUzUxMiJ9.eyJzdWIiOiJhZG1pbkBnbWFpbC5jb20iLCJpYXQiOjE2ODg0NjY1OTcsImV4cCI6MTY4ODQ4NDU5N30.LhHVE3BNYgjkFFSC7Zjvj-5L_eVcvbvUExJWJ0agzCb_wxmp-TolSqHsn43ttmGeiSwnG6pwJ9CJ3n72SXrl3A
2023-07-04T15:59:57.804+05:30  INFO 4476 --- [http-nio-8090-exec-8] o.s.web.filter.OncePerRequestFilter      :  Header :  Bearer eyJhbGciOiJIUzUxMiJ9.eyJzdWIiOiJhZG1pbkBnbWFpbC5jb20iLCJpYXQiOjE2ODg0NjY1OTcsImV4cCI6MTY4ODQ4NDU5N30.LhHVE3BNYgjkFFSC7Zjvj-5L_eVcvbvUExJWJ0agzCb_wxmp-TolSqHsn43ttmGeiSwnG6pwJ9CJ3n72SXrl3A
2023-07-04T15:59:57.811+05:30  INFO 4476 --- [http-nio-8090-exec-6] c.p.A.Impl.DrugCatalogueServiceImpl      : [{id=648011f1029f637a5d28a7a7, name=Aspirin, price=50, type=Tablet, category=Aspirin is used to reduce fever}, {id=6480141f029f637a5d28a7ad, name=Amoxicillin, price=100, type=Capsule, category=Amoxicillin is a penicillin antibiotic}, {id=6480143d029f637a5d28a7af, name=Atorvastatin, price=130, type=Tablet, category=Cholesterol-lowering agent}, {id=6480144d029f637a5d28a7b0, name=Ibuprofen, price=200, type=Tablet, category=Nonsteroidal anti-inflammatory drug (NSAID)}, {id=648584915683641112507aa4, name=Paracetamol, price=120, type=Tablet, category=Pain reliever}, {id=64918f86f72e301ef847fea1, name=Lisinopril, price=80, type=Tablet, category=Antihypertensive}, {id=64918fa1f72e301ef847fea2, name=Metformin, price=70, type=Tablet, category=Antidiabetic}, {id=64918fb6f72e301ef847fea3, name=Cetirizine, price=60, type=Tablet, category=Antihistamine}]
2023-07-04T16:00:02.952+05:30  INFO 4476 --- [http-nio-8090-exec-3] o.s.web.filter.OncePerRequestFilter      :  Header :  Bearer eyJhbGciOiJIUzUxMiJ9.eyJzdWIiOiJhZG1pbkBnbWFpbC5jb20iLCJpYXQiOjE2ODg0NjY1OTcsImV4cCI6MTY4ODQ4NDU5N30.LhHVE3BNYgjkFFSC7Zjvj-5L_eVcvbvUExJWJ0agzCb_wxmp-TolSqHsn43ttmGeiSwnG6pwJ9CJ3n72SXrl3A
2023-07-04T16:00:02.966+05:30  INFO 4476 --- [http-nio-8090-exec-3] c.p.A.Impl.DrugCatalogueServiceImpl      : [{id=648011f1029f637a5d28a7a7, name=Aspirin, price=50, type=Tablet, category=Aspirin is used to reduce fever}, {id=6480141f029f637a5d28a7ad, name=Amoxicillin, price=100, type=Capsule, category=Amoxicillin is a penicillin antibiotic}, {id=6480143d029f637a5d28a7af, name=Atorvastatin, price=130, type=Tablet, category=Cholesterol-lowering agent}, {id=6480144d029f637a5d28a7b0, name=Ibuprofen, price=200, type=Tablet, category=Nonsteroidal anti-inflammatory drug (NSAID)}, {id=648584915683641112507aa4, name=Paracetamol, price=120, type=Tablet, category=Pain reliever}, {id=64918f86f72e301ef847fea1, name=Lisinopril, price=80, type=Tablet, category=Antihypertensive}, {id=64918fa1f72e301ef847fea2, name=Metformin, price=70, type=Tablet, category=Antidiabetic}, {id=64918fb6f72e301ef847fea3, name=Cetirizine, price=60, type=Tablet, category=Antihistamine}]
2023-07-04T16:00:02.976+05:30  INFO 4476 --- [http-nio-8090-exec-4] o.s.web.filter.OncePerRequestFilter      :  Header :  Bearer eyJhbGciOiJIUzUxMiJ9.eyJzdWIiOiJhZG1pbkBnbWFpbC5jb20iLCJpYXQiOjE2ODg0NjY1OTcsImV4cCI6MTY4ODQ4NDU5N30.LhHVE3BNYgjkFFSC7Zjvj-5L_eVcvbvUExJWJ0agzCb_wxmp-TolSqHsn43ttmGeiSwnG6pwJ9CJ3n72SXrl3A
2023-07-04T16:00:02.988+05:30  INFO 4476 --- [http-nio-8090-exec-4] c.p.A.Impl.DrugCatalogueServiceImpl      : [{id=648011f1029f637a5d28a7a7, name=Aspirin, price=50, type=Tablet, category=Aspirin is used to reduce fever}, {id=6480141f029f637a5d28a7ad, name=Amoxicillin, price=100, type=Capsule, category=Amoxicillin is a penicillin antibiotic}, {id=6480143d029f637a5d28a7af, name=Atorvastatin, price=130, type=Tablet, category=Cholesterol-lowering agent}, {id=6480144d029f637a5d28a7b0, name=Ibuprofen, price=200, type=Tablet, category=Nonsteroidal anti-inflammatory drug (NSAID)}, {id=648584915683641112507aa4, name=Paracetamol, price=120, type=Tablet, category=Pain reliever}, {id=64918f86f72e301ef847fea1, name=Lisinopril, price=80, type=Tablet, category=Antihypertensive}, {id=64918fa1f72e301ef847fea2, name=Metformin, price=70, type=Tablet, category=Antidiabetic}, {id=64918fb6f72e301ef847fea3, name=Cetirizine, price=60, type=Tablet, category=Antihistamine}]
2023-07-04T16:00:32.139+05:30  INFO 4476 --- [http-nio-8090-exec-1] o.s.web.filter.OncePerRequestFilter      :  Header :  Bearer eyJhbGciOiJIUzUxMiJ9.eyJzdWIiOiJhZG1pbkBnbWFpbC5jb20iLCJpYXQiOjE2ODg0NjY1OTcsImV4cCI6MTY4ODQ4NDU5N30.LhHVE3BNYgjkFFSC7Zjvj-5L_eVcvbvUExJWJ0agzCb_wxmp-TolSqHsn43ttmGeiSwnG6pwJ9CJ3n72SXrl3A
2023-07-04T16:00:32.303+05:30  INFO 4476 --- [http-nio-8090-exec-7] o.s.web.filter.OncePerRequestFilter      :  Header :  Bearer eyJhbGciOiJIUzUxMiJ9.eyJzdWIiOiJhZG1pbkBnbWFpbC5jb20iLCJpYXQiOjE2ODg0NjY1OTcsImV4cCI6MTY4ODQ4NDU5N30.LhHVE3BNYgjkFFSC7Zjvj-5L_eVcvbvUExJWJ0agzCb_wxmp-TolSqHsn43ttmGeiSwnG6pwJ9CJ3n72SXrl3A
2023-07-04T16:00:32.311+05:30  INFO 4476 --- [http-nio-8090-exec-7] c.p.A.Impl.DrugCatalogueServiceImpl      : [{id=648011f1029f637a5d28a7a7, name=Aspirin, price=50, type=Tablet, category=Aspirin is used to reduce fever}, {id=6480141f029f637a5d28a7ad, name=Amoxicillin, price=100, type=Capsule, category=Amoxicillin is a penicillin antibiotic}, {id=6480143d029f637a5d28a7af, name=Atorvastatin, price=130, type=Tablet, category=Cholesterol-lowering agent}, {id=6480144d029f637a5d28a7b0, name=Ibuprofen, price=200, type=Tablet, category=Nonsteroidal anti-inflammatory drug (NSAID)}, {id=648584915683641112507aa4, name=Paracetamol, price=120, type=Tablet, category=Pain reliever}, {id=64918f86f72e301ef847fea1, name=Lisinopril, price=80, type=Tablet, category=Antihypertensive}, {id=64918fa1f72e301ef847fea2, name=Metformin, price=70, type=Tablet, category=Antidiabetic}, {id=64918fb6f72e301ef847fea3, name=Cetirizine, price=60, type=Tablet, category=Antihistamine}, {id=64a3f4c89b58547921467e87, name=demo, price=1000, type=demo, category=demo}]
2023-07-04T16:01:59.171+05:30  INFO 4476 --- [http-nio-8090-exec-3] o.s.web.filter.OncePerRequestFilter      :  Header :  Bearer eyJhbGciOiJIUzUxMiJ9.eyJzdWIiOiJhZG1pbkBnbWFpbC5jb20iLCJpYXQiOjE2ODg0NjY1OTcsImV4cCI6MTY4ODQ4NDU5N30.LhHVE3BNYgjkFFSC7Zjvj-5L_eVcvbvUExJWJ0agzCb_wxmp-TolSqHsn43ttmGeiSwnG6pwJ9CJ3n72SXrl3A
2023-07-04T16:01:59.182+05:30  INFO 4476 --- [http-nio-8090-exec-3] c.p.A.Impl.DrugCatalogueServiceImpl      : [{id=648011f1029f637a5d28a7a7, name=Aspirin, price=50, type=Tablet, category=Aspirin is used to reduce fever}, {id=6480141f029f637a5d28a7ad, name=Amoxicillin, price=100, type=Capsule, category=Amoxicillin is a penicillin antibiotic}, {id=6480143d029f637a5d28a7af, name=Atorvastatin, price=130, type=Tablet, category=Cholesterol-lowering agent}, {id=6480144d029f637a5d28a7b0, name=Ibuprofen, price=200, type=Tablet, category=Nonsteroidal anti-inflammatory drug (NSAID)}, {id=648584915683641112507aa4, name=Paracetamol, price=120, type=Tablet, category=Pain reliever}, {id=64918f86f72e301ef847fea1, name=Lisinopril, price=80, type=Tablet, category=Antihypertensive}, {id=64918fa1f72e301ef847fea2, name=Metformin, price=70, type=Tablet, category=Antidiabetic}, {id=64918fb6f72e301ef847fea3, name=Cetirizine, price=60, type=Tablet, category=Antihistamine}, {id=64a3f4c89b58547921467e87, name=demo, price=1000, type=demo, category=demo}]
2023-07-04T16:04:31.544+05:30  INFO 4476 --- [AsyncResolver-bootstrap-executor-0] c.n.d.s.r.aws.ConfigClusterResolver      : Resolving eureka endpoints via configuration
2023-07-04T16:09:31.557+05:30  INFO 4476 --- [AsyncResolver-bootstrap-executor-0] c.n.d.s.r.aws.ConfigClusterResolver      : Resolving eureka endpoints via configuration
2023-07-04T16:13:14.162+05:30  INFO 4476 --- [http-nio-8090-exec-1] o.s.web.filter.OncePerRequestFilter      :  Header :  Bearer eyJhbGciOiJIUzUxMiJ9.eyJzdWIiOiJhZG1pbkBnbWFpbC5jb20iLCJpYXQiOjE2ODg0NjY1OTcsImV4cCI6MTY4ODQ4NDU5N30.LhHVE3BNYgjkFFSC7Zjvj-5L_eVcvbvUExJWJ0agzCb_wxmp-TolSqHsn43ttmGeiSwnG6pwJ9CJ3n72SXrl3A
2023-07-04T16:13:14.187+05:30  INFO 4476 --- [http-nio-8090-exec-1] c.p.A.Impl.DrugCatalogueServiceImpl      : [{id=648011f1029f637a5d28a7a7, name=Aspirin, price=50, type=Tablet, category=Aspirin is used to reduce fever}, {id=6480141f029f637a5d28a7ad, name=Amoxicillin, price=100, type=Capsule, category=Amoxicillin is a penicillin antibiotic}, {id=6480143d029f637a5d28a7af, name=Atorvastatin, price=130, type=Tablet, category=Cholesterol-lowering agent}, {id=6480144d029f637a5d28a7b0, name=Ibuprofen, price=200, type=Tablet, category=Nonsteroidal anti-inflammatory drug (NSAID)}, {id=648584915683641112507aa4, name=Paracetamol, price=120, type=Tablet, category=Pain reliever}, {id=64918f86f72e301ef847fea1, name=Lisinopril, price=80, type=Tablet, category=Antihypertensive}, {id=64918fa1f72e301ef847fea2, name=Metformin, price=70, type=Tablet, category=Antidiabetic}, {id=64918fb6f72e301ef847fea3, name=Cetirizine, price=60, type=Tablet, category=Antihistamine}, {id=64a3f4c89b58547921467e87, name=demo, price=1000, type=demo, category=demo}]
2023-07-04T16:14:16.169+05:30  INFO 4476 --- [http-nio-8090-exec-2] o.s.web.filter.OncePerRequestFilter      :  Header :  Bearer eyJhbGciOiJIUzUxMiJ9.eyJzdWIiOiJhZG1pbkBnbWFpbC5jb20iLCJpYXQiOjE2ODg0NjY1OTcsImV4cCI6MTY4ODQ4NDU5N30.LhHVE3BNYgjkFFSC7Zjvj-5L_eVcvbvUExJWJ0agzCb_wxmp-TolSqHsn43ttmGeiSwnG6pwJ9CJ3n72SXrl3A
2023-07-04T16:14:16.182+05:30  INFO 4476 --- [http-nio-8090-exec-2] c.p.A.Impl.DrugCatalogueServiceImpl      : [{id=648011f1029f637a5d28a7a7, name=Aspirin, price=50, type=Tablet, category=Aspirin is used to reduce fever}, {id=6480141f029f637a5d28a7ad, name=Amoxicillin, price=100, type=Capsule, category=Amoxicillin is a penicillin antibiotic}, {id=6480143d029f637a5d28a7af, name=Atorvastatin, price=130, type=Tablet, category=Cholesterol-lowering agent}, {id=6480144d029f637a5d28a7b0, name=Ibuprofen, price=200, type=Tablet, category=Nonsteroidal anti-inflammatory drug (NSAID)}, {id=648584915683641112507aa4, name=Paracetamol, price=120, type=Tablet, category=Pain reliever}, {id=64918f86f72e301ef847fea1, name=Lisinopril, price=80, type=Tablet, category=Antihypertensive}, {id=64918fa1f72e301ef847fea2, name=Metformin, price=70, type=Tablet, category=Antidiabetic}, {id=64918fb6f72e301ef847fea3, name=Cetirizine, price=60, type=Tablet, category=Antihistamine}, {id=64a3f4c89b58547921467e87, name=demo, price=1000, type=demo, category=demo}]
2023-07-04T16:14:31.571+05:30  INFO 4476 --- [AsyncResolver-bootstrap-executor-0] c.n.d.s.r.aws.ConfigClusterResolver      : Resolving eureka endpoints via configuration
2023-07-04T16:15:19.163+05:30  INFO 4476 --- [http-nio-8090-exec-5] o.s.web.filter.OncePerRequestFilter      :  Header :  Bearer eyJhbGciOiJIUzUxMiJ9.eyJzdWIiOiJhZG1pbkBnbWFpbC5jb20iLCJpYXQiOjE2ODg0NjY1OTcsImV4cCI6MTY4ODQ4NDU5N30.LhHVE3BNYgjkFFSC7Zjvj-5L_eVcvbvUExJWJ0agzCb_wxmp-TolSqHsn43ttmGeiSwnG6pwJ9CJ3n72SXrl3A
2023-07-04T16:15:19.176+05:30  INFO 4476 --- [http-nio-8090-exec-5] c.p.A.Impl.DrugCatalogueServiceImpl      : [{id=648011f1029f637a5d28a7a7, name=Aspirin, price=50, type=Tablet, category=Aspirin is used to reduce fever}, {id=6480141f029f637a5d28a7ad, name=Amoxicillin, price=100, type=Capsule, category=Amoxicillin is a penicillin antibiotic}, {id=6480143d029f637a5d28a7af, name=Atorvastatin, price=130, type=Tablet, category=Cholesterol-lowering agent}, {id=6480144d029f637a5d28a7b0, name=Ibuprofen, price=200, type=Tablet, category=Nonsteroidal anti-inflammatory drug (NSAID)}, {id=648584915683641112507aa4, name=Paracetamol, price=120, type=Tablet, category=Pain reliever}, {id=64918f86f72e301ef847fea1, name=Lisinopril, price=80, type=Tablet, category=Antihypertensive}, {id=64918fa1f72e301ef847fea2, name=Metformin, price=70, type=Tablet, category=Antidiabetic}, {id=64918fb6f72e301ef847fea3, name=Cetirizine, price=60, type=Tablet, category=Antihistamine}, {id=64a3f4c89b58547921467e87, name=demo, price=1000, type=demo, category=demo}]
2023-07-04T16:15:27.261+05:30  INFO 4476 --- [http-nio-8090-exec-9] o.s.web.filter.OncePerRequestFilter      :  Header :  Bearer eyJhbGciOiJIUzUxMiJ9.eyJzdWIiOiJhZG1pbkBnbWFpbC5jb20iLCJpYXQiOjE2ODg0NjY1OTcsImV4cCI6MTY4ODQ4NDU5N30.LhHVE3BNYgjkFFSC7Zjvj-5L_eVcvbvUExJWJ0agzCb_wxmp-TolSqHsn43ttmGeiSwnG6pwJ9CJ3n72SXrl3A
2023-07-04T16:15:27.323+05:30  INFO 4476 --- [http-nio-8090-exec-6] o.s.web.filter.OncePerRequestFilter      :  Header :  Bearer eyJhbGciOiJIUzUxMiJ9.eyJzdWIiOiJhZG1pbkBnbWFpbC5jb20iLCJpYXQiOjE2ODg0NjY1OTcsImV4cCI6MTY4ODQ4NDU5N30.LhHVE3BNYgjkFFSC7Zjvj-5L_eVcvbvUExJWJ0agzCb_wxmp-TolSqHsn43ttmGeiSwnG6pwJ9CJ3n72SXrl3A
2023-07-04T16:15:27.332+05:30  INFO 4476 --- [http-nio-8090-exec-6] c.p.A.Impl.DrugCatalogueServiceImpl      : [{id=648011f1029f637a5d28a7a7, name=Aspirin, price=50, type=Tablet, category=Aspirin is used to reduce fever}, {id=6480141f029f637a5d28a7ad, name=Amoxicillin, price=100, type=Capsule, category=Amoxicillin is a penicillin antibiotic}, {id=6480143d029f637a5d28a7af, name=Atorvastatin, price=130, type=Tablet, category=Cholesterol-lowering agent}, {id=6480144d029f637a5d28a7b0, name=Ibuprofen, price=200, type=Tablet, category=Nonsteroidal anti-inflammatory drug (NSAID)}, {id=648584915683641112507aa4, name=Paracetamol, price=120, type=Tablet, category=Pain reliever}, {id=64918f86f72e301ef847fea1, name=Lisinopril, price=80, type=Tablet, category=Antihypertensive}, {id=64918fa1f72e301ef847fea2, name=Metformin, price=70, type=Tablet, category=Antidiabetic}, {id=64918fb6f72e301ef847fea3, name=Cetirizine, price=60, type=Tablet, category=Antihistamine}]
2023-07-04T16:16:04.161+05:30  INFO 4476 --- [http-nio-8090-exec-8] o.s.web.filter.OncePerRequestFilter      :  Header :  Bearer eyJhbGciOiJIUzUxMiJ9.eyJzdWIiOiJhZG1pbkBnbWFpbC5jb20iLCJpYXQiOjE2ODg0NjY1OTcsImV4cCI6MTY4ODQ4NDU5N30.LhHVE3BNYgjkFFSC7Zjvj-5L_eVcvbvUExJWJ0agzCb_wxmp-TolSqHsn43ttmGeiSwnG6pwJ9CJ3n72SXrl3A
2023-07-04T16:16:04.173+05:30  INFO 4476 --- [http-nio-8090-exec-8] c.p.A.Impl.DrugCatalogueServiceImpl      : [{id=648011f1029f637a5d28a7a7, name=Aspirin, price=50, type=Tablet, category=Aspirin is used to reduce fever}, {id=6480141f029f637a5d28a7ad, name=Amoxicillin, price=100, type=Capsule, category=Amoxicillin is a penicillin antibiotic}, {id=6480143d029f637a5d28a7af, name=Atorvastatin, price=130, type=Tablet, category=Cholesterol-lowering agent}, {id=6480144d029f637a5d28a7b0, name=Ibuprofen, price=200, type=Tablet, category=Nonsteroidal anti-inflammatory drug (NSAID)}, {id=648584915683641112507aa4, name=Paracetamol, price=120, type=Tablet, category=Pain reliever}, {id=64918f86f72e301ef847fea1, name=Lisinopril, price=80, type=Tablet, category=Antihypertensive}, {id=64918fa1f72e301ef847fea2, name=Metformin, price=70, type=Tablet, category=Antidiabetic}, {id=64918fb6f72e301ef847fea3, name=Cetirizine, price=60, type=Tablet, category=Antihistamine}]
2023-07-04T16:16:34.455+05:30  INFO 4476 --- [http-nio-8090-exec-3] o.s.web.filter.OncePerRequestFilter      :  Header :  Bearer eyJhbGciOiJIUzUxMiJ9.eyJzdWIiOiJhZG1pbkBnbWFpbC5jb20iLCJpYXQiOjE2ODg0NjY1OTcsImV4cCI6MTY4ODQ4NDU5N30.LhHVE3BNYgjkFFSC7Zjvj-5L_eVcvbvUExJWJ0agzCb_wxmp-TolSqHsn43ttmGeiSwnG6pwJ9CJ3n72SXrl3A
2023-07-04T16:16:34.583+05:30  INFO 4476 --- [http-nio-8090-exec-4] o.s.web.filter.OncePerRequestFilter      :  Header :  Bearer eyJhbGciOiJIUzUxMiJ9.eyJzdWIiOiJhZG1pbkBnbWFpbC5jb20iLCJpYXQiOjE2ODg0NjY1OTcsImV4cCI6MTY4ODQ4NDU5N30.LhHVE3BNYgjkFFSC7Zjvj-5L_eVcvbvUExJWJ0agzCb_wxmp-TolSqHsn43ttmGeiSwnG6pwJ9CJ3n72SXrl3A
2023-07-04T16:16:34.590+05:30  INFO 4476 --- [http-nio-8090-exec-4] c.p.A.Impl.DrugCatalogueServiceImpl      : [{id=648011f1029f637a5d28a7a7, name=Aspirin, price=50, type=Tablet, category=Aspirin is used to reduce fever}, {id=6480141f029f637a5d28a7ad, name=Amoxicillin, price=100, type=Capsule, category=Amoxicillin is a penicillin antibiotic}, {id=6480143d029f637a5d28a7af, name=Atorvastatin, price=130, type=Tablet, category=Cholesterol-lowering agent}, {id=6480144d029f637a5d28a7b0, name=Ibuprofen, price=200, type=Tablet, category=Nonsteroidal anti-inflammatory drug (NSAID)}, {id=648584915683641112507aa4, name=Paracetamol, price=120, type=Tablet, category=Pain reliever}, {id=64918f86f72e301ef847fea1, name=Lisinopril, price=80, type=Tablet, category=Antihypertensive}, {id=64918fa1f72e301ef847fea2, name=Metformin, price=70, type=Tablet, category=Antidiabetic}, {id=64918fb6f72e301ef847fea3, name=Cetirizine, price=60, type=Tablet, category=Antihistamine}, {id=64a3f88a9b58547921467e8d, name=demo, price=1000, type=demo, category=demo}]
2023-07-04T16:16:44.363+05:30  INFO 4476 --- [http-nio-8090-exec-1] o.s.web.filter.OncePerRequestFilter      :  Header :  Bearer eyJhbGciOiJIUzUxMiJ9.eyJzdWIiOiJhZG1pbkBnbWFpbC5jb20iLCJpYXQiOjE2ODg0NjY1OTcsImV4cCI6MTY4ODQ4NDU5N30.LhHVE3BNYgjkFFSC7Zjvj-5L_eVcvbvUExJWJ0agzCb_wxmp-TolSqHsn43ttmGeiSwnG6pwJ9CJ3n72SXrl3A
2023-07-04T16:16:44.386+05:30  INFO 4476 --- [http-nio-8090-exec-7] o.s.web.filter.OncePerRequestFilter      :  Header :  Bearer eyJhbGciOiJIUzUxMiJ9.eyJzdWIiOiJhZG1pbkBnbWFpbC5jb20iLCJpYXQiOjE2ODg0NjY1OTcsImV4cCI6MTY4ODQ4NDU5N30.LhHVE3BNYgjkFFSC7Zjvj-5L_eVcvbvUExJWJ0agzCb_wxmp-TolSqHsn43ttmGeiSwnG6pwJ9CJ3n72SXrl3A
2023-07-04T16:16:44.396+05:30  INFO 4476 --- [http-nio-8090-exec-7] c.p.A.Impl.DrugCatalogueServiceImpl      : [{id=648011f1029f637a5d28a7a7, name=Aspirin, price=50, type=Tablet, category=Aspirin is used to reduce fever}, {id=6480141f029f637a5d28a7ad, name=Amoxicillin, price=100, type=Capsule, category=Amoxicillin is a penicillin antibiotic}, {id=6480143d029f637a5d28a7af, name=Atorvastatin, price=130, type=Tablet, category=Cholesterol-lowering agent}, {id=6480144d029f637a5d28a7b0, name=Ibuprofen, price=200, type=Tablet, category=Nonsteroidal anti-inflammatory drug (NSAID)}, {id=648584915683641112507aa4, name=Paracetamol, price=120, type=Tablet, category=Pain reliever}, {id=64918f86f72e301ef847fea1, name=Lisinopril, price=80, type=Tablet, category=Antihypertensive}, {id=64918fa1f72e301ef847fea2, name=Metformin, price=70, type=Tablet, category=Antidiabetic}, {id=64918fb6f72e301ef847fea3, name=Cetirizine, price=60, type=Tablet, category=Antihistamine}]
2023-07-04T16:16:47.979+05:30  INFO 4476 --- [http-nio-8090-exec-2] o.s.web.filter.OncePerRequestFilter      :  Header :  Bearer eyJhbGciOiJIUzUxMiJ9.eyJzdWIiOiJhZG1pbkBnbWFpbC5jb20iLCJpYXQiOjE2ODg0NjY1OTcsImV4cCI6MTY4ODQ4NDU5N30.LhHVE3BNYgjkFFSC7Zjvj-5L_eVcvbvUExJWJ0agzCb_wxmp-TolSqHsn43ttmGeiSwnG6pwJ9CJ3n72SXrl3A
2023-07-04T16:16:47.997+05:30  INFO 4476 --- [http-nio-8090-exec-10] o.s.web.filter.OncePerRequestFilter      :  Header :  Bearer eyJhbGciOiJIUzUxMiJ9.eyJzdWIiOiJhZG1pbkBnbWFpbC5jb20iLCJpYXQiOjE2ODg0NjY1OTcsImV4cCI6MTY4ODQ4NDU5N30.LhHVE3BNYgjkFFSC7Zjvj-5L_eVcvbvUExJWJ0agzCb_wxmp-TolSqHsn43ttmGeiSwnG6pwJ9CJ3n72SXrl3A
2023-07-04T16:16:48.024+05:30  INFO 4476 --- [http-nio-8090-exec-5] o.s.web.filter.OncePerRequestFilter      :  Header :  Bearer eyJhbGciOiJIUzUxMiJ9.eyJzdWIiOiJhZG1pbkBnbWFpbC5jb20iLCJpYXQiOjE2ODg0NjY1OTcsImV4cCI6MTY4ODQ4NDU5N30.LhHVE3BNYgjkFFSC7Zjvj-5L_eVcvbvUExJWJ0agzCb_wxmp-TolSqHsn43ttmGeiSwnG6pwJ9CJ3n72SXrl3A
2023-07-04T16:16:48.029+05:30  INFO 4476 --- [http-nio-8090-exec-9] o.s.web.filter.OncePerRequestFilter      :  Header :  Bearer eyJhbGciOiJIUzUxMiJ9.eyJzdWIiOiJhZG1pbkBnbWFpbC5jb20iLCJpYXQiOjE2ODg0NjY1OTcsImV4cCI6MTY4ODQ4NDU5N30.LhHVE3BNYgjkFFSC7Zjvj-5L_eVcvbvUExJWJ0agzCb_wxmp-TolSqHsn43ttmGeiSwnG6pwJ9CJ3n72SXrl3A
2023-07-04T16:16:48.031+05:30  INFO 4476 --- [http-nio-8090-exec-6] o.s.web.filter.OncePerRequestFilter      :  Header :  Bearer eyJhbGciOiJIUzUxMiJ9.eyJzdWIiOiJhZG1pbkBnbWFpbC5jb20iLCJpYXQiOjE2ODg0NjY1OTcsImV4cCI6MTY4ODQ4NDU5N30.LhHVE3BNYgjkFFSC7Zjvj-5L_eVcvbvUExJWJ0agzCb_wxmp-TolSqHsn43ttmGeiSwnG6pwJ9CJ3n72SXrl3A
2023-07-04T16:16:48.033+05:30  INFO 4476 --- [http-nio-8090-exec-8] o.s.web.filter.OncePerRequestFilter      :  Header :  Bearer eyJhbGciOiJIUzUxMiJ9.eyJzdWIiOiJhZG1pbkBnbWFpbC5jb20iLCJpYXQiOjE2ODg0NjY1OTcsImV4cCI6MTY4ODQ4NDU5N30.LhHVE3BNYgjkFFSC7Zjvj-5L_eVcvbvUExJWJ0agzCb_wxmp-TolSqHsn43ttmGeiSwnG6pwJ9CJ3n72SXrl3A
2023-07-04T16:16:48.040+05:30  INFO 4476 --- [http-nio-8090-exec-5] c.p.A.Impl.DrugCatalogueServiceImpl      : [{id=648011f1029f637a5d28a7a7, name=Aspirin, price=50, type=Tablet, category=Aspirin is used to reduce fever}, {id=6480141f029f637a5d28a7ad, name=Amoxicillin, price=100, type=Capsule, category=Amoxicillin is a penicillin antibiotic}, {id=6480143d029f637a5d28a7af, name=Atorvastatin, price=130, type=Tablet, category=Cholesterol-lowering agent}, {id=6480144d029f637a5d28a7b0, name=Ibuprofen, price=200, type=Tablet, category=Nonsteroidal anti-inflammatory drug (NSAID)}, {id=648584915683641112507aa4, name=Paracetamol, price=120, type=Tablet, category=Pain reliever}, {id=64918f86f72e301ef847fea1, name=Lisinopril, price=80, type=Tablet, category=Antihypertensive}, {id=64918fa1f72e301ef847fea2, name=Metformin, price=70, type=Tablet, category=Antidiabetic}, {id=64918fb6f72e301ef847fea3, name=Cetirizine, price=60, type=Tablet, category=Antihistamine}]
2023-07-04T16:16:48.054+05:30  INFO 4476 --- [http-nio-8090-exec-3] o.s.web.filter.OncePerRequestFilter      :  Header :  Bearer eyJhbGciOiJIUzUxMiJ9.eyJzdWIiOiJhZG1pbkBnbWFpbC5jb20iLCJpYXQiOjE2ODg0NjY1OTcsImV4cCI6MTY4ODQ4NDU5N30.LhHVE3BNYgjkFFSC7Zjvj-5L_eVcvbvUExJWJ0agzCb_wxmp-TolSqHsn43ttmGeiSwnG6pwJ9CJ3n72SXrl3A
2023-07-04T16:16:48.067+05:30  INFO 4476 --- [http-nio-8090-exec-4] o.s.web.filter.OncePerRequestFilter      :  Header :  Bearer eyJhbGciOiJIUzUxMiJ9.eyJzdWIiOiJhZG1pbkBnbWFpbC5jb20iLCJpYXQiOjE2ODg0NjY1OTcsImV4cCI6MTY4ODQ4NDU5N30.LhHVE3BNYgjkFFSC7Zjvj-5L_eVcvbvUExJWJ0agzCb_wxmp-TolSqHsn43ttmGeiSwnG6pwJ9CJ3n72SXrl3A
2023-07-04T16:16:48.068+05:30  INFO 4476 --- [http-nio-8090-exec-1] o.s.web.filter.OncePerRequestFilter      :  Header :  Bearer eyJhbGciOiJIUzUxMiJ9.eyJzdWIiOiJhZG1pbkBnbWFpbC5jb20iLCJpYXQiOjE2ODg0NjY1OTcsImV4cCI6MTY4ODQ4NDU5N30.LhHVE3BNYgjkFFSC7Zjvj-5L_eVcvbvUExJWJ0agzCb_wxmp-TolSqHsn43ttmGeiSwnG6pwJ9CJ3n72SXrl3A
2023-07-04T16:16:48.074+05:30  INFO 4476 --- [http-nio-8090-exec-7] o.s.web.filter.OncePerRequestFilter      :  Header :  Bearer eyJhbGciOiJIUzUxMiJ9.eyJzdWIiOiJhZG1pbkBnbWFpbC5jb20iLCJpYXQiOjE2ODg0NjY1OTcsImV4cCI6MTY4ODQ4NDU5N30.LhHVE3BNYgjkFFSC7Zjvj-5L_eVcvbvUExJWJ0agzCb_wxmp-TolSqHsn43ttmGeiSwnG6pwJ9CJ3n72SXrl3A
2023-07-04T16:16:48.076+05:30  INFO 4476 --- [http-nio-8090-exec-2] o.s.web.filter.OncePerRequestFilter      :  Header :  Bearer eyJhbGciOiJIUzUxMiJ9.eyJzdWIiOiJhZG1pbkBnbWFpbC5jb20iLCJpYXQiOjE2ODg0NjY1OTcsImV4cCI6MTY4ODQ4NDU5N30.LhHVE3BNYgjkFFSC7Zjvj-5L_eVcvbvUExJWJ0agzCb_wxmp-TolSqHsn43ttmGeiSwnG6pwJ9CJ3n72SXrl3A
2023-07-04T16:16:48.083+05:30  INFO 4476 --- [http-nio-8090-exec-10] o.s.web.filter.OncePerRequestFilter      :  Header :  Bearer eyJhbGciOiJIUzUxMiJ9.eyJzdWIiOiJhZG1pbkBnbWFpbC5jb20iLCJpYXQiOjE2ODg0NjY1OTcsImV4cCI6MTY4ODQ4NDU5N30.LhHVE3BNYgjkFFSC7Zjvj-5L_eVcvbvUExJWJ0agzCb_wxmp-TolSqHsn43ttmGeiSwnG6pwJ9CJ3n72SXrl3A
2023-07-04T16:16:48.093+05:30  INFO 4476 --- [http-nio-8090-exec-5] o.s.web.filter.OncePerRequestFilter      :  Header :  Bearer eyJhbGciOiJIUzUxMiJ9.eyJzdWIiOiJhZG1pbkBnbWFpbC5jb20iLCJpYXQiOjE2ODg0NjY1OTcsImV4cCI6MTY4ODQ4NDU5N30.LhHVE3BNYgjkFFSC7Zjvj-5L_eVcvbvUExJWJ0agzCb_wxmp-TolSqHsn43ttmGeiSwnG6pwJ9CJ3n72SXrl3A
2023-07-04T16:16:48.108+05:30  INFO 4476 --- [http-nio-8090-exec-4] c.p.A.Impl.DrugCatalogueServiceImpl      : [{id=648011f1029f637a5d28a7a7, name=Aspirin, price=50, type=Tablet, category=Aspirin is used to reduce fever}, {id=6480141f029f637a5d28a7ad, name=Amoxicillin, price=100, type=Capsule, category=Amoxicillin is a penicillin antibiotic}, {id=6480143d029f637a5d28a7af, name=Atorvastatin, price=130, type=Tablet, category=Cholesterol-lowering agent}, {id=6480144d029f637a5d28a7b0, name=Ibuprofen, price=200, type=Tablet, category=Nonsteroidal anti-inflammatory drug (NSAID)}, {id=648584915683641112507aa4, name=Paracetamol, price=120, type=Tablet, category=Pain reliever}, {id=64918f86f72e301ef847fea1, name=Lisinopril, price=80, type=Tablet, category=Antihypertensive}, {id=64918fa1f72e301ef847fea2, name=Metformin, price=70, type=Tablet, category=Antidiabetic}, {id=64918fb6f72e301ef847fea3, name=Cetirizine, price=60, type=Tablet, category=Antihistamine}]
2023-07-04T16:16:48.134+05:30  INFO 4476 --- [http-nio-8090-exec-8] o.s.web.filter.OncePerRequestFilter      :  Header :  Bearer eyJhbGciOiJIUzUxMiJ9.eyJzdWIiOiJhZG1pbkBnbWFpbC5jb20iLCJpYXQiOjE2ODg0NjY1OTcsImV4cCI6MTY4ODQ4NDU5N30.LhHVE3BNYgjkFFSC7Zjvj-5L_eVcvbvUExJWJ0agzCb_wxmp-TolSqHsn43ttmGeiSwnG6pwJ9CJ3n72SXrl3A
2023-07-04T16:18:12.404+05:30  INFO 4476 --- [http-nio-8090-exec-7] o.s.web.filter.OncePerRequestFilter      :  Header :  Bearer eyJhbGciOiJIUzUxMiJ9.eyJzdWIiOiJhZG1pbkBnbWFpbC5jb20iLCJpYXQiOjE2ODg0NjY1OTcsImV4cCI6MTY4ODQ4NDU5N30.LhHVE3BNYgjkFFSC7Zjvj-5L_eVcvbvUExJWJ0agzCb_wxmp-TolSqHsn43ttmGeiSwnG6pwJ9CJ3n72SXrl3A
2023-07-04T16:18:12.422+05:30  INFO 4476 --- [http-nio-8090-exec-7] c.p.A.Impl.DrugCatalogueServiceImpl      : [{id=648011f1029f637a5d28a7a7, name=Aspirin, price=50, type=Tablet, category=Aspirin is used to reduce fever}, {id=6480141f029f637a5d28a7ad, name=Amoxicillin, price=100, type=Capsule, category=Amoxicillin is a penicillin antibiotic}, {id=6480143d029f637a5d28a7af, name=Atorvastatin, price=130, type=Tablet, category=Cholesterol-lowering agent}, {id=6480144d029f637a5d28a7b0, name=Ibuprofen, price=200, type=Tablet, category=Nonsteroidal anti-inflammatory drug (NSAID)}, {id=648584915683641112507aa4, name=Paracetamol, price=120, type=Tablet, category=Pain reliever}, {id=64918f86f72e301ef847fea1, name=Lisinopril, price=80, type=Tablet, category=Antihypertensive}, {id=64918fa1f72e301ef847fea2, name=Metformin, price=70, type=Tablet, category=Antidiabetic}, {id=64918fb6f72e301ef847fea3, name=Cetirizine, price=60, type=Tablet, category=Antihistamine}]
2023-07-04T16:18:12.428+05:30  INFO 4476 --- [http-nio-8090-exec-2] o.s.web.filter.OncePerRequestFilter      :  Header :  Bearer eyJhbGciOiJIUzUxMiJ9.eyJzdWIiOiJhZG1pbkBnbWFpbC5jb20iLCJpYXQiOjE2ODg0NjY1OTcsImV4cCI6MTY4ODQ4NDU5N30.LhHVE3BNYgjkFFSC7Zjvj-5L_eVcvbvUExJWJ0agzCb_wxmp-TolSqHsn43ttmGeiSwnG6pwJ9CJ3n72SXrl3A
2023-07-04T16:18:12.440+05:30  INFO 4476 --- [http-nio-8090-exec-2] c.p.A.Impl.DrugCatalogueServiceImpl      : [{id=648011f1029f637a5d28a7a7, name=Aspirin, price=50, type=Tablet, category=Aspirin is used to reduce fever}, {id=6480141f029f637a5d28a7ad, name=Amoxicillin, price=100, type=Capsule, category=Amoxicillin is a penicillin antibiotic}, {id=6480143d029f637a5d28a7af, name=Atorvastatin, price=130, type=Tablet, category=Cholesterol-lowering agent}, {id=6480144d029f637a5d28a7b0, name=Ibuprofen, price=200, type=Tablet, category=Nonsteroidal anti-inflammatory drug (NSAID)}, {id=648584915683641112507aa4, name=Paracetamol, price=120, type=Tablet, category=Pain reliever}, {id=64918f86f72e301ef847fea1, name=Lisinopril, price=80, type=Tablet, category=Antihypertensive}, {id=64918fa1f72e301ef847fea2, name=Metformin, price=70, type=Tablet, category=Antidiabetic}, {id=64918fb6f72e301ef847fea3, name=Cetirizine, price=60, type=Tablet, category=Antihistamine}]
2023-07-04T16:18:41.189+05:30  INFO 4476 --- [http-nio-8090-exec-5] o.s.web.filter.OncePerRequestFilter      :  Header :  Bearer eyJhbGciOiJIUzUxMiJ9.eyJzdWIiOiJhZG1pbkBnbWFpbC5jb20iLCJpYXQiOjE2ODg0NjY1OTcsImV4cCI6MTY4ODQ4NDU5N30.LhHVE3BNYgjkFFSC7Zjvj-5L_eVcvbvUExJWJ0agzCb_wxmp-TolSqHsn43ttmGeiSwnG6pwJ9CJ3n72SXrl3A
2023-07-04T16:18:41.299+05:30  INFO 4476 --- [http-nio-8090-exec-8] o.s.web.filter.OncePerRequestFilter      :  Header :  Bearer eyJhbGciOiJIUzUxMiJ9.eyJzdWIiOiJhZG1pbkBnbWFpbC5jb20iLCJpYXQiOjE2ODg0NjY1OTcsImV4cCI6MTY4ODQ4NDU5N30.LhHVE3BNYgjkFFSC7Zjvj-5L_eVcvbvUExJWJ0agzCb_wxmp-TolSqHsn43ttmGeiSwnG6pwJ9CJ3n72SXrl3A
2023-07-04T16:18:41.309+05:30  INFO 4476 --- [http-nio-8090-exec-8] c.p.A.Impl.DrugCatalogueServiceImpl      : [{id=648011f1029f637a5d28a7a7, name=Aspirin, price=50, type=Tablet, category=Aspirin is used to reduce fever}, {id=6480141f029f637a5d28a7ad, name=Amoxicillin, price=100, type=Capsule, category=Amoxicillin is a penicillin antibiotic}, {id=6480143d029f637a5d28a7af, name=Atorvastatin, price=130, type=Tablet, category=Cholesterol-lowering agent}, {id=6480144d029f637a5d28a7b0, name=Ibuprofen, price=200, type=Tablet, category=Nonsteroidal anti-inflammatory drug (NSAID)}, {id=648584915683641112507aa4, name=Paracetamol, price=120, type=Tablet, category=Pain reliever}, {id=64918f86f72e301ef847fea1, name=Lisinopril, price=80, type=Tablet, category=Antihypertensive}, {id=64918fa1f72e301ef847fea2, name=Metformin, price=70, type=Tablet, category=Antidiabetic}, {id=64918fb6f72e301ef847fea3, name=Cetirizine, price=60, type=Tablet, category=Antihistamine}, {id=64a3f9099b58547921467e8e, name=demo, price=1200, type=demo, category=demo}]
2023-07-04T16:19:07.096+05:30  INFO 4476 --- [http-nio-8090-exec-3] o.s.web.filter.OncePerRequestFilter      :  Header :  Bearer eyJhbGciOiJIUzUxMiJ9.eyJzdWIiOiJhZG1pbkBnbWFpbC5jb20iLCJpYXQiOjE2ODg0NjY1OTcsImV4cCI6MTY4ODQ4NDU5N30.LhHVE3BNYgjkFFSC7Zjvj-5L_eVcvbvUExJWJ0agzCb_wxmp-TolSqHsn43ttmGeiSwnG6pwJ9CJ3n72SXrl3A
2023-07-04T16:19:07.120+05:30  INFO 4476 --- [http-nio-8090-exec-9] o.s.web.filter.OncePerRequestFilter      :  Header :  Bearer eyJhbGciOiJIUzUxMiJ9.eyJzdWIiOiJhZG1pbkBnbWFpbC5jb20iLCJpYXQiOjE2ODg0NjY1OTcsImV4cCI6MTY4ODQ4NDU5N30.LhHVE3BNYgjkFFSC7Zjvj-5L_eVcvbvUExJWJ0agzCb_wxmp-TolSqHsn43ttmGeiSwnG6pwJ9CJ3n72SXrl3A
2023-07-04T16:19:07.130+05:30  INFO 4476 --- [http-nio-8090-exec-9] c.p.A.Impl.DrugCatalogueServiceImpl      : [{id=648011f1029f637a5d28a7a7, name=Aspirin, price=50, type=Tablet, category=Aspirin is used to reduce fever}, {id=6480141f029f637a5d28a7ad, name=Amoxicillin, price=100, type=Capsule, category=Amoxicillin is a penicillin antibiotic}, {id=6480143d029f637a5d28a7af, name=Atorvastatin, price=130, type=Tablet, category=Cholesterol-lowering agent}, {id=6480144d029f637a5d28a7b0, name=Ibuprofen, price=200, type=Tablet, category=Nonsteroidal anti-inflammatory drug (NSAID)}, {id=648584915683641112507aa4, name=Paracetamol, price=120, type=Tablet, category=Pain reliever}, {id=64918f86f72e301ef847fea1, name=Lisinopril, price=80, type=Tablet, category=Antihypertensive}, {id=64918fa1f72e301ef847fea2, name=Metformin, price=70, type=Tablet, category=Antidiabetic}, {id=64918fb6f72e301ef847fea3, name=Cetirizine, price=60, type=Tablet, category=Antihistamine}]
2023-07-04T16:19:31.575+05:30  INFO 4476 --- [AsyncResolver-bootstrap-executor-0] c.n.d.s.r.aws.ConfigClusterResolver      : Resolving eureka endpoints via configuration
2023-07-04T16:19:47.522+05:30  INFO 4476 --- [http-nio-8090-exec-1] o.s.web.filter.OncePerRequestFilter      :  Header :  Bearer eyJhbGciOiJIUzUxMiJ9.eyJzdWIiOiJhZG1pbkBnbWFpbC5jb20iLCJpYXQiOjE2ODg0NjY1OTcsImV4cCI6MTY4ODQ4NDU5N30.LhHVE3BNYgjkFFSC7Zjvj-5L_eVcvbvUExJWJ0agzCb_wxmp-TolSqHsn43ttmGeiSwnG6pwJ9CJ3n72SXrl3A
2023-07-04T16:19:47.550+05:30  INFO 4476 --- [http-nio-8090-exec-10] o.s.web.filter.OncePerRequestFilter      :  Header :  Bearer eyJhbGciOiJIUzUxMiJ9.eyJzdWIiOiJhZG1pbkBnbWFpbC5jb20iLCJpYXQiOjE2ODg0NjY1OTcsImV4cCI6MTY4ODQ4NDU5N30.LhHVE3BNYgjkFFSC7Zjvj-5L_eVcvbvUExJWJ0agzCb_wxmp-TolSqHsn43ttmGeiSwnG6pwJ9CJ3n72SXrl3A
2023-07-04T16:19:47.560+05:30  INFO 4476 --- [http-nio-8090-exec-10] c.p.A.Impl.DrugCatalogueServiceImpl      : [{id=648011f1029f637a5d28a7a7, name=Aspirin, price=100, type=Tablet, category=Aspirin is used to reduce fever}, {id=6480141f029f637a5d28a7ad, name=Amoxicillin, price=100, type=Capsule, category=Amoxicillin is a penicillin antibiotic}, {id=6480143d029f637a5d28a7af, name=Atorvastatin, price=130, type=Tablet, category=Cholesterol-lowering agent}, {id=6480144d029f637a5d28a7b0, name=Ibuprofen, price=200, type=Tablet, category=Nonsteroidal anti-inflammatory drug (NSAID)}, {id=648584915683641112507aa4, name=Paracetamol, price=120, type=Tablet, category=Pain reliever}, {id=64918f86f72e301ef847fea1, name=Lisinopril, price=80, type=Tablet, category=Antihypertensive}, {id=64918fa1f72e301ef847fea2, name=Metformin, price=70, type=Tablet, category=Antidiabetic}, {id=64918fb6f72e301ef847fea3, name=Cetirizine, price=60, type=Tablet, category=Antihistamine}]
2023-07-04T16:20:09.121+05:30  INFO 4476 --- [http-nio-8090-exec-6] o.s.web.filter.OncePerRequestFilter      :  Header :  Bearer eyJhbGciOiJIUzUxMiJ9.eyJzdWIiOiJhZG1pbkBnbWFpbC5jb20iLCJpYXQiOjE2ODg0NjY1OTcsImV4cCI6MTY4ODQ4NDU5N30.LhHVE3BNYgjkFFSC7Zjvj-5L_eVcvbvUExJWJ0agzCb_wxmp-TolSqHsn43ttmGeiSwnG6pwJ9CJ3n72SXrl3A
2023-07-04T16:20:09.149+05:30  INFO 4476 --- [http-nio-8090-exec-4] o.s.web.filter.OncePerRequestFilter      :  Header :  Bearer eyJhbGciOiJIUzUxMiJ9.eyJzdWIiOiJhZG1pbkBnbWFpbC5jb20iLCJpYXQiOjE2ODg0NjY1OTcsImV4cCI6MTY4ODQ4NDU5N30.LhHVE3BNYgjkFFSC7Zjvj-5L_eVcvbvUExJWJ0agzCb_wxmp-TolSqHsn43ttmGeiSwnG6pwJ9CJ3n72SXrl3A
2023-07-04T16:20:09.157+05:30  INFO 4476 --- [http-nio-8090-exec-4] c.p.A.Impl.DrugCatalogueServiceImpl      : [{id=648011f1029f637a5d28a7a7, name=Aspirin, price=49, type=Tablet, category=Aspirin is used to reduce fever}, {id=6480141f029f637a5d28a7ad, name=Amoxicillin, price=100, type=Capsule, category=Amoxicillin is a penicillin antibiotic}, {id=6480143d029f637a5d28a7af, name=Atorvastatin, price=130, type=Tablet, category=Cholesterol-lowering agent}, {id=6480144d029f637a5d28a7b0, name=Ibuprofen, price=200, type=Tablet, category=Nonsteroidal anti-inflammatory drug (NSAID)}, {id=648584915683641112507aa4, name=Paracetamol, price=120, type=Tablet, category=Pain reliever}, {id=64918f86f72e301ef847fea1, name=Lisinopril, price=80, type=Tablet, category=Antihypertensive}, {id=64918fa1f72e301ef847fea2, name=Metformin, price=70, type=Tablet, category=Antidiabetic}, {id=64918fb6f72e301ef847fea3, name=Cetirizine, price=60, type=Tablet, category=Antihistamine}]
2023-07-04T16:20:19.081+05:30  INFO 4476 --- [http-nio-8090-exec-7] o.s.web.filter.OncePerRequestFilter      :  Header :  Bearer eyJhbGciOiJIUzUxMiJ9.eyJzdWIiOiJhZG1pbkBnbWFpbC5jb20iLCJpYXQiOjE2ODg0NjY1OTcsImV4cCI6MTY4ODQ4NDU5N30.LhHVE3BNYgjkFFSC7Zjvj-5L_eVcvbvUExJWJ0agzCb_wxmp-TolSqHsn43ttmGeiSwnG6pwJ9CJ3n72SXrl3A
2023-07-04T16:20:19.106+05:30  INFO 4476 --- [http-nio-8090-exec-2] o.s.web.filter.OncePerRequestFilter      :  Header :  Bearer eyJhbGciOiJIUzUxMiJ9.eyJzdWIiOiJhZG1pbkBnbWFpbC5jb20iLCJpYXQiOjE2ODg0NjY1OTcsImV4cCI6MTY4ODQ4NDU5N30.LhHVE3BNYgjkFFSC7Zjvj-5L_eVcvbvUExJWJ0agzCb_wxmp-TolSqHsn43ttmGeiSwnG6pwJ9CJ3n72SXrl3A
2023-07-04T16:20:19.117+05:30  INFO 4476 --- [http-nio-8090-exec-2] c.p.A.Impl.DrugCatalogueServiceImpl      : [{id=648011f1029f637a5d28a7a7, name=Aspirin, price=50, type=Tablet, category=Aspirin is used to reduce fever}, {id=6480141f029f637a5d28a7ad, name=Amoxicillin, price=100, type=Capsule, category=Amoxicillin is a penicillin antibiotic}, {id=6480143d029f637a5d28a7af, name=Atorvastatin, price=130, type=Tablet, category=Cholesterol-lowering agent}, {id=6480144d029f637a5d28a7b0, name=Ibuprofen, price=200, type=Tablet, category=Nonsteroidal anti-inflammatory drug (NSAID)}, {id=648584915683641112507aa4, name=Paracetamol, price=120, type=Tablet, category=Pain reliever}, {id=64918f86f72e301ef847fea1, name=Lisinopril, price=80, type=Tablet, category=Antihypertensive}, {id=64918fa1f72e301ef847fea2, name=Metformin, price=70, type=Tablet, category=Antidiabetic}, {id=64918fb6f72e301ef847fea3, name=Cetirizine, price=60, type=Tablet, category=Antihistamine}]
2023-07-04T16:20:47.742+05:30  INFO 4476 --- [http-nio-8090-exec-5] o.s.web.filter.OncePerRequestFilter      :  Header :  Bearer eyJhbGciOiJIUzUxMiJ9.eyJzdWIiOiJhZG1pbkBnbWFpbC5jb20iLCJpYXQiOjE2ODg0NjY1OTcsImV4cCI6MTY4ODQ4NDU5N30.LhHVE3BNYgjkFFSC7Zjvj-5L_eVcvbvUExJWJ0agzCb_wxmp-TolSqHsn43ttmGeiSwnG6pwJ9CJ3n72SXrl3A
2023-07-04T16:20:47.763+05:30  INFO 4476 --- [http-nio-8090-exec-8] o.s.web.filter.OncePerRequestFilter      :  Header :  Bearer eyJhbGciOiJIUzUxMiJ9.eyJzdWIiOiJhZG1pbkBnbWFpbC5jb20iLCJpYXQiOjE2ODg0NjY1OTcsImV4cCI6MTY4ODQ4NDU5N30.LhHVE3BNYgjkFFSC7Zjvj-5L_eVcvbvUExJWJ0agzCb_wxmp-TolSqHsn43ttmGeiSwnG6pwJ9CJ3n72SXrl3A
2023-07-04T16:20:47.766+05:30  INFO 4476 --- [http-nio-8090-exec-9] o.s.web.filter.OncePerRequestFilter      :  Header :  Bearer eyJhbGciOiJIUzUxMiJ9.eyJzdWIiOiJhZG1pbkBnbWFpbC5jb20iLCJpYXQiOjE2ODg0NjY1OTcsImV4cCI6MTY4ODQ4NDU5N30.LhHVE3BNYgjkFFSC7Zjvj-5L_eVcvbvUExJWJ0agzCb_wxmp-TolSqHsn43ttmGeiSwnG6pwJ9CJ3n72SXrl3A
2023-07-04T16:20:47.767+05:30  INFO 4476 --- [http-nio-8090-exec-3] o.s.web.filter.OncePerRequestFilter      :  Header :  Bearer eyJhbGciOiJIUzUxMiJ9.eyJzdWIiOiJhZG1pbkBnbWFpbC5jb20iLCJpYXQiOjE2ODg0NjY1OTcsImV4cCI6MTY4ODQ4NDU5N30.LhHVE3BNYgjkFFSC7Zjvj-5L_eVcvbvUExJWJ0agzCb_wxmp-TolSqHsn43ttmGeiSwnG6pwJ9CJ3n72SXrl3A
2023-07-04T16:20:47.767+05:30  INFO 4476 --- [http-nio-8090-exec-1] o.s.web.filter.OncePerRequestFilter      :  Header :  Bearer eyJhbGciOiJIUzUxMiJ9.eyJzdWIiOiJhZG1pbkBnbWFpbC5jb20iLCJpYXQiOjE2ODg0NjY1OTcsImV4cCI6MTY4ODQ4NDU5N30.LhHVE3BNYgjkFFSC7Zjvj-5L_eVcvbvUExJWJ0agzCb_wxmp-TolSqHsn43ttmGeiSwnG6pwJ9CJ3n72SXrl3A
2023-07-04T16:20:47.772+05:30  INFO 4476 --- [http-nio-8090-exec-10] o.s.web.filter.OncePerRequestFilter      :  Header :  Bearer eyJhbGciOiJIUzUxMiJ9.eyJzdWIiOiJhZG1pbkBnbWFpbC5jb20iLCJpYXQiOjE2ODg0NjY1OTcsImV4cCI6MTY4ODQ4NDU5N30.LhHVE3BNYgjkFFSC7Zjvj-5L_eVcvbvUExJWJ0agzCb_wxmp-TolSqHsn43ttmGeiSwnG6pwJ9CJ3n72SXrl3A
2023-07-04T16:20:47.774+05:30  INFO 4476 --- [http-nio-8090-exec-6] o.s.web.filter.OncePerRequestFilter      :  Header :  Bearer eyJhbGciOiJIUzUxMiJ9.eyJzdWIiOiJhZG1pbkBnbWFpbC5jb20iLCJpYXQiOjE2ODg0NjY1OTcsImV4cCI6MTY4ODQ4NDU5N30.LhHVE3BNYgjkFFSC7Zjvj-5L_eVcvbvUExJWJ0agzCb_wxmp-TolSqHsn43ttmGeiSwnG6pwJ9CJ3n72SXrl3A
2023-07-04T16:20:47.779+05:30  INFO 4476 --- [http-nio-8090-exec-9] c.p.A.Impl.DrugCatalogueServiceImpl      : [{id=648011f1029f637a5d28a7a7, name=Aspirin, price=50, type=Tablet, category=Aspirin is used to reduce fever}, {id=6480141f029f637a5d28a7ad, name=Amoxicillin, price=100, type=Capsule, category=Amoxicillin is a penicillin antibiotic}, {id=6480143d029f637a5d28a7af, name=Atorvastatin, price=130, type=Tablet, category=Cholesterol-lowering agent}, {id=6480144d029f637a5d28a7b0, name=Ibuprofen, price=200, type=Tablet, category=Nonsteroidal anti-inflammatory drug (NSAID)}, {id=648584915683641112507aa4, name=Paracetamol, price=120, type=Tablet, category=Pain reliever}, {id=64918f86f72e301ef847fea1, name=Lisinopril, price=80, type=Tablet, category=Antihypertensive}, {id=64918fa1f72e301ef847fea2, name=Metformin, price=70, type=Tablet, category=Antidiabetic}, {id=64918fb6f72e301ef847fea3, name=Cetirizine, price=60, type=Tablet, category=Antihistamine}]
2023-07-04T16:20:47.785+05:30  INFO 4476 --- [http-nio-8090-exec-4] o.s.web.filter.OncePerRequestFilter      :  Header :  Bearer eyJhbGciOiJIUzUxMiJ9.eyJzdWIiOiJhZG1pbkBnbWFpbC5jb20iLCJpYXQiOjE2ODg0NjY1OTcsImV4cCI6MTY4ODQ4NDU5N30.LhHVE3BNYgjkFFSC7Zjvj-5L_eVcvbvUExJWJ0agzCb_wxmp-TolSqHsn43ttmGeiSwnG6pwJ9CJ3n72SXrl3A
2023-07-04T16:20:47.787+05:30  INFO 4476 --- [http-nio-8090-exec-8] o.s.web.filter.OncePerRequestFilter      :  Header :  Bearer eyJhbGciOiJIUzUxMiJ9.eyJzdWIiOiJhZG1pbkBnbWFpbC5jb20iLCJpYXQiOjE2ODg0NjY1OTcsImV4cCI6MTY4ODQ4NDU5N30.LhHVE3BNYgjkFFSC7Zjvj-5L_eVcvbvUExJWJ0agzCb_wxmp-TolSqHsn43ttmGeiSwnG6pwJ9CJ3n72SXrl3A
2023-07-04T16:20:47.806+05:30  INFO 4476 --- [http-nio-8090-exec-2] o.s.web.filter.OncePerRequestFilter      :  Header :  Bearer eyJhbGciOiJIUzUxMiJ9.eyJzdWIiOiJhZG1pbkBnbWFpbC5jb20iLCJpYXQiOjE2ODg0NjY1OTcsImV4cCI6MTY4ODQ4NDU5N30.LhHVE3BNYgjkFFSC7Zjvj-5L_eVcvbvUExJWJ0agzCb_wxmp-TolSqHsn43ttmGeiSwnG6pwJ9CJ3n72SXrl3A
2023-07-04T16:20:47.807+05:30  INFO 4476 --- [http-nio-8090-exec-5] o.s.web.filter.OncePerRequestFilter      :  Header :  Bearer eyJhbGciOiJIUzUxMiJ9.eyJzdWIiOiJhZG1pbkBnbWFpbC5jb20iLCJpYXQiOjE2ODg0NjY1OTcsImV4cCI6MTY4ODQ4NDU5N30.LhHVE3BNYgjkFFSC7Zjvj-5L_eVcvbvUExJWJ0agzCb_wxmp-TolSqHsn43ttmGeiSwnG6pwJ9CJ3n72SXrl3A
2023-07-04T16:20:47.808+05:30  INFO 4476 --- [http-nio-8090-exec-9] o.s.web.filter.OncePerRequestFilter      :  Header :  Bearer eyJhbGciOiJIUzUxMiJ9.eyJzdWIiOiJhZG1pbkBnbWFpbC5jb20iLCJpYXQiOjE2ODg0NjY1OTcsImV4cCI6MTY4ODQ4NDU5N30.LhHVE3BNYgjkFFSC7Zjvj-5L_eVcvbvUExJWJ0agzCb_wxmp-TolSqHsn43ttmGeiSwnG6pwJ9CJ3n72SXrl3A
2023-07-04T16:20:47.811+05:30  INFO 4476 --- [http-nio-8090-exec-8] c.p.A.Impl.DrugCatalogueServiceImpl      : [{id=648011f1029f637a5d28a7a7, name=Aspirin, price=50, type=Tablet, category=Aspirin is used to reduce fever}, {id=6480141f029f637a5d28a7ad, name=Amoxicillin, price=100, type=Capsule, category=Amoxicillin is a penicillin antibiotic}, {id=6480143d029f637a5d28a7af, name=Atorvastatin, price=130, type=Tablet, category=Cholesterol-lowering agent}, {id=6480144d029f637a5d28a7b0, name=Ibuprofen, price=200, type=Tablet, category=Nonsteroidal anti-inflammatory drug (NSAID)}, {id=648584915683641112507aa4, name=Paracetamol, price=120, type=Tablet, category=Pain reliever}, {id=64918f86f72e301ef847fea1, name=Lisinopril, price=80, type=Tablet, category=Antihypertensive}, {id=64918fa1f72e301ef847fea2, name=Metformin, price=70, type=Tablet, category=Antidiabetic}, {id=64918fb6f72e301ef847fea3, name=Cetirizine, price=60, type=Tablet, category=Antihistamine}]
2023-07-04T16:20:47.846+05:30  INFO 4476 --- [http-nio-8090-exec-1] o.s.web.filter.OncePerRequestFilter      :  Header :  Bearer eyJhbGciOiJIUzUxMiJ9.eyJzdWIiOiJhZG1pbkBnbWFpbC5jb20iLCJpYXQiOjE2ODg0NjY1OTcsImV4cCI6MTY4ODQ4NDU5N30.LhHVE3BNYgjkFFSC7Zjvj-5L_eVcvbvUExJWJ0agzCb_wxmp-TolSqHsn43ttmGeiSwnG6pwJ9CJ3n72SXrl3A
2023-07-04T16:20:47.865+05:30  INFO 4476 --- [http-nio-8090-exec-6] o.s.web.filter.OncePerRequestFilter      :  Header :  Bearer eyJhbGciOiJIUzUxMiJ9.eyJzdWIiOiJhZG1pbkBnbWFpbC5jb20iLCJpYXQiOjE2ODg0NjY1OTcsImV4cCI6MTY4ODQ4NDU5N30.LhHVE3BNYgjkFFSC7Zjvj-5L_eVcvbvUExJWJ0agzCb_wxmp-TolSqHsn43ttmGeiSwnG6pwJ9CJ3n72SXrl3A
2023-07-04T16:20:50.027+05:30  INFO 4476 --- [http-nio-8090-exec-7] o.s.web.filter.OncePerRequestFilter      :  Header :  Bearer eyJhbGciOiJIUzUxMiJ9.eyJzdWIiOiJhZG1pbkBnbWFpbC5jb20iLCJpYXQiOjE2ODg0NjY1OTcsImV4cCI6MTY4ODQ4NDU5N30.LhHVE3BNYgjkFFSC7Zjvj-5L_eVcvbvUExJWJ0agzCb_wxmp-TolSqHsn43ttmGeiSwnG6pwJ9CJ3n72SXrl3A
2023-07-04T16:20:50.046+05:30  INFO 4476 --- [http-nio-8090-exec-7] c.p.A.Impl.DrugCatalogueServiceImpl      : [{id=648011f1029f637a5d28a7a7, name=Aspirin, price=50, type=Tablet, category=Aspirin is used to reduce fever}, {id=6480141f029f637a5d28a7ad, name=Amoxicillin, price=100, type=Capsule, category=Amoxicillin is a penicillin antibiotic}, {id=6480143d029f637a5d28a7af, name=Atorvastatin, price=130, type=Tablet, category=Cholesterol-lowering agent}, {id=6480144d029f637a5d28a7b0, name=Ibuprofen, price=200, type=Tablet, category=Nonsteroidal anti-inflammatory drug (NSAID)}, {id=648584915683641112507aa4, name=Paracetamol, price=120, type=Tablet, category=Pain reliever}, {id=64918f86f72e301ef847fea1, name=Lisinopril, price=80, type=Tablet, category=Antihypertensive}, {id=64918fa1f72e301ef847fea2, name=Metformin, price=70, type=Tablet, category=Antidiabetic}, {id=64918fb6f72e301ef847fea3, name=Cetirizine, price=60, type=Tablet, category=Antihistamine}]
2023-07-04T16:20:50.054+05:30  INFO 4476 --- [http-nio-8090-exec-4] o.s.web.filter.OncePerRequestFilter      :  Header :  Bearer eyJhbGciOiJIUzUxMiJ9.eyJzdWIiOiJhZG1pbkBnbWFpbC5jb20iLCJpYXQiOjE2ODg0NjY1OTcsImV4cCI6MTY4ODQ4NDU5N30.LhHVE3BNYgjkFFSC7Zjvj-5L_eVcvbvUExJWJ0agzCb_wxmp-TolSqHsn43ttmGeiSwnG6pwJ9CJ3n72SXrl3A
2023-07-04T16:20:50.073+05:30  INFO 4476 --- [http-nio-8090-exec-4] c.p.A.Impl.DrugCatalogueServiceImpl      : [{id=648011f1029f637a5d28a7a7, name=Aspirin, price=50, type=Tablet, category=Aspirin is used to reduce fever}, {id=6480141f029f637a5d28a7ad, name=Amoxicillin, price=100, type=Capsule, category=Amoxicillin is a penicillin antibiotic}, {id=6480143d029f637a5d28a7af, name=Atorvastatin, price=130, type=Tablet, category=Cholesterol-lowering agent}, {id=6480144d029f637a5d28a7b0, name=Ibuprofen, price=200, type=Tablet, category=Nonsteroidal anti-inflammatory drug (NSAID)}, {id=648584915683641112507aa4, name=Paracetamol, price=120, type=Tablet, category=Pain reliever}, {id=64918f86f72e301ef847fea1, name=Lisinopril, price=80, type=Tablet, category=Antihypertensive}, {id=64918fa1f72e301ef847fea2, name=Metformin, price=70, type=Tablet, category=Antidiabetic}, {id=64918fb6f72e301ef847fea3, name=Cetirizine, price=60, type=Tablet, category=Antihistamine}]
2023-07-04T16:20:54.513+05:30  INFO 4476 --- [http-nio-8090-exec-10] o.s.web.filter.OncePerRequestFilter      :  Header :  Bearer eyJhbGciOiJIUzUxMiJ9.eyJzdWIiOiJhZG1pbkBnbWFpbC5jb20iLCJpYXQiOjE2ODg0NjY1OTcsImV4cCI6MTY4ODQ4NDU5N30.LhHVE3BNYgjkFFSC7Zjvj-5L_eVcvbvUExJWJ0agzCb_wxmp-TolSqHsn43ttmGeiSwnG6pwJ9CJ3n72SXrl3A
2023-07-04T16:20:54.531+05:30  INFO 4476 --- [http-nio-8090-exec-3] o.s.web.filter.OncePerRequestFilter      :  Header :  Bearer eyJhbGciOiJIUzUxMiJ9.eyJzdWIiOiJhZG1pbkBnbWFpbC5jb20iLCJpYXQiOjE2ODg0NjY1OTcsImV4cCI6MTY4ODQ4NDU5N30.LhHVE3BNYgjkFFSC7Zjvj-5L_eVcvbvUExJWJ0agzCb_wxmp-TolSqHsn43ttmGeiSwnG6pwJ9CJ3n72SXrl3A
2023-07-04T16:20:54.537+05:30  INFO 4476 --- [http-nio-8090-exec-8] o.s.web.filter.OncePerRequestFilter      :  Header :  Bearer eyJhbGciOiJIUzUxMiJ9.eyJzdWIiOiJhZG1pbkBnbWFpbC5jb20iLCJpYXQiOjE2ODg0NjY1OTcsImV4cCI6MTY4ODQ4NDU5N30.LhHVE3BNYgjkFFSC7Zjvj-5L_eVcvbvUExJWJ0agzCb_wxmp-TolSqHsn43ttmGeiSwnG6pwJ9CJ3n72SXrl3A
2023-07-04T16:20:54.547+05:30  INFO 4476 --- [http-nio-8090-exec-9] o.s.web.filter.OncePerRequestFilter      :  Header :  Bearer eyJhbGciOiJIUzUxMiJ9.eyJzdWIiOiJhZG1pbkBnbWFpbC5jb20iLCJpYXQiOjE2ODg0NjY1OTcsImV4cCI6MTY4ODQ4NDU5N30.LhHVE3BNYgjkFFSC7Zjvj-5L_eVcvbvUExJWJ0agzCb_wxmp-TolSqHsn43ttmGeiSwnG6pwJ9CJ3n72SXrl3A
2023-07-04T16:20:54.548+05:30  INFO 4476 --- [http-nio-8090-exec-5] o.s.web.filter.OncePerRequestFilter      :  Header :  Bearer eyJhbGciOiJIUzUxMiJ9.eyJzdWIiOiJhZG1pbkBnbWFpbC5jb20iLCJpYXQiOjE2ODg0NjY1OTcsImV4cCI6MTY4ODQ4NDU5N30.LhHVE3BNYgjkFFSC7Zjvj-5L_eVcvbvUExJWJ0agzCb_wxmp-TolSqHsn43ttmGeiSwnG6pwJ9CJ3n72SXrl3A
2023-07-04T16:20:54.569+05:30  INFO 4476 --- [http-nio-8090-exec-5] c.p.A.Impl.DrugCatalogueServiceImpl      : [{id=648011f1029f637a5d28a7a7, name=Aspirin, price=50, type=Tablet, category=Aspirin is used to reduce fever}, {id=6480141f029f637a5d28a7ad, name=Amoxicillin, price=100, type=Capsule, category=Amoxicillin is a penicillin antibiotic}, {id=6480143d029f637a5d28a7af, name=Atorvastatin, price=130, type=Tablet, category=Cholesterol-lowering agent}, {id=6480144d029f637a5d28a7b0, name=Ibuprofen, price=200, type=Tablet, category=Nonsteroidal anti-inflammatory drug (NSAID)}, {id=648584915683641112507aa4, name=Paracetamol, price=120, type=Tablet, category=Pain reliever}, {id=64918f86f72e301ef847fea1, name=Lisinopril, price=80, type=Tablet, category=Antihypertensive}, {id=64918fa1f72e301ef847fea2, name=Metformin, price=70, type=Tablet, category=Antidiabetic}, {id=64918fb6f72e301ef847fea3, name=Cetirizine, price=60, type=Tablet, category=Antihistamine}]
2023-07-04T16:20:54.547+05:30  INFO 4476 --- [http-nio-8090-exec-2] o.s.web.filter.OncePerRequestFilter      :  Header :  Bearer eyJhbGciOiJIUzUxMiJ9.eyJzdWIiOiJhZG1pbkBnbWFpbC5jb20iLCJpYXQiOjE2ODg0NjY1OTcsImV4cCI6MTY4ODQ4NDU5N30.LhHVE3BNYgjkFFSC7Zjvj-5L_eVcvbvUExJWJ0agzCb_wxmp-TolSqHsn43ttmGeiSwnG6pwJ9CJ3n72SXrl3A
2023-07-04T16:20:54.580+05:30  INFO 4476 --- [http-nio-8090-exec-1] o.s.web.filter.OncePerRequestFilter      :  Header :  Bearer eyJhbGciOiJIUzUxMiJ9.eyJzdWIiOiJhZG1pbkBnbWFpbC5jb20iLCJpYXQiOjE2ODg0NjY1OTcsImV4cCI6MTY4ODQ4NDU5N30.LhHVE3BNYgjkFFSC7Zjvj-5L_eVcvbvUExJWJ0agzCb_wxmp-TolSqHsn43ttmGeiSwnG6pwJ9CJ3n72SXrl3A
2023-07-04T16:20:54.582+05:30  INFO 4476 --- [http-nio-8090-exec-6] o.s.web.filter.OncePerRequestFilter      :  Header :  Bearer eyJhbGciOiJIUzUxMiJ9.eyJzdWIiOiJhZG1pbkBnbWFpbC5jb20iLCJpYXQiOjE2ODg0NjY1OTcsImV4cCI6MTY4ODQ4NDU5N30.LhHVE3BNYgjkFFSC7Zjvj-5L_eVcvbvUExJWJ0agzCb_wxmp-TolSqHsn43ttmGeiSwnG6pwJ9CJ3n72SXrl3A
2023-07-04T16:20:54.584+05:30  INFO 4476 --- [http-nio-8090-exec-7] o.s.web.filter.OncePerRequestFilter      :  Header :  Bearer eyJhbGciOiJIUzUxMiJ9.eyJzdWIiOiJhZG1pbkBnbWFpbC5jb20iLCJpYXQiOjE2ODg0NjY1OTcsImV4cCI6MTY4ODQ4NDU5N30.LhHVE3BNYgjkFFSC7Zjvj-5L_eVcvbvUExJWJ0agzCb_wxmp-TolSqHsn43ttmGeiSwnG6pwJ9CJ3n72SXrl3A
2023-07-04T16:20:54.600+05:30  INFO 4476 --- [http-nio-8090-exec-2] o.s.web.filter.OncePerRequestFilter      :  Header :  Bearer eyJhbGciOiJIUzUxMiJ9.eyJzdWIiOiJhZG1pbkBnbWFpbC5jb20iLCJpYXQiOjE2ODg0NjY1OTcsImV4cCI6MTY4ODQ4NDU5N30.LhHVE3BNYgjkFFSC7Zjvj-5L_eVcvbvUExJWJ0agzCb_wxmp-TolSqHsn43ttmGeiSwnG6pwJ9CJ3n72SXrl3A
2023-07-04T16:20:54.600+05:30  INFO 4476 --- [http-nio-8090-exec-7] o.s.web.filter.OncePerRequestFilter      :  Header :  Bearer eyJhbGciOiJIUzUxMiJ9.eyJzdWIiOiJhZG1pbkBnbWFpbC5jb20iLCJpYXQiOjE2ODg0NjY1OTcsImV4cCI6MTY4ODQ4NDU5N30.LhHVE3BNYgjkFFSC7Zjvj-5L_eVcvbvUExJWJ0agzCb_wxmp-TolSqHsn43ttmGeiSwnG6pwJ9CJ3n72SXrl3A
2023-07-04T16:20:54.603+05:30  INFO 4476 --- [http-nio-8090-exec-4] o.s.web.filter.OncePerRequestFilter      :  Header :  Bearer eyJhbGciOiJIUzUxMiJ9.eyJzdWIiOiJhZG1pbkBnbWFpbC5jb20iLCJpYXQiOjE2ODg0NjY1OTcsImV4cCI6MTY4ODQ4NDU5N30.LhHVE3BNYgjkFFSC7Zjvj-5L_eVcvbvUExJWJ0agzCb_wxmp-TolSqHsn43ttmGeiSwnG6pwJ9CJ3n72SXrl3A
2023-07-04T16:20:54.625+05:30  INFO 4476 --- [http-nio-8090-exec-6] o.s.web.filter.OncePerRequestFilter      :  Header :  Bearer eyJhbGciOiJIUzUxMiJ9.eyJzdWIiOiJhZG1pbkBnbWFpbC5jb20iLCJpYXQiOjE2ODg0NjY1OTcsImV4cCI6MTY4ODQ4NDU5N30.LhHVE3BNYgjkFFSC7Zjvj-5L_eVcvbvUExJWJ0agzCb_wxmp-TolSqHsn43ttmGeiSwnG6pwJ9CJ3n72SXrl3A
2023-07-04T16:20:54.627+05:30  INFO 4476 --- [http-nio-8090-exec-10] o.s.web.filter.OncePerRequestFilter      :  Header :  Bearer eyJhbGciOiJIUzUxMiJ9.eyJzdWIiOiJhZG1pbkBnbWFpbC5jb20iLCJpYXQiOjE2ODg0NjY1OTcsImV4cCI6MTY4ODQ4NDU5N30.LhHVE3BNYgjkFFSC7Zjvj-5L_eVcvbvUExJWJ0agzCb_wxmp-TolSqHsn43ttmGeiSwnG6pwJ9CJ3n72SXrl3A
2023-07-04T16:20:54.638+05:30  INFO 4476 --- [http-nio-8090-exec-2] c.p.A.Impl.DrugCatalogueServiceImpl      : [{id=648011f1029f637a5d28a7a7, name=Aspirin, price=50, type=Tablet, category=Aspirin is used to reduce fever}, {id=6480141f029f637a5d28a7ad, name=Amoxicillin, price=100, type=Capsule, category=Amoxicillin is a penicillin antibiotic}, {id=6480143d029f637a5d28a7af, name=Atorvastatin, price=130, type=Tablet, category=Cholesterol-lowering agent}, {id=6480144d029f637a5d28a7b0, name=Ibuprofen, price=200, type=Tablet, category=Nonsteroidal anti-inflammatory drug (NSAID)}, {id=648584915683641112507aa4, name=Paracetamol, price=120, type=Tablet, category=Pain reliever}, {id=64918f86f72e301ef847fea1, name=Lisinopril, price=80, type=Tablet, category=Antihypertensive}, {id=64918fa1f72e301ef847fea2, name=Metformin, price=70, type=Tablet, category=Antidiabetic}, {id=64918fb6f72e301ef847fea3, name=Cetirizine, price=60, type=Tablet, category=Antihistamine}]
2023-07-04T16:22:49.654+05:30  INFO 4476 --- [http-nio-8090-exec-9] o.s.web.filter.OncePerRequestFilter      :  Header :  Bearer eyJhbGciOiJIUzUxMiJ9.eyJzdWIiOiJhZG1pbkBnbWFpbC5jb20iLCJpYXQiOjE2ODg0NjY1OTcsImV4cCI6MTY4ODQ4NDU5N30.LhHVE3BNYgjkFFSC7Zjvj-5L_eVcvbvUExJWJ0agzCb_wxmp-TolSqHsn43ttmGeiSwnG6pwJ9CJ3n72SXrl3A
2023-07-04T16:22:49.685+05:30  INFO 4476 --- [http-nio-8090-exec-9] c.p.A.Impl.DrugCatalogueServiceImpl      : [{id=648011f1029f637a5d28a7a7, name=Aspirin, price=50, type=Tablet, category=Aspirin is used to reduce fever}, {id=6480141f029f637a5d28a7ad, name=Amoxicillin, price=100, type=Capsule, category=Amoxicillin is a penicillin antibiotic}, {id=6480143d029f637a5d28a7af, name=Atorvastatin, price=130, type=Tablet, category=Cholesterol-lowering agent}, {id=6480144d029f637a5d28a7b0, name=Ibuprofen, price=200, type=Tablet, category=Nonsteroidal anti-inflammatory drug (NSAID)}, {id=648584915683641112507aa4, name=Paracetamol, price=120, type=Tablet, category=Pain reliever}, {id=64918f86f72e301ef847fea1, name=Lisinopril, price=80, type=Tablet, category=Antihypertensive}, {id=64918fa1f72e301ef847fea2, name=Metformin, price=70, type=Tablet, category=Antidiabetic}, {id=64918fb6f72e301ef847fea3, name=Cetirizine, price=60, type=Tablet, category=Antihistamine}]
2023-07-04T16:22:49.739+05:30  INFO 4476 --- [http-nio-8090-exec-10] o.s.web.filter.OncePerRequestFilter      :  Header :  Bearer eyJhbGciOiJIUzUxMiJ9.eyJzdWIiOiJhZG1pbkBnbWFpbC5jb20iLCJpYXQiOjE2ODg0NjY1OTcsImV4cCI6MTY4ODQ4NDU5N30.LhHVE3BNYgjkFFSC7Zjvj-5L_eVcvbvUExJWJ0agzCb_wxmp-TolSqHsn43ttmGeiSwnG6pwJ9CJ3n72SXrl3A
2023-07-04T16:22:49.753+05:30  INFO 4476 --- [http-nio-8090-exec-10] c.p.A.Impl.DrugCatalogueServiceImpl      : [{id=648011f1029f637a5d28a7a7, name=Aspirin, price=50, type=Tablet, category=Aspirin is used to reduce fever}, {id=6480141f029f637a5d28a7ad, name=Amoxicillin, price=100, type=Capsule, category=Amoxicillin is a penicillin antibiotic}, {id=6480143d029f637a5d28a7af, name=Atorvastatin, price=130, type=Tablet, category=Cholesterol-lowering agent}, {id=6480144d029f637a5d28a7b0, name=Ibuprofen, price=200, type=Tablet, category=Nonsteroidal anti-inflammatory drug (NSAID)}, {id=648584915683641112507aa4, name=Paracetamol, price=120, type=Tablet, category=Pain reliever}, {id=64918f86f72e301ef847fea1, name=Lisinopril, price=80, type=Tablet, category=Antihypertensive}, {id=64918fa1f72e301ef847fea2, name=Metformin, price=70, type=Tablet, category=Antidiabetic}, {id=64918fb6f72e301ef847fea3, name=Cetirizine, price=60, type=Tablet, category=Antihistamine}]
2023-07-04T16:23:41.172+05:30  INFO 4476 --- [http-nio-8090-exec-7] o.s.web.filter.OncePerRequestFilter      :  Header :  Bearer eyJhbGciOiJIUzUxMiJ9.eyJzdWIiOiJhZG1pbkBnbWFpbC5jb20iLCJpYXQiOjE2ODg0NjY1OTcsImV4cCI6MTY4ODQ4NDU5N30.LhHVE3BNYgjkFFSC7Zjvj-5L_eVcvbvUExJWJ0agzCb_wxmp-TolSqHsn43ttmGeiSwnG6pwJ9CJ3n72SXrl3A
2023-07-04T16:23:41.185+05:30  INFO 4476 --- [http-nio-8090-exec-7] c.p.A.Impl.DrugCatalogueServiceImpl      : [{id=648011f1029f637a5d28a7a7, name=Aspirin, price=50, type=Tablet, category=Aspirin is used to reduce fever}, {id=6480141f029f637a5d28a7ad, name=Amoxicillin, price=100, type=Capsule, category=Amoxicillin is a penicillin antibiotic}, {id=6480143d029f637a5d28a7af, name=Atorvastatin, price=130, type=Tablet, category=Cholesterol-lowering agent}, {id=6480144d029f637a5d28a7b0, name=Ibuprofen, price=200, type=Tablet, category=Nonsteroidal anti-inflammatory drug (NSAID)}, {id=648584915683641112507aa4, name=Paracetamol, price=120, type=Tablet, category=Pain reliever}, {id=64918f86f72e301ef847fea1, name=Lisinopril, price=80, type=Tablet, category=Antihypertensive}, {id=64918fa1f72e301ef847fea2, name=Metformin, price=70, type=Tablet, category=Antidiabetic}, {id=64918fb6f72e301ef847fea3, name=Cetirizine, price=60, type=Tablet, category=Antihistamine}]
2023-07-04T16:23:41.191+05:30  INFO 4476 --- [http-nio-8090-exec-6] o.s.web.filter.OncePerRequestFilter      :  Header :  Bearer eyJhbGciOiJIUzUxMiJ9.eyJzdWIiOiJhZG1pbkBnbWFpbC5jb20iLCJpYXQiOjE2ODg0NjY1OTcsImV4cCI6MTY4ODQ4NDU5N30.LhHVE3BNYgjkFFSC7Zjvj-5L_eVcvbvUExJWJ0agzCb_wxmp-TolSqHsn43ttmGeiSwnG6pwJ9CJ3n72SXrl3A
2023-07-04T16:23:41.205+05:30  INFO 4476 --- [http-nio-8090-exec-6] c.p.A.Impl.DrugCatalogueServiceImpl      : [{id=648011f1029f637a5d28a7a7, name=Aspirin, price=50, type=Tablet, category=Aspirin is used to reduce fever}, {id=6480141f029f637a5d28a7ad, name=Amoxicillin, price=100, type=Capsule, category=Amoxicillin is a penicillin antibiotic}, {id=6480143d029f637a5d28a7af, name=Atorvastatin, price=130, type=Tablet, category=Cholesterol-lowering agent}, {id=6480144d029f637a5d28a7b0, name=Ibuprofen, price=200, type=Tablet, category=Nonsteroidal anti-inflammatory drug (NSAID)}, {id=648584915683641112507aa4, name=Paracetamol, price=120, type=Tablet, category=Pain reliever}, {id=64918f86f72e301ef847fea1, name=Lisinopril, price=80, type=Tablet, category=Antihypertensive}, {id=64918fa1f72e301ef847fea2, name=Metformin, price=70, type=Tablet, category=Antidiabetic}, {id=64918fb6f72e301ef847fea3, name=Cetirizine, price=60, type=Tablet, category=Antihistamine}]
2023-07-04T16:23:49.322+05:30  INFO 4476 --- [http-nio-8090-exec-2] o.s.web.filter.OncePerRequestFilter      :  Header :  Bearer eyJhbGciOiJIUzUxMiJ9.eyJzdWIiOiJhZG1pbkBnbWFpbC5jb20iLCJpYXQiOjE2ODg0NjY1OTcsImV4cCI6MTY4ODQ4NDU5N30.LhHVE3BNYgjkFFSC7Zjvj-5L_eVcvbvUExJWJ0agzCb_wxmp-TolSqHsn43ttmGeiSwnG6pwJ9CJ3n72SXrl3A
2023-07-04T16:23:49.336+05:30  INFO 4476 --- [http-nio-8090-exec-5] o.s.web.filter.OncePerRequestFilter      :  Header :  Bearer eyJhbGciOiJIUzUxMiJ9.eyJzdWIiOiJhZG1pbkBnbWFpbC5jb20iLCJpYXQiOjE2ODg0NjY1OTcsImV4cCI6MTY4ODQ4NDU5N30.LhHVE3BNYgjkFFSC7Zjvj-5L_eVcvbvUExJWJ0agzCb_wxmp-TolSqHsn43ttmGeiSwnG6pwJ9CJ3n72SXrl3A
2023-07-04T16:23:49.341+05:30  INFO 4476 --- [http-nio-8090-exec-1] o.s.web.filter.OncePerRequestFilter      :  Header :  Bearer eyJhbGciOiJIUzUxMiJ9.eyJzdWIiOiJhZG1pbkBnbWFpbC5jb20iLCJpYXQiOjE2ODg0NjY1OTcsImV4cCI6MTY4ODQ4NDU5N30.LhHVE3BNYgjkFFSC7Zjvj-5L_eVcvbvUExJWJ0agzCb_wxmp-TolSqHsn43ttmGeiSwnG6pwJ9CJ3n72SXrl3A
2023-07-04T16:23:49.350+05:30  INFO 4476 --- [http-nio-8090-exec-3] o.s.web.filter.OncePerRequestFilter      :  Header :  Bearer eyJhbGciOiJIUzUxMiJ9.eyJzdWIiOiJhZG1pbkBnbWFpbC5jb20iLCJpYXQiOjE2ODg0NjY1OTcsImV4cCI6MTY4ODQ4NDU5N30.LhHVE3BNYgjkFFSC7Zjvj-5L_eVcvbvUExJWJ0agzCb_wxmp-TolSqHsn43ttmGeiSwnG6pwJ9CJ3n72SXrl3A
2023-07-04T16:23:49.354+05:30  INFO 4476 --- [http-nio-8090-exec-4] o.s.web.filter.OncePerRequestFilter      :  Header :  Bearer eyJhbGciOiJIUzUxMiJ9.eyJzdWIiOiJhZG1pbkBnbWFpbC5jb20iLCJpYXQiOjE2ODg0NjY1OTcsImV4cCI6MTY4ODQ4NDU5N30.LhHVE3BNYgjkFFSC7Zjvj-5L_eVcvbvUExJWJ0agzCb_wxmp-TolSqHsn43ttmGeiSwnG6pwJ9CJ3n72SXrl3A
2023-07-04T16:23:49.355+05:30  INFO 4476 --- [http-nio-8090-exec-8] o.s.web.filter.OncePerRequestFilter      :  Header :  Bearer eyJhbGciOiJIUzUxMiJ9.eyJzdWIiOiJhZG1pbkBnbWFpbC5jb20iLCJpYXQiOjE2ODg0NjY1OTcsImV4cCI6MTY4ODQ4NDU5N30.LhHVE3BNYgjkFFSC7Zjvj-5L_eVcvbvUExJWJ0agzCb_wxmp-TolSqHsn43ttmGeiSwnG6pwJ9CJ3n72SXrl3A
2023-07-04T16:23:49.356+05:30  INFO 4476 --- [http-nio-8090-exec-9] o.s.web.filter.OncePerRequestFilter      :  Header :  Bearer eyJhbGciOiJIUzUxMiJ9.eyJzdWIiOiJhZG1pbkBnbWFpbC5jb20iLCJpYXQiOjE2ODg0NjY1OTcsImV4cCI6MTY4ODQ4NDU5N30.LhHVE3BNYgjkFFSC7Zjvj-5L_eVcvbvUExJWJ0agzCb_wxmp-TolSqHsn43ttmGeiSwnG6pwJ9CJ3n72SXrl3A
2023-07-04T16:23:49.374+05:30  INFO 4476 --- [http-nio-8090-exec-10] o.s.web.filter.OncePerRequestFilter      :  Header :  Bearer eyJhbGciOiJIUzUxMiJ9.eyJzdWIiOiJhZG1pbkBnbWFpbC5jb20iLCJpYXQiOjE2ODg0NjY1OTcsImV4cCI6MTY4ODQ4NDU5N30.LhHVE3BNYgjkFFSC7Zjvj-5L_eVcvbvUExJWJ0agzCb_wxmp-TolSqHsn43ttmGeiSwnG6pwJ9CJ3n72SXrl3A
2023-07-04T16:23:49.402+05:30  INFO 4476 --- [http-nio-8090-exec-3] c.p.A.Impl.DrugCatalogueServiceImpl      : [{id=648011f1029f637a5d28a7a7, name=Aspirin, price=50, type=Tablet, category=Aspirin is used to reduce fever}, {id=6480141f029f637a5d28a7ad, name=Amoxicillin, price=100, type=Capsule, category=Amoxicillin is a penicillin antibiotic}, {id=6480143d029f637a5d28a7af, name=Atorvastatin, price=130, type=Tablet, category=Cholesterol-lowering agent}, {id=6480144d029f637a5d28a7b0, name=Ibuprofen, price=200, type=Tablet, category=Nonsteroidal anti-inflammatory drug (NSAID)}, {id=648584915683641112507aa4, name=Paracetamol, price=120, type=Tablet, category=Pain reliever}, {id=64918f86f72e301ef847fea1, name=Lisinopril, price=80, type=Tablet, category=Antihypertensive}, {id=64918fa1f72e301ef847fea2, name=Metformin, price=70, type=Tablet, category=Antidiabetic}, {id=64918fb6f72e301ef847fea3, name=Cetirizine, price=60, type=Tablet, category=Antihistamine}]
2023-07-04T16:23:49.403+05:30  INFO 4476 --- [http-nio-8090-exec-3] o.s.web.filter.OncePerRequestFilter      :  Header :  Bearer eyJhbGciOiJIUzUxMiJ9.eyJzdWIiOiJhZG1pbkBnbWFpbC5jb20iLCJpYXQiOjE2ODg0NjY1OTcsImV4cCI6MTY4ODQ4NDU5N30.LhHVE3BNYgjkFFSC7Zjvj-5L_eVcvbvUExJWJ0agzCb_wxmp-TolSqHsn43ttmGeiSwnG6pwJ9CJ3n72SXrl3A
2023-07-04T16:23:49.405+05:30  INFO 4476 --- [http-nio-8090-exec-7] o.s.web.filter.OncePerRequestFilter      :  Header :  Bearer eyJhbGciOiJIUzUxMiJ9.eyJzdWIiOiJhZG1pbkBnbWFpbC5jb20iLCJpYXQiOjE2ODg0NjY1OTcsImV4cCI6MTY4ODQ4NDU5N30.LhHVE3BNYgjkFFSC7Zjvj-5L_eVcvbvUExJWJ0agzCb_wxmp-TolSqHsn43ttmGeiSwnG6pwJ9CJ3n72SXrl3A
2023-07-04T16:23:49.411+05:30  INFO 4476 --- [http-nio-8090-exec-6] o.s.web.filter.OncePerRequestFilter      :  Header :  Bearer eyJhbGciOiJIUzUxMiJ9.eyJzdWIiOiJhZG1pbkBnbWFpbC5jb20iLCJpYXQiOjE2ODg0NjY1OTcsImV4cCI6MTY4ODQ4NDU5N30.LhHVE3BNYgjkFFSC7Zjvj-5L_eVcvbvUExJWJ0agzCb_wxmp-TolSqHsn43ttmGeiSwnG6pwJ9CJ3n72SXrl3A
2023-07-04T16:23:49.418+05:30  INFO 4476 --- [http-nio-8090-exec-3] o.s.web.filter.OncePerRequestFilter      :  Header :  Bearer eyJhbGciOiJIUzUxMiJ9.eyJzdWIiOiJhZG1pbkBnbWFpbC5jb20iLCJpYXQiOjE2ODg0NjY1OTcsImV4cCI6MTY4ODQ4NDU5N30.LhHVE3BNYgjkFFSC7Zjvj-5L_eVcvbvUExJWJ0agzCb_wxmp-TolSqHsn43ttmGeiSwnG6pwJ9CJ3n72SXrl3A
2023-07-04T16:23:49.426+05:30  INFO 4476 --- [http-nio-8090-exec-7] o.s.web.filter.OncePerRequestFilter      :  Header :  Bearer eyJhbGciOiJIUzUxMiJ9.eyJzdWIiOiJhZG1pbkBnbWFpbC5jb20iLCJpYXQiOjE2ODg0NjY1OTcsImV4cCI6MTY4ODQ4NDU5N30.LhHVE3BNYgjkFFSC7Zjvj-5L_eVcvbvUExJWJ0agzCb_wxmp-TolSqHsn43ttmGeiSwnG6pwJ9CJ3n72SXrl3A
2023-07-04T16:23:49.447+05:30  INFO 4476 --- [http-nio-8090-exec-7] c.p.A.Impl.DrugCatalogueServiceImpl      : [{id=648011f1029f637a5d28a7a7, name=Aspirin, price=50, type=Tablet, category=Aspirin is used to reduce fever}, {id=6480141f029f637a5d28a7ad, name=Amoxicillin, price=100, type=Capsule, category=Amoxicillin is a penicillin antibiotic}, {id=6480143d029f637a5d28a7af, name=Atorvastatin, price=130, type=Tablet, category=Cholesterol-lowering agent}, {id=6480144d029f637a5d28a7b0, name=Ibuprofen, price=200, type=Tablet, category=Nonsteroidal anti-inflammatory drug (NSAID)}, {id=648584915683641112507aa4, name=Paracetamol, price=120, type=Tablet, category=Pain reliever}, {id=64918f86f72e301ef847fea1, name=Lisinopril, price=80, type=Tablet, category=Antihypertensive}, {id=64918fa1f72e301ef847fea2, name=Metformin, price=70, type=Tablet, category=Antidiabetic}, {id=64918fb6f72e301ef847fea3, name=Cetirizine, price=60, type=Tablet, category=Antihistamine}]
2023-07-04T16:23:49.447+05:30  INFO 4476 --- [http-nio-8090-exec-1] o.s.web.filter.OncePerRequestFilter      :  Header :  Bearer eyJhbGciOiJIUzUxMiJ9.eyJzdWIiOiJhZG1pbkBnbWFpbC5jb20iLCJpYXQiOjE2ODg0NjY1OTcsImV4cCI6MTY4ODQ4NDU5N30.LhHVE3BNYgjkFFSC7Zjvj-5L_eVcvbvUExJWJ0agzCb_wxmp-TolSqHsn43ttmGeiSwnG6pwJ9CJ3n72SXrl3A
2023-07-04T16:23:51.438+05:30  INFO 4476 --- [http-nio-8090-exec-4] o.s.web.filter.OncePerRequestFilter      :  Header :  Bearer eyJhbGciOiJIUzUxMiJ9.eyJzdWIiOiJhZG1pbkBnbWFpbC5jb20iLCJpYXQiOjE2ODg0NjY1OTcsImV4cCI6MTY4ODQ4NDU5N30.LhHVE3BNYgjkFFSC7Zjvj-5L_eVcvbvUExJWJ0agzCb_wxmp-TolSqHsn43ttmGeiSwnG6pwJ9CJ3n72SXrl3A
2023-07-04T16:23:51.450+05:30  INFO 4476 --- [http-nio-8090-exec-4] c.p.A.Impl.DrugCatalogueServiceImpl      : [{id=648011f1029f637a5d28a7a7, name=Aspirin, price=50, type=Tablet, category=Aspirin is used to reduce fever}, {id=6480141f029f637a5d28a7ad, name=Amoxicillin, price=100, type=Capsule, category=Amoxicillin is a penicillin antibiotic}, {id=6480143d029f637a5d28a7af, name=Atorvastatin, price=130, type=Tablet, category=Cholesterol-lowering agent}, {id=6480144d029f637a5d28a7b0, name=Ibuprofen, price=200, type=Tablet, category=Nonsteroidal anti-inflammatory drug (NSAID)}, {id=648584915683641112507aa4, name=Paracetamol, price=120, type=Tablet, category=Pain reliever}, {id=64918f86f72e301ef847fea1, name=Lisinopril, price=80, type=Tablet, category=Antihypertensive}, {id=64918fa1f72e301ef847fea2, name=Metformin, price=70, type=Tablet, category=Antidiabetic}, {id=64918fb6f72e301ef847fea3, name=Cetirizine, price=60, type=Tablet, category=Antihistamine}]
2023-07-04T16:23:51.457+05:30  INFO 4476 --- [http-nio-8090-exec-9] o.s.web.filter.OncePerRequestFilter      :  Header :  Bearer eyJhbGciOiJIUzUxMiJ9.eyJzdWIiOiJhZG1pbkBnbWFpbC5jb20iLCJpYXQiOjE2ODg0NjY1OTcsImV4cCI6MTY4ODQ4NDU5N30.LhHVE3BNYgjkFFSC7Zjvj-5L_eVcvbvUExJWJ0agzCb_wxmp-TolSqHsn43ttmGeiSwnG6pwJ9CJ3n72SXrl3A
2023-07-04T16:23:51.469+05:30  INFO 4476 --- [http-nio-8090-exec-9] c.p.A.Impl.DrugCatalogueServiceImpl      : [{id=648011f1029f637a5d28a7a7, name=Aspirin, price=50, type=Tablet, category=Aspirin is used to reduce fever}, {id=6480141f029f637a5d28a7ad, name=Amoxicillin, price=100, type=Capsule, category=Amoxicillin is a penicillin antibiotic}, {id=6480143d029f637a5d28a7af, name=Atorvastatin, price=130, type=Tablet, category=Cholesterol-lowering agent}, {id=6480144d029f637a5d28a7b0, name=Ibuprofen, price=200, type=Tablet, category=Nonsteroidal anti-inflammatory drug (NSAID)}, {id=648584915683641112507aa4, name=Paracetamol, price=120, type=Tablet, category=Pain reliever}, {id=64918f86f72e301ef847fea1, name=Lisinopril, price=80, type=Tablet, category=Antihypertensive}, {id=64918fa1f72e301ef847fea2, name=Metformin, price=70, type=Tablet, category=Antidiabetic}, {id=64918fb6f72e301ef847fea3, name=Cetirizine, price=60, type=Tablet, category=Antihistamine}]
2023-07-04T16:24:31.589+05:30  INFO 4476 --- [AsyncResolver-bootstrap-executor-0] c.n.d.s.r.aws.ConfigClusterResolver      : Resolving eureka endpoints via configuration
2023-07-04T16:24:37.132+05:30  INFO 4476 --- [http-nio-8090-exec-2] o.s.web.filter.OncePerRequestFilter      :  Header :  Bearer eyJhbGciOiJIUzUxMiJ9.eyJzdWIiOiJhZG1pbkBnbWFpbC5jb20iLCJpYXQiOjE2ODg0NjY1OTcsImV4cCI6MTY4ODQ4NDU5N30.LhHVE3BNYgjkFFSC7Zjvj-5L_eVcvbvUExJWJ0agzCb_wxmp-TolSqHsn43ttmGeiSwnG6pwJ9CJ3n72SXrl3A
2023-07-04T16:24:37.161+05:30  INFO 4476 --- [http-nio-8090-exec-5] o.s.web.filter.OncePerRequestFilter      :  Header :  Bearer eyJhbGciOiJIUzUxMiJ9.eyJzdWIiOiJhZG1pbkBnbWFpbC5jb20iLCJpYXQiOjE2ODg0NjY1OTcsImV4cCI6MTY4ODQ4NDU5N30.LhHVE3BNYgjkFFSC7Zjvj-5L_eVcvbvUExJWJ0agzCb_wxmp-TolSqHsn43ttmGeiSwnG6pwJ9CJ3n72SXrl3A
2023-07-04T16:24:37.176+05:30  INFO 4476 --- [http-nio-8090-exec-5] o.s.web.filter.OncePerRequestFilter      :  Header :  Bearer eyJhbGciOiJIUzUxMiJ9.eyJzdWIiOiJhZG1pbkBnbWFpbC5jb20iLCJpYXQiOjE2ODg0NjY1OTcsImV4cCI6MTY4ODQ4NDU5N30.LhHVE3BNYgjkFFSC7Zjvj-5L_eVcvbvUExJWJ0agzCb_wxmp-TolSqHsn43ttmGeiSwnG6pwJ9CJ3n72SXrl3A
2023-07-04T16:24:37.178+05:30  INFO 4476 --- [http-nio-8090-exec-6] o.s.web.filter.OncePerRequestFilter      :  Header :  Bearer eyJhbGciOiJIUzUxMiJ9.eyJzdWIiOiJhZG1pbkBnbWFpbC5jb20iLCJpYXQiOjE2ODg0NjY1OTcsImV4cCI6MTY4ODQ4NDU5N30.LhHVE3BNYgjkFFSC7Zjvj-5L_eVcvbvUExJWJ0agzCb_wxmp-TolSqHsn43ttmGeiSwnG6pwJ9CJ3n72SXrl3A
2023-07-04T16:24:37.185+05:30  INFO 4476 --- [http-nio-8090-exec-10] o.s.web.filter.OncePerRequestFilter      :  Header :  Bearer eyJhbGciOiJIUzUxMiJ9.eyJzdWIiOiJhZG1pbkBnbWFpbC5jb20iLCJpYXQiOjE2ODg0NjY1OTcsImV4cCI6MTY4ODQ4NDU5N30.LhHVE3BNYgjkFFSC7Zjvj-5L_eVcvbvUExJWJ0agzCb_wxmp-TolSqHsn43ttmGeiSwnG6pwJ9CJ3n72SXrl3A
2023-07-04T16:24:37.186+05:30  INFO 4476 --- [http-nio-8090-exec-8] o.s.web.filter.OncePerRequestFilter      :  Header :  Bearer eyJhbGciOiJIUzUxMiJ9.eyJzdWIiOiJhZG1pbkBnbWFpbC5jb20iLCJpYXQiOjE2ODg0NjY1OTcsImV4cCI6MTY4ODQ4NDU5N30.LhHVE3BNYgjkFFSC7Zjvj-5L_eVcvbvUExJWJ0agzCb_wxmp-TolSqHsn43ttmGeiSwnG6pwJ9CJ3n72SXrl3A
2023-07-04T16:24:37.187+05:30  INFO 4476 --- [http-nio-8090-exec-7] o.s.web.filter.OncePerRequestFilter      :  Header :  Bearer eyJhbGciOiJIUzUxMiJ9.eyJzdWIiOiJhZG1pbkBnbWFpbC5jb20iLCJpYXQiOjE2ODg0NjY1OTcsImV4cCI6MTY4ODQ4NDU5N30.LhHVE3BNYgjkFFSC7Zjvj-5L_eVcvbvUExJWJ0agzCb_wxmp-TolSqHsn43ttmGeiSwnG6pwJ9CJ3n72SXrl3A
2023-07-04T16:24:37.186+05:30  INFO 4476 --- [http-nio-8090-exec-3] o.s.web.filter.OncePerRequestFilter      :  Header :  Bearer eyJhbGciOiJIUzUxMiJ9.eyJzdWIiOiJhZG1pbkBnbWFpbC5jb20iLCJpYXQiOjE2ODg0NjY1OTcsImV4cCI6MTY4ODQ4NDU5N30.LhHVE3BNYgjkFFSC7Zjvj-5L_eVcvbvUExJWJ0agzCb_wxmp-TolSqHsn43ttmGeiSwnG6pwJ9CJ3n72SXrl3A
2023-07-04T16:24:37.200+05:30  INFO 4476 --- [http-nio-8090-exec-4] o.s.web.filter.OncePerRequestFilter      :  Header :  Bearer eyJhbGciOiJIUzUxMiJ9.eyJzdWIiOiJhZG1pbkBnbWFpbC5jb20iLCJpYXQiOjE2ODg0NjY1OTcsImV4cCI6MTY4ODQ4NDU5N30.LhHVE3BNYgjkFFSC7Zjvj-5L_eVcvbvUExJWJ0agzCb_wxmp-TolSqHsn43ttmGeiSwnG6pwJ9CJ3n72SXrl3A
2023-07-04T16:24:37.203+05:30  INFO 4476 --- [http-nio-8090-exec-6] c.p.A.Impl.DrugCatalogueServiceImpl      : [{id=648011f1029f637a5d28a7a7, name=Aspirin, price=50, type=Tablet, category=Aspirin is used to reduce fever}, {id=6480141f029f637a5d28a7ad, name=Amoxicillin, price=100, type=Capsule, category=Amoxicillin is a penicillin antibiotic}, {id=6480143d029f637a5d28a7af, name=Atorvastatin, price=130, type=Tablet, category=Cholesterol-lowering agent}, {id=6480144d029f637a5d28a7b0, name=Ibuprofen, price=200, type=Tablet, category=Nonsteroidal anti-inflammatory drug (NSAID)}, {id=648584915683641112507aa4, name=Paracetamol, price=120, type=Tablet, category=Pain reliever}, {id=64918f86f72e301ef847fea1, name=Lisinopril, price=80, type=Tablet, category=Antihypertensive}, {id=64918fa1f72e301ef847fea2, name=Metformin, price=70, type=Tablet, category=Antidiabetic}, {id=64918fb6f72e301ef847fea3, name=Cetirizine, price=60, type=Tablet, category=Antihistamine}]
2023-07-04T16:24:37.208+05:30  INFO 4476 --- [http-nio-8090-exec-9] o.s.web.filter.OncePerRequestFilter      :  Header :  Bearer eyJhbGciOiJIUzUxMiJ9.eyJzdWIiOiJhZG1pbkBnbWFpbC5jb20iLCJpYXQiOjE2ODg0NjY1OTcsImV4cCI6MTY4ODQ4NDU5N30.LhHVE3BNYgjkFFSC7Zjvj-5L_eVcvbvUExJWJ0agzCb_wxmp-TolSqHsn43ttmGeiSwnG6pwJ9CJ3n72SXrl3A
2023-07-04T16:24:37.221+05:30  INFO 4476 --- [http-nio-8090-exec-2] o.s.web.filter.OncePerRequestFilter      :  Header :  Bearer eyJhbGciOiJIUzUxMiJ9.eyJzdWIiOiJhZG1pbkBnbWFpbC5jb20iLCJpYXQiOjE2ODg0NjY1OTcsImV4cCI6MTY4ODQ4NDU5N30.LhHVE3BNYgjkFFSC7Zjvj-5L_eVcvbvUExJWJ0agzCb_wxmp-TolSqHsn43ttmGeiSwnG6pwJ9CJ3n72SXrl3A
2023-07-04T16:24:37.221+05:30  INFO 4476 --- [http-nio-8090-exec-1] o.s.web.filter.OncePerRequestFilter      :  Header :  Bearer eyJhbGciOiJIUzUxMiJ9.eyJzdWIiOiJhZG1pbkBnbWFpbC5jb20iLCJpYXQiOjE2ODg0NjY1OTcsImV4cCI6MTY4ODQ4NDU5N30.LhHVE3BNYgjkFFSC7Zjvj-5L_eVcvbvUExJWJ0agzCb_wxmp-TolSqHsn43ttmGeiSwnG6pwJ9CJ3n72SXrl3A
2023-07-04T16:24:37.237+05:30  INFO 4476 --- [http-nio-8090-exec-2] c.p.A.Impl.DrugCatalogueServiceImpl      : [{id=648011f1029f637a5d28a7a7, name=Aspirin, price=50, type=Tablet, category=Aspirin is used to reduce fever}, {id=6480141f029f637a5d28a7ad, name=Amoxicillin, price=100, type=Capsule, category=Amoxicillin is a penicillin antibiotic}, {id=6480143d029f637a5d28a7af, name=Atorvastatin, price=130, type=Tablet, category=Cholesterol-lowering agent}, {id=6480144d029f637a5d28a7b0, name=Ibuprofen, price=200, type=Tablet, category=Nonsteroidal anti-inflammatory drug (NSAID)}, {id=648584915683641112507aa4, name=Paracetamol, price=120, type=Tablet, category=Pain reliever}, {id=64918f86f72e301ef847fea1, name=Lisinopril, price=80, type=Tablet, category=Antihypertensive}, {id=64918fa1f72e301ef847fea2, name=Metformin, price=70, type=Tablet, category=Antidiabetic}, {id=64918fb6f72e301ef847fea3, name=Cetirizine, price=60, type=Tablet, category=Antihistamine}]
2023-07-04T16:24:37.241+05:30  INFO 4476 --- [http-nio-8090-exec-5] o.s.web.filter.OncePerRequestFilter      :  Header :  Bearer eyJhbGciOiJIUzUxMiJ9.eyJzdWIiOiJhZG1pbkBnbWFpbC5jb20iLCJpYXQiOjE2ODg0NjY1OTcsImV4cCI6MTY4ODQ4NDU5N30.LhHVE3BNYgjkFFSC7Zjvj-5L_eVcvbvUExJWJ0agzCb_wxmp-TolSqHsn43ttmGeiSwnG6pwJ9CJ3n72SXrl3A
2023-07-04T16:24:37.245+05:30  INFO 4476 --- [http-nio-8090-exec-6] o.s.web.filter.OncePerRequestFilter      :  Header :  Bearer eyJhbGciOiJIUzUxMiJ9.eyJzdWIiOiJhZG1pbkBnbWFpbC5jb20iLCJpYXQiOjE2ODg0NjY1OTcsImV4cCI6MTY4ODQ4NDU5N30.LhHVE3BNYgjkFFSC7Zjvj-5L_eVcvbvUExJWJ0agzCb_wxmp-TolSqHsn43ttmGeiSwnG6pwJ9CJ3n72SXrl3A
2023-07-04T16:24:40.831+05:30  INFO 4476 --- [http-nio-8090-exec-8] o.s.web.filter.OncePerRequestFilter      :  Header :  Bearer eyJhbGciOiJIUzUxMiJ9.eyJzdWIiOiJhZG1pbkBnbWFpbC5jb20iLCJpYXQiOjE2ODg0NjY1OTcsImV4cCI6MTY4ODQ4NDU5N30.LhHVE3BNYgjkFFSC7Zjvj-5L_eVcvbvUExJWJ0agzCb_wxmp-TolSqHsn43ttmGeiSwnG6pwJ9CJ3n72SXrl3A
2023-07-04T16:24:40.844+05:30  INFO 4476 --- [http-nio-8090-exec-7] o.s.web.filter.OncePerRequestFilter      :  Header :  Bearer eyJhbGciOiJIUzUxMiJ9.eyJzdWIiOiJhZG1pbkBnbWFpbC5jb20iLCJpYXQiOjE2ODg0NjY1OTcsImV4cCI6MTY4ODQ4NDU5N30.LhHVE3BNYgjkFFSC7Zjvj-5L_eVcvbvUExJWJ0agzCb_wxmp-TolSqHsn43ttmGeiSwnG6pwJ9CJ3n72SXrl3A
2023-07-04T16:24:42.420+05:30  INFO 4476 --- [http-nio-8090-exec-10] o.s.web.filter.OncePerRequestFilter      :  Header :  Bearer eyJhbGciOiJIUzUxMiJ9.eyJzdWIiOiJhZG1pbkBnbWFpbC5jb20iLCJpYXQiOjE2ODg0NjY1OTcsImV4cCI6MTY4ODQ4NDU5N30.LhHVE3BNYgjkFFSC7Zjvj-5L_eVcvbvUExJWJ0agzCb_wxmp-TolSqHsn43ttmGeiSwnG6pwJ9CJ3n72SXrl3A
2023-07-04T16:24:42.446+05:30  INFO 4476 --- [http-nio-8090-exec-3] o.s.web.filter.OncePerRequestFilter      :  Header :  Bearer eyJhbGciOiJIUzUxMiJ9.eyJzdWIiOiJhZG1pbkBnbWFpbC5jb20iLCJpYXQiOjE2ODg0NjY1OTcsImV4cCI6MTY4ODQ4NDU5N30.LhHVE3BNYgjkFFSC7Zjvj-5L_eVcvbvUExJWJ0agzCb_wxmp-TolSqHsn43ttmGeiSwnG6pwJ9CJ3n72SXrl3A
2023-07-04T16:24:42.446+05:30  INFO 4476 --- [http-nio-8090-exec-4] o.s.web.filter.OncePerRequestFilter      :  Header :  Bearer eyJhbGciOiJIUzUxMiJ9.eyJzdWIiOiJhZG1pbkBnbWFpbC5jb20iLCJpYXQiOjE2ODg0NjY1OTcsImV4cCI6MTY4ODQ4NDU5N30.LhHVE3BNYgjkFFSC7Zjvj-5L_eVcvbvUExJWJ0agzCb_wxmp-TolSqHsn43ttmGeiSwnG6pwJ9CJ3n72SXrl3A
2023-07-04T16:24:42.447+05:30  INFO 4476 --- [http-nio-8090-exec-9] o.s.web.filter.OncePerRequestFilter      :  Header :  Bearer eyJhbGciOiJIUzUxMiJ9.eyJzdWIiOiJhZG1pbkBnbWFpbC5jb20iLCJpYXQiOjE2ODg0NjY1OTcsImV4cCI6MTY4ODQ4NDU5N30.LhHVE3BNYgjkFFSC7Zjvj-5L_eVcvbvUExJWJ0agzCb_wxmp-TolSqHsn43ttmGeiSwnG6pwJ9CJ3n72SXrl3A
2023-07-04T16:24:42.448+05:30  INFO 4476 --- [http-nio-8090-exec-2] o.s.web.filter.OncePerRequestFilter      :  Header :  Bearer eyJhbGciOiJIUzUxMiJ9.eyJzdWIiOiJhZG1pbkBnbWFpbC5jb20iLCJpYXQiOjE2ODg0NjY1OTcsImV4cCI6MTY4ODQ4NDU5N30.LhHVE3BNYgjkFFSC7Zjvj-5L_eVcvbvUExJWJ0agzCb_wxmp-TolSqHsn43ttmGeiSwnG6pwJ9CJ3n72SXrl3A
2023-07-04T16:24:42.448+05:30  INFO 4476 --- [http-nio-8090-exec-1] o.s.web.filter.OncePerRequestFilter      :  Header :  Bearer eyJhbGciOiJIUzUxMiJ9.eyJzdWIiOiJhZG1pbkBnbWFpbC5jb20iLCJpYXQiOjE2ODg0NjY1OTcsImV4cCI6MTY4ODQ4NDU5N30.LhHVE3BNYgjkFFSC7Zjvj-5L_eVcvbvUExJWJ0agzCb_wxmp-TolSqHsn43ttmGeiSwnG6pwJ9CJ3n72SXrl3A
2023-07-04T16:24:42.449+05:30  INFO 4476 --- [http-nio-8090-exec-5] o.s.web.filter.OncePerRequestFilter      :  Header :  Bearer eyJhbGciOiJIUzUxMiJ9.eyJzdWIiOiJhZG1pbkBnbWFpbC5jb20iLCJpYXQiOjE2ODg0NjY1OTcsImV4cCI6MTY4ODQ4NDU5N30.LhHVE3BNYgjkFFSC7Zjvj-5L_eVcvbvUExJWJ0agzCb_wxmp-TolSqHsn43ttmGeiSwnG6pwJ9CJ3n72SXrl3A
2023-07-04T16:24:42.464+05:30  INFO 4476 --- [http-nio-8090-exec-1] c.p.A.Impl.DrugCatalogueServiceImpl      : [{id=648011f1029f637a5d28a7a7, name=Aspirin, price=50, type=Tablet, category=Aspirin is used to reduce fever}, {id=6480141f029f637a5d28a7ad, name=Amoxicillin, price=100, type=Capsule, category=Amoxicillin is a penicillin antibiotic}, {id=6480143d029f637a5d28a7af, name=Atorvastatin, price=130, type=Tablet, category=Cholesterol-lowering agent}, {id=6480144d029f637a5d28a7b0, name=Ibuprofen, price=200, type=Tablet, category=Nonsteroidal anti-inflammatory drug (NSAID)}, {id=648584915683641112507aa4, name=Paracetamol, price=120, type=Tablet, category=Pain reliever}, {id=64918f86f72e301ef847fea1, name=Lisinopril, price=80, type=Tablet, category=Antihypertensive}, {id=64918fa1f72e301ef847fea2, name=Metformin, price=70, type=Tablet, category=Antidiabetic}, {id=64918fb6f72e301ef847fea3, name=Cetirizine, price=60, type=Tablet, category=Antihistamine}]
2023-07-04T16:24:42.473+05:30  INFO 4476 --- [http-nio-8090-exec-6] o.s.web.filter.OncePerRequestFilter      :  Header :  Bearer eyJhbGciOiJIUzUxMiJ9.eyJzdWIiOiJhZG1pbkBnbWFpbC5jb20iLCJpYXQiOjE2ODg0NjY1OTcsImV4cCI6MTY4ODQ4NDU5N30.LhHVE3BNYgjkFFSC7Zjvj-5L_eVcvbvUExJWJ0agzCb_wxmp-TolSqHsn43ttmGeiSwnG6pwJ9CJ3n72SXrl3A
2023-07-04T16:24:42.474+05:30  INFO 4476 --- [http-nio-8090-exec-8] o.s.web.filter.OncePerRequestFilter      :  Header :  Bearer eyJhbGciOiJIUzUxMiJ9.eyJzdWIiOiJhZG1pbkBnbWFpbC5jb20iLCJpYXQiOjE2ODg0NjY1OTcsImV4cCI6MTY4ODQ4NDU5N30.LhHVE3BNYgjkFFSC7Zjvj-5L_eVcvbvUExJWJ0agzCb_wxmp-TolSqHsn43ttmGeiSwnG6pwJ9CJ3n72SXrl3A
2023-07-04T16:24:42.478+05:30  INFO 4476 --- [http-nio-8090-exec-5] o.s.web.filter.OncePerRequestFilter      :  Header :  Bearer eyJhbGciOiJIUzUxMiJ9.eyJzdWIiOiJhZG1pbkBnbWFpbC5jb20iLCJpYXQiOjE2ODg0NjY1OTcsImV4cCI6MTY4ODQ4NDU5N30.LhHVE3BNYgjkFFSC7Zjvj-5L_eVcvbvUExJWJ0agzCb_wxmp-TolSqHsn43ttmGeiSwnG6pwJ9CJ3n72SXrl3A
2023-07-04T16:24:42.486+05:30  INFO 4476 --- [http-nio-8090-exec-2] o.s.web.filter.OncePerRequestFilter      :  Header :  Bearer eyJhbGciOiJIUzUxMiJ9.eyJzdWIiOiJhZG1pbkBnbWFpbC5jb20iLCJpYXQiOjE2ODg0NjY1OTcsImV4cCI6MTY4ODQ4NDU5N30.LhHVE3BNYgjkFFSC7Zjvj-5L_eVcvbvUExJWJ0agzCb_wxmp-TolSqHsn43ttmGeiSwnG6pwJ9CJ3n72SXrl3A
2023-07-04T16:24:42.487+05:30  INFO 4476 --- [http-nio-8090-exec-8] c.p.A.Impl.DrugCatalogueServiceImpl      : [{id=648011f1029f637a5d28a7a7, name=Aspirin, price=50, type=Tablet, category=Aspirin is used to reduce fever}, {id=6480141f029f637a5d28a7ad, name=Amoxicillin, price=100, type=Capsule, category=Amoxicillin is a penicillin antibiotic}, {id=6480143d029f637a5d28a7af, name=Atorvastatin, price=130, type=Tablet, category=Cholesterol-lowering agent}, {id=6480144d029f637a5d28a7b0, name=Ibuprofen, price=200, type=Tablet, category=Nonsteroidal anti-inflammatory drug (NSAID)}, {id=648584915683641112507aa4, name=Paracetamol, price=120, type=Tablet, category=Pain reliever}, {id=64918f86f72e301ef847fea1, name=Lisinopril, price=80, type=Tablet, category=Antihypertensive}, {id=64918fa1f72e301ef847fea2, name=Metformin, price=70, type=Tablet, category=Antidiabetic}, {id=64918fb6f72e301ef847fea3, name=Cetirizine, price=60, type=Tablet, category=Antihistamine}]
2023-07-04T16:24:42.497+05:30  INFO 4476 --- [http-nio-8090-exec-10] o.s.web.filter.OncePerRequestFilter      :  Header :  Bearer eyJhbGciOiJIUzUxMiJ9.eyJzdWIiOiJhZG1pbkBnbWFpbC5jb20iLCJpYXQiOjE2ODg0NjY1OTcsImV4cCI6MTY4ODQ4NDU5N30.LhHVE3BNYgjkFFSC7Zjvj-5L_eVcvbvUExJWJ0agzCb_wxmp-TolSqHsn43ttmGeiSwnG6pwJ9CJ3n72SXrl3A
2023-07-04T16:24:42.511+05:30  INFO 4476 --- [http-nio-8090-exec-1] o.s.web.filter.OncePerRequestFilter      :  Header :  Bearer eyJhbGciOiJIUzUxMiJ9.eyJzdWIiOiJhZG1pbkBnbWFpbC5jb20iLCJpYXQiOjE2ODg0NjY1OTcsImV4cCI6MTY4ODQ4NDU5N30.LhHVE3BNYgjkFFSC7Zjvj-5L_eVcvbvUExJWJ0agzCb_wxmp-TolSqHsn43ttmGeiSwnG6pwJ9CJ3n72SXrl3A
2023-07-04T16:24:42.538+05:30  INFO 4476 --- [http-nio-8090-exec-9] o.s.web.filter.OncePerRequestFilter      :  Header :  Bearer eyJhbGciOiJIUzUxMiJ9.eyJzdWIiOiJhZG1pbkBnbWFpbC5jb20iLCJpYXQiOjE2ODg0NjY1OTcsImV4cCI6MTY4ODQ4NDU5N30.LhHVE3BNYgjkFFSC7Zjvj-5L_eVcvbvUExJWJ0agzCb_wxmp-TolSqHsn43ttmGeiSwnG6pwJ9CJ3n72SXrl3A
2023-07-04T16:24:43.747+05:30  INFO 4476 --- [http-nio-8090-exec-3] o.s.web.filter.OncePerRequestFilter      :  Header :  Bearer eyJhbGciOiJIUzUxMiJ9.eyJzdWIiOiJhZG1pbkBnbWFpbC5jb20iLCJpYXQiOjE2ODg0NjY1OTcsImV4cCI6MTY4ODQ4NDU5N30.LhHVE3BNYgjkFFSC7Zjvj-5L_eVcvbvUExJWJ0agzCb_wxmp-TolSqHsn43ttmGeiSwnG6pwJ9CJ3n72SXrl3A
2023-07-04T16:24:43.759+05:30  INFO 4476 --- [http-nio-8090-exec-7] o.s.web.filter.OncePerRequestFilter      :  Header :  Bearer eyJhbGciOiJIUzUxMiJ9.eyJzdWIiOiJhZG1pbkBnbWFpbC5jb20iLCJpYXQiOjE2ODg0NjY1OTcsImV4cCI6MTY4ODQ4NDU5N30.LhHVE3BNYgjkFFSC7Zjvj-5L_eVcvbvUExJWJ0agzCb_wxmp-TolSqHsn43ttmGeiSwnG6pwJ9CJ3n72SXrl3A
2023-07-04T16:24:47.175+05:30  INFO 4476 --- [http-nio-8090-exec-5] o.s.web.filter.OncePerRequestFilter      :  Header :  Bearer eyJhbGciOiJIUzUxMiJ9.eyJzdWIiOiJhZG1pbkBnbWFpbC5jb20iLCJpYXQiOjE2ODg0NjY1OTcsImV4cCI6MTY4ODQ4NDU5N30.LhHVE3BNYgjkFFSC7Zjvj-5L_eVcvbvUExJWJ0agzCb_wxmp-TolSqHsn43ttmGeiSwnG6pwJ9CJ3n72SXrl3A
2023-07-04T16:24:49.350+05:30  INFO 4476 --- [http-nio-8090-exec-8] o.s.web.filter.OncePerRequestFilter      :  Header :  Bearer eyJhbGciOiJIUzUxMiJ9.eyJzdWIiOiJhZG1pbkBnbWFpbC5jb20iLCJpYXQiOjE2ODg0NjY1OTcsImV4cCI6MTY4ODQ4NDU5N30.LhHVE3BNYgjkFFSC7Zjvj-5L_eVcvbvUExJWJ0agzCb_wxmp-TolSqHsn43ttmGeiSwnG6pwJ9CJ3n72SXrl3A
2023-07-04T16:25:15.836+05:30  INFO 4476 --- [http-nio-8090-exec-6] o.s.web.filter.OncePerRequestFilter      :  Header :  Bearer eyJhbGciOiJIUzUxMiJ9.eyJzdWIiOiJhZG1pbkBnbWFpbC5jb20iLCJpYXQiOjE2ODg0NjY1OTcsImV4cCI6MTY4ODQ4NDU5N30.LhHVE3BNYgjkFFSC7Zjvj-5L_eVcvbvUExJWJ0agzCb_wxmp-TolSqHsn43ttmGeiSwnG6pwJ9CJ3n72SXrl3A
2023-07-04T16:25:17.420+05:30  INFO 4476 --- [http-nio-8090-exec-4] o.s.web.filter.OncePerRequestFilter      :  Header :  Bearer eyJhbGciOiJIUzUxMiJ9.eyJzdWIiOiJhZG1pbkBnbWFpbC5jb20iLCJpYXQiOjE2ODg0NjY1OTcsImV4cCI6MTY4ODQ4NDU5N30.LhHVE3BNYgjkFFSC7Zjvj-5L_eVcvbvUExJWJ0agzCb_wxmp-TolSqHsn43ttmGeiSwnG6pwJ9CJ3n72SXrl3A
2023-07-04T16:25:17.440+05:30  INFO 4476 --- [http-nio-8090-exec-10] o.s.web.filter.OncePerRequestFilter      :  Header :  Bearer eyJhbGciOiJIUzUxMiJ9.eyJzdWIiOiJhZG1pbkBnbWFpbC5jb20iLCJpYXQiOjE2ODg0NjY1OTcsImV4cCI6MTY4ODQ4NDU5N30.LhHVE3BNYgjkFFSC7Zjvj-5L_eVcvbvUExJWJ0agzCb_wxmp-TolSqHsn43ttmGeiSwnG6pwJ9CJ3n72SXrl3A
2023-07-04T16:25:17.444+05:30  INFO 4476 --- [http-nio-8090-exec-1] o.s.web.filter.OncePerRequestFilter      :  Header :  Bearer eyJhbGciOiJIUzUxMiJ9.eyJzdWIiOiJhZG1pbkBnbWFpbC5jb20iLCJpYXQiOjE2ODg0NjY1OTcsImV4cCI6MTY4ODQ4NDU5N30.LhHVE3BNYgjkFFSC7Zjvj-5L_eVcvbvUExJWJ0agzCb_wxmp-TolSqHsn43ttmGeiSwnG6pwJ9CJ3n72SXrl3A
2023-07-04T16:25:17.444+05:30  INFO 4476 --- [http-nio-8090-exec-2] o.s.web.filter.OncePerRequestFilter      :  Header :  Bearer eyJhbGciOiJIUzUxMiJ9.eyJzdWIiOiJhZG1pbkBnbWFpbC5jb20iLCJpYXQiOjE2ODg0NjY1OTcsImV4cCI6MTY4ODQ4NDU5N30.LhHVE3BNYgjkFFSC7Zjvj-5L_eVcvbvUExJWJ0agzCb_wxmp-TolSqHsn43ttmGeiSwnG6pwJ9CJ3n72SXrl3A
2023-07-04T16:25:17.446+05:30  INFO 4476 --- [http-nio-8090-exec-9] o.s.web.filter.OncePerRequestFilter      :  Header :  Bearer eyJhbGciOiJIUzUxMiJ9.eyJzdWIiOiJhZG1pbkBnbWFpbC5jb20iLCJpYXQiOjE2ODg0NjY1OTcsImV4cCI6MTY4ODQ4NDU5N30.LhHVE3BNYgjkFFSC7Zjvj-5L_eVcvbvUExJWJ0agzCb_wxmp-TolSqHsn43ttmGeiSwnG6pwJ9CJ3n72SXrl3A
2023-07-04T16:25:17.446+05:30  INFO 4476 --- [http-nio-8090-exec-3] o.s.web.filter.OncePerRequestFilter      :  Header :  Bearer eyJhbGciOiJIUzUxMiJ9.eyJzdWIiOiJhZG1pbkBnbWFpbC5jb20iLCJpYXQiOjE2ODg0NjY1OTcsImV4cCI6MTY4ODQ4NDU5N30.LhHVE3BNYgjkFFSC7Zjvj-5L_eVcvbvUExJWJ0agzCb_wxmp-TolSqHsn43ttmGeiSwnG6pwJ9CJ3n72SXrl3A
2023-07-04T16:25:17.446+05:30  INFO 4476 --- [http-nio-8090-exec-7] o.s.web.filter.OncePerRequestFilter      :  Header :  Bearer eyJhbGciOiJIUzUxMiJ9.eyJzdWIiOiJhZG1pbkBnbWFpbC5jb20iLCJpYXQiOjE2ODg0NjY1OTcsImV4cCI6MTY4ODQ4NDU5N30.LhHVE3BNYgjkFFSC7Zjvj-5L_eVcvbvUExJWJ0agzCb_wxmp-TolSqHsn43ttmGeiSwnG6pwJ9CJ3n72SXrl3A
2023-07-04T16:25:17.473+05:30  INFO 4476 --- [http-nio-8090-exec-3] c.p.A.Impl.DrugCatalogueServiceImpl      : [{id=648011f1029f637a5d28a7a7, name=Aspirin, price=50, type=Tablet, category=Aspirin is used to reduce fever}, {id=6480141f029f637a5d28a7ad, name=Amoxicillin, price=100, type=Capsule, category=Amoxicillin is a penicillin antibiotic}, {id=6480143d029f637a5d28a7af, name=Atorvastatin, price=130, type=Tablet, category=Cholesterol-lowering agent}, {id=6480144d029f637a5d28a7b0, name=Ibuprofen, price=200, type=Tablet, category=Nonsteroidal anti-inflammatory drug (NSAID)}, {id=648584915683641112507aa4, name=Paracetamol, price=120, type=Tablet, category=Pain reliever}, {id=64918f86f72e301ef847fea1, name=Lisinopril, price=80, type=Tablet, category=Antihypertensive}, {id=64918fa1f72e301ef847fea2, name=Metformin, price=70, type=Tablet, category=Antidiabetic}, {id=64918fb6f72e301ef847fea3, name=Cetirizine, price=60, type=Tablet, category=Antihistamine}]
2023-07-04T16:25:17.475+05:30  INFO 4476 --- [http-nio-8090-exec-3] o.s.web.filter.OncePerRequestFilter      :  Header :  Bearer eyJhbGciOiJIUzUxMiJ9.eyJzdWIiOiJhZG1pbkBnbWFpbC5jb20iLCJpYXQiOjE2ODg0NjY1OTcsImV4cCI6MTY4ODQ4NDU5N30.LhHVE3BNYgjkFFSC7Zjvj-5L_eVcvbvUExJWJ0agzCb_wxmp-TolSqHsn43ttmGeiSwnG6pwJ9CJ3n72SXrl3A
2023-07-04T16:25:17.478+05:30  INFO 4476 --- [http-nio-8090-exec-5] o.s.web.filter.OncePerRequestFilter      :  Header :  Bearer eyJhbGciOiJIUzUxMiJ9.eyJzdWIiOiJhZG1pbkBnbWFpbC5jb20iLCJpYXQiOjE2ODg0NjY1OTcsImV4cCI6MTY4ODQ4NDU5N30.LhHVE3BNYgjkFFSC7Zjvj-5L_eVcvbvUExJWJ0agzCb_wxmp-TolSqHsn43ttmGeiSwnG6pwJ9CJ3n72SXrl3A
2023-07-04T16:25:17.481+05:30  INFO 4476 --- [http-nio-8090-exec-7] o.s.web.filter.OncePerRequestFilter      :  Header :  Bearer eyJhbGciOiJIUzUxMiJ9.eyJzdWIiOiJhZG1pbkBnbWFpbC5jb20iLCJpYXQiOjE2ODg0NjY1OTcsImV4cCI6MTY4ODQ4NDU5N30.LhHVE3BNYgjkFFSC7Zjvj-5L_eVcvbvUExJWJ0agzCb_wxmp-TolSqHsn43ttmGeiSwnG6pwJ9CJ3n72SXrl3A
2023-07-04T16:25:17.494+05:30  INFO 4476 --- [http-nio-8090-exec-4] o.s.web.filter.OncePerRequestFilter      :  Header :  Bearer eyJhbGciOiJIUzUxMiJ9.eyJzdWIiOiJhZG1pbkBnbWFpbC5jb20iLCJpYXQiOjE2ODg0NjY1OTcsImV4cCI6MTY4ODQ4NDU5N30.LhHVE3BNYgjkFFSC7Zjvj-5L_eVcvbvUExJWJ0agzCb_wxmp-TolSqHsn43ttmGeiSwnG6pwJ9CJ3n72SXrl3A
2023-07-04T16:25:17.496+05:30  INFO 4476 --- [http-nio-8090-exec-3] o.s.web.filter.OncePerRequestFilter      :  Header :  Bearer eyJhbGciOiJIUzUxMiJ9.eyJzdWIiOiJhZG1pbkBnbWFpbC5jb20iLCJpYXQiOjE2ODg0NjY1OTcsImV4cCI6MTY4ODQ4NDU5N30.LhHVE3BNYgjkFFSC7Zjvj-5L_eVcvbvUExJWJ0agzCb_wxmp-TolSqHsn43ttmGeiSwnG6pwJ9CJ3n72SXrl3A
2023-07-04T16:25:17.508+05:30  INFO 4476 --- [http-nio-8090-exec-3] c.p.A.Impl.DrugCatalogueServiceImpl      : [{id=648011f1029f637a5d28a7a7, name=Aspirin, price=50, type=Tablet, category=Aspirin is used to reduce fever}, {id=6480141f029f637a5d28a7ad, name=Amoxicillin, price=100, type=Capsule, category=Amoxicillin is a penicillin antibiotic}, {id=6480143d029f637a5d28a7af, name=Atorvastatin, price=130, type=Tablet, category=Cholesterol-lowering agent}, {id=6480144d029f637a5d28a7b0, name=Ibuprofen, price=200, type=Tablet, category=Nonsteroidal anti-inflammatory drug (NSAID)}, {id=648584915683641112507aa4, name=Paracetamol, price=120, type=Tablet, category=Pain reliever}, {id=64918f86f72e301ef847fea1, name=Lisinopril, price=80, type=Tablet, category=Antihypertensive}, {id=64918fa1f72e301ef847fea2, name=Metformin, price=70, type=Tablet, category=Antidiabetic}, {id=64918fb6f72e301ef847fea3, name=Cetirizine, price=60, type=Tablet, category=Antihistamine}]
2023-07-04T16:25:17.513+05:30  INFO 4476 --- [http-nio-8090-exec-1] o.s.web.filter.OncePerRequestFilter      :  Header :  Bearer eyJhbGciOiJIUzUxMiJ9.eyJzdWIiOiJhZG1pbkBnbWFpbC5jb20iLCJpYXQiOjE2ODg0NjY1OTcsImV4cCI6MTY4ODQ4NDU5N30.LhHVE3BNYgjkFFSC7Zjvj-5L_eVcvbvUExJWJ0agzCb_wxmp-TolSqHsn43ttmGeiSwnG6pwJ9CJ3n72SXrl3A
2023-07-04T16:25:17.528+05:30  INFO 4476 --- [http-nio-8090-exec-2] o.s.web.filter.OncePerRequestFilter      :  Header :  Bearer eyJhbGciOiJIUzUxMiJ9.eyJzdWIiOiJhZG1pbkBnbWFpbC5jb20iLCJpYXQiOjE2ODg0NjY1OTcsImV4cCI6MTY4ODQ4NDU5N30.LhHVE3BNYgjkFFSC7Zjvj-5L_eVcvbvUExJWJ0agzCb_wxmp-TolSqHsn43ttmGeiSwnG6pwJ9CJ3n72SXrl3A
2023-07-04T16:25:20.343+05:30  INFO 4476 --- [http-nio-8090-exec-9] o.s.web.filter.OncePerRequestFilter      :  Header :  Bearer eyJhbGciOiJIUzUxMiJ9.eyJzdWIiOiJhZG1pbkBnbWFpbC5jb20iLCJpYXQiOjE2ODg0NjY1OTcsImV4cCI6MTY4ODQ4NDU5N30.LhHVE3BNYgjkFFSC7Zjvj-5L_eVcvbvUExJWJ0agzCb_wxmp-TolSqHsn43ttmGeiSwnG6pwJ9CJ3n72SXrl3A
2023-07-04T16:25:20.355+05:30  INFO 4476 --- [http-nio-8090-exec-8] o.s.web.filter.OncePerRequestFilter      :  Header :  Bearer eyJhbGciOiJIUzUxMiJ9.eyJzdWIiOiJhZG1pbkBnbWFpbC5jb20iLCJpYXQiOjE2ODg0NjY1OTcsImV4cCI6MTY4ODQ4NDU5N30.LhHVE3BNYgjkFFSC7Zjvj-5L_eVcvbvUExJWJ0agzCb_wxmp-TolSqHsn43ttmGeiSwnG6pwJ9CJ3n72SXrl3A
2023-07-04T16:25:22.036+05:30  INFO 4476 --- [http-nio-8090-exec-6] o.s.web.filter.OncePerRequestFilter      :  Header :  Bearer eyJhbGciOiJIUzUxMiJ9.eyJzdWIiOiJhZG1pbkBnbWFpbC5jb20iLCJpYXQiOjE2ODg0NjY1OTcsImV4cCI6MTY4ODQ4NDU5N30.LhHVE3BNYgjkFFSC7Zjvj-5L_eVcvbvUExJWJ0agzCb_wxmp-TolSqHsn43ttmGeiSwnG6pwJ9CJ3n72SXrl3A
2023-07-04T16:25:22.041+05:30  INFO 4476 --- [http-nio-8090-exec-5] o.s.web.filter.OncePerRequestFilter      :  Header :  Bearer eyJhbGciOiJIUzUxMiJ9.eyJzdWIiOiJhZG1pbkBnbWFpbC5jb20iLCJpYXQiOjE2ODg0NjY1OTcsImV4cCI6MTY4ODQ4NDU5N30.LhHVE3BNYgjkFFSC7Zjvj-5L_eVcvbvUExJWJ0agzCb_wxmp-TolSqHsn43ttmGeiSwnG6pwJ9CJ3n72SXrl3A
2023-07-04T16:25:22.044+05:30  INFO 4476 --- [http-nio-8090-exec-10] o.s.web.filter.OncePerRequestFilter      :  Header :  Bearer eyJhbGciOiJIUzUxMiJ9.eyJzdWIiOiJhZG1pbkBnbWFpbC5jb20iLCJpYXQiOjE2ODg0NjY1OTcsImV4cCI6MTY4ODQ4NDU5N30.LhHVE3BNYgjkFFSC7Zjvj-5L_eVcvbvUExJWJ0agzCb_wxmp-TolSqHsn43ttmGeiSwnG6pwJ9CJ3n72SXrl3A
2023-07-04T16:25:22.045+05:30  INFO 4476 --- [http-nio-8090-exec-6] o.s.web.filter.OncePerRequestFilter      :  Header :  Bearer eyJhbGciOiJIUzUxMiJ9.eyJzdWIiOiJhZG1pbkBnbWFpbC5jb20iLCJpYXQiOjE2ODg0NjY1OTcsImV4cCI6MTY4ODQ4NDU5N30.LhHVE3BNYgjkFFSC7Zjvj-5L_eVcvbvUExJWJ0agzCb_wxmp-TolSqHsn43ttmGeiSwnG6pwJ9CJ3n72SXrl3A
2023-07-04T16:25:22.047+05:30  INFO 4476 --- [http-nio-8090-exec-7] o.s.web.filter.OncePerRequestFilter      :  Header :  Bearer eyJhbGciOiJIUzUxMiJ9.eyJzdWIiOiJhZG1pbkBnbWFpbC5jb20iLCJpYXQiOjE2ODg0NjY1OTcsImV4cCI6MTY4ODQ4NDU5N30.LhHVE3BNYgjkFFSC7Zjvj-5L_eVcvbvUExJWJ0agzCb_wxmp-TolSqHsn43ttmGeiSwnG6pwJ9CJ3n72SXrl3A
2023-07-04T16:25:22.048+05:30  INFO 4476 --- [http-nio-8090-exec-3] o.s.web.filter.OncePerRequestFilter      :  Header :  Bearer eyJhbGciOiJIUzUxMiJ9.eyJzdWIiOiJhZG1pbkBnbWFpbC5jb20iLCJpYXQiOjE2ODg0NjY1OTcsImV4cCI6MTY4ODQ4NDU5N30.LhHVE3BNYgjkFFSC7Zjvj-5L_eVcvbvUExJWJ0agzCb_wxmp-TolSqHsn43ttmGeiSwnG6pwJ9CJ3n72SXrl3A
2023-07-04T16:25:22.052+05:30  INFO 4476 --- [http-nio-8090-exec-5] c.p.A.Impl.DrugCatalogueServiceImpl      : [{id=648011f1029f637a5d28a7a7, name=Aspirin, price=50, type=Tablet, category=Aspirin is used to reduce fever}, {id=6480141f029f637a5d28a7ad, name=Amoxicillin, price=100, type=Capsule, category=Amoxicillin is a penicillin antibiotic}, {id=6480143d029f637a5d28a7af, name=Atorvastatin, price=130, type=Tablet, category=Cholesterol-lowering agent}, {id=6480144d029f637a5d28a7b0, name=Ibuprofen, price=200, type=Tablet, category=Nonsteroidal anti-inflammatory drug (NSAID)}, {id=648584915683641112507aa4, name=Paracetamol, price=120, type=Tablet, category=Pain reliever}, {id=64918f86f72e301ef847fea1, name=Lisinopril, price=80, type=Tablet, category=Antihypertensive}, {id=64918fa1f72e301ef847fea2, name=Metformin, price=70, type=Tablet, category=Antidiabetic}, {id=64918fb6f72e301ef847fea3, name=Cetirizine, price=60, type=Tablet, category=Antihistamine}]
2023-07-04T16:25:22.055+05:30  INFO 4476 --- [http-nio-8090-exec-5] o.s.web.filter.OncePerRequestFilter      :  Header :  Bearer eyJhbGciOiJIUzUxMiJ9.eyJzdWIiOiJhZG1pbkBnbWFpbC5jb20iLCJpYXQiOjE2ODg0NjY1OTcsImV4cCI6MTY4ODQ4NDU5N30.LhHVE3BNYgjkFFSC7Zjvj-5L_eVcvbvUExJWJ0agzCb_wxmp-TolSqHsn43ttmGeiSwnG6pwJ9CJ3n72SXrl3A
2023-07-04T16:25:22.078+05:30  INFO 4476 --- [http-nio-8090-exec-9] o.s.web.filter.OncePerRequestFilter      :  Header :  Bearer eyJhbGciOiJIUzUxMiJ9.eyJzdWIiOiJhZG1pbkBnbWFpbC5jb20iLCJpYXQiOjE2ODg0NjY1OTcsImV4cCI6MTY4ODQ4NDU5N30.LhHVE3BNYgjkFFSC7Zjvj-5L_eVcvbvUExJWJ0agzCb_wxmp-TolSqHsn43ttmGeiSwnG6pwJ9CJ3n72SXrl3A
2023-07-04T16:25:22.078+05:30  INFO 4476 --- [http-nio-8090-exec-2] o.s.web.filter.OncePerRequestFilter      :  Header :  Bearer eyJhbGciOiJIUzUxMiJ9.eyJzdWIiOiJhZG1pbkBnbWFpbC5jb20iLCJpYXQiOjE2ODg0NjY1OTcsImV4cCI6MTY4ODQ4NDU5N30.LhHVE3BNYgjkFFSC7Zjvj-5L_eVcvbvUExJWJ0agzCb_wxmp-TolSqHsn43ttmGeiSwnG6pwJ9CJ3n72SXrl3A
2023-07-04T16:25:22.081+05:30  INFO 4476 --- [http-nio-8090-exec-8] o.s.web.filter.OncePerRequestFilter      :  Header :  Bearer eyJhbGciOiJIUzUxMiJ9.eyJzdWIiOiJhZG1pbkBnbWFpbC5jb20iLCJpYXQiOjE2ODg0NjY1OTcsImV4cCI6MTY4ODQ4NDU5N30.LhHVE3BNYgjkFFSC7Zjvj-5L_eVcvbvUExJWJ0agzCb_wxmp-TolSqHsn43ttmGeiSwnG6pwJ9CJ3n72SXrl3A
2023-07-04T16:25:22.087+05:30  INFO 4476 --- [http-nio-8090-exec-4] o.s.web.filter.OncePerRequestFilter      :  Header :  Bearer eyJhbGciOiJIUzUxMiJ9.eyJzdWIiOiJhZG1pbkBnbWFpbC5jb20iLCJpYXQiOjE2ODg0NjY1OTcsImV4cCI6MTY4ODQ4NDU5N30.LhHVE3BNYgjkFFSC7Zjvj-5L_eVcvbvUExJWJ0agzCb_wxmp-TolSqHsn43ttmGeiSwnG6pwJ9CJ3n72SXrl3A
2023-07-04T16:25:22.087+05:30  INFO 4476 --- [http-nio-8090-exec-1] o.s.web.filter.OncePerRequestFilter      :  Header :  Bearer eyJhbGciOiJIUzUxMiJ9.eyJzdWIiOiJhZG1pbkBnbWFpbC5jb20iLCJpYXQiOjE2ODg0NjY1OTcsImV4cCI6MTY4ODQ4NDU5N30.LhHVE3BNYgjkFFSC7Zjvj-5L_eVcvbvUExJWJ0agzCb_wxmp-TolSqHsn43ttmGeiSwnG6pwJ9CJ3n72SXrl3A
2023-07-04T16:25:22.095+05:30  INFO 4476 --- [http-nio-8090-exec-8] c.p.A.Impl.DrugCatalogueServiceImpl      : [{id=648011f1029f637a5d28a7a7, name=Aspirin, price=50, type=Tablet, category=Aspirin is used to reduce fever}, {id=6480141f029f637a5d28a7ad, name=Amoxicillin, price=100, type=Capsule, category=Amoxicillin is a penicillin antibiotic}, {id=6480143d029f637a5d28a7af, name=Atorvastatin, price=130, type=Tablet, category=Cholesterol-lowering agent}, {id=6480144d029f637a5d28a7b0, name=Ibuprofen, price=200, type=Tablet, category=Nonsteroidal anti-inflammatory drug (NSAID)}, {id=648584915683641112507aa4, name=Paracetamol, price=120, type=Tablet, category=Pain reliever}, {id=64918f86f72e301ef847fea1, name=Lisinopril, price=80, type=Tablet, category=Antihypertensive}, {id=64918fa1f72e301ef847fea2, name=Metformin, price=70, type=Tablet, category=Antidiabetic}, {id=64918fb6f72e301ef847fea3, name=Cetirizine, price=60, type=Tablet, category=Antihistamine}]
2023-07-04T16:25:22.117+05:30  INFO 4476 --- [http-nio-8090-exec-10] o.s.web.filter.OncePerRequestFilter      :  Header :  Bearer eyJhbGciOiJIUzUxMiJ9.eyJzdWIiOiJhZG1pbkBnbWFpbC5jb20iLCJpYXQiOjE2ODg0NjY1OTcsImV4cCI6MTY4ODQ4NDU5N30.LhHVE3BNYgjkFFSC7Zjvj-5L_eVcvbvUExJWJ0agzCb_wxmp-TolSqHsn43ttmGeiSwnG6pwJ9CJ3n72SXrl3A
2023-07-04T16:25:22.128+05:30  INFO 4476 --- [http-nio-8090-exec-5] o.s.web.filter.OncePerRequestFilter      :  Header :  Bearer eyJhbGciOiJIUzUxMiJ9.eyJzdWIiOiJhZG1pbkBnbWFpbC5jb20iLCJpYXQiOjE2ODg0NjY1OTcsImV4cCI6MTY4ODQ4NDU5N30.LhHVE3BNYgjkFFSC7Zjvj-5L_eVcvbvUExJWJ0agzCb_wxmp-TolSqHsn43ttmGeiSwnG6pwJ9CJ3n72SXrl3A
2023-07-04T16:25:39.462+05:30  INFO 4476 --- [http-nio-8090-exec-7] o.s.web.filter.OncePerRequestFilter      :  Header :  Bearer eyJhbGciOiJIUzUxMiJ9.eyJzdWIiOiJhZG1pbkBnbWFpbC5jb20iLCJpYXQiOjE2ODg0NjY1OTcsImV4cCI6MTY4ODQ4NDU5N30.LhHVE3BNYgjkFFSC7Zjvj-5L_eVcvbvUExJWJ0agzCb_wxmp-TolSqHsn43ttmGeiSwnG6pwJ9CJ3n72SXrl3A
2023-07-04T16:25:39.476+05:30  INFO 4476 --- [http-nio-8090-exec-6] o.s.web.filter.OncePerRequestFilter      :  Header :  Bearer eyJhbGciOiJIUzUxMiJ9.eyJzdWIiOiJhZG1pbkBnbWFpbC5jb20iLCJpYXQiOjE2ODg0NjY1OTcsImV4cCI6MTY4ODQ4NDU5N30.LhHVE3BNYgjkFFSC7Zjvj-5L_eVcvbvUExJWJ0agzCb_wxmp-TolSqHsn43ttmGeiSwnG6pwJ9CJ3n72SXrl3A
2023-07-04T16:25:41.609+05:30  INFO 4476 --- [http-nio-8090-exec-3] o.s.web.filter.OncePerRequestFilter      :  Header :  Bearer eyJhbGciOiJIUzUxMiJ9.eyJzdWIiOiJhZG1pbkBnbWFpbC5jb20iLCJpYXQiOjE2ODg0NjY1OTcsImV4cCI6MTY4ODQ4NDU5N30.LhHVE3BNYgjkFFSC7Zjvj-5L_eVcvbvUExJWJ0agzCb_wxmp-TolSqHsn43ttmGeiSwnG6pwJ9CJ3n72SXrl3A
2023-07-04T16:25:41.623+05:30  INFO 4476 --- [http-nio-8090-exec-9] o.s.web.filter.OncePerRequestFilter      :  Header :  Bearer eyJhbGciOiJIUzUxMiJ9.eyJzdWIiOiJhZG1pbkBnbWFpbC5jb20iLCJpYXQiOjE2ODg0NjY1OTcsImV4cCI6MTY4ODQ4NDU5N30.LhHVE3BNYgjkFFSC7Zjvj-5L_eVcvbvUExJWJ0agzCb_wxmp-TolSqHsn43ttmGeiSwnG6pwJ9CJ3n72SXrl3A
2023-07-04T16:25:41.623+05:30  INFO 4476 --- [http-nio-8090-exec-8] o.s.web.filter.OncePerRequestFilter      :  Header :  Bearer eyJhbGciOiJIUzUxMiJ9.eyJzdWIiOiJhZG1pbkBnbWFpbC5jb20iLCJpYXQiOjE2ODg0NjY1OTcsImV4cCI6MTY4ODQ4NDU5N30.LhHVE3BNYgjkFFSC7Zjvj-5L_eVcvbvUExJWJ0agzCb_wxmp-TolSqHsn43ttmGeiSwnG6pwJ9CJ3n72SXrl3A
2023-07-04T16:25:41.624+05:30  INFO 4476 --- [http-nio-8090-exec-4] o.s.web.filter.OncePerRequestFilter      :  Header :  Bearer eyJhbGciOiJIUzUxMiJ9.eyJzdWIiOiJhZG1pbkBnbWFpbC5jb20iLCJpYXQiOjE2ODg0NjY1OTcsImV4cCI6MTY4ODQ4NDU5N30.LhHVE3BNYgjkFFSC7Zjvj-5L_eVcvbvUExJWJ0agzCb_wxmp-TolSqHsn43ttmGeiSwnG6pwJ9CJ3n72SXrl3A
2023-07-04T16:25:41.624+05:30  INFO 4476 --- [http-nio-8090-exec-1] o.s.web.filter.OncePerRequestFilter      :  Header :  Bearer eyJhbGciOiJIUzUxMiJ9.eyJzdWIiOiJhZG1pbkBnbWFpbC5jb20iLCJpYXQiOjE2ODg0NjY1OTcsImV4cCI6MTY4ODQ4NDU5N30.LhHVE3BNYgjkFFSC7Zjvj-5L_eVcvbvUExJWJ0agzCb_wxmp-TolSqHsn43ttmGeiSwnG6pwJ9CJ3n72SXrl3A
2023-07-04T16:25:41.626+05:30  INFO 4476 --- [http-nio-8090-exec-3] o.s.web.filter.OncePerRequestFilter      :  Header :  Bearer eyJhbGciOiJIUzUxMiJ9.eyJzdWIiOiJhZG1pbkBnbWFpbC5jb20iLCJpYXQiOjE2ODg0NjY1OTcsImV4cCI6MTY4ODQ4NDU5N30.LhHVE3BNYgjkFFSC7Zjvj-5L_eVcvbvUExJWJ0agzCb_wxmp-TolSqHsn43ttmGeiSwnG6pwJ9CJ3n72SXrl3A
2023-07-04T16:25:41.654+05:30  INFO 4476 --- [http-nio-8090-exec-9] o.s.web.filter.OncePerRequestFilter      :  Header :  Bearer eyJhbGciOiJIUzUxMiJ9.eyJzdWIiOiJhZG1pbkBnbWFpbC5jb20iLCJpYXQiOjE2ODg0NjY1OTcsImV4cCI6MTY4ODQ4NDU5N30.LhHVE3BNYgjkFFSC7Zjvj-5L_eVcvbvUExJWJ0agzCb_wxmp-TolSqHsn43ttmGeiSwnG6pwJ9CJ3n72SXrl3A
2023-07-04T16:25:41.666+05:30  INFO 4476 --- [http-nio-8090-exec-1] c.p.A.Impl.DrugCatalogueServiceImpl      : [{id=648011f1029f637a5d28a7a7, name=Aspirin, price=50, type=Tablet, category=Aspirin is used to reduce fever}, {id=6480141f029f637a5d28a7ad, name=Amoxicillin, price=100, type=Capsule, category=Amoxicillin is a penicillin antibiotic}, {id=6480143d029f637a5d28a7af, name=Atorvastatin, price=130, type=Tablet, category=Cholesterol-lowering agent}, {id=6480144d029f637a5d28a7b0, name=Ibuprofen, price=200, type=Tablet, category=Nonsteroidal anti-inflammatory drug (NSAID)}, {id=648584915683641112507aa4, name=Paracetamol, price=120, type=Tablet, category=Pain reliever}, {id=64918f86f72e301ef847fea1, name=Lisinopril, price=80, type=Tablet, category=Antihypertensive}, {id=64918fa1f72e301ef847fea2, name=Metformin, price=70, type=Tablet, category=Antidiabetic}, {id=64918fb6f72e301ef847fea3, name=Cetirizine, price=60, type=Tablet, category=Antihistamine}]
2023-07-04T16:25:41.673+05:30  INFO 4476 --- [http-nio-8090-exec-5] o.s.web.filter.OncePerRequestFilter      :  Header :  Bearer eyJhbGciOiJIUzUxMiJ9.eyJzdWIiOiJhZG1pbkBnbWFpbC5jb20iLCJpYXQiOjE2ODg0NjY1OTcsImV4cCI6MTY4ODQ4NDU5N30.LhHVE3BNYgjkFFSC7Zjvj-5L_eVcvbvUExJWJ0agzCb_wxmp-TolSqHsn43ttmGeiSwnG6pwJ9CJ3n72SXrl3A
2023-07-04T16:25:41.698+05:30  INFO 4476 --- [http-nio-8090-exec-7] o.s.web.filter.OncePerRequestFilter      :  Header :  Bearer eyJhbGciOiJIUzUxMiJ9.eyJzdWIiOiJhZG1pbkBnbWFpbC5jb20iLCJpYXQiOjE2ODg0NjY1OTcsImV4cCI6MTY4ODQ4NDU5N30.LhHVE3BNYgjkFFSC7Zjvj-5L_eVcvbvUExJWJ0agzCb_wxmp-TolSqHsn43ttmGeiSwnG6pwJ9CJ3n72SXrl3A
2023-07-04T16:25:41.699+05:30  INFO 4476 --- [http-nio-8090-exec-6] o.s.web.filter.OncePerRequestFilter      :  Header :  Bearer eyJhbGciOiJIUzUxMiJ9.eyJzdWIiOiJhZG1pbkBnbWFpbC5jb20iLCJpYXQiOjE2ODg0NjY1OTcsImV4cCI6MTY4ODQ4NDU5N30.LhHVE3BNYgjkFFSC7Zjvj-5L_eVcvbvUExJWJ0agzCb_wxmp-TolSqHsn43ttmGeiSwnG6pwJ9CJ3n72SXrl3A
2023-07-04T16:25:41.699+05:30  INFO 4476 --- [http-nio-8090-exec-2] o.s.web.filter.OncePerRequestFilter      :  Header :  Bearer eyJhbGciOiJIUzUxMiJ9.eyJzdWIiOiJhZG1pbkBnbWFpbC5jb20iLCJpYXQiOjE2ODg0NjY1OTcsImV4cCI6MTY4ODQ4NDU5N30.LhHVE3BNYgjkFFSC7Zjvj-5L_eVcvbvUExJWJ0agzCb_wxmp-TolSqHsn43ttmGeiSwnG6pwJ9CJ3n72SXrl3A
2023-07-04T16:25:41.721+05:30  INFO 4476 --- [http-nio-8090-exec-2] c.p.A.Impl.DrugCatalogueServiceImpl      : [{id=648011f1029f637a5d28a7a7, name=Aspirin, price=50, type=Tablet, category=Aspirin is used to reduce fever}, {id=6480141f029f637a5d28a7ad, name=Amoxicillin, price=100, type=Capsule, category=Amoxicillin is a penicillin antibiotic}, {id=6480143d029f637a5d28a7af, name=Atorvastatin, price=130, type=Tablet, category=Cholesterol-lowering agent}, {id=6480144d029f637a5d28a7b0, name=Ibuprofen, price=200, type=Tablet, category=Nonsteroidal anti-inflammatory drug (NSAID)}, {id=648584915683641112507aa4, name=Paracetamol, price=120, type=Tablet, category=Pain reliever}, {id=64918f86f72e301ef847fea1, name=Lisinopril, price=80, type=Tablet, category=Antihypertensive}, {id=64918fa1f72e301ef847fea2, name=Metformin, price=70, type=Tablet, category=Antidiabetic}, {id=64918fb6f72e301ef847fea3, name=Cetirizine, price=60, type=Tablet, category=Antihistamine}]
2023-07-04T16:25:41.724+05:30  INFO 4476 --- [http-nio-8090-exec-10] o.s.web.filter.OncePerRequestFilter      :  Header :  Bearer eyJhbGciOiJIUzUxMiJ9.eyJzdWIiOiJhZG1pbkBnbWFpbC5jb20iLCJpYXQiOjE2ODg0NjY1OTcsImV4cCI6MTY4ODQ4NDU5N30.LhHVE3BNYgjkFFSC7Zjvj-5L_eVcvbvUExJWJ0agzCb_wxmp-TolSqHsn43ttmGeiSwnG6pwJ9CJ3n72SXrl3A
2023-07-04T16:25:41.738+05:30  INFO 4476 --- [http-nio-8090-exec-9] o.s.web.filter.OncePerRequestFilter      :  Header :  Bearer eyJhbGciOiJIUzUxMiJ9.eyJzdWIiOiJhZG1pbkBnbWFpbC5jb20iLCJpYXQiOjE2ODg0NjY1OTcsImV4cCI6MTY4ODQ4NDU5N30.LhHVE3BNYgjkFFSC7Zjvj-5L_eVcvbvUExJWJ0agzCb_wxmp-TolSqHsn43ttmGeiSwnG6pwJ9CJ3n72SXrl3A
2023-07-04T16:25:41.752+05:30  INFO 4476 --- [http-nio-8090-exec-8] o.s.web.filter.OncePerRequestFilter      :  Header :  Bearer eyJhbGciOiJIUzUxMiJ9.eyJzdWIiOiJhZG1pbkBnbWFpbC5jb20iLCJpYXQiOjE2ODg0NjY1OTcsImV4cCI6MTY4ODQ4NDU5N30.LhHVE3BNYgjkFFSC7Zjvj-5L_eVcvbvUExJWJ0agzCb_wxmp-TolSqHsn43ttmGeiSwnG6pwJ9CJ3n72SXrl3A
2023-07-04T16:25:48.537+05:30  INFO 4476 --- [http-nio-8090-exec-1] o.s.web.filter.OncePerRequestFilter      :  Header :  Bearer eyJhbGciOiJIUzUxMiJ9.eyJzdWIiOiJhZG1pbkBnbWFpbC5jb20iLCJpYXQiOjE2ODg0NjY1OTcsImV4cCI6MTY4ODQ4NDU5N30.LhHVE3BNYgjkFFSC7Zjvj-5L_eVcvbvUExJWJ0agzCb_wxmp-TolSqHsn43ttmGeiSwnG6pwJ9CJ3n72SXrl3A
2023-07-04T16:25:48.551+05:30  INFO 4476 --- [http-nio-8090-exec-4] o.s.web.filter.OncePerRequestFilter      :  Header :  Bearer eyJhbGciOiJIUzUxMiJ9.eyJzdWIiOiJhZG1pbkBnbWFpbC5jb20iLCJpYXQiOjE2ODg0NjY1OTcsImV4cCI6MTY4ODQ4NDU5N30.LhHVE3BNYgjkFFSC7Zjvj-5L_eVcvbvUExJWJ0agzCb_wxmp-TolSqHsn43ttmGeiSwnG6pwJ9CJ3n72SXrl3A
2023-07-04T16:25:49.490+05:30  INFO 4476 --- [http-nio-8090-exec-3] o.s.web.filter.OncePerRequestFilter      :  Header :  Bearer eyJhbGciOiJIUzUxMiJ9.eyJzdWIiOiJhZG1pbkBnbWFpbC5jb20iLCJpYXQiOjE2ODg0NjY1OTcsImV4cCI6MTY4ODQ4NDU5N30.LhHVE3BNYgjkFFSC7Zjvj-5L_eVcvbvUExJWJ0agzCb_wxmp-TolSqHsn43ttmGeiSwnG6pwJ9CJ3n72SXrl3A
2023-07-04T16:25:49.509+05:30  INFO 4476 --- [http-nio-8090-exec-7] o.s.web.filter.OncePerRequestFilter      :  Header :  Bearer eyJhbGciOiJIUzUxMiJ9.eyJzdWIiOiJhZG1pbkBnbWFpbC5jb20iLCJpYXQiOjE2ODg0NjY1OTcsImV4cCI6MTY4ODQ4NDU5N30.LhHVE3BNYgjkFFSC7Zjvj-5L_eVcvbvUExJWJ0agzCb_wxmp-TolSqHsn43ttmGeiSwnG6pwJ9CJ3n72SXrl3A
2023-07-04T16:25:49.509+05:30  INFO 4476 --- [http-nio-8090-exec-5] o.s.web.filter.OncePerRequestFilter      :  Header :  Bearer eyJhbGciOiJIUzUxMiJ9.eyJzdWIiOiJhZG1pbkBnbWFpbC5jb20iLCJpYXQiOjE2ODg0NjY1OTcsImV4cCI6MTY4ODQ4NDU5N30.LhHVE3BNYgjkFFSC7Zjvj-5L_eVcvbvUExJWJ0agzCb_wxmp-TolSqHsn43ttmGeiSwnG6pwJ9CJ3n72SXrl3A
2023-07-04T16:25:49.510+05:30  INFO 4476 --- [http-nio-8090-exec-2] o.s.web.filter.OncePerRequestFilter      :  Header :  Bearer eyJhbGciOiJIUzUxMiJ9.eyJzdWIiOiJhZG1pbkBnbWFpbC5jb20iLCJpYXQiOjE2ODg0NjY1OTcsImV4cCI6MTY4ODQ4NDU5N30.LhHVE3BNYgjkFFSC7Zjvj-5L_eVcvbvUExJWJ0agzCb_wxmp-TolSqHsn43ttmGeiSwnG6pwJ9CJ3n72SXrl3A
2023-07-04T16:25:49.510+05:30  INFO 4476 --- [http-nio-8090-exec-6] o.s.web.filter.OncePerRequestFilter      :  Header :  Bearer eyJhbGciOiJIUzUxMiJ9.eyJzdWIiOiJhZG1pbkBnbWFpbC5jb20iLCJpYXQiOjE2ODg0NjY1OTcsImV4cCI6MTY4ODQ4NDU5N30.LhHVE3BNYgjkFFSC7Zjvj-5L_eVcvbvUExJWJ0agzCb_wxmp-TolSqHsn43ttmGeiSwnG6pwJ9CJ3n72SXrl3A
2023-07-04T16:25:49.510+05:30  INFO 4476 --- [http-nio-8090-exec-9] o.s.web.filter.OncePerRequestFilter      :  Header :  Bearer eyJhbGciOiJIUzUxMiJ9.eyJzdWIiOiJhZG1pbkBnbWFpbC5jb20iLCJpYXQiOjE2ODg0NjY1OTcsImV4cCI6MTY4ODQ4NDU5N30.LhHVE3BNYgjkFFSC7Zjvj-5L_eVcvbvUExJWJ0agzCb_wxmp-TolSqHsn43ttmGeiSwnG6pwJ9CJ3n72SXrl3A
2023-07-04T16:25:49.510+05:30  INFO 4476 --- [http-nio-8090-exec-10] o.s.web.filter.OncePerRequestFilter      :  Header :  Bearer eyJhbGciOiJIUzUxMiJ9.eyJzdWIiOiJhZG1pbkBnbWFpbC5jb20iLCJpYXQiOjE2ODg0NjY1OTcsImV4cCI6MTY4ODQ4NDU5N30.LhHVE3BNYgjkFFSC7Zjvj-5L_eVcvbvUExJWJ0agzCb_wxmp-TolSqHsn43ttmGeiSwnG6pwJ9CJ3n72SXrl3A
2023-07-04T16:25:49.531+05:30  INFO 4476 --- [http-nio-8090-exec-7] c.p.A.Impl.DrugCatalogueServiceImpl      : [{id=648011f1029f637a5d28a7a7, name=Aspirin, price=50, type=Tablet, category=Aspirin is used to reduce fever}, {id=6480141f029f637a5d28a7ad, name=Amoxicillin, price=100, type=Capsule, category=Amoxicillin is a penicillin antibiotic}, {id=6480143d029f637a5d28a7af, name=Atorvastatin, price=130, type=Tablet, category=Cholesterol-lowering agent}, {id=6480144d029f637a5d28a7b0, name=Ibuprofen, price=200, type=Tablet, category=Nonsteroidal anti-inflammatory drug (NSAID)}, {id=648584915683641112507aa4, name=Paracetamol, price=120, type=Tablet, category=Pain reliever}, {id=64918f86f72e301ef847fea1, name=Lisinopril, price=80, type=Tablet, category=Antihypertensive}, {id=64918fa1f72e301ef847fea2, name=Metformin, price=70, type=Tablet, category=Antidiabetic}, {id=64918fb6f72e301ef847fea3, name=Cetirizine, price=60, type=Tablet, category=Antihistamine}]
2023-07-04T16:25:49.532+05:30  INFO 4476 --- [http-nio-8090-exec-8] o.s.web.filter.OncePerRequestFilter      :  Header :  Bearer eyJhbGciOiJIUzUxMiJ9.eyJzdWIiOiJhZG1pbkBnbWFpbC5jb20iLCJpYXQiOjE2ODg0NjY1OTcsImV4cCI6MTY4ODQ4NDU5N30.LhHVE3BNYgjkFFSC7Zjvj-5L_eVcvbvUExJWJ0agzCb_wxmp-TolSqHsn43ttmGeiSwnG6pwJ9CJ3n72SXrl3A
2023-07-04T16:25:49.541+05:30  INFO 4476 --- [http-nio-8090-exec-1] o.s.web.filter.OncePerRequestFilter      :  Header :  Bearer eyJhbGciOiJIUzUxMiJ9.eyJzdWIiOiJhZG1pbkBnbWFpbC5jb20iLCJpYXQiOjE2ODg0NjY1OTcsImV4cCI6MTY4ODQ4NDU5N30.LhHVE3BNYgjkFFSC7Zjvj-5L_eVcvbvUExJWJ0agzCb_wxmp-TolSqHsn43ttmGeiSwnG6pwJ9CJ3n72SXrl3A
2023-07-04T16:25:49.542+05:30  INFO 4476 --- [http-nio-8090-exec-4] o.s.web.filter.OncePerRequestFilter      :  Header :  Bearer eyJhbGciOiJIUzUxMiJ9.eyJzdWIiOiJhZG1pbkBnbWFpbC5jb20iLCJpYXQiOjE2ODg0NjY1OTcsImV4cCI6MTY4ODQ4NDU5N30.LhHVE3BNYgjkFFSC7Zjvj-5L_eVcvbvUExJWJ0agzCb_wxmp-TolSqHsn43ttmGeiSwnG6pwJ9CJ3n72SXrl3A
2023-07-04T16:25:49.550+05:30  INFO 4476 --- [http-nio-8090-exec-5] o.s.web.filter.OncePerRequestFilter      :  Header :  Bearer eyJhbGciOiJIUzUxMiJ9.eyJzdWIiOiJhZG1pbkBnbWFpbC5jb20iLCJpYXQiOjE2ODg0NjY1OTcsImV4cCI6MTY4ODQ4NDU5N30.LhHVE3BNYgjkFFSC7Zjvj-5L_eVcvbvUExJWJ0agzCb_wxmp-TolSqHsn43ttmGeiSwnG6pwJ9CJ3n72SXrl3A
2023-07-04T16:25:49.564+05:30  INFO 4476 --- [http-nio-8090-exec-6] o.s.web.filter.OncePerRequestFilter      :  Header :  Bearer eyJhbGciOiJIUzUxMiJ9.eyJzdWIiOiJhZG1pbkBnbWFpbC5jb20iLCJpYXQiOjE2ODg0NjY1OTcsImV4cCI6MTY4ODQ4NDU5N30.LhHVE3BNYgjkFFSC7Zjvj-5L_eVcvbvUExJWJ0agzCb_wxmp-TolSqHsn43ttmGeiSwnG6pwJ9CJ3n72SXrl3A
2023-07-04T16:25:49.571+05:30  INFO 4476 --- [http-nio-8090-exec-4] o.s.web.filter.OncePerRequestFilter      :  Header :  Bearer eyJhbGciOiJIUzUxMiJ9.eyJzdWIiOiJhZG1pbkBnbWFpbC5jb20iLCJpYXQiOjE2ODg0NjY1OTcsImV4cCI6MTY4ODQ4NDU5N30.LhHVE3BNYgjkFFSC7Zjvj-5L_eVcvbvUExJWJ0agzCb_wxmp-TolSqHsn43ttmGeiSwnG6pwJ9CJ3n72SXrl3A
2023-07-04T16:25:49.581+05:30  INFO 4476 --- [http-nio-8090-exec-1] c.p.A.Impl.DrugCatalogueServiceImpl      : [{id=648011f1029f637a5d28a7a7, name=Aspirin, price=50, type=Tablet, category=Aspirin is used to reduce fever}, {id=6480141f029f637a5d28a7ad, name=Amoxicillin, price=100, type=Capsule, category=Amoxicillin is a penicillin antibiotic}, {id=6480143d029f637a5d28a7af, name=Atorvastatin, price=130, type=Tablet, category=Cholesterol-lowering agent}, {id=6480144d029f637a5d28a7b0, name=Ibuprofen, price=200, type=Tablet, category=Nonsteroidal anti-inflammatory drug (NSAID)}, {id=648584915683641112507aa4, name=Paracetamol, price=120, type=Tablet, category=Pain reliever}, {id=64918f86f72e301ef847fea1, name=Lisinopril, price=80, type=Tablet, category=Antihypertensive}, {id=64918fa1f72e301ef847fea2, name=Metformin, price=70, type=Tablet, category=Antidiabetic}, {id=64918fb6f72e301ef847fea3, name=Cetirizine, price=60, type=Tablet, category=Antihistamine}]
2023-07-04T16:25:49.587+05:30  INFO 4476 --- [http-nio-8090-exec-10] o.s.web.filter.OncePerRequestFilter      :  Header :  Bearer eyJhbGciOiJIUzUxMiJ9.eyJzdWIiOiJhZG1pbkBnbWFpbC5jb20iLCJpYXQiOjE2ODg0NjY1OTcsImV4cCI6MTY4ODQ4NDU5N30.LhHVE3BNYgjkFFSC7Zjvj-5L_eVcvbvUExJWJ0agzCb_wxmp-TolSqHsn43ttmGeiSwnG6pwJ9CJ3n72SXrl3A
2023-07-04T16:26:36.604+05:30  INFO 4476 --- [http-nio-8090-exec-2] o.s.web.filter.OncePerRequestFilter      :  Header :  Bearer eyJhbGciOiJIUzUxMiJ9.eyJzdWIiOiJhZG1pbkBnbWFpbC5jb20iLCJpYXQiOjE2ODg0NjY1OTcsImV4cCI6MTY4ODQ4NDU5N30.LhHVE3BNYgjkFFSC7Zjvj-5L_eVcvbvUExJWJ0agzCb_wxmp-TolSqHsn43ttmGeiSwnG6pwJ9CJ3n72SXrl3A
2023-07-04T16:26:36.618+05:30  INFO 4476 --- [http-nio-8090-exec-3] o.s.web.filter.OncePerRequestFilter      :  Header :  Bearer eyJhbGciOiJIUzUxMiJ9.eyJzdWIiOiJhZG1pbkBnbWFpbC5jb20iLCJpYXQiOjE2ODg0NjY1OTcsImV4cCI6MTY4ODQ4NDU5N30.LhHVE3BNYgjkFFSC7Zjvj-5L_eVcvbvUExJWJ0agzCb_wxmp-TolSqHsn43ttmGeiSwnG6pwJ9CJ3n72SXrl3A
2023-07-04T16:26:37.946+05:30  INFO 4476 --- [http-nio-8090-exec-8] o.s.web.filter.OncePerRequestFilter      :  Header :  Bearer eyJhbGciOiJIUzUxMiJ9.eyJzdWIiOiJhZG1pbkBnbWFpbC5jb20iLCJpYXQiOjE2ODg0NjY1OTcsImV4cCI6MTY4ODQ4NDU5N30.LhHVE3BNYgjkFFSC7Zjvj-5L_eVcvbvUExJWJ0agzCb_wxmp-TolSqHsn43ttmGeiSwnG6pwJ9CJ3n72SXrl3A
2023-07-04T16:26:37.953+05:30  INFO 4476 --- [http-nio-8090-exec-1] o.s.web.filter.OncePerRequestFilter      :  Header :  Bearer eyJhbGciOiJIUzUxMiJ9.eyJzdWIiOiJhZG1pbkBnbWFpbC5jb20iLCJpYXQiOjE2ODg0NjY1OTcsImV4cCI6MTY4ODQ4NDU5N30.LhHVE3BNYgjkFFSC7Zjvj-5L_eVcvbvUExJWJ0agzCb_wxmp-TolSqHsn43ttmGeiSwnG6pwJ9CJ3n72SXrl3A
2023-07-04T16:26:37.965+05:30  INFO 4476 --- [http-nio-8090-exec-6] o.s.web.filter.OncePerRequestFilter      :  Header :  Bearer eyJhbGciOiJIUzUxMiJ9.eyJzdWIiOiJhZG1pbkBnbWFpbC5jb20iLCJpYXQiOjE2ODg0NjY1OTcsImV4cCI6MTY4ODQ4NDU5N30.LhHVE3BNYgjkFFSC7Zjvj-5L_eVcvbvUExJWJ0agzCb_wxmp-TolSqHsn43ttmGeiSwnG6pwJ9CJ3n72SXrl3A
2023-07-04T16:26:37.969+05:30  INFO 4476 --- [http-nio-8090-exec-9] o.s.web.filter.OncePerRequestFilter      :  Header :  Bearer eyJhbGciOiJIUzUxMiJ9.eyJzdWIiOiJhZG1pbkBnbWFpbC5jb20iLCJpYXQiOjE2ODg0NjY1OTcsImV4cCI6MTY4ODQ4NDU5N30.LhHVE3BNYgjkFFSC7Zjvj-5L_eVcvbvUExJWJ0agzCb_wxmp-TolSqHsn43ttmGeiSwnG6pwJ9CJ3n72SXrl3A
2023-07-04T16:26:37.971+05:30  INFO 4476 --- [http-nio-8090-exec-5] o.s.web.filter.OncePerRequestFilter      :  Header :  Bearer eyJhbGciOiJIUzUxMiJ9.eyJzdWIiOiJhZG1pbkBnbWFpbC5jb20iLCJpYXQiOjE2ODg0NjY1OTcsImV4cCI6MTY4ODQ4NDU5N30.LhHVE3BNYgjkFFSC7Zjvj-5L_eVcvbvUExJWJ0agzCb_wxmp-TolSqHsn43ttmGeiSwnG6pwJ9CJ3n72SXrl3A
2023-07-04T16:26:37.971+05:30  INFO 4476 --- [http-nio-8090-exec-7] o.s.web.filter.OncePerRequestFilter      :  Header :  Bearer eyJhbGciOiJIUzUxMiJ9.eyJzdWIiOiJhZG1pbkBnbWFpbC5jb20iLCJpYXQiOjE2ODg0NjY1OTcsImV4cCI6MTY4ODQ4NDU5N30.LhHVE3BNYgjkFFSC7Zjvj-5L_eVcvbvUExJWJ0agzCb_wxmp-TolSqHsn43ttmGeiSwnG6pwJ9CJ3n72SXrl3A
2023-07-04T16:26:37.981+05:30  INFO 4476 --- [http-nio-8090-exec-4] o.s.web.filter.OncePerRequestFilter      :  Header :  Bearer eyJhbGciOiJIUzUxMiJ9.eyJzdWIiOiJhZG1pbkBnbWFpbC5jb20iLCJpYXQiOjE2ODg0NjY1OTcsImV4cCI6MTY4ODQ4NDU5N30.LhHVE3BNYgjkFFSC7Zjvj-5L_eVcvbvUExJWJ0agzCb_wxmp-TolSqHsn43ttmGeiSwnG6pwJ9CJ3n72SXrl3A
2023-07-04T16:26:37.982+05:30  INFO 4476 --- [http-nio-8090-exec-9] o.s.web.filter.OncePerRequestFilter      :  Header :  Bearer eyJhbGciOiJIUzUxMiJ9.eyJzdWIiOiJhZG1pbkBnbWFpbC5jb20iLCJpYXQiOjE2ODg0NjY1OTcsImV4cCI6MTY4ODQ4NDU5N30.LhHVE3BNYgjkFFSC7Zjvj-5L_eVcvbvUExJWJ0agzCb_wxmp-TolSqHsn43ttmGeiSwnG6pwJ9CJ3n72SXrl3A
2023-07-04T16:26:37.992+05:30  INFO 4476 --- [http-nio-8090-exec-5] o.s.web.filter.OncePerRequestFilter      :  Header :  Bearer eyJhbGciOiJIUzUxMiJ9.eyJzdWIiOiJhZG1pbkBnbWFpbC5jb20iLCJpYXQiOjE2ODg0NjY1OTcsImV4cCI6MTY4ODQ4NDU5N30.LhHVE3BNYgjkFFSC7Zjvj-5L_eVcvbvUExJWJ0agzCb_wxmp-TolSqHsn43ttmGeiSwnG6pwJ9CJ3n72SXrl3A
2023-07-04T16:26:38.006+05:30  INFO 4476 --- [http-nio-8090-exec-10] o.s.web.filter.OncePerRequestFilter      :  Header :  Bearer eyJhbGciOiJIUzUxMiJ9.eyJzdWIiOiJhZG1pbkBnbWFpbC5jb20iLCJpYXQiOjE2ODg0NjY1OTcsImV4cCI6MTY4ODQ4NDU5N30.LhHVE3BNYgjkFFSC7Zjvj-5L_eVcvbvUExJWJ0agzCb_wxmp-TolSqHsn43ttmGeiSwnG6pwJ9CJ3n72SXrl3A
2023-07-04T16:26:38.008+05:30  INFO 4476 --- [http-nio-8090-exec-5] o.s.web.filter.OncePerRequestFilter      :  Header :  Bearer eyJhbGciOiJIUzUxMiJ9.eyJzdWIiOiJhZG1pbkBnbWFpbC5jb20iLCJpYXQiOjE2ODg0NjY1OTcsImV4cCI6MTY4ODQ4NDU5N30.LhHVE3BNYgjkFFSC7Zjvj-5L_eVcvbvUExJWJ0agzCb_wxmp-TolSqHsn43ttmGeiSwnG6pwJ9CJ3n72SXrl3A
2023-07-04T16:26:38.020+05:30  INFO 4476 --- [http-nio-8090-exec-6] o.s.web.filter.OncePerRequestFilter      :  Header :  Bearer eyJhbGciOiJIUzUxMiJ9.eyJzdWIiOiJhZG1pbkBnbWFpbC5jb20iLCJpYXQiOjE2ODg0NjY1OTcsImV4cCI6MTY4ODQ4NDU5N30.LhHVE3BNYgjkFFSC7Zjvj-5L_eVcvbvUExJWJ0agzCb_wxmp-TolSqHsn43ttmGeiSwnG6pwJ9CJ3n72SXrl3A
2023-07-04T16:26:38.023+05:30  INFO 4476 --- [http-nio-8090-exec-7] c.p.A.Impl.DrugCatalogueServiceImpl      : [{id=648011f1029f637a5d28a7a7, name=Aspirin, price=50, type=Tablet, category=Aspirin is used to reduce fever}, {id=6480141f029f637a5d28a7ad, name=Amoxicillin, price=100, type=Capsule, category=Amoxicillin is a penicillin antibiotic}, {id=6480143d029f637a5d28a7af, name=Atorvastatin, price=130, type=Tablet, category=Cholesterol-lowering agent}, {id=6480144d029f637a5d28a7b0, name=Ibuprofen, price=200, type=Tablet, category=Nonsteroidal anti-inflammatory drug (NSAID)}, {id=648584915683641112507aa4, name=Paracetamol, price=120, type=Tablet, category=Pain reliever}, {id=64918f86f72e301ef847fea1, name=Lisinopril, price=80, type=Tablet, category=Antihypertensive}, {id=64918fa1f72e301ef847fea2, name=Metformin, price=70, type=Tablet, category=Antidiabetic}, {id=64918fb6f72e301ef847fea3, name=Cetirizine, price=60, type=Tablet, category=Antihistamine}]
2023-07-04T16:26:38.038+05:30  INFO 4476 --- [http-nio-8090-exec-2] o.s.web.filter.OncePerRequestFilter      :  Header :  Bearer eyJhbGciOiJIUzUxMiJ9.eyJzdWIiOiJhZG1pbkBnbWFpbC5jb20iLCJpYXQiOjE2ODg0NjY1OTcsImV4cCI6MTY4ODQ4NDU5N30.LhHVE3BNYgjkFFSC7Zjvj-5L_eVcvbvUExJWJ0agzCb_wxmp-TolSqHsn43ttmGeiSwnG6pwJ9CJ3n72SXrl3A
2023-07-04T16:26:38.040+05:30  INFO 4476 --- [http-nio-8090-exec-3] o.s.web.filter.OncePerRequestFilter      :  Header :  Bearer eyJhbGciOiJIUzUxMiJ9.eyJzdWIiOiJhZG1pbkBnbWFpbC5jb20iLCJpYXQiOjE2ODg0NjY1OTcsImV4cCI6MTY4ODQ4NDU5N30.LhHVE3BNYgjkFFSC7Zjvj-5L_eVcvbvUExJWJ0agzCb_wxmp-TolSqHsn43ttmGeiSwnG6pwJ9CJ3n72SXrl3A
2023-07-04T16:26:38.053+05:30  INFO 4476 --- [http-nio-8090-exec-3] c.p.A.Impl.DrugCatalogueServiceImpl      : [{id=648011f1029f637a5d28a7a7, name=Aspirin, price=50, type=Tablet, category=Aspirin is used to reduce fever}, {id=6480141f029f637a5d28a7ad, name=Amoxicillin, price=100, type=Capsule, category=Amoxicillin is a penicillin antibiotic}, {id=6480143d029f637a5d28a7af, name=Atorvastatin, price=130, type=Tablet, category=Cholesterol-lowering agent}, {id=6480144d029f637a5d28a7b0, name=Ibuprofen, price=200, type=Tablet, category=Nonsteroidal anti-inflammatory drug (NSAID)}, {id=648584915683641112507aa4, name=Paracetamol, price=120, type=Tablet, category=Pain reliever}, {id=64918f86f72e301ef847fea1, name=Lisinopril, price=80, type=Tablet, category=Antihypertensive}, {id=64918fa1f72e301ef847fea2, name=Metformin, price=70, type=Tablet, category=Antidiabetic}, {id=64918fb6f72e301ef847fea3, name=Cetirizine, price=60, type=Tablet, category=Antihistamine}]
2023-07-04T16:27:31.313+05:30  INFO 4476 --- [http-nio-8090-exec-5] o.s.web.filter.OncePerRequestFilter      :  Header :  Bearer eyJhbGciOiJIUzUxMiJ9.eyJzdWIiOiJhZG1pbkBnbWFpbC5jb20iLCJpYXQiOjE2ODg0NjY1OTcsImV4cCI6MTY4ODQ4NDU5N30.LhHVE3BNYgjkFFSC7Zjvj-5L_eVcvbvUExJWJ0agzCb_wxmp-TolSqHsn43ttmGeiSwnG6pwJ9CJ3n72SXrl3A
2023-07-04T16:27:31.328+05:30  INFO 4476 --- [http-nio-8090-exec-7] o.s.web.filter.OncePerRequestFilter      :  Header :  Bearer eyJhbGciOiJIUzUxMiJ9.eyJzdWIiOiJhZG1pbkBnbWFpbC5jb20iLCJpYXQiOjE2ODg0NjY1OTcsImV4cCI6MTY4ODQ4NDU5N30.LhHVE3BNYgjkFFSC7Zjvj-5L_eVcvbvUExJWJ0agzCb_wxmp-TolSqHsn43ttmGeiSwnG6pwJ9CJ3n72SXrl3A
2023-07-04T16:27:39.129+05:30  INFO 4476 --- [http-nio-8090-exec-4] o.s.web.filter.OncePerRequestFilter      :  Header :  Bearer eyJhbGciOiJIUzUxMiJ9.eyJzdWIiOiJhZG1pbkBnbWFpbC5jb20iLCJpYXQiOjE2ODg0NjY1OTcsImV4cCI6MTY4ODQ4NDU5N30.LhHVE3BNYgjkFFSC7Zjvj-5L_eVcvbvUExJWJ0agzCb_wxmp-TolSqHsn43ttmGeiSwnG6pwJ9CJ3n72SXrl3A
2023-07-04T16:27:44.907+05:30  INFO 4476 --- [http-nio-8090-exec-6] o.s.web.filter.OncePerRequestFilter      :  Header :  Bearer eyJhbGciOiJIUzUxMiJ9.eyJzdWIiOiJhZG1pbkBnbWFpbC5jb20iLCJpYXQiOjE2ODg0NjY1OTcsImV4cCI6MTY4ODQ4NDU5N30.LhHVE3BNYgjkFFSC7Zjvj-5L_eVcvbvUExJWJ0agzCb_wxmp-TolSqHsn43ttmGeiSwnG6pwJ9CJ3n72SXrl3A
2023-07-04T16:27:53.012+05:30  INFO 4476 --- [http-nio-8090-exec-2] o.s.web.filter.OncePerRequestFilter      :  Header :  Bearer eyJhbGciOiJIUzUxMiJ9.eyJzdWIiOiJhZG1pbkBnbWFpbC5jb20iLCJpYXQiOjE2ODg0NjY1OTcsImV4cCI6MTY4ODQ4NDU5N30.LhHVE3BNYgjkFFSC7Zjvj-5L_eVcvbvUExJWJ0agzCb_wxmp-TolSqHsn43ttmGeiSwnG6pwJ9CJ3n72SXrl3A
2023-07-04T16:27:53.038+05:30  INFO 4476 --- [http-nio-8090-exec-3] o.s.web.filter.OncePerRequestFilter      :  Header :  Bearer eyJhbGciOiJIUzUxMiJ9.eyJzdWIiOiJhZG1pbkBnbWFpbC5jb20iLCJpYXQiOjE2ODg0NjY1OTcsImV4cCI6MTY4ODQ4NDU5N30.LhHVE3BNYgjkFFSC7Zjvj-5L_eVcvbvUExJWJ0agzCb_wxmp-TolSqHsn43ttmGeiSwnG6pwJ9CJ3n72SXrl3A
2023-07-04T16:27:53.051+05:30  INFO 4476 --- [http-nio-8090-exec-5] o.s.web.filter.OncePerRequestFilter      :  Header :  Bearer eyJhbGciOiJIUzUxMiJ9.eyJzdWIiOiJhZG1pbkBnbWFpbC5jb20iLCJpYXQiOjE2ODg0NjY1OTcsImV4cCI6MTY4ODQ4NDU5N30.LhHVE3BNYgjkFFSC7Zjvj-5L_eVcvbvUExJWJ0agzCb_wxmp-TolSqHsn43ttmGeiSwnG6pwJ9CJ3n72SXrl3A
2023-07-04T16:27:53.052+05:30  INFO 4476 --- [http-nio-8090-exec-7] o.s.web.filter.OncePerRequestFilter      :  Header :  Bearer eyJhbGciOiJIUzUxMiJ9.eyJzdWIiOiJhZG1pbkBnbWFpbC5jb20iLCJpYXQiOjE2ODg0NjY1OTcsImV4cCI6MTY4ODQ4NDU5N30.LhHVE3BNYgjkFFSC7Zjvj-5L_eVcvbvUExJWJ0agzCb_wxmp-TolSqHsn43ttmGeiSwnG6pwJ9CJ3n72SXrl3A
2023-07-04T16:27:53.053+05:30  INFO 4476 --- [http-nio-8090-exec-1] o.s.web.filter.OncePerRequestFilter      :  Header :  Bearer eyJhbGciOiJIUzUxMiJ9.eyJzdWIiOiJhZG1pbkBnbWFpbC5jb20iLCJpYXQiOjE2ODg0NjY1OTcsImV4cCI6MTY4ODQ4NDU5N30.LhHVE3BNYgjkFFSC7Zjvj-5L_eVcvbvUExJWJ0agzCb_wxmp-TolSqHsn43ttmGeiSwnG6pwJ9CJ3n72SXrl3A
2023-07-04T16:27:53.055+05:30  INFO 4476 --- [http-nio-8090-exec-8] o.s.web.filter.OncePerRequestFilter      :  Header :  Bearer eyJhbGciOiJIUzUxMiJ9.eyJzdWIiOiJhZG1pbkBnbWFpbC5jb20iLCJpYXQiOjE2ODg0NjY1OTcsImV4cCI6MTY4ODQ4NDU5N30.LhHVE3BNYgjkFFSC7Zjvj-5L_eVcvbvUExJWJ0agzCb_wxmp-TolSqHsn43ttmGeiSwnG6pwJ9CJ3n72SXrl3A
2023-07-04T16:27:53.057+05:30  INFO 4476 --- [http-nio-8090-exec-3] o.s.web.filter.OncePerRequestFilter      :  Header :  Bearer eyJhbGciOiJIUzUxMiJ9.eyJzdWIiOiJhZG1pbkBnbWFpbC5jb20iLCJpYXQiOjE2ODg0NjY1OTcsImV4cCI6MTY4ODQ4NDU5N30.LhHVE3BNYgjkFFSC7Zjvj-5L_eVcvbvUExJWJ0agzCb_wxmp-TolSqHsn43ttmGeiSwnG6pwJ9CJ3n72SXrl3A
2023-07-04T16:27:53.069+05:30  INFO 4476 --- [http-nio-8090-exec-5] o.s.web.filter.OncePerRequestFilter      :  Header :  Bearer eyJhbGciOiJIUzUxMiJ9.eyJzdWIiOiJhZG1pbkBnbWFpbC5jb20iLCJpYXQiOjE2ODg0NjY1OTcsImV4cCI6MTY4ODQ4NDU5N30.LhHVE3BNYgjkFFSC7Zjvj-5L_eVcvbvUExJWJ0agzCb_wxmp-TolSqHsn43ttmGeiSwnG6pwJ9CJ3n72SXrl3A
2023-07-04T16:27:53.070+05:30  INFO 4476 --- [http-nio-8090-exec-1] c.p.A.Impl.DrugCatalogueServiceImpl      : [{id=648011f1029f637a5d28a7a7, name=Aspirin, price=50, type=Tablet, category=Aspirin is used to reduce fever}, {id=6480141f029f637a5d28a7ad, name=Amoxicillin, price=100, type=Capsule, category=Amoxicillin is a penicillin antibiotic}, {id=6480143d029f637a5d28a7af, name=Atorvastatin, price=130, type=Tablet, category=Cholesterol-lowering agent}, {id=6480144d029f637a5d28a7b0, name=Ibuprofen, price=200, type=Tablet, category=Nonsteroidal anti-inflammatory drug (NSAID)}, {id=648584915683641112507aa4, name=Paracetamol, price=120, type=Tablet, category=Pain reliever}, {id=64918f86f72e301ef847fea1, name=Lisinopril, price=80, type=Tablet, category=Antihypertensive}, {id=64918fa1f72e301ef847fea2, name=Metformin, price=70, type=Tablet, category=Antidiabetic}, {id=64918fb6f72e301ef847fea3, name=Cetirizine, price=60, type=Tablet, category=Antihistamine}]
2023-07-04T16:27:53.074+05:30  INFO 4476 --- [http-nio-8090-exec-9] o.s.web.filter.OncePerRequestFilter      :  Header :  Bearer eyJhbGciOiJIUzUxMiJ9.eyJzdWIiOiJhZG1pbkBnbWFpbC5jb20iLCJpYXQiOjE2ODg0NjY1OTcsImV4cCI6MTY4ODQ4NDU5N30.LhHVE3BNYgjkFFSC7Zjvj-5L_eVcvbvUExJWJ0agzCb_wxmp-TolSqHsn43ttmGeiSwnG6pwJ9CJ3n72SXrl3A
2023-07-04T16:27:53.085+05:30  INFO 4476 --- [http-nio-8090-exec-3] o.s.web.filter.OncePerRequestFilter      :  Header :  Bearer eyJhbGciOiJIUzUxMiJ9.eyJzdWIiOiJhZG1pbkBnbWFpbC5jb20iLCJpYXQiOjE2ODg0NjY1OTcsImV4cCI6MTY4ODQ4NDU5N30.LhHVE3BNYgjkFFSC7Zjvj-5L_eVcvbvUExJWJ0agzCb_wxmp-TolSqHsn43ttmGeiSwnG6pwJ9CJ3n72SXrl3A
2023-07-04T16:27:53.099+05:30  INFO 4476 --- [http-nio-8090-exec-6] o.s.web.filter.OncePerRequestFilter      :  Header :  Bearer eyJhbGciOiJIUzUxMiJ9.eyJzdWIiOiJhZG1pbkBnbWFpbC5jb20iLCJpYXQiOjE2ODg0NjY1OTcsImV4cCI6MTY4ODQ4NDU5N30.LhHVE3BNYgjkFFSC7Zjvj-5L_eVcvbvUExJWJ0agzCb_wxmp-TolSqHsn43ttmGeiSwnG6pwJ9CJ3n72SXrl3A
2023-07-04T16:27:53.099+05:30  INFO 4476 --- [http-nio-8090-exec-2] o.s.web.filter.OncePerRequestFilter      :  Header :  Bearer eyJhbGciOiJIUzUxMiJ9.eyJzdWIiOiJhZG1pbkBnbWFpbC5jb20iLCJpYXQiOjE2ODg0NjY1OTcsImV4cCI6MTY4ODQ4NDU5N30.LhHVE3BNYgjkFFSC7Zjvj-5L_eVcvbvUExJWJ0agzCb_wxmp-TolSqHsn43ttmGeiSwnG6pwJ9CJ3n72SXrl3A
2023-07-04T16:27:53.101+05:30  INFO 4476 --- [http-nio-8090-exec-9] o.s.web.filter.OncePerRequestFilter      :  Header :  Bearer eyJhbGciOiJIUzUxMiJ9.eyJzdWIiOiJhZG1pbkBnbWFpbC5jb20iLCJpYXQiOjE2ODg0NjY1OTcsImV4cCI6MTY4ODQ4NDU5N30.LhHVE3BNYgjkFFSC7Zjvj-5L_eVcvbvUExJWJ0agzCb_wxmp-TolSqHsn43ttmGeiSwnG6pwJ9CJ3n72SXrl3A
2023-07-04T16:27:53.102+05:30  INFO 4476 --- [http-nio-8090-exec-3] c.p.A.Impl.DrugCatalogueServiceImpl      : [{id=648011f1029f637a5d28a7a7, name=Aspirin, price=50, type=Tablet, category=Aspirin is used to reduce fever}, {id=6480141f029f637a5d28a7ad, name=Amoxicillin, price=100, type=Capsule, category=Amoxicillin is a penicillin antibiotic}, {id=6480143d029f637a5d28a7af, name=Atorvastatin, price=130, type=Tablet, category=Cholesterol-lowering agent}, {id=6480144d029f637a5d28a7b0, name=Ibuprofen, price=200, type=Tablet, category=Nonsteroidal anti-inflammatory drug (NSAID)}, {id=648584915683641112507aa4, name=Paracetamol, price=120, type=Tablet, category=Pain reliever}, {id=64918f86f72e301ef847fea1, name=Lisinopril, price=80, type=Tablet, category=Antihypertensive}, {id=64918fa1f72e301ef847fea2, name=Metformin, price=70, type=Tablet, category=Antidiabetic}, {id=64918fb6f72e301ef847fea3, name=Cetirizine, price=60, type=Tablet, category=Antihistamine}]
2023-07-04T16:27:53.143+05:30  INFO 4476 --- [http-nio-8090-exec-4] o.s.web.filter.OncePerRequestFilter      :  Header :  Bearer eyJhbGciOiJIUzUxMiJ9.eyJzdWIiOiJhZG1pbkBnbWFpbC5jb20iLCJpYXQiOjE2ODg0NjY1OTcsImV4cCI6MTY4ODQ4NDU5N30.LhHVE3BNYgjkFFSC7Zjvj-5L_eVcvbvUExJWJ0agzCb_wxmp-TolSqHsn43ttmGeiSwnG6pwJ9CJ3n72SXrl3A
2023-07-04T16:27:54.471+05:30  INFO 4476 --- [http-nio-8090-exec-7] o.s.web.filter.OncePerRequestFilter      :  Header :  Bearer eyJhbGciOiJIUzUxMiJ9.eyJzdWIiOiJhZG1pbkBnbWFpbC5jb20iLCJpYXQiOjE2ODg0NjY1OTcsImV4cCI6MTY4ODQ4NDU5N30.LhHVE3BNYgjkFFSC7Zjvj-5L_eVcvbvUExJWJ0agzCb_wxmp-TolSqHsn43ttmGeiSwnG6pwJ9CJ3n72SXrl3A
2023-07-04T16:27:54.482+05:30  INFO 4476 --- [http-nio-8090-exec-8] o.s.web.filter.OncePerRequestFilter      :  Header :  Bearer eyJhbGciOiJIUzUxMiJ9.eyJzdWIiOiJhZG1pbkBnbWFpbC5jb20iLCJpYXQiOjE2ODg0NjY1OTcsImV4cCI6MTY4ODQ4NDU5N30.LhHVE3BNYgjkFFSC7Zjvj-5L_eVcvbvUExJWJ0agzCb_wxmp-TolSqHsn43ttmGeiSwnG6pwJ9CJ3n72SXrl3A
2023-07-04T16:27:56.911+05:30  INFO 4476 --- [http-nio-8090-exec-5] o.s.web.filter.OncePerRequestFilter      :  Header :  Bearer eyJhbGciOiJIUzUxMiJ9.eyJzdWIiOiJhZG1pbkBnbWFpbC5jb20iLCJpYXQiOjE2ODg0NjY1OTcsImV4cCI6MTY4ODQ4NDU5N30.LhHVE3BNYgjkFFSC7Zjvj-5L_eVcvbvUExJWJ0agzCb_wxmp-TolSqHsn43ttmGeiSwnG6pwJ9CJ3n72SXrl3A
2023-07-04T16:28:39.552+05:30  INFO 4476 --- [http-nio-8090-exec-10] o.s.web.filter.OncePerRequestFilter      :  Header :  Bearer eyJhbGciOiJIUzUxMiJ9.eyJzdWIiOiJhZG1pbkBnbWFpbC5jb20iLCJpYXQiOjE2ODg0NjY1OTcsImV4cCI6MTY4ODQ4NDU5N30.LhHVE3BNYgjkFFSC7Zjvj-5L_eVcvbvUExJWJ0agzCb_wxmp-TolSqHsn43ttmGeiSwnG6pwJ9CJ3n72SXrl3A
2023-07-04T16:28:39.577+05:30  INFO 4476 --- [http-nio-8090-exec-3] o.s.web.filter.OncePerRequestFilter      :  Header :  Bearer eyJhbGciOiJIUzUxMiJ9.eyJzdWIiOiJhZG1pbkBnbWFpbC5jb20iLCJpYXQiOjE2ODg0NjY1OTcsImV4cCI6MTY4ODQ4NDU5N30.LhHVE3BNYgjkFFSC7Zjvj-5L_eVcvbvUExJWJ0agzCb_wxmp-TolSqHsn43ttmGeiSwnG6pwJ9CJ3n72SXrl3A
2023-07-04T16:28:39.590+05:30  INFO 4476 --- [http-nio-8090-exec-1] o.s.web.filter.OncePerRequestFilter      :  Header :  Bearer eyJhbGciOiJIUzUxMiJ9.eyJzdWIiOiJhZG1pbkBnbWFpbC5jb20iLCJpYXQiOjE2ODg0NjY1OTcsImV4cCI6MTY4ODQ4NDU5N30.LhHVE3BNYgjkFFSC7Zjvj-5L_eVcvbvUExJWJ0agzCb_wxmp-TolSqHsn43ttmGeiSwnG6pwJ9CJ3n72SXrl3A
2023-07-04T16:28:39.593+05:30  INFO 4476 --- [http-nio-8090-exec-9] o.s.web.filter.OncePerRequestFilter      :  Header :  Bearer eyJhbGciOiJIUzUxMiJ9.eyJzdWIiOiJhZG1pbkBnbWFpbC5jb20iLCJpYXQiOjE2ODg0NjY1OTcsImV4cCI6MTY4ODQ4NDU5N30.LhHVE3BNYgjkFFSC7Zjvj-5L_eVcvbvUExJWJ0agzCb_wxmp-TolSqHsn43ttmGeiSwnG6pwJ9CJ3n72SXrl3A
2023-07-04T16:28:39.594+05:30  INFO 4476 --- [http-nio-8090-exec-6] o.s.web.filter.OncePerRequestFilter      :  Header :  Bearer eyJhbGciOiJIUzUxMiJ9.eyJzdWIiOiJhZG1pbkBnbWFpbC5jb20iLCJpYXQiOjE2ODg0NjY1OTcsImV4cCI6MTY4ODQ4NDU5N30.LhHVE3BNYgjkFFSC7Zjvj-5L_eVcvbvUExJWJ0agzCb_wxmp-TolSqHsn43ttmGeiSwnG6pwJ9CJ3n72SXrl3A
2023-07-04T16:28:39.594+05:30  INFO 4476 --- [http-nio-8090-exec-2] o.s.web.filter.OncePerRequestFilter      :  Header :  Bearer eyJhbGciOiJIUzUxMiJ9.eyJzdWIiOiJhZG1pbkBnbWFpbC5jb20iLCJpYXQiOjE2ODg0NjY1OTcsImV4cCI6MTY4ODQ4NDU5N30.LhHVE3BNYgjkFFSC7Zjvj-5L_eVcvbvUExJWJ0agzCb_wxmp-TolSqHsn43ttmGeiSwnG6pwJ9CJ3n72SXrl3A
2023-07-04T16:28:39.595+05:30  INFO 4476 --- [http-nio-8090-exec-7] o.s.web.filter.OncePerRequestFilter      :  Header :  Bearer eyJhbGciOiJIUzUxMiJ9.eyJzdWIiOiJhZG1pbkBnbWFpbC5jb20iLCJpYXQiOjE2ODg0NjY1OTcsImV4cCI6MTY4ODQ4NDU5N30.LhHVE3BNYgjkFFSC7Zjvj-5L_eVcvbvUExJWJ0agzCb_wxmp-TolSqHsn43ttmGeiSwnG6pwJ9CJ3n72SXrl3A
2023-07-04T16:28:39.595+05:30  INFO 4476 --- [http-nio-8090-exec-4] o.s.web.filter.OncePerRequestFilter      :  Header :  Bearer eyJhbGciOiJIUzUxMiJ9.eyJzdWIiOiJhZG1pbkBnbWFpbC5jb20iLCJpYXQiOjE2ODg0NjY1OTcsImV4cCI6MTY4ODQ4NDU5N30.LhHVE3BNYgjkFFSC7Zjvj-5L_eVcvbvUExJWJ0agzCb_wxmp-TolSqHsn43ttmGeiSwnG6pwJ9CJ3n72SXrl3A
2023-07-04T16:28:39.603+05:30  INFO 4476 --- [http-nio-8090-exec-8] o.s.web.filter.OncePerRequestFilter      :  Header :  Bearer eyJhbGciOiJIUzUxMiJ9.eyJzdWIiOiJhZG1pbkBnbWFpbC5jb20iLCJpYXQiOjE2ODg0NjY1OTcsImV4cCI6MTY4ODQ4NDU5N30.LhHVE3BNYgjkFFSC7Zjvj-5L_eVcvbvUExJWJ0agzCb_wxmp-TolSqHsn43ttmGeiSwnG6pwJ9CJ3n72SXrl3A
2023-07-04T16:28:39.606+05:30  INFO 4476 --- [http-nio-8090-exec-7] c.p.A.Impl.DrugCatalogueServiceImpl      : [{id=648011f1029f637a5d28a7a7, name=Aspirin, price=50, type=Tablet, category=Aspirin is used to reduce fever}, {id=6480141f029f637a5d28a7ad, name=Amoxicillin, price=100, type=Capsule, category=Amoxicillin is a penicillin antibiotic}, {id=6480143d029f637a5d28a7af, name=Atorvastatin, price=130, type=Tablet, category=Cholesterol-lowering agent}, {id=6480144d029f637a5d28a7b0, name=Ibuprofen, price=200, type=Tablet, category=Nonsteroidal anti-inflammatory drug (NSAID)}, {id=648584915683641112507aa4, name=Paracetamol, price=120, type=Tablet, category=Pain reliever}, {id=64918f86f72e301ef847fea1, name=Lisinopril, price=80, type=Tablet, category=Antihypertensive}, {id=64918fa1f72e301ef847fea2, name=Metformin, price=70, type=Tablet, category=Antidiabetic}, {id=64918fb6f72e301ef847fea3, name=Cetirizine, price=60, type=Tablet, category=Antihistamine}]
2023-07-04T16:28:39.622+05:30  INFO 4476 --- [http-nio-8090-exec-5] o.s.web.filter.OncePerRequestFilter      :  Header :  Bearer eyJhbGciOiJIUzUxMiJ9.eyJzdWIiOiJhZG1pbkBnbWFpbC5jb20iLCJpYXQiOjE2ODg0NjY1OTcsImV4cCI6MTY4ODQ4NDU5N30.LhHVE3BNYgjkFFSC7Zjvj-5L_eVcvbvUExJWJ0agzCb_wxmp-TolSqHsn43ttmGeiSwnG6pwJ9CJ3n72SXrl3A
2023-07-04T16:28:39.623+05:30  INFO 4476 --- [http-nio-8090-exec-4] o.s.web.filter.OncePerRequestFilter      :  Header :  Bearer eyJhbGciOiJIUzUxMiJ9.eyJzdWIiOiJhZG1pbkBnbWFpbC5jb20iLCJpYXQiOjE2ODg0NjY1OTcsImV4cCI6MTY4ODQ4NDU5N30.LhHVE3BNYgjkFFSC7Zjvj-5L_eVcvbvUExJWJ0agzCb_wxmp-TolSqHsn43ttmGeiSwnG6pwJ9CJ3n72SXrl3A
2023-07-04T16:28:39.627+05:30  INFO 4476 --- [http-nio-8090-exec-10] o.s.web.filter.OncePerRequestFilter      :  Header :  Bearer eyJhbGciOiJIUzUxMiJ9.eyJzdWIiOiJhZG1pbkBnbWFpbC5jb20iLCJpYXQiOjE2ODg0NjY1OTcsImV4cCI6MTY4ODQ4NDU5N30.LhHVE3BNYgjkFFSC7Zjvj-5L_eVcvbvUExJWJ0agzCb_wxmp-TolSqHsn43ttmGeiSwnG6pwJ9CJ3n72SXrl3A
2023-07-04T16:28:39.642+05:30  INFO 4476 --- [http-nio-8090-exec-1] o.s.web.filter.OncePerRequestFilter      :  Header :  Bearer eyJhbGciOiJIUzUxMiJ9.eyJzdWIiOiJhZG1pbkBnbWFpbC5jb20iLCJpYXQiOjE2ODg0NjY1OTcsImV4cCI6MTY4ODQ4NDU5N30.LhHVE3BNYgjkFFSC7Zjvj-5L_eVcvbvUExJWJ0agzCb_wxmp-TolSqHsn43ttmGeiSwnG6pwJ9CJ3n72SXrl3A
2023-07-04T16:28:39.647+05:30  INFO 4476 --- [http-nio-8090-exec-4] c.p.A.Impl.DrugCatalogueServiceImpl      : [{id=648011f1029f637a5d28a7a7, name=Aspirin, price=50, type=Tablet, category=Aspirin is used to reduce fever}, {id=6480141f029f637a5d28a7ad, name=Amoxicillin, price=100, type=Capsule, category=Amoxicillin is a penicillin antibiotic}, {id=6480143d029f637a5d28a7af, name=Atorvastatin, price=130, type=Tablet, category=Cholesterol-lowering agent}, {id=6480144d029f637a5d28a7b0, name=Ibuprofen, price=200, type=Tablet, category=Nonsteroidal anti-inflammatory drug (NSAID)}, {id=648584915683641112507aa4, name=Paracetamol, price=120, type=Tablet, category=Pain reliever}, {id=64918f86f72e301ef847fea1, name=Lisinopril, price=80, type=Tablet, category=Antihypertensive}, {id=64918fa1f72e301ef847fea2, name=Metformin, price=70, type=Tablet, category=Antidiabetic}, {id=64918fb6f72e301ef847fea3, name=Cetirizine, price=60, type=Tablet, category=Antihistamine}]
2023-07-04T16:28:39.649+05:30  INFO 4476 --- [http-nio-8090-exec-4] o.s.web.filter.OncePerRequestFilter      :  Header :  Bearer eyJhbGciOiJIUzUxMiJ9.eyJzdWIiOiJhZG1pbkBnbWFpbC5jb20iLCJpYXQiOjE2ODg0NjY1OTcsImV4cCI6MTY4ODQ4NDU5N30.LhHVE3BNYgjkFFSC7Zjvj-5L_eVcvbvUExJWJ0agzCb_wxmp-TolSqHsn43ttmGeiSwnG6pwJ9CJ3n72SXrl3A
2023-07-04T16:28:40.606+05:30  INFO 4476 --- [http-nio-8090-exec-9] o.s.web.filter.OncePerRequestFilter      :  Header :  Bearer eyJhbGciOiJIUzUxMiJ9.eyJzdWIiOiJhZG1pbkBnbWFpbC5jb20iLCJpYXQiOjE2ODg0NjY1OTcsImV4cCI6MTY4ODQ4NDU5N30.LhHVE3BNYgjkFFSC7Zjvj-5L_eVcvbvUExJWJ0agzCb_wxmp-TolSqHsn43ttmGeiSwnG6pwJ9CJ3n72SXrl3A
2023-07-04T16:28:40.623+05:30  INFO 4476 --- [http-nio-8090-exec-8] o.s.web.filter.OncePerRequestFilter      :  Header :  Bearer eyJhbGciOiJIUzUxMiJ9.eyJzdWIiOiJhZG1pbkBnbWFpbC5jb20iLCJpYXQiOjE2ODg0NjY1OTcsImV4cCI6MTY4ODQ4NDU5N30.LhHVE3BNYgjkFFSC7Zjvj-5L_eVcvbvUExJWJ0agzCb_wxmp-TolSqHsn43ttmGeiSwnG6pwJ9CJ3n72SXrl3A
2023-07-04T16:28:42.942+05:30  INFO 4476 --- [http-nio-8090-exec-6] o.s.web.filter.OncePerRequestFilter      :  Header :  Bearer eyJhbGciOiJIUzUxMiJ9.eyJzdWIiOiJhZG1pbkBnbWFpbC5jb20iLCJpYXQiOjE2ODg0NjY1OTcsImV4cCI6MTY4ODQ4NDU5N30.LhHVE3BNYgjkFFSC7Zjvj-5L_eVcvbvUExJWJ0agzCb_wxmp-TolSqHsn43ttmGeiSwnG6pwJ9CJ3n72SXrl3A
2023-07-04T16:28:50.404+05:30  INFO 4476 --- [http-nio-8090-exec-3] o.s.web.filter.OncePerRequestFilter      :  Header :  Bearer eyJhbGciOiJIUzUxMiJ9.eyJzdWIiOiJhZG1pbkBnbWFpbC5jb20iLCJpYXQiOjE2ODg0NjY1OTcsImV4cCI6MTY4ODQ4NDU5N30.LhHVE3BNYgjkFFSC7Zjvj-5L_eVcvbvUExJWJ0agzCb_wxmp-TolSqHsn43ttmGeiSwnG6pwJ9CJ3n72SXrl3A
2023-07-04T16:29:03.738+05:30  INFO 4476 --- [http-nio-8090-exec-2] o.s.web.filter.OncePerRequestFilter      :  Header :  Bearer eyJhbGciOiJIUzUxMiJ9.eyJzdWIiOiJhZG1pbkBnbWFpbC5jb20iLCJpYXQiOjE2ODg0NjY1OTcsImV4cCI6MTY4ODQ4NDU5N30.LhHVE3BNYgjkFFSC7Zjvj-5L_eVcvbvUExJWJ0agzCb_wxmp-TolSqHsn43ttmGeiSwnG6pwJ9CJ3n72SXrl3A
2023-07-04T16:29:03.748+05:30  INFO 4476 --- [http-nio-8090-exec-5] o.s.web.filter.OncePerRequestFilter      :  Header :  Bearer eyJhbGciOiJIUzUxMiJ9.eyJzdWIiOiJhZG1pbkBnbWFpbC5jb20iLCJpYXQiOjE2ODg0NjY1OTcsImV4cCI6MTY4ODQ4NDU5N30.LhHVE3BNYgjkFFSC7Zjvj-5L_eVcvbvUExJWJ0agzCb_wxmp-TolSqHsn43ttmGeiSwnG6pwJ9CJ3n72SXrl3A
2023-07-04T16:29:03.766+05:30  INFO 4476 --- [http-nio-8090-exec-5] o.s.web.filter.OncePerRequestFilter      :  Header :  Bearer eyJhbGciOiJIUzUxMiJ9.eyJzdWIiOiJhZG1pbkBnbWFpbC5jb20iLCJpYXQiOjE2ODg0NjY1OTcsImV4cCI6MTY4ODQ4NDU5N30.LhHVE3BNYgjkFFSC7Zjvj-5L_eVcvbvUExJWJ0agzCb_wxmp-TolSqHsn43ttmGeiSwnG6pwJ9CJ3n72SXrl3A
2023-07-04T16:29:03.767+05:30  INFO 4476 --- [http-nio-8090-exec-10] o.s.web.filter.OncePerRequestFilter      :  Header :  Bearer eyJhbGciOiJIUzUxMiJ9.eyJzdWIiOiJhZG1pbkBnbWFpbC5jb20iLCJpYXQiOjE2ODg0NjY1OTcsImV4cCI6MTY4ODQ4NDU5N30.LhHVE3BNYgjkFFSC7Zjvj-5L_eVcvbvUExJWJ0agzCb_wxmp-TolSqHsn43ttmGeiSwnG6pwJ9CJ3n72SXrl3A
2023-07-04T16:29:03.774+05:30  INFO 4476 --- [http-nio-8090-exec-9] o.s.web.filter.OncePerRequestFilter      :  Header :  Bearer eyJhbGciOiJIUzUxMiJ9.eyJzdWIiOiJhZG1pbkBnbWFpbC5jb20iLCJpYXQiOjE2ODg0NjY1OTcsImV4cCI6MTY4ODQ4NDU5N30.LhHVE3BNYgjkFFSC7Zjvj-5L_eVcvbvUExJWJ0agzCb_wxmp-TolSqHsn43ttmGeiSwnG6pwJ9CJ3n72SXrl3A
2023-07-04T16:29:03.774+05:30  INFO 4476 --- [http-nio-8090-exec-4] o.s.web.filter.OncePerRequestFilter      :  Header :  Bearer eyJhbGciOiJIUzUxMiJ9.eyJzdWIiOiJhZG1pbkBnbWFpbC5jb20iLCJpYXQiOjE2ODg0NjY1OTcsImV4cCI6MTY4ODQ4NDU5N30.LhHVE3BNYgjkFFSC7Zjvj-5L_eVcvbvUExJWJ0agzCb_wxmp-TolSqHsn43ttmGeiSwnG6pwJ9CJ3n72SXrl3A
2023-07-04T16:29:03.774+05:30  INFO 4476 --- [http-nio-8090-exec-1] o.s.web.filter.OncePerRequestFilter      :  Header :  Bearer eyJhbGciOiJIUzUxMiJ9.eyJzdWIiOiJhZG1pbkBnbWFpbC5jb20iLCJpYXQiOjE2ODg0NjY1OTcsImV4cCI6MTY4ODQ4NDU5N30.LhHVE3BNYgjkFFSC7Zjvj-5L_eVcvbvUExJWJ0agzCb_wxmp-TolSqHsn43ttmGeiSwnG6pwJ9CJ3n72SXrl3A
2023-07-04T16:29:03.774+05:30  INFO 4476 --- [http-nio-8090-exec-7] o.s.web.filter.OncePerRequestFilter      :  Header :  Bearer eyJhbGciOiJIUzUxMiJ9.eyJzdWIiOiJhZG1pbkBnbWFpbC5jb20iLCJpYXQiOjE2ODg0NjY1OTcsImV4cCI6MTY4ODQ4NDU5N30.LhHVE3BNYgjkFFSC7Zjvj-5L_eVcvbvUExJWJ0agzCb_wxmp-TolSqHsn43ttmGeiSwnG6pwJ9CJ3n72SXrl3A
2023-07-04T16:29:03.798+05:30  INFO 4476 --- [http-nio-8090-exec-6] o.s.web.filter.OncePerRequestFilter      :  Header :  Bearer eyJhbGciOiJIUzUxMiJ9.eyJzdWIiOiJhZG1pbkBnbWFpbC5jb20iLCJpYXQiOjE2ODg0NjY1OTcsImV4cCI6MTY4ODQ4NDU5N30.LhHVE3BNYgjkFFSC7Zjvj-5L_eVcvbvUExJWJ0agzCb_wxmp-TolSqHsn43ttmGeiSwnG6pwJ9CJ3n72SXrl3A
2023-07-04T16:29:03.798+05:30  INFO 4476 --- [http-nio-8090-exec-3] o.s.web.filter.OncePerRequestFilter      :  Header :  Bearer eyJhbGciOiJIUzUxMiJ9.eyJzdWIiOiJhZG1pbkBnbWFpbC5jb20iLCJpYXQiOjE2ODg0NjY1OTcsImV4cCI6MTY4ODQ4NDU5N30.LhHVE3BNYgjkFFSC7Zjvj-5L_eVcvbvUExJWJ0agzCb_wxmp-TolSqHsn43ttmGeiSwnG6pwJ9CJ3n72SXrl3A
2023-07-04T16:29:03.801+05:30  INFO 4476 --- [http-nio-8090-exec-2] o.s.web.filter.OncePerRequestFilter      :  Header :  Bearer eyJhbGciOiJIUzUxMiJ9.eyJzdWIiOiJhZG1pbkBnbWFpbC5jb20iLCJpYXQiOjE2ODg0NjY1OTcsImV4cCI6MTY4ODQ4NDU5N30.LhHVE3BNYgjkFFSC7Zjvj-5L_eVcvbvUExJWJ0agzCb_wxmp-TolSqHsn43ttmGeiSwnG6pwJ9CJ3n72SXrl3A
2023-07-04T16:29:03.803+05:30  INFO 4476 --- [http-nio-8090-exec-8] o.s.web.filter.OncePerRequestFilter      :  Header :  Bearer eyJhbGciOiJIUzUxMiJ9.eyJzdWIiOiJhZG1pbkBnbWFpbC5jb20iLCJpYXQiOjE2ODg0NjY1OTcsImV4cCI6MTY4ODQ4NDU5N30.LhHVE3BNYgjkFFSC7Zjvj-5L_eVcvbvUExJWJ0agzCb_wxmp-TolSqHsn43ttmGeiSwnG6pwJ9CJ3n72SXrl3A
2023-07-04T16:29:03.805+05:30  INFO 4476 --- [http-nio-8090-exec-7] c.p.A.Impl.DrugCatalogueServiceImpl      : [{id=648011f1029f637a5d28a7a7, name=Aspirin, price=50, type=Tablet, category=Aspirin is used to reduce fever}, {id=6480141f029f637a5d28a7ad, name=Amoxicillin, price=100, type=Capsule, category=Amoxicillin is a penicillin antibiotic}, {id=6480143d029f637a5d28a7af, name=Atorvastatin, price=130, type=Tablet, category=Cholesterol-lowering agent}, {id=6480144d029f637a5d28a7b0, name=Ibuprofen, price=200, type=Tablet, category=Nonsteroidal anti-inflammatory drug (NSAID)}, {id=648584915683641112507aa4, name=Paracetamol, price=120, type=Tablet, category=Pain reliever}, {id=64918f86f72e301ef847fea1, name=Lisinopril, price=80, type=Tablet, category=Antihypertensive}, {id=64918fa1f72e301ef847fea2, name=Metformin, price=70, type=Tablet, category=Antidiabetic}, {id=64918fb6f72e301ef847fea3, name=Cetirizine, price=60, type=Tablet, category=Antihistamine}]
2023-07-04T16:29:03.821+05:30  INFO 4476 --- [http-nio-8090-exec-4] o.s.web.filter.OncePerRequestFilter      :  Header :  Bearer eyJhbGciOiJIUzUxMiJ9.eyJzdWIiOiJhZG1pbkBnbWFpbC5jb20iLCJpYXQiOjE2ODg0NjY1OTcsImV4cCI6MTY4ODQ4NDU5N30.LhHVE3BNYgjkFFSC7Zjvj-5L_eVcvbvUExJWJ0agzCb_wxmp-TolSqHsn43ttmGeiSwnG6pwJ9CJ3n72SXrl3A
2023-07-04T16:29:03.821+05:30  INFO 4476 --- [http-nio-8090-exec-9] o.s.web.filter.OncePerRequestFilter      :  Header :  Bearer eyJhbGciOiJIUzUxMiJ9.eyJzdWIiOiJhZG1pbkBnbWFpbC5jb20iLCJpYXQiOjE2ODg0NjY1OTcsImV4cCI6MTY4ODQ4NDU5N30.LhHVE3BNYgjkFFSC7Zjvj-5L_eVcvbvUExJWJ0agzCb_wxmp-TolSqHsn43ttmGeiSwnG6pwJ9CJ3n72SXrl3A
2023-07-04T16:29:03.832+05:30  INFO 4476 --- [http-nio-8090-exec-4] c.p.A.Impl.DrugCatalogueServiceImpl      : [{id=648011f1029f637a5d28a7a7, name=Aspirin, price=50, type=Tablet, category=Aspirin is used to reduce fever}, {id=6480141f029f637a5d28a7ad, name=Amoxicillin, price=100, type=Capsule, category=Amoxicillin is a penicillin antibiotic}, {id=6480143d029f637a5d28a7af, name=Atorvastatin, price=130, type=Tablet, category=Cholesterol-lowering agent}, {id=6480144d029f637a5d28a7b0, name=Ibuprofen, price=200, type=Tablet, category=Nonsteroidal anti-inflammatory drug (NSAID)}, {id=648584915683641112507aa4, name=Paracetamol, price=120, type=Tablet, category=Pain reliever}, {id=64918f86f72e301ef847fea1, name=Lisinopril, price=80, type=Tablet, category=Antihypertensive}, {id=64918fa1f72e301ef847fea2, name=Metformin, price=70, type=Tablet, category=Antidiabetic}, {id=64918fb6f72e301ef847fea3, name=Cetirizine, price=60, type=Tablet, category=Antihistamine}]
2023-07-04T16:29:05.406+05:30  INFO 4476 --- [http-nio-8090-exec-10] o.s.web.filter.OncePerRequestFilter      :  Header :  Bearer eyJhbGciOiJIUzUxMiJ9.eyJzdWIiOiJhZG1pbkBnbWFpbC5jb20iLCJpYXQiOjE2ODg0NjY1OTcsImV4cCI6MTY4ODQ4NDU5N30.LhHVE3BNYgjkFFSC7Zjvj-5L_eVcvbvUExJWJ0agzCb_wxmp-TolSqHsn43ttmGeiSwnG6pwJ9CJ3n72SXrl3A
2023-07-04T16:29:05.418+05:30  INFO 4476 --- [http-nio-8090-exec-5] o.s.web.filter.OncePerRequestFilter      :  Header :  Bearer eyJhbGciOiJIUzUxMiJ9.eyJzdWIiOiJhZG1pbkBnbWFpbC5jb20iLCJpYXQiOjE2ODg0NjY1OTcsImV4cCI6MTY4ODQ4NDU5N30.LhHVE3BNYgjkFFSC7Zjvj-5L_eVcvbvUExJWJ0agzCb_wxmp-TolSqHsn43ttmGeiSwnG6pwJ9CJ3n72SXrl3A
2023-07-04T16:29:08.034+05:30  INFO 4476 --- [http-nio-8090-exec-1] o.s.web.filter.OncePerRequestFilter      :  Header :  Bearer eyJhbGciOiJIUzUxMiJ9.eyJzdWIiOiJhZG1pbkBnbWFpbC5jb20iLCJpYXQiOjE2ODg0NjY1OTcsImV4cCI6MTY4ODQ4NDU5N30.LhHVE3BNYgjkFFSC7Zjvj-5L_eVcvbvUExJWJ0agzCb_wxmp-TolSqHsn43ttmGeiSwnG6pwJ9CJ3n72SXrl3A
2023-07-04T16:29:12.493+05:30  INFO 4476 --- [http-nio-8090-exec-7] o.s.web.filter.OncePerRequestFilter      :  Header :  Bearer eyJhbGciOiJIUzUxMiJ9.eyJzdWIiOiJhZG1pbkBnbWFpbC5jb20iLCJpYXQiOjE2ODg0NjY1OTcsImV4cCI6MTY4ODQ4NDU5N30.LhHVE3BNYgjkFFSC7Zjvj-5L_eVcvbvUExJWJ0agzCb_wxmp-TolSqHsn43ttmGeiSwnG6pwJ9CJ3n72SXrl3A
2023-07-04T16:29:19.448+05:30  INFO 4476 --- [http-nio-8090-exec-8] o.s.web.filter.OncePerRequestFilter      :  Header :  Bearer eyJhbGciOiJIUzUxMiJ9.eyJzdWIiOiJhZG1pbkBnbWFpbC5jb20iLCJpYXQiOjE2ODg0NjY1OTcsImV4cCI6MTY4ODQ4NDU5N30.LhHVE3BNYgjkFFSC7Zjvj-5L_eVcvbvUExJWJ0agzCb_wxmp-TolSqHsn43ttmGeiSwnG6pwJ9CJ3n72SXrl3A
2023-07-04T16:29:19.471+05:30  INFO 4476 --- [http-nio-8090-exec-2] o.s.web.filter.OncePerRequestFilter      :  Header :  Bearer eyJhbGciOiJIUzUxMiJ9.eyJzdWIiOiJhZG1pbkBnbWFpbC5jb20iLCJpYXQiOjE2ODg0NjY1OTcsImV4cCI6MTY4ODQ4NDU5N30.LhHVE3BNYgjkFFSC7Zjvj-5L_eVcvbvUExJWJ0agzCb_wxmp-TolSqHsn43ttmGeiSwnG6pwJ9CJ3n72SXrl3A
2023-07-04T16:29:19.488+05:30  INFO 4476 --- [http-nio-8090-exec-6] o.s.web.filter.OncePerRequestFilter      :  Header :  Bearer eyJhbGciOiJIUzUxMiJ9.eyJzdWIiOiJhZG1pbkBnbWFpbC5jb20iLCJpYXQiOjE2ODg0NjY1OTcsImV4cCI6MTY4ODQ4NDU5N30.LhHVE3BNYgjkFFSC7Zjvj-5L_eVcvbvUExJWJ0agzCb_wxmp-TolSqHsn43ttmGeiSwnG6pwJ9CJ3n72SXrl3A
2023-07-04T16:29:19.495+05:30  INFO 4476 --- [http-nio-8090-exec-9] o.s.web.filter.OncePerRequestFilter      :  Header :  Bearer eyJhbGciOiJIUzUxMiJ9.eyJzdWIiOiJhZG1pbkBnbWFpbC5jb20iLCJpYXQiOjE2ODg0NjY1OTcsImV4cCI6MTY4ODQ4NDU5N30.LhHVE3BNYgjkFFSC7Zjvj-5L_eVcvbvUExJWJ0agzCb_wxmp-TolSqHsn43ttmGeiSwnG6pwJ9CJ3n72SXrl3A
2023-07-04T16:29:19.495+05:30  INFO 4476 --- [http-nio-8090-exec-3] o.s.web.filter.OncePerRequestFilter      :  Header :  Bearer eyJhbGciOiJIUzUxMiJ9.eyJzdWIiOiJhZG1pbkBnbWFpbC5jb20iLCJpYXQiOjE2ODg0NjY1OTcsImV4cCI6MTY4ODQ4NDU5N30.LhHVE3BNYgjkFFSC7Zjvj-5L_eVcvbvUExJWJ0agzCb_wxmp-TolSqHsn43ttmGeiSwnG6pwJ9CJ3n72SXrl3A
2023-07-04T16:29:19.495+05:30  INFO 4476 --- [http-nio-8090-exec-4] o.s.web.filter.OncePerRequestFilter      :  Header :  Bearer eyJhbGciOiJIUzUxMiJ9.eyJzdWIiOiJhZG1pbkBnbWFpbC5jb20iLCJpYXQiOjE2ODg0NjY1OTcsImV4cCI6MTY4ODQ4NDU5N30.LhHVE3BNYgjkFFSC7Zjvj-5L_eVcvbvUExJWJ0agzCb_wxmp-TolSqHsn43ttmGeiSwnG6pwJ9CJ3n72SXrl3A
2023-07-04T16:29:19.496+05:30  INFO 4476 --- [http-nio-8090-exec-10] o.s.web.filter.OncePerRequestFilter      :  Header :  Bearer eyJhbGciOiJIUzUxMiJ9.eyJzdWIiOiJhZG1pbkBnbWFpbC5jb20iLCJpYXQiOjE2ODg0NjY1OTcsImV4cCI6MTY4ODQ4NDU5N30.LhHVE3BNYgjkFFSC7Zjvj-5L_eVcvbvUExJWJ0agzCb_wxmp-TolSqHsn43ttmGeiSwnG6pwJ9CJ3n72SXrl3A
2023-07-04T16:29:19.496+05:30  INFO 4476 --- [http-nio-8090-exec-5] o.s.web.filter.OncePerRequestFilter      :  Header :  Bearer eyJhbGciOiJIUzUxMiJ9.eyJzdWIiOiJhZG1pbkBnbWFpbC5jb20iLCJpYXQiOjE2ODg0NjY1OTcsImV4cCI6MTY4ODQ4NDU5N30.LhHVE3BNYgjkFFSC7Zjvj-5L_eVcvbvUExJWJ0agzCb_wxmp-TolSqHsn43ttmGeiSwnG6pwJ9CJ3n72SXrl3A
2023-07-04T16:29:19.509+05:30  INFO 4476 --- [http-nio-8090-exec-10] c.p.A.Impl.DrugCatalogueServiceImpl      : [{id=648011f1029f637a5d28a7a7, name=Aspirin, price=50, type=Tablet, category=Aspirin is used to reduce fever}, {id=6480141f029f637a5d28a7ad, name=Amoxicillin, price=100, type=Capsule, category=Amoxicillin is a penicillin antibiotic}, {id=6480143d029f637a5d28a7af, name=Atorvastatin, price=130, type=Tablet, category=Cholesterol-lowering agent}, {id=6480144d029f637a5d28a7b0, name=Ibuprofen, price=200, type=Tablet, category=Nonsteroidal anti-inflammatory drug (NSAID)}, {id=648584915683641112507aa4, name=Paracetamol, price=120, type=Tablet, category=Pain reliever}, {id=64918f86f72e301ef847fea1, name=Lisinopril, price=80, type=Tablet, category=Antihypertensive}, {id=64918fa1f72e301ef847fea2, name=Metformin, price=70, type=Tablet, category=Antidiabetic}, {id=64918fb6f72e301ef847fea3, name=Cetirizine, price=60, type=Tablet, category=Antihistamine}]
2023-07-04T16:29:19.515+05:30  INFO 4476 --- [http-nio-8090-exec-1] o.s.web.filter.OncePerRequestFilter      :  Header :  Bearer eyJhbGciOiJIUzUxMiJ9.eyJzdWIiOiJhZG1pbkBnbWFpbC5jb20iLCJpYXQiOjE2ODg0NjY1OTcsImV4cCI6MTY4ODQ4NDU5N30.LhHVE3BNYgjkFFSC7Zjvj-5L_eVcvbvUExJWJ0agzCb_wxmp-TolSqHsn43ttmGeiSwnG6pwJ9CJ3n72SXrl3A
2023-07-04T16:29:19.522+05:30  INFO 4476 --- [http-nio-8090-exec-8] o.s.web.filter.OncePerRequestFilter      :  Header :  Bearer eyJhbGciOiJIUzUxMiJ9.eyJzdWIiOiJhZG1pbkBnbWFpbC5jb20iLCJpYXQiOjE2ODg0NjY1OTcsImV4cCI6MTY4ODQ4NDU5N30.LhHVE3BNYgjkFFSC7Zjvj-5L_eVcvbvUExJWJ0agzCb_wxmp-TolSqHsn43ttmGeiSwnG6pwJ9CJ3n72SXrl3A
2023-07-04T16:29:19.532+05:30  INFO 4476 --- [http-nio-8090-exec-7] o.s.web.filter.OncePerRequestFilter      :  Header :  Bearer eyJhbGciOiJIUzUxMiJ9.eyJzdWIiOiJhZG1pbkBnbWFpbC5jb20iLCJpYXQiOjE2ODg0NjY1OTcsImV4cCI6MTY4ODQ4NDU5N30.LhHVE3BNYgjkFFSC7Zjvj-5L_eVcvbvUExJWJ0agzCb_wxmp-TolSqHsn43ttmGeiSwnG6pwJ9CJ3n72SXrl3A
2023-07-04T16:29:19.536+05:30  INFO 4476 --- [http-nio-8090-exec-2] o.s.web.filter.OncePerRequestFilter      :  Header :  Bearer eyJhbGciOiJIUzUxMiJ9.eyJzdWIiOiJhZG1pbkBnbWFpbC5jb20iLCJpYXQiOjE2ODg0NjY1OTcsImV4cCI6MTY4ODQ4NDU5N30.LhHVE3BNYgjkFFSC7Zjvj-5L_eVcvbvUExJWJ0agzCb_wxmp-TolSqHsn43ttmGeiSwnG6pwJ9CJ3n72SXrl3A
2023-07-04T16:29:19.538+05:30  INFO 4476 --- [http-nio-8090-exec-8] c.p.A.Impl.DrugCatalogueServiceImpl      : [{id=648011f1029f637a5d28a7a7, name=Aspirin, price=50, type=Tablet, category=Aspirin is used to reduce fever}, {id=6480141f029f637a5d28a7ad, name=Amoxicillin, price=100, type=Capsule, category=Amoxicillin is a penicillin antibiotic}, {id=6480143d029f637a5d28a7af, name=Atorvastatin, price=130, type=Tablet, category=Cholesterol-lowering agent}, {id=6480144d029f637a5d28a7b0, name=Ibuprofen, price=200, type=Tablet, category=Nonsteroidal anti-inflammatory drug (NSAID)}, {id=648584915683641112507aa4, name=Paracetamol, price=120, type=Tablet, category=Pain reliever}, {id=64918f86f72e301ef847fea1, name=Lisinopril, price=80, type=Tablet, category=Antihypertensive}, {id=64918fa1f72e301ef847fea2, name=Metformin, price=70, type=Tablet, category=Antidiabetic}, {id=64918fb6f72e301ef847fea3, name=Cetirizine, price=60, type=Tablet, category=Antihistamine}]
2023-07-04T16:29:19.539+05:30  INFO 4476 --- [http-nio-8090-exec-6] o.s.web.filter.OncePerRequestFilter      :  Header :  Bearer eyJhbGciOiJIUzUxMiJ9.eyJzdWIiOiJhZG1pbkBnbWFpbC5jb20iLCJpYXQiOjE2ODg0NjY1OTcsImV4cCI6MTY4ODQ4NDU5N30.LhHVE3BNYgjkFFSC7Zjvj-5L_eVcvbvUExJWJ0agzCb_wxmp-TolSqHsn43ttmGeiSwnG6pwJ9CJ3n72SXrl3A
2023-07-04T16:29:19.538+05:30  INFO 4476 --- [http-nio-8090-exec-3] o.s.web.filter.OncePerRequestFilter      :  Header :  Bearer eyJhbGciOiJIUzUxMiJ9.eyJzdWIiOiJhZG1pbkBnbWFpbC5jb20iLCJpYXQiOjE2ODg0NjY1OTcsImV4cCI6MTY4ODQ4NDU5N30.LhHVE3BNYgjkFFSC7Zjvj-5L_eVcvbvUExJWJ0agzCb_wxmp-TolSqHsn43ttmGeiSwnG6pwJ9CJ3n72SXrl3A
2023-07-04T16:29:20.782+05:30  INFO 4476 --- [http-nio-8090-exec-10] o.s.web.filter.OncePerRequestFilter      :  Header :  Bearer eyJhbGciOiJIUzUxMiJ9.eyJzdWIiOiJhZG1pbkBnbWFpbC5jb20iLCJpYXQiOjE2ODg0NjY1OTcsImV4cCI6MTY4ODQ4NDU5N30.LhHVE3BNYgjkFFSC7Zjvj-5L_eVcvbvUExJWJ0agzCb_wxmp-TolSqHsn43ttmGeiSwnG6pwJ9CJ3n72SXrl3A
2023-07-04T16:29:20.794+05:30  INFO 4476 --- [http-nio-8090-exec-5] o.s.web.filter.OncePerRequestFilter      :  Header :  Bearer eyJhbGciOiJIUzUxMiJ9.eyJzdWIiOiJhZG1pbkBnbWFpbC5jb20iLCJpYXQiOjE2ODg0NjY1OTcsImV4cCI6MTY4ODQ4NDU5N30.LhHVE3BNYgjkFFSC7Zjvj-5L_eVcvbvUExJWJ0agzCb_wxmp-TolSqHsn43ttmGeiSwnG6pwJ9CJ3n72SXrl3A
2023-07-04T16:29:31.592+05:30  INFO 4476 --- [AsyncResolver-bootstrap-executor-0] c.n.d.s.r.aws.ConfigClusterResolver      : Resolving eureka endpoints via configuration
2023-07-04T16:29:34.127+05:30  INFO 4476 --- [http-nio-8090-exec-9] o.s.web.filter.OncePerRequestFilter      :  Header :  Bearer eyJhbGciOiJIUzUxMiJ9.eyJzdWIiOiJhZG1pbkBnbWFpbC5jb20iLCJpYXQiOjE2ODg0NjY1OTcsImV4cCI6MTY4ODQ4NDU5N30.LhHVE3BNYgjkFFSC7Zjvj-5L_eVcvbvUExJWJ0agzCb_wxmp-TolSqHsn43ttmGeiSwnG6pwJ9CJ3n72SXrl3A
2023-07-04T16:29:34.159+05:30  INFO 4476 --- [http-nio-8090-exec-4] o.s.web.filter.OncePerRequestFilter      :  Header :  Bearer eyJhbGciOiJIUzUxMiJ9.eyJzdWIiOiJhZG1pbkBnbWFpbC5jb20iLCJpYXQiOjE2ODg0NjY1OTcsImV4cCI6MTY4ODQ4NDU5N30.LhHVE3BNYgjkFFSC7Zjvj-5L_eVcvbvUExJWJ0agzCb_wxmp-TolSqHsn43ttmGeiSwnG6pwJ9CJ3n72SXrl3A
2023-07-04T16:29:34.165+05:30  INFO 4476 --- [http-nio-8090-exec-1] o.s.web.filter.OncePerRequestFilter      :  Header :  Bearer eyJhbGciOiJIUzUxMiJ9.eyJzdWIiOiJhZG1pbkBnbWFpbC5jb20iLCJpYXQiOjE2ODg0NjY1OTcsImV4cCI6MTY4ODQ4NDU5N30.LhHVE3BNYgjkFFSC7Zjvj-5L_eVcvbvUExJWJ0agzCb_wxmp-TolSqHsn43ttmGeiSwnG6pwJ9CJ3n72SXrl3A
2023-07-04T16:29:34.165+05:30  INFO 4476 --- [http-nio-8090-exec-8] o.s.web.filter.OncePerRequestFilter      :  Header :  Bearer eyJhbGciOiJIUzUxMiJ9.eyJzdWIiOiJhZG1pbkBnbWFpbC5jb20iLCJpYXQiOjE2ODg0NjY1OTcsImV4cCI6MTY4ODQ4NDU5N30.LhHVE3BNYgjkFFSC7Zjvj-5L_eVcvbvUExJWJ0agzCb_wxmp-TolSqHsn43ttmGeiSwnG6pwJ9CJ3n72SXrl3A
2023-07-04T16:29:34.169+05:30  INFO 4476 --- [http-nio-8090-exec-2] o.s.web.filter.OncePerRequestFilter      :  Header :  Bearer eyJhbGciOiJIUzUxMiJ9.eyJzdWIiOiJhZG1pbkBnbWFpbC5jb20iLCJpYXQiOjE2ODg0NjY1OTcsImV4cCI6MTY4ODQ4NDU5N30.LhHVE3BNYgjkFFSC7Zjvj-5L_eVcvbvUExJWJ0agzCb_wxmp-TolSqHsn43ttmGeiSwnG6pwJ9CJ3n72SXrl3A
2023-07-04T16:29:34.169+05:30  INFO 4476 --- [http-nio-8090-exec-7] o.s.web.filter.OncePerRequestFilter      :  Header :  Bearer eyJhbGciOiJIUzUxMiJ9.eyJzdWIiOiJhZG1pbkBnbWFpbC5jb20iLCJpYXQiOjE2ODg0NjY1OTcsImV4cCI6MTY4ODQ4NDU5N30.LhHVE3BNYgjkFFSC7Zjvj-5L_eVcvbvUExJWJ0agzCb_wxmp-TolSqHsn43ttmGeiSwnG6pwJ9CJ3n72SXrl3A
2023-07-04T16:29:34.170+05:30  INFO 4476 --- [http-nio-8090-exec-3] o.s.web.filter.OncePerRequestFilter      :  Header :  Bearer eyJhbGciOiJIUzUxMiJ9.eyJzdWIiOiJhZG1pbkBnbWFpbC5jb20iLCJpYXQiOjE2ODg0NjY1OTcsImV4cCI6MTY4ODQ4NDU5N30.LhHVE3BNYgjkFFSC7Zjvj-5L_eVcvbvUExJWJ0agzCb_wxmp-TolSqHsn43ttmGeiSwnG6pwJ9CJ3n72SXrl3A
2023-07-04T16:29:34.182+05:30  INFO 4476 --- [http-nio-8090-exec-6] o.s.web.filter.OncePerRequestFilter      :  Header :  Bearer eyJhbGciOiJIUzUxMiJ9.eyJzdWIiOiJhZG1pbkBnbWFpbC5jb20iLCJpYXQiOjE2ODg0NjY1OTcsImV4cCI6MTY4ODQ4NDU5N30.LhHVE3BNYgjkFFSC7Zjvj-5L_eVcvbvUExJWJ0agzCb_wxmp-TolSqHsn43ttmGeiSwnG6pwJ9CJ3n72SXrl3A
2023-07-04T16:29:34.184+05:30  INFO 4476 --- [http-nio-8090-exec-8] c.p.A.Impl.DrugCatalogueServiceImpl      : [{id=648011f1029f637a5d28a7a7, name=Aspirin, price=50, type=Tablet, category=Aspirin is used to reduce fever}, {id=6480141f029f637a5d28a7ad, name=Amoxicillin, price=100, type=Capsule, category=Amoxicillin is a penicillin antibiotic}, {id=6480143d029f637a5d28a7af, name=Atorvastatin, price=130, type=Tablet, category=Cholesterol-lowering agent}, {id=6480144d029f637a5d28a7b0, name=Ibuprofen, price=200, type=Tablet, category=Nonsteroidal anti-inflammatory drug (NSAID)}, {id=648584915683641112507aa4, name=Paracetamol, price=120, type=Tablet, category=Pain reliever}, {id=64918f86f72e301ef847fea1, name=Lisinopril, price=80, type=Tablet, category=Antihypertensive}, {id=64918fa1f72e301ef847fea2, name=Metformin, price=70, type=Tablet, category=Antidiabetic}, {id=64918fb6f72e301ef847fea3, name=Cetirizine, price=60, type=Tablet, category=Antihistamine}]
2023-07-04T16:29:34.197+05:30  INFO 4476 --- [http-nio-8090-exec-10] o.s.web.filter.OncePerRequestFilter      :  Header :  Bearer eyJhbGciOiJIUzUxMiJ9.eyJzdWIiOiJhZG1pbkBnbWFpbC5jb20iLCJpYXQiOjE2ODg0NjY1OTcsImV4cCI6MTY4ODQ4NDU5N30.LhHVE3BNYgjkFFSC7Zjvj-5L_eVcvbvUExJWJ0agzCb_wxmp-TolSqHsn43ttmGeiSwnG6pwJ9CJ3n72SXrl3A
2023-07-04T16:29:34.203+05:30  INFO 4476 --- [http-nio-8090-exec-3] o.s.web.filter.OncePerRequestFilter      :  Header :  Bearer eyJhbGciOiJIUzUxMiJ9.eyJzdWIiOiJhZG1pbkBnbWFpbC5jb20iLCJpYXQiOjE2ODg0NjY1OTcsImV4cCI6MTY4ODQ4NDU5N30.LhHVE3BNYgjkFFSC7Zjvj-5L_eVcvbvUExJWJ0agzCb_wxmp-TolSqHsn43ttmGeiSwnG6pwJ9CJ3n72SXrl3A
2023-07-04T16:29:34.209+05:30  INFO 4476 --- [http-nio-8090-exec-9] o.s.web.filter.OncePerRequestFilter      :  Header :  Bearer eyJhbGciOiJIUzUxMiJ9.eyJzdWIiOiJhZG1pbkBnbWFpbC5jb20iLCJpYXQiOjE2ODg0NjY1OTcsImV4cCI6MTY4ODQ4NDU5N30.LhHVE3BNYgjkFFSC7Zjvj-5L_eVcvbvUExJWJ0agzCb_wxmp-TolSqHsn43ttmGeiSwnG6pwJ9CJ3n72SXrl3A
2023-07-04T16:29:34.216+05:30  INFO 4476 --- [http-nio-8090-exec-6] o.s.web.filter.OncePerRequestFilter      :  Header :  Bearer eyJhbGciOiJIUzUxMiJ9.eyJzdWIiOiJhZG1pbkBnbWFpbC5jb20iLCJpYXQiOjE2ODg0NjY1OTcsImV4cCI6MTY4ODQ4NDU5N30.LhHVE3BNYgjkFFSC7Zjvj-5L_eVcvbvUExJWJ0agzCb_wxmp-TolSqHsn43ttmGeiSwnG6pwJ9CJ3n72SXrl3A
2023-07-04T16:29:34.218+05:30  INFO 4476 --- [http-nio-8090-exec-3] c.p.A.Impl.DrugCatalogueServiceImpl      : [{id=648011f1029f637a5d28a7a7, name=Aspirin, price=50, type=Tablet, category=Aspirin is used to reduce fever}, {id=6480141f029f637a5d28a7ad, name=Amoxicillin, price=100, type=Capsule, category=Amoxicillin is a penicillin antibiotic}, {id=6480143d029f637a5d28a7af, name=Atorvastatin, price=130, type=Tablet, category=Cholesterol-lowering agent}, {id=6480144d029f637a5d28a7b0, name=Ibuprofen, price=200, type=Tablet, category=Nonsteroidal anti-inflammatory drug (NSAID)}, {id=648584915683641112507aa4, name=Paracetamol, price=120, type=Tablet, category=Pain reliever}, {id=64918f86f72e301ef847fea1, name=Lisinopril, price=80, type=Tablet, category=Antihypertensive}, {id=64918fa1f72e301ef847fea2, name=Metformin, price=70, type=Tablet, category=Antidiabetic}, {id=64918fb6f72e301ef847fea3, name=Cetirizine, price=60, type=Tablet, category=Antihistamine}]
2023-07-04T16:29:34.221+05:30  INFO 4476 --- [http-nio-8090-exec-8] o.s.web.filter.OncePerRequestFilter      :  Header :  Bearer eyJhbGciOiJIUzUxMiJ9.eyJzdWIiOiJhZG1pbkBnbWFpbC5jb20iLCJpYXQiOjE2ODg0NjY1OTcsImV4cCI6MTY4ODQ4NDU5N30.LhHVE3BNYgjkFFSC7Zjvj-5L_eVcvbvUExJWJ0agzCb_wxmp-TolSqHsn43ttmGeiSwnG6pwJ9CJ3n72SXrl3A
2023-07-04T16:29:34.248+05:30  INFO 4476 --- [http-nio-8090-exec-1] o.s.web.filter.OncePerRequestFilter      :  Header :  Bearer eyJhbGciOiJIUzUxMiJ9.eyJzdWIiOiJhZG1pbkBnbWFpbC5jb20iLCJpYXQiOjE2ODg0NjY1OTcsImV4cCI6MTY4ODQ4NDU5N30.LhHVE3BNYgjkFFSC7Zjvj-5L_eVcvbvUExJWJ0agzCb_wxmp-TolSqHsn43ttmGeiSwnG6pwJ9CJ3n72SXrl3A
2023-07-04T16:29:35.302+05:30  INFO 4476 --- [http-nio-8090-exec-7] o.s.web.filter.OncePerRequestFilter      :  Header :  Bearer eyJhbGciOiJIUzUxMiJ9.eyJzdWIiOiJhZG1pbkBnbWFpbC5jb20iLCJpYXQiOjE2ODg0NjY1OTcsImV4cCI6MTY4ODQ4NDU5N30.LhHVE3BNYgjkFFSC7Zjvj-5L_eVcvbvUExJWJ0agzCb_wxmp-TolSqHsn43ttmGeiSwnG6pwJ9CJ3n72SXrl3A
2023-07-04T16:29:35.313+05:30  INFO 4476 --- [http-nio-8090-exec-5] o.s.web.filter.OncePerRequestFilter      :  Header :  Bearer eyJhbGciOiJIUzUxMiJ9.eyJzdWIiOiJhZG1pbkBnbWFpbC5jb20iLCJpYXQiOjE2ODg0NjY1OTcsImV4cCI6MTY4ODQ4NDU5N30.LhHVE3BNYgjkFFSC7Zjvj-5L_eVcvbvUExJWJ0agzCb_wxmp-TolSqHsn43ttmGeiSwnG6pwJ9CJ3n72SXrl3A
2023-07-04T16:29:37.927+05:30  INFO 4476 --- [http-nio-8090-exec-4] o.s.web.filter.OncePerRequestFilter      :  Header :  Bearer eyJhbGciOiJIUzUxMiJ9.eyJzdWIiOiJhZG1pbkBnbWFpbC5jb20iLCJpYXQiOjE2ODg0NjY1OTcsImV4cCI6MTY4ODQ4NDU5N30.LhHVE3BNYgjkFFSC7Zjvj-5L_eVcvbvUExJWJ0agzCb_wxmp-TolSqHsn43ttmGeiSwnG6pwJ9CJ3n72SXrl3A
2023-07-04T16:29:37.933+05:30  INFO 4476 --- [http-nio-8090-exec-10] o.s.web.filter.OncePerRequestFilter      :  Header :  Bearer eyJhbGciOiJIUzUxMiJ9.eyJzdWIiOiJhZG1pbkBnbWFpbC5jb20iLCJpYXQiOjE2ODg0NjY1OTcsImV4cCI6MTY4ODQ4NDU5N30.LhHVE3BNYgjkFFSC7Zjvj-5L_eVcvbvUExJWJ0agzCb_wxmp-TolSqHsn43ttmGeiSwnG6pwJ9CJ3n72SXrl3A
2023-07-04T16:29:37.933+05:30  INFO 4476 --- [http-nio-8090-exec-3] o.s.web.filter.OncePerRequestFilter      :  Header :  Bearer eyJhbGciOiJIUzUxMiJ9.eyJzdWIiOiJhZG1pbkBnbWFpbC5jb20iLCJpYXQiOjE2ODg0NjY1OTcsImV4cCI6MTY4ODQ4NDU5N30.LhHVE3BNYgjkFFSC7Zjvj-5L_eVcvbvUExJWJ0agzCb_wxmp-TolSqHsn43ttmGeiSwnG6pwJ9CJ3n72SXrl3A
2023-07-04T16:29:37.933+05:30  INFO 4476 --- [http-nio-8090-exec-2] o.s.web.filter.OncePerRequestFilter      :  Header :  Bearer eyJhbGciOiJIUzUxMiJ9.eyJzdWIiOiJhZG1pbkBnbWFpbC5jb20iLCJpYXQiOjE2ODg0NjY1OTcsImV4cCI6MTY4ODQ4NDU5N30.LhHVE3BNYgjkFFSC7Zjvj-5L_eVcvbvUExJWJ0agzCb_wxmp-TolSqHsn43ttmGeiSwnG6pwJ9CJ3n72SXrl3A
2023-07-04T16:29:37.936+05:30  INFO 4476 --- [http-nio-8090-exec-9] o.s.web.filter.OncePerRequestFilter      :  Header :  Bearer eyJhbGciOiJIUzUxMiJ9.eyJzdWIiOiJhZG1pbkBnbWFpbC5jb20iLCJpYXQiOjE2ODg0NjY1OTcsImV4cCI6MTY4ODQ4NDU5N30.LhHVE3BNYgjkFFSC7Zjvj-5L_eVcvbvUExJWJ0agzCb_wxmp-TolSqHsn43ttmGeiSwnG6pwJ9CJ3n72SXrl3A
2023-07-04T16:29:37.936+05:30  INFO 4476 --- [http-nio-8090-exec-8] o.s.web.filter.OncePerRequestFilter      :  Header :  Bearer eyJhbGciOiJIUzUxMiJ9.eyJzdWIiOiJhZG1pbkBnbWFpbC5jb20iLCJpYXQiOjE2ODg0NjY1OTcsImV4cCI6MTY4ODQ4NDU5N30.LhHVE3BNYgjkFFSC7Zjvj-5L_eVcvbvUExJWJ0agzCb_wxmp-TolSqHsn43ttmGeiSwnG6pwJ9CJ3n72SXrl3A
2023-07-04T16:29:37.950+05:30  INFO 4476 --- [http-nio-8090-exec-8] c.p.A.Impl.DrugCatalogueServiceImpl      : [{id=648011f1029f637a5d28a7a7, name=Aspirin, price=50, type=Tablet, category=Aspirin is used to reduce fever}, {id=6480141f029f637a5d28a7ad, name=Amoxicillin, price=100, type=Capsule, category=Amoxicillin is a penicillin antibiotic}, {id=6480143d029f637a5d28a7af, name=Atorvastatin, price=130, type=Tablet, category=Cholesterol-lowering agent}, {id=6480144d029f637a5d28a7b0, name=Ibuprofen, price=200, type=Tablet, category=Nonsteroidal anti-inflammatory drug (NSAID)}, {id=648584915683641112507aa4, name=Paracetamol, price=120, type=Tablet, category=Pain reliever}, {id=64918f86f72e301ef847fea1, name=Lisinopril, price=80, type=Tablet, category=Antihypertensive}, {id=64918fa1f72e301ef847fea2, name=Metformin, price=70, type=Tablet, category=Antidiabetic}, {id=64918fb6f72e301ef847fea3, name=Cetirizine, price=60, type=Tablet, category=Antihistamine}]
2023-07-04T16:29:37.953+05:30  INFO 4476 --- [http-nio-8090-exec-6] o.s.web.filter.OncePerRequestFilter      :  Header :  Bearer eyJhbGciOiJIUzUxMiJ9.eyJzdWIiOiJhZG1pbkBnbWFpbC5jb20iLCJpYXQiOjE2ODg0NjY1OTcsImV4cCI6MTY4ODQ4NDU5N30.LhHVE3BNYgjkFFSC7Zjvj-5L_eVcvbvUExJWJ0agzCb_wxmp-TolSqHsn43ttmGeiSwnG6pwJ9CJ3n72SXrl3A
2023-07-04T16:29:37.953+05:30  INFO 4476 --- [http-nio-8090-exec-1] o.s.web.filter.OncePerRequestFilter      :  Header :  Bearer eyJhbGciOiJIUzUxMiJ9.eyJzdWIiOiJhZG1pbkBnbWFpbC5jb20iLCJpYXQiOjE2ODg0NjY1OTcsImV4cCI6MTY4ODQ4NDU5N30.LhHVE3BNYgjkFFSC7Zjvj-5L_eVcvbvUExJWJ0agzCb_wxmp-TolSqHsn43ttmGeiSwnG6pwJ9CJ3n72SXrl3A
2023-07-04T16:29:37.973+05:30  INFO 4476 --- [http-nio-8090-exec-7] o.s.web.filter.OncePerRequestFilter      :  Header :  Bearer eyJhbGciOiJIUzUxMiJ9.eyJzdWIiOiJhZG1pbkBnbWFpbC5jb20iLCJpYXQiOjE2ODg0NjY1OTcsImV4cCI6MTY4ODQ4NDU5N30.LhHVE3BNYgjkFFSC7Zjvj-5L_eVcvbvUExJWJ0agzCb_wxmp-TolSqHsn43ttmGeiSwnG6pwJ9CJ3n72SXrl3A
2023-07-04T16:29:37.979+05:30  INFO 4476 --- [http-nio-8090-exec-6] o.s.web.filter.OncePerRequestFilter      :  Header :  Bearer eyJhbGciOiJIUzUxMiJ9.eyJzdWIiOiJhZG1pbkBnbWFpbC5jb20iLCJpYXQiOjE2ODg0NjY1OTcsImV4cCI6MTY4ODQ4NDU5N30.LhHVE3BNYgjkFFSC7Zjvj-5L_eVcvbvUExJWJ0agzCb_wxmp-TolSqHsn43ttmGeiSwnG6pwJ9CJ3n72SXrl3A
2023-07-04T16:29:37.980+05:30  INFO 4476 --- [http-nio-8090-exec-5] o.s.web.filter.OncePerRequestFilter      :  Header :  Bearer eyJhbGciOiJIUzUxMiJ9.eyJzdWIiOiJhZG1pbkBnbWFpbC5jb20iLCJpYXQiOjE2ODg0NjY1OTcsImV4cCI6MTY4ODQ4NDU5N30.LhHVE3BNYgjkFFSC7Zjvj-5L_eVcvbvUExJWJ0agzCb_wxmp-TolSqHsn43ttmGeiSwnG6pwJ9CJ3n72SXrl3A
2023-07-04T16:29:37.981+05:30  INFO 4476 --- [http-nio-8090-exec-4] o.s.web.filter.OncePerRequestFilter      :  Header :  Bearer eyJhbGciOiJIUzUxMiJ9.eyJzdWIiOiJhZG1pbkBnbWFpbC5jb20iLCJpYXQiOjE2ODg0NjY1OTcsImV4cCI6MTY4ODQ4NDU5N30.LhHVE3BNYgjkFFSC7Zjvj-5L_eVcvbvUExJWJ0agzCb_wxmp-TolSqHsn43ttmGeiSwnG6pwJ9CJ3n72SXrl3A
2023-07-04T16:29:37.981+05:30  INFO 4476 --- [http-nio-8090-exec-3] o.s.web.filter.OncePerRequestFilter      :  Header :  Bearer eyJhbGciOiJIUzUxMiJ9.eyJzdWIiOiJhZG1pbkBnbWFpbC5jb20iLCJpYXQiOjE2ODg0NjY1OTcsImV4cCI6MTY4ODQ4NDU5N30.LhHVE3BNYgjkFFSC7Zjvj-5L_eVcvbvUExJWJ0agzCb_wxmp-TolSqHsn43ttmGeiSwnG6pwJ9CJ3n72SXrl3A
2023-07-04T16:29:37.999+05:30  INFO 4476 --- [http-nio-8090-exec-4] c.p.A.Impl.DrugCatalogueServiceImpl      : [{id=648011f1029f637a5d28a7a7, name=Aspirin, price=50, type=Tablet, category=Aspirin is used to reduce fever}, {id=6480141f029f637a5d28a7ad, name=Amoxicillin, price=100, type=Capsule, category=Amoxicillin is a penicillin antibiotic}, {id=6480143d029f637a5d28a7af, name=Atorvastatin, price=130, type=Tablet, category=Cholesterol-lowering agent}, {id=6480144d029f637a5d28a7b0, name=Ibuprofen, price=200, type=Tablet, category=Nonsteroidal anti-inflammatory drug (NSAID)}, {id=648584915683641112507aa4, name=Paracetamol, price=120, type=Tablet, category=Pain reliever}, {id=64918f86f72e301ef847fea1, name=Lisinopril, price=80, type=Tablet, category=Antihypertensive}, {id=64918fa1f72e301ef847fea2, name=Metformin, price=70, type=Tablet, category=Antidiabetic}, {id=64918fb6f72e301ef847fea3, name=Cetirizine, price=60, type=Tablet, category=Antihistamine}]
2023-07-04T16:29:38.010+05:30  INFO 4476 --- [http-nio-8090-exec-8] o.s.web.filter.OncePerRequestFilter      :  Header :  Bearer eyJhbGciOiJIUzUxMiJ9.eyJzdWIiOiJhZG1pbkBnbWFpbC5jb20iLCJpYXQiOjE2ODg0NjY1OTcsImV4cCI6MTY4ODQ4NDU5N30.LhHVE3BNYgjkFFSC7Zjvj-5L_eVcvbvUExJWJ0agzCb_wxmp-TolSqHsn43ttmGeiSwnG6pwJ9CJ3n72SXrl3A
2023-07-04T16:34:01.620+05:30  INFO 4476 --- [http-nio-8090-exec-4] o.s.web.filter.OncePerRequestFilter      :  Header :  Bearer eyJhbGciOiJIUzUxMiJ9.eyJzdWIiOiJhZG1pbkBnbWFpbC5jb20iLCJpYXQiOjE2ODg0NjY1OTcsImV4cCI6MTY4ODQ4NDU5N30.LhHVE3BNYgjkFFSC7Zjvj-5L_eVcvbvUExJWJ0agzCb_wxmp-TolSqHsn43ttmGeiSwnG6pwJ9CJ3n72SXrl3A
2023-07-04T16:34:01.637+05:30  INFO 4476 --- [http-nio-8090-exec-6] o.s.web.filter.OncePerRequestFilter      :  Header :  Bearer eyJhbGciOiJIUzUxMiJ9.eyJzdWIiOiJhZG1pbkBnbWFpbC5jb20iLCJpYXQiOjE2ODg0NjY1OTcsImV4cCI6MTY4ODQ4NDU5N30.LhHVE3BNYgjkFFSC7Zjvj-5L_eVcvbvUExJWJ0agzCb_wxmp-TolSqHsn43ttmGeiSwnG6pwJ9CJ3n72SXrl3A
2023-07-04T16:34:31.608+05:30  INFO 4476 --- [AsyncResolver-bootstrap-executor-0] c.n.d.s.r.aws.ConfigClusterResolver      : Resolving eureka endpoints via configuration
2023-07-04T16:38:13.100+05:30  INFO 4476 --- [http-nio-8090-exec-8] o.s.web.filter.OncePerRequestFilter      :  Header :  Bearer eyJhbGciOiJIUzUxMiJ9.eyJzdWIiOiJhZG1pbkBnbWFpbC5jb20iLCJpYXQiOjE2ODg0NjY1OTcsImV4cCI6MTY4ODQ4NDU5N30.LhHVE3BNYgjkFFSC7Zjvj-5L_eVcvbvUExJWJ0agzCb_wxmp-TolSqHsn43ttmGeiSwnG6pwJ9CJ3n72SXrl3A
2023-07-04T16:38:13.125+05:30  INFO 4476 --- [http-nio-8090-exec-7] o.s.web.filter.OncePerRequestFilter      :  Header :  Bearer eyJhbGciOiJIUzUxMiJ9.eyJzdWIiOiJhZG1pbkBnbWFpbC5jb20iLCJpYXQiOjE2ODg0NjY1OTcsImV4cCI6MTY4ODQ4NDU5N30.LhHVE3BNYgjkFFSC7Zjvj-5L_eVcvbvUExJWJ0agzCb_wxmp-TolSqHsn43ttmGeiSwnG6pwJ9CJ3n72SXrl3A
2023-07-04T16:38:13.140+05:30  INFO 4476 --- [http-nio-8090-exec-5] o.s.web.filter.OncePerRequestFilter      :  Header :  Bearer eyJhbGciOiJIUzUxMiJ9.eyJzdWIiOiJhZG1pbkBnbWFpbC5jb20iLCJpYXQiOjE2ODg0NjY1OTcsImV4cCI6MTY4ODQ4NDU5N30.LhHVE3BNYgjkFFSC7Zjvj-5L_eVcvbvUExJWJ0agzCb_wxmp-TolSqHsn43ttmGeiSwnG6pwJ9CJ3n72SXrl3A
2023-07-04T16:38:13.148+05:30  INFO 4476 --- [http-nio-8090-exec-10] o.s.web.filter.OncePerRequestFilter      :  Header :  Bearer eyJhbGciOiJIUzUxMiJ9.eyJzdWIiOiJhZG1pbkBnbWFpbC5jb20iLCJpYXQiOjE2ODg0NjY1OTcsImV4cCI6MTY4ODQ4NDU5N30.LhHVE3BNYgjkFFSC7Zjvj-5L_eVcvbvUExJWJ0agzCb_wxmp-TolSqHsn43ttmGeiSwnG6pwJ9CJ3n72SXrl3A
2023-07-04T16:38:13.148+05:30  INFO 4476 --- [http-nio-8090-exec-1] o.s.web.filter.OncePerRequestFilter      :  Header :  Bearer eyJhbGciOiJIUzUxMiJ9.eyJzdWIiOiJhZG1pbkBnbWFpbC5jb20iLCJpYXQiOjE2ODg0NjY1OTcsImV4cCI6MTY4ODQ4NDU5N30.LhHVE3BNYgjkFFSC7Zjvj-5L_eVcvbvUExJWJ0agzCb_wxmp-TolSqHsn43ttmGeiSwnG6pwJ9CJ3n72SXrl3A
2023-07-04T16:38:13.148+05:30  INFO 4476 --- [http-nio-8090-exec-9] o.s.web.filter.OncePerRequestFilter      :  Header :  Bearer eyJhbGciOiJIUzUxMiJ9.eyJzdWIiOiJhZG1pbkBnbWFpbC5jb20iLCJpYXQiOjE2ODg0NjY1OTcsImV4cCI6MTY4ODQ4NDU5N30.LhHVE3BNYgjkFFSC7Zjvj-5L_eVcvbvUExJWJ0agzCb_wxmp-TolSqHsn43ttmGeiSwnG6pwJ9CJ3n72SXrl3A
2023-07-04T16:38:13.148+05:30  INFO 4476 --- [http-nio-8090-exec-2] o.s.web.filter.OncePerRequestFilter      :  Header :  Bearer eyJhbGciOiJIUzUxMiJ9.eyJzdWIiOiJhZG1pbkBnbWFpbC5jb20iLCJpYXQiOjE2ODg0NjY1OTcsImV4cCI6MTY4ODQ4NDU5N30.LhHVE3BNYgjkFFSC7Zjvj-5L_eVcvbvUExJWJ0agzCb_wxmp-TolSqHsn43ttmGeiSwnG6pwJ9CJ3n72SXrl3A
2023-07-04T16:38:13.150+05:30  INFO 4476 --- [http-nio-8090-exec-4] o.s.web.filter.OncePerRequestFilter      :  Header :  Bearer eyJhbGciOiJIUzUxMiJ9.eyJzdWIiOiJhZG1pbkBnbWFpbC5jb20iLCJpYXQiOjE2ODg0NjY1OTcsImV4cCI6MTY4ODQ4NDU5N30.LhHVE3BNYgjkFFSC7Zjvj-5L_eVcvbvUExJWJ0agzCb_wxmp-TolSqHsn43ttmGeiSwnG6pwJ9CJ3n72SXrl3A
2023-07-04T16:38:13.153+05:30  INFO 4476 --- [http-nio-8090-exec-6] o.s.web.filter.OncePerRequestFilter      :  Header :  Bearer eyJhbGciOiJIUzUxMiJ9.eyJzdWIiOiJhZG1pbkBnbWFpbC5jb20iLCJpYXQiOjE2ODg0NjY1OTcsImV4cCI6MTY4ODQ4NDU5N30.LhHVE3BNYgjkFFSC7Zjvj-5L_eVcvbvUExJWJ0agzCb_wxmp-TolSqHsn43ttmGeiSwnG6pwJ9CJ3n72SXrl3A
2023-07-04T16:38:13.161+05:30  INFO 4476 --- [http-nio-8090-exec-2] c.p.A.Impl.DrugCatalogueServiceImpl      : [{id=648011f1029f637a5d28a7a7, name=Aspirin, price=50, type=Tablet, category=Aspirin is used to reduce fever}, {id=6480141f029f637a5d28a7ad, name=Amoxicillin, price=100, type=Capsule, category=Amoxicillin is a penicillin antibiotic}, {id=6480143d029f637a5d28a7af, name=Atorvastatin, price=130, type=Tablet, category=Cholesterol-lowering agent}, {id=6480144d029f637a5d28a7b0, name=Ibuprofen, price=200, type=Tablet, category=Nonsteroidal anti-inflammatory drug (NSAID)}, {id=648584915683641112507aa4, name=Paracetamol, price=120, type=Tablet, category=Pain reliever}, {id=64918f86f72e301ef847fea1, name=Lisinopril, price=80, type=Tablet, category=Antihypertensive}, {id=64918fa1f72e301ef847fea2, name=Metformin, price=70, type=Tablet, category=Antidiabetic}, {id=64918fb6f72e301ef847fea3, name=Cetirizine, price=60, type=Tablet, category=Antihistamine}]
2023-07-04T16:38:13.169+05:30  INFO 4476 --- [http-nio-8090-exec-4] o.s.web.filter.OncePerRequestFilter      :  Header :  Bearer eyJhbGciOiJIUzUxMiJ9.eyJzdWIiOiJhZG1pbkBnbWFpbC5jb20iLCJpYXQiOjE2ODg0NjY1OTcsImV4cCI6MTY4ODQ4NDU5N30.LhHVE3BNYgjkFFSC7Zjvj-5L_eVcvbvUExJWJ0agzCb_wxmp-TolSqHsn43ttmGeiSwnG6pwJ9CJ3n72SXrl3A
2023-07-04T16:38:13.175+05:30  INFO 4476 --- [http-nio-8090-exec-9] o.s.web.filter.OncePerRequestFilter      :  Header :  Bearer eyJhbGciOiJIUzUxMiJ9.eyJzdWIiOiJhZG1pbkBnbWFpbC5jb20iLCJpYXQiOjE2ODg0NjY1OTcsImV4cCI6MTY4ODQ4NDU5N30.LhHVE3BNYgjkFFSC7Zjvj-5L_eVcvbvUExJWJ0agzCb_wxmp-TolSqHsn43ttmGeiSwnG6pwJ9CJ3n72SXrl3A
2023-07-04T16:38:13.187+05:30  INFO 4476 --- [http-nio-8090-exec-4] c.p.A.Impl.DrugCatalogueServiceImpl      : [{id=648011f1029f637a5d28a7a7, name=Aspirin, price=50, type=Tablet, category=Aspirin is used to reduce fever}, {id=6480141f029f637a5d28a7ad, name=Amoxicillin, price=100, type=Capsule, category=Amoxicillin is a penicillin antibiotic}, {id=6480143d029f637a5d28a7af, name=Atorvastatin, price=130, type=Tablet, category=Cholesterol-lowering agent}, {id=6480144d029f637a5d28a7b0, name=Ibuprofen, price=200, type=Tablet, category=Nonsteroidal anti-inflammatory drug (NSAID)}, {id=648584915683641112507aa4, name=Paracetamol, price=120, type=Tablet, category=Pain reliever}, {id=64918f86f72e301ef847fea1, name=Lisinopril, price=80, type=Tablet, category=Antihypertensive}, {id=64918fa1f72e301ef847fea2, name=Metformin, price=70, type=Tablet, category=Antidiabetic}, {id=64918fb6f72e301ef847fea3, name=Cetirizine, price=60, type=Tablet, category=Antihistamine}]
2023-07-04T16:38:13.188+05:30  INFO 4476 --- [http-nio-8090-exec-10] o.s.web.filter.OncePerRequestFilter      :  Header :  Bearer eyJhbGciOiJIUzUxMiJ9.eyJzdWIiOiJhZG1pbkBnbWFpbC5jb20iLCJpYXQiOjE2ODg0NjY1OTcsImV4cCI6MTY4ODQ4NDU5N30.LhHVE3BNYgjkFFSC7Zjvj-5L_eVcvbvUExJWJ0agzCb_wxmp-TolSqHsn43ttmGeiSwnG6pwJ9CJ3n72SXrl3A
2023-07-04T16:38:13.188+05:30  INFO 4476 --- [http-nio-8090-exec-4] o.s.web.filter.OncePerRequestFilter      :  Header :  Bearer eyJhbGciOiJIUzUxMiJ9.eyJzdWIiOiJhZG1pbkBnbWFpbC5jb20iLCJpYXQiOjE2ODg0NjY1OTcsImV4cCI6MTY4ODQ4NDU5N30.LhHVE3BNYgjkFFSC7Zjvj-5L_eVcvbvUExJWJ0agzCb_wxmp-TolSqHsn43ttmGeiSwnG6pwJ9CJ3n72SXrl3A
2023-07-04T16:38:13.202+05:30  INFO 4476 --- [http-nio-8090-exec-9] o.s.web.filter.OncePerRequestFilter      :  Header :  Bearer eyJhbGciOiJIUzUxMiJ9.eyJzdWIiOiJhZG1pbkBnbWFpbC5jb20iLCJpYXQiOjE2ODg0NjY1OTcsImV4cCI6MTY4ODQ4NDU5N30.LhHVE3BNYgjkFFSC7Zjvj-5L_eVcvbvUExJWJ0agzCb_wxmp-TolSqHsn43ttmGeiSwnG6pwJ9CJ3n72SXrl3A
2023-07-04T16:39:31.615+05:30  INFO 4476 --- [AsyncResolver-bootstrap-executor-0] c.n.d.s.r.aws.ConfigClusterResolver      : Resolving eureka endpoints via configuration
2023-07-04T16:43:56.194+05:30  INFO 4476 --- [http-nio-8090-exec-4] o.s.web.filter.OncePerRequestFilter      :  Header :  Bearer eyJhbGciOiJIUzUxMiJ9.eyJzdWIiOiJhZG1pbkBnbWFpbC5jb20iLCJpYXQiOjE2ODg0NjY1OTcsImV4cCI6MTY4ODQ4NDU5N30.LhHVE3BNYgjkFFSC7Zjvj-5L_eVcvbvUExJWJ0agzCb_wxmp-TolSqHsn43ttmGeiSwnG6pwJ9CJ3n72SXrl3A
2023-07-04T16:43:56.213+05:30  INFO 4476 --- [http-nio-8090-exec-1] o.s.web.filter.OncePerRequestFilter      :  Header :  Bearer eyJhbGciOiJIUzUxMiJ9.eyJzdWIiOiJhZG1pbkBnbWFpbC5jb20iLCJpYXQiOjE2ODg0NjY1OTcsImV4cCI6MTY4ODQ4NDU5N30.LhHVE3BNYgjkFFSC7Zjvj-5L_eVcvbvUExJWJ0agzCb_wxmp-TolSqHsn43ttmGeiSwnG6pwJ9CJ3n72SXrl3A
2023-07-04T16:43:57.094+05:30  INFO 4476 --- [http-nio-8090-exec-10] o.s.web.filter.OncePerRequestFilter      :  Header :  Bearer eyJhbGciOiJIUzUxMiJ9.eyJzdWIiOiJhZG1pbkBnbWFpbC5jb20iLCJpYXQiOjE2ODg0NjY1OTcsImV4cCI6MTY4ODQ4NDU5N30.LhHVE3BNYgjkFFSC7Zjvj-5L_eVcvbvUExJWJ0agzCb_wxmp-TolSqHsn43ttmGeiSwnG6pwJ9CJ3n72SXrl3A
2023-07-04T16:43:57.109+05:30  INFO 4476 --- [http-nio-8090-exec-9] o.s.web.filter.OncePerRequestFilter      :  Header :  Bearer eyJhbGciOiJIUzUxMiJ9.eyJzdWIiOiJhZG1pbkBnbWFpbC5jb20iLCJpYXQiOjE2ODg0NjY1OTcsImV4cCI6MTY4ODQ4NDU5N30.LhHVE3BNYgjkFFSC7Zjvj-5L_eVcvbvUExJWJ0agzCb_wxmp-TolSqHsn43ttmGeiSwnG6pwJ9CJ3n72SXrl3A
2023-07-04T16:43:57.125+05:30  INFO 4476 --- [http-nio-8090-exec-2] o.s.web.filter.OncePerRequestFilter      :  Header :  Bearer eyJhbGciOiJIUzUxMiJ9.eyJzdWIiOiJhZG1pbkBnbWFpbC5jb20iLCJpYXQiOjE2ODg0NjY1OTcsImV4cCI6MTY4ODQ4NDU5N30.LhHVE3BNYgjkFFSC7Zjvj-5L_eVcvbvUExJWJ0agzCb_wxmp-TolSqHsn43ttmGeiSwnG6pwJ9CJ3n72SXrl3A
2023-07-04T16:43:57.126+05:30  INFO 4476 --- [http-nio-8090-exec-8] o.s.web.filter.OncePerRequestFilter      :  Header :  Bearer eyJhbGciOiJIUzUxMiJ9.eyJzdWIiOiJhZG1pbkBnbWFpbC5jb20iLCJpYXQiOjE2ODg0NjY1OTcsImV4cCI6MTY4ODQ4NDU5N30.LhHVE3BNYgjkFFSC7Zjvj-5L_eVcvbvUExJWJ0agzCb_wxmp-TolSqHsn43ttmGeiSwnG6pwJ9CJ3n72SXrl3A
2023-07-04T16:43:57.132+05:30  INFO 4476 --- [http-nio-8090-exec-5] o.s.web.filter.OncePerRequestFilter      :  Header :  Bearer eyJhbGciOiJIUzUxMiJ9.eyJzdWIiOiJhZG1pbkBnbWFpbC5jb20iLCJpYXQiOjE2ODg0NjY1OTcsImV4cCI6MTY4ODQ4NDU5N30.LhHVE3BNYgjkFFSC7Zjvj-5L_eVcvbvUExJWJ0agzCb_wxmp-TolSqHsn43ttmGeiSwnG6pwJ9CJ3n72SXrl3A
2023-07-04T16:43:57.132+05:30  INFO 4476 --- [http-nio-8090-exec-9] o.s.web.filter.OncePerRequestFilter      :  Header :  Bearer eyJhbGciOiJIUzUxMiJ9.eyJzdWIiOiJhZG1pbkBnbWFpbC5jb20iLCJpYXQiOjE2ODg0NjY1OTcsImV4cCI6MTY4ODQ4NDU5N30.LhHVE3BNYgjkFFSC7Zjvj-5L_eVcvbvUExJWJ0agzCb_wxmp-TolSqHsn43ttmGeiSwnG6pwJ9CJ3n72SXrl3A
2023-07-04T16:43:57.138+05:30  INFO 4476 --- [http-nio-8090-exec-2] o.s.web.filter.OncePerRequestFilter      :  Header :  Bearer eyJhbGciOiJIUzUxMiJ9.eyJzdWIiOiJhZG1pbkBnbWFpbC5jb20iLCJpYXQiOjE2ODg0NjY1OTcsImV4cCI6MTY4ODQ4NDU5N30.LhHVE3BNYgjkFFSC7Zjvj-5L_eVcvbvUExJWJ0agzCb_wxmp-TolSqHsn43ttmGeiSwnG6pwJ9CJ3n72SXrl3A
2023-07-04T16:43:57.132+05:30  INFO 4476 --- [http-nio-8090-exec-6] o.s.web.filter.OncePerRequestFilter      :  Header :  Bearer eyJhbGciOiJIUzUxMiJ9.eyJzdWIiOiJhZG1pbkBnbWFpbC5jb20iLCJpYXQiOjE2ODg0NjY1OTcsImV4cCI6MTY4ODQ4NDU5N30.LhHVE3BNYgjkFFSC7Zjvj-5L_eVcvbvUExJWJ0agzCb_wxmp-TolSqHsn43ttmGeiSwnG6pwJ9CJ3n72SXrl3A
2023-07-04T16:43:57.147+05:30  INFO 4476 --- [http-nio-8090-exec-5] c.p.A.Impl.DrugCatalogueServiceImpl      : [{id=648011f1029f637a5d28a7a7, name=Aspirin, price=50, type=Tablet, category=Aspirin is used to reduce fever}, {id=6480141f029f637a5d28a7ad, name=Amoxicillin, price=100, type=Capsule, category=Amoxicillin is a penicillin antibiotic}, {id=6480143d029f637a5d28a7af, name=Atorvastatin, price=130, type=Tablet, category=Cholesterol-lowering agent}, {id=6480144d029f637a5d28a7b0, name=Ibuprofen, price=200, type=Tablet, category=Nonsteroidal anti-inflammatory drug (NSAID)}, {id=648584915683641112507aa4, name=Paracetamol, price=120, type=Tablet, category=Pain reliever}, {id=64918f86f72e301ef847fea1, name=Lisinopril, price=80, type=Tablet, category=Antihypertensive}, {id=64918fa1f72e301ef847fea2, name=Metformin, price=70, type=Tablet, category=Antidiabetic}, {id=64918fb6f72e301ef847fea3, name=Cetirizine, price=60, type=Tablet, category=Antihistamine}]
2023-07-04T16:43:57.148+05:30  INFO 4476 --- [http-nio-8090-exec-5] o.s.web.filter.OncePerRequestFilter      :  Header :  Bearer eyJhbGciOiJIUzUxMiJ9.eyJzdWIiOiJhZG1pbkBnbWFpbC5jb20iLCJpYXQiOjE2ODg0NjY1OTcsImV4cCI6MTY4ODQ4NDU5N30.LhHVE3BNYgjkFFSC7Zjvj-5L_eVcvbvUExJWJ0agzCb_wxmp-TolSqHsn43ttmGeiSwnG6pwJ9CJ3n72SXrl3A
2023-07-04T16:43:57.164+05:30  INFO 4476 --- [http-nio-8090-exec-3] o.s.web.filter.OncePerRequestFilter      :  Header :  Bearer eyJhbGciOiJIUzUxMiJ9.eyJzdWIiOiJhZG1pbkBnbWFpbC5jb20iLCJpYXQiOjE2ODg0NjY1OTcsImV4cCI6MTY4ODQ4NDU5N30.LhHVE3BNYgjkFFSC7Zjvj-5L_eVcvbvUExJWJ0agzCb_wxmp-TolSqHsn43ttmGeiSwnG6pwJ9CJ3n72SXrl3A
2023-07-04T16:43:57.164+05:30  INFO 4476 --- [http-nio-8090-exec-4] o.s.web.filter.OncePerRequestFilter      :  Header :  Bearer eyJhbGciOiJIUzUxMiJ9.eyJzdWIiOiJhZG1pbkBnbWFpbC5jb20iLCJpYXQiOjE2ODg0NjY1OTcsImV4cCI6MTY4ODQ4NDU5N30.LhHVE3BNYgjkFFSC7Zjvj-5L_eVcvbvUExJWJ0agzCb_wxmp-TolSqHsn43ttmGeiSwnG6pwJ9CJ3n72SXrl3A
2023-07-04T16:43:57.171+05:30  INFO 4476 --- [http-nio-8090-exec-10] o.s.web.filter.OncePerRequestFilter      :  Header :  Bearer eyJhbGciOiJIUzUxMiJ9.eyJzdWIiOiJhZG1pbkBnbWFpbC5jb20iLCJpYXQiOjE2ODg0NjY1OTcsImV4cCI6MTY4ODQ4NDU5N30.LhHVE3BNYgjkFFSC7Zjvj-5L_eVcvbvUExJWJ0agzCb_wxmp-TolSqHsn43ttmGeiSwnG6pwJ9CJ3n72SXrl3A
2023-07-04T16:43:57.184+05:30  INFO 4476 --- [http-nio-8090-exec-7] o.s.web.filter.OncePerRequestFilter      :  Header :  Bearer eyJhbGciOiJIUzUxMiJ9.eyJzdWIiOiJhZG1pbkBnbWFpbC5jb20iLCJpYXQiOjE2ODg0NjY1OTcsImV4cCI6MTY4ODQ4NDU5N30.LhHVE3BNYgjkFFSC7Zjvj-5L_eVcvbvUExJWJ0agzCb_wxmp-TolSqHsn43ttmGeiSwnG6pwJ9CJ3n72SXrl3A
2023-07-04T16:43:57.185+05:30  INFO 4476 --- [http-nio-8090-exec-2] o.s.web.filter.OncePerRequestFilter      :  Header :  Bearer eyJhbGciOiJIUzUxMiJ9.eyJzdWIiOiJhZG1pbkBnbWFpbC5jb20iLCJpYXQiOjE2ODg0NjY1OTcsImV4cCI6MTY4ODQ4NDU5N30.LhHVE3BNYgjkFFSC7Zjvj-5L_eVcvbvUExJWJ0agzCb_wxmp-TolSqHsn43ttmGeiSwnG6pwJ9CJ3n72SXrl3A
2023-07-04T16:43:57.252+05:30  INFO 4476 --- [http-nio-8090-exec-3] c.p.A.Impl.DrugCatalogueServiceImpl      : [{id=648011f1029f637a5d28a7a7, name=Aspirin, price=50, type=Tablet, category=Aspirin is used to reduce fever}, {id=6480141f029f637a5d28a7ad, name=Amoxicillin, price=100, type=Capsule, category=Amoxicillin is a penicillin antibiotic}, {id=6480143d029f637a5d28a7af, name=Atorvastatin, price=130, type=Tablet, category=Cholesterol-lowering agent}, {id=6480144d029f637a5d28a7b0, name=Ibuprofen, price=200, type=Tablet, category=Nonsteroidal anti-inflammatory drug (NSAID)}, {id=648584915683641112507aa4, name=Paracetamol, price=120, type=Tablet, category=Pain reliever}, {id=64918f86f72e301ef847fea1, name=Lisinopril, price=80, type=Tablet, category=Antihypertensive}, {id=64918fa1f72e301ef847fea2, name=Metformin, price=70, type=Tablet, category=Antidiabetic}, {id=64918fb6f72e301ef847fea3, name=Cetirizine, price=60, type=Tablet, category=Antihistamine}]
2023-07-04T16:44:31.621+05:30  INFO 4476 --- [AsyncResolver-bootstrap-executor-0] c.n.d.s.r.aws.ConfigClusterResolver      : Resolving eureka endpoints via configuration
2023-07-04T16:45:42.578+05:30  INFO 4476 --- [http-nio-8090-exec-7] o.s.web.filter.OncePerRequestFilter      :  Header :  Bearer eyJhbGciOiJIUzUxMiJ9.eyJzdWIiOiJhZG1pbkBnbWFpbC5jb20iLCJpYXQiOjE2ODg0NjY1OTcsImV4cCI6MTY4ODQ4NDU5N30.LhHVE3BNYgjkFFSC7Zjvj-5L_eVcvbvUExJWJ0agzCb_wxmp-TolSqHsn43ttmGeiSwnG6pwJ9CJ3n72SXrl3A
2023-07-04T16:45:42.593+05:30  INFO 4476 --- [http-nio-8090-exec-10] o.s.web.filter.OncePerRequestFilter      :  Header :  Bearer eyJhbGciOiJIUzUxMiJ9.eyJzdWIiOiJhZG1pbkBnbWFpbC5jb20iLCJpYXQiOjE2ODg0NjY1OTcsImV4cCI6MTY4ODQ4NDU5N30.LhHVE3BNYgjkFFSC7Zjvj-5L_eVcvbvUExJWJ0agzCb_wxmp-TolSqHsn43ttmGeiSwnG6pwJ9CJ3n72SXrl3A
2023-07-04T16:45:45.403+05:30  INFO 4476 --- [http-nio-8090-exec-2] o.s.web.filter.OncePerRequestFilter      :  Header :  Bearer eyJhbGciOiJIUzUxMiJ9.eyJzdWIiOiJhZG1pbkBnbWFpbC5jb20iLCJpYXQiOjE2ODg0NjY1OTcsImV4cCI6MTY4ODQ4NDU5N30.LhHVE3BNYgjkFFSC7Zjvj-5L_eVcvbvUExJWJ0agzCb_wxmp-TolSqHsn43ttmGeiSwnG6pwJ9CJ3n72SXrl3A
2023-07-04T16:45:47.832+05:30  INFO 4476 --- [http-nio-8090-exec-3] o.s.web.filter.OncePerRequestFilter      :  Header :  Bearer eyJhbGciOiJIUzUxMiJ9.eyJzdWIiOiJhZG1pbkBnbWFpbC5jb20iLCJpYXQiOjE2ODg0NjY1OTcsImV4cCI6MTY4ODQ4NDU5N30.LhHVE3BNYgjkFFSC7Zjvj-5L_eVcvbvUExJWJ0agzCb_wxmp-TolSqHsn43ttmGeiSwnG6pwJ9CJ3n72SXrl3A
2023-07-04T16:45:54.664+05:30  INFO 4476 --- [http-nio-8090-exec-6] o.s.web.filter.OncePerRequestFilter      :  Header :  Bearer eyJhbGciOiJIUzUxMiJ9.eyJzdWIiOiJhZG1pbkBnbWFpbC5jb20iLCJpYXQiOjE2ODg0NjY1OTcsImV4cCI6MTY4ODQ4NDU5N30.LhHVE3BNYgjkFFSC7Zjvj-5L_eVcvbvUExJWJ0agzCb_wxmp-TolSqHsn43ttmGeiSwnG6pwJ9CJ3n72SXrl3A
2023-07-04T16:45:54.689+05:30  INFO 4476 --- [http-nio-8090-exec-9] o.s.web.filter.OncePerRequestFilter      :  Header :  Bearer eyJhbGciOiJIUzUxMiJ9.eyJzdWIiOiJhZG1pbkBnbWFpbC5jb20iLCJpYXQiOjE2ODg0NjY1OTcsImV4cCI6MTY4ODQ4NDU5N30.LhHVE3BNYgjkFFSC7Zjvj-5L_eVcvbvUExJWJ0agzCb_wxmp-TolSqHsn43ttmGeiSwnG6pwJ9CJ3n72SXrl3A
2023-07-04T16:45:54.708+05:30  INFO 4476 --- [http-nio-8090-exec-5] o.s.web.filter.OncePerRequestFilter      :  Header :  Bearer eyJhbGciOiJIUzUxMiJ9.eyJzdWIiOiJhZG1pbkBnbWFpbC5jb20iLCJpYXQiOjE2ODg0NjY1OTcsImV4cCI6MTY4ODQ4NDU5N30.LhHVE3BNYgjkFFSC7Zjvj-5L_eVcvbvUExJWJ0agzCb_wxmp-TolSqHsn43ttmGeiSwnG6pwJ9CJ3n72SXrl3A
2023-07-04T16:45:54.710+05:30  INFO 4476 --- [http-nio-8090-exec-4] o.s.web.filter.OncePerRequestFilter      :  Header :  Bearer eyJhbGciOiJIUzUxMiJ9.eyJzdWIiOiJhZG1pbkBnbWFpbC5jb20iLCJpYXQiOjE2ODg0NjY1OTcsImV4cCI6MTY4ODQ4NDU5N30.LhHVE3BNYgjkFFSC7Zjvj-5L_eVcvbvUExJWJ0agzCb_wxmp-TolSqHsn43ttmGeiSwnG6pwJ9CJ3n72SXrl3A
2023-07-04T16:45:54.711+05:30  INFO 4476 --- [http-nio-8090-exec-8] o.s.web.filter.OncePerRequestFilter      :  Header :  Bearer eyJhbGciOiJIUzUxMiJ9.eyJzdWIiOiJhZG1pbkBnbWFpbC5jb20iLCJpYXQiOjE2ODg0NjY1OTcsImV4cCI6MTY4ODQ4NDU5N30.LhHVE3BNYgjkFFSC7Zjvj-5L_eVcvbvUExJWJ0agzCb_wxmp-TolSqHsn43ttmGeiSwnG6pwJ9CJ3n72SXrl3A
2023-07-04T16:45:54.714+05:30  INFO 4476 --- [http-nio-8090-exec-1] o.s.web.filter.OncePerRequestFilter      :  Header :  Bearer eyJhbGciOiJIUzUxMiJ9.eyJzdWIiOiJhZG1pbkBnbWFpbC5jb20iLCJpYXQiOjE2ODg0NjY1OTcsImV4cCI6MTY4ODQ4NDU5N30.LhHVE3BNYgjkFFSC7Zjvj-5L_eVcvbvUExJWJ0agzCb_wxmp-TolSqHsn43ttmGeiSwnG6pwJ9CJ3n72SXrl3A
2023-07-04T16:45:54.733+05:30  INFO 4476 --- [http-nio-8090-exec-8] c.p.A.Impl.DrugCatalogueServiceImpl      : [{id=648011f1029f637a5d28a7a7, name=Aspirin, price=50, type=Tablet, category=Aspirin is used to reduce fever}, {id=6480141f029f637a5d28a7ad, name=Amoxicillin, price=100, type=Capsule, category=Amoxicillin is a penicillin antibiotic}, {id=6480143d029f637a5d28a7af, name=Atorvastatin, price=130, type=Tablet, category=Cholesterol-lowering agent}, {id=6480144d029f637a5d28a7b0, name=Ibuprofen, price=200, type=Tablet, category=Nonsteroidal anti-inflammatory drug (NSAID)}, {id=648584915683641112507aa4, name=Paracetamol, price=120, type=Tablet, category=Pain reliever}, {id=64918f86f72e301ef847fea1, name=Lisinopril, price=80, type=Tablet, category=Antihypertensive}, {id=64918fa1f72e301ef847fea2, name=Metformin, price=70, type=Tablet, category=Antidiabetic}, {id=64918fb6f72e301ef847fea3, name=Cetirizine, price=60, type=Tablet, category=Antihistamine}]
2023-07-04T16:45:54.741+05:30  INFO 4476 --- [http-nio-8090-exec-10] o.s.web.filter.OncePerRequestFilter      :  Header :  Bearer eyJhbGciOiJIUzUxMiJ9.eyJzdWIiOiJhZG1pbkBnbWFpbC5jb20iLCJpYXQiOjE2ODg0NjY1OTcsImV4cCI6MTY4ODQ4NDU5N30.LhHVE3BNYgjkFFSC7Zjvj-5L_eVcvbvUExJWJ0agzCb_wxmp-TolSqHsn43ttmGeiSwnG6pwJ9CJ3n72SXrl3A
2023-07-04T16:45:54.744+05:30  INFO 4476 --- [http-nio-8090-exec-2] o.s.web.filter.OncePerRequestFilter      :  Header :  Bearer eyJhbGciOiJIUzUxMiJ9.eyJzdWIiOiJhZG1pbkBnbWFpbC5jb20iLCJpYXQiOjE2ODg0NjY1OTcsImV4cCI6MTY4ODQ4NDU5N30.LhHVE3BNYgjkFFSC7Zjvj-5L_eVcvbvUExJWJ0agzCb_wxmp-TolSqHsn43ttmGeiSwnG6pwJ9CJ3n72SXrl3A
2023-07-04T16:45:54.744+05:30  INFO 4476 --- [http-nio-8090-exec-3] o.s.web.filter.OncePerRequestFilter      :  Header :  Bearer eyJhbGciOiJIUzUxMiJ9.eyJzdWIiOiJhZG1pbkBnbWFpbC5jb20iLCJpYXQiOjE2ODg0NjY1OTcsImV4cCI6MTY4ODQ4NDU5N30.LhHVE3BNYgjkFFSC7Zjvj-5L_eVcvbvUExJWJ0agzCb_wxmp-TolSqHsn43ttmGeiSwnG6pwJ9CJ3n72SXrl3A
2023-07-04T16:45:54.754+05:30  INFO 4476 --- [http-nio-8090-exec-9] o.s.web.filter.OncePerRequestFilter      :  Header :  Bearer eyJhbGciOiJIUzUxMiJ9.eyJzdWIiOiJhZG1pbkBnbWFpbC5jb20iLCJpYXQiOjE2ODg0NjY1OTcsImV4cCI6MTY4ODQ4NDU5N30.LhHVE3BNYgjkFFSC7Zjvj-5L_eVcvbvUExJWJ0agzCb_wxmp-TolSqHsn43ttmGeiSwnG6pwJ9CJ3n72SXrl3A
2023-07-04T16:45:54.756+05:30  INFO 4476 --- [http-nio-8090-exec-6] o.s.web.filter.OncePerRequestFilter      :  Header :  Bearer eyJhbGciOiJIUzUxMiJ9.eyJzdWIiOiJhZG1pbkBnbWFpbC5jb20iLCJpYXQiOjE2ODg0NjY1OTcsImV4cCI6MTY4ODQ4NDU5N30.LhHVE3BNYgjkFFSC7Zjvj-5L_eVcvbvUExJWJ0agzCb_wxmp-TolSqHsn43ttmGeiSwnG6pwJ9CJ3n72SXrl3A
2023-07-04T16:45:54.744+05:30  INFO 4476 --- [http-nio-8090-exec-7] o.s.web.filter.OncePerRequestFilter      :  Header :  Bearer eyJhbGciOiJIUzUxMiJ9.eyJzdWIiOiJhZG1pbkBnbWFpbC5jb20iLCJpYXQiOjE2ODg0NjY1OTcsImV4cCI6MTY4ODQ4NDU5N30.LhHVE3BNYgjkFFSC7Zjvj-5L_eVcvbvUExJWJ0agzCb_wxmp-TolSqHsn43ttmGeiSwnG6pwJ9CJ3n72SXrl3A
2023-07-04T16:45:54.775+05:30  INFO 4476 --- [http-nio-8090-exec-5] o.s.web.filter.OncePerRequestFilter      :  Header :  Bearer eyJhbGciOiJIUzUxMiJ9.eyJzdWIiOiJhZG1pbkBnbWFpbC5jb20iLCJpYXQiOjE2ODg0NjY1OTcsImV4cCI6MTY4ODQ4NDU5N30.LhHVE3BNYgjkFFSC7Zjvj-5L_eVcvbvUExJWJ0agzCb_wxmp-TolSqHsn43ttmGeiSwnG6pwJ9CJ3n72SXrl3A
2023-07-04T16:45:54.775+05:30  INFO 4476 --- [http-nio-8090-exec-9] c.p.A.Impl.DrugCatalogueServiceImpl      : [{id=648011f1029f637a5d28a7a7, name=Aspirin, price=50, type=Tablet, category=Aspirin is used to reduce fever}, {id=6480141f029f637a5d28a7ad, name=Amoxicillin, price=100, type=Capsule, category=Amoxicillin is a penicillin antibiotic}, {id=6480143d029f637a5d28a7af, name=Atorvastatin, price=130, type=Tablet, category=Cholesterol-lowering agent}, {id=6480144d029f637a5d28a7b0, name=Ibuprofen, price=200, type=Tablet, category=Nonsteroidal anti-inflammatory drug (NSAID)}, {id=648584915683641112507aa4, name=Paracetamol, price=120, type=Tablet, category=Pain reliever}, {id=64918f86f72e301ef847fea1, name=Lisinopril, price=80, type=Tablet, category=Antihypertensive}, {id=64918fa1f72e301ef847fea2, name=Metformin, price=70, type=Tablet, category=Antidiabetic}, {id=64918fb6f72e301ef847fea3, name=Cetirizine, price=60, type=Tablet, category=Antihistamine}]
2023-07-04T16:45:54.800+05:30  INFO 4476 --- [http-nio-8090-exec-4] o.s.web.filter.OncePerRequestFilter      :  Header :  Bearer eyJhbGciOiJIUzUxMiJ9.eyJzdWIiOiJhZG1pbkBnbWFpbC5jb20iLCJpYXQiOjE2ODg0NjY1OTcsImV4cCI6MTY4ODQ4NDU5N30.LhHVE3BNYgjkFFSC7Zjvj-5L_eVcvbvUExJWJ0agzCb_wxmp-TolSqHsn43ttmGeiSwnG6pwJ9CJ3n72SXrl3A
