2024-01-29 00:00:18,268 [INFO] org.springframework.web.filter.OncePerRequestFilter [http-nio-8081-exec-3]  Header :  Bearer eyJhbGciOiJIUzUxMiJ9.eyJzdWIiOiJqYWRoYXZjb2NAZ21haWwuY29tIiwiaWF0IjoxNzA2NDU1NTk4LCJleHAiOjE3MDY0NzM1OTh9.skFrPQZREocXYPbVgq1VVo01i3TFm3uQTREh0fNsb_kjtPIqUU8NsQqozp8xiRz_Nsmu8_HMMgVgypHFaeeSWw
2024-01-29 00:00:18,314 [INFO] org.springframework.web.filter.OncePerRequestFilter [http-nio-8081-exec-4]  Header :  Bearer eyJhbGciOiJIUzUxMiJ9.eyJzdWIiOiJqYWRoYXZjb2NAZ21haWwuY29tIiwiaWF0IjoxNzA2NDU1NTk4LCJleHAiOjE3MDY0NzM1OTh9.skFrPQZREocXYPbVgq1VVo01i3TFm3uQTREh0fNsb_kjtPIqUU8NsQqozp8xiRz_Nsmu8_HMMgVgypHFaeeSWw
2024-01-29 00:00:18,333 [INFO] org.springframework.web.filter.OncePerRequestFilter [http-nio-8081-exec-7]  Header :  Bearer eyJhbGciOiJIUzUxMiJ9.eyJzdWIiOiJqYWRoYXZjb2NAZ21haWwuY29tIiwiaWF0IjoxNzA2NDU1NTk4LCJleHAiOjE3MDY0NzM1OTh9.skFrPQZREocXYPbVgq1VVo01i3TFm3uQTREh0fNsb_kjtPIqUU8NsQqozp8xiRz_Nsmu8_HMMgVgypHFaeeSWw
2024-01-29 00:00:18,381 [INFO] org.springframework.web.filter.OncePerRequestFilter [http-nio-8081-exec-8]  Header :  Bearer eyJhbGciOiJIUzUxMiJ9.eyJzdWIiOiJqYWRoYXZjb2NAZ21haWwuY29tIiwiaWF0IjoxNzA2NDU1NTk4LCJleHAiOjE3MDY0NzM1OTh9.skFrPQZREocXYPbVgq1VVo01i3TFm3uQTREh0fNsb_kjtPIqUU8NsQqozp8xiRz_Nsmu8_HMMgVgypHFaeeSWw
2024-01-29 00:00:18,416 [INFO] org.springframework.web.filter.OncePerRequestFilter [http-nio-8081-exec-5]  Header :  Bearer eyJhbGciOiJIUzUxMiJ9.eyJzdWIiOiJqYWRoYXZjb2NAZ21haWwuY29tIiwiaWF0IjoxNzA2NDU1NTk4LCJleHAiOjE3MDY0NzM1OTh9.skFrPQZREocXYPbVgq1VVo01i3TFm3uQTREh0fNsb_kjtPIqUU8NsQqozp8xiRz_Nsmu8_HMMgVgypHFaeeSWw
2024-01-29 00:00:18,441 [INFO] org.springframework.web.filter.OncePerRequestFilter [http-nio-8081-exec-6]  Header :  Bearer eyJhbGciOiJIUzUxMiJ9.eyJzdWIiOiJqYWRoYXZjb2NAZ21haWwuY29tIiwiaWF0IjoxNzA2NDU1NTk4LCJleHAiOjE3MDY0NzM1OTh9.skFrPQZREocXYPbVgq1VVo01i3TFm3uQTREh0fNsb_kjtPIqUU8NsQqozp8xiRz_Nsmu8_HMMgVgypHFaeeSWw
2024-01-29 00:04:46,956 [INFO] com.netflix.discovery.shared.resolver.aws.ConfigClusterResolver [AsyncResolver-bootstrap-executor-0] Resolving eureka endpoints via configuration
2024-01-29 00:09:46,966 [INFO] com.netflix.discovery.shared.resolver.aws.ConfigClusterResolver [AsyncResolver-bootstrap-executor-0] Resolving eureka endpoints via configuration
2024-01-29 00:13:11,476 [INFO] org.springframework.web.filter.OncePerRequestFilter [http-nio-8081-exec-2]  Header :  null
2024-01-29 00:13:11,476 [INFO] org.springframework.web.filter.OncePerRequestFilter [http-nio-8081-exec-2] Invalid Header Value !! 
2024-01-29 00:13:23,230 [INFO] org.springframework.web.filter.OncePerRequestFilter [http-nio-8081-exec-3]  Header :  Bearer eyJhbGciOiJIUzUxMiJ9.eyJzdWIiOiJqYWRoYXZjb2NAZ21haWwuY29tIiwiaWF0IjoxNzA2NDU1NTk4LCJleHAiOjE3MDY0NzM1OTh9.skFrPQZREocXYPbVgq1VVo01i3TFm3uQTREh0fNsb_kjtPIqUU8NsQqozp8xiRz_Nsmu8_HMMgVgypHFaeeSWw
2024-01-29 00:13:43,660 [INFO] org.springframework.web.filter.OncePerRequestFilter [http-nio-8081-exec-4]  Header :  Bearer eyJhbGciOiJIUzUxMiJ9.eyJzdWIiOiJqYWRoYXZjb2NAZ21haWwuY29tIiwiaWF0IjoxNzA2NDU1NTk4LCJleHAiOjE3MDY0NzM1OTh9.skFrPQZREocXYPbVgq1VVo01i3TFm3uQTREh0fNsb_kjtPIqUU8NsQqozp8xiRz_Nsmu8_HMMgVgypHFaeeSWw
2024-01-29 00:14:46,971 [INFO] com.netflix.discovery.shared.resolver.aws.ConfigClusterResolver [AsyncResolver-bootstrap-executor-0] Resolving eureka endpoints via configuration
2024-01-29 00:19:46,976 [INFO] com.netflix.discovery.shared.resolver.aws.ConfigClusterResolver [AsyncResolver-bootstrap-executor-0] Resolving eureka endpoints via configuration
2024-01-29 00:19:57,444 [INFO] org.springframework.web.filter.OncePerRequestFilter [http-nio-8081-exec-5]  Header :  Bearer eyJhbGciOiJIUzUxMiJ9.eyJzdWIiOiJqYWRoYXZjb2NAZ21haWwuY29tIiwiaWF0IjoxNzA2NDU1NTk4LCJleHAiOjE3MDY0NzM1OTh9.skFrPQZREocXYPbVgq1VVo01i3TFm3uQTREh0fNsb_kjtPIqUU8NsQqozp8xiRz_Nsmu8_HMMgVgypHFaeeSWw
2024-01-29 00:19:57,496 [INFO] org.springframework.web.filter.OncePerRequestFilter [http-nio-8081-exec-6]  Header :  Bearer eyJhbGciOiJIUzUxMiJ9.eyJzdWIiOiJqYWRoYXZjb2NAZ21haWwuY29tIiwiaWF0IjoxNzA2NDU1NTk4LCJleHAiOjE3MDY0NzM1OTh9.skFrPQZREocXYPbVgq1VVo01i3TFm3uQTREh0fNsb_kjtPIqUU8NsQqozp8xiRz_Nsmu8_HMMgVgypHFaeeSWw
2024-01-29 00:19:57,567 [WARN] org.springframework.web.servlet.mvc.method.annotation.ExceptionHandlerExceptionResolver [http-nio-8081-exec-6] Resolved [com.pms.doctor.service.Exception.UserNotFoundByIDException: User not found]
2024-01-29 00:21:50,467 [INFO] org.springframework.web.filter.OncePerRequestFilter [http-nio-8081-exec-9]  Header :  Bearer eyJhbGciOiJIUzUxMiJ9.eyJzdWIiOiJqYWRoYXZjb2NAZ21haWwuY29tIiwiaWF0IjoxNzA2NDU1NTk4LCJleHAiOjE3MDY0NzM1OTh9.skFrPQZREocXYPbVgq1VVo01i3TFm3uQTREh0fNsb_kjtPIqUU8NsQqozp8xiRz_Nsmu8_HMMgVgypHFaeeSWw
2024-01-29 00:23:46,002 [INFO] org.springframework.web.filter.OncePerRequestFilter [http-nio-8081-exec-2]  Header :  Bearer eyJhbGciOiJIUzUxMiJ9.eyJzdWIiOiJqYWRoYXZjb2NAZ21haWwuY29tIiwiaWF0IjoxNzA2NDU1NTk4LCJleHAiOjE3MDY0NzM1OTh9.skFrPQZREocXYPbVgq1VVo01i3TFm3uQTREh0fNsb_kjtPIqUU8NsQqozp8xiRz_Nsmu8_HMMgVgypHFaeeSWw
2024-01-29 00:24:46,980 [INFO] com.netflix.discovery.shared.resolver.aws.ConfigClusterResolver [AsyncResolver-bootstrap-executor-0] Resolving eureka endpoints via configuration
2024-01-29 00:26:37,387 [INFO] org.springframework.web.filter.OncePerRequestFilter [http-nio-8081-exec-4]  Header :  Bearer eyJhbGciOiJIUzUxMiJ9.eyJzdWIiOiJqYWRoYXZjb2NAZ21haWwuY29tIiwiaWF0IjoxNzA2NDU1NTk4LCJleHAiOjE3MDY0NzM1OTh9.skFrPQZREocXYPbVgq1VVo01i3TFm3uQTREh0fNsb_kjtPIqUU8NsQqozp8xiRz_Nsmu8_HMMgVgypHFaeeSWw
2024-01-29 00:29:43,465 [INFO] org.springframework.web.filter.OncePerRequestFilter [http-nio-8081-exec-8]  Header :  Bearer eyJhbGciOiJIUzUxMiJ9.eyJzdWIiOiJqYWRoYXZjb2NAZ21haWwuY29tIiwiaWF0IjoxNzA2NDU1NTk4LCJleHAiOjE3MDY0NzM1OTh9.skFrPQZREocXYPbVgq1VVo01i3TFm3uQTREh0fNsb_kjtPIqUU8NsQqozp8xiRz_Nsmu8_HMMgVgypHFaeeSWw
2024-01-29 00:29:43,488 [INFO] org.springframework.web.filter.OncePerRequestFilter [http-nio-8081-exec-5]  Header :  Bearer eyJhbGciOiJIUzUxMiJ9.eyJzdWIiOiJqYWRoYXZjb2NAZ21haWwuY29tIiwiaWF0IjoxNzA2NDU1NTk4LCJleHAiOjE3MDY0NzM1OTh9.skFrPQZREocXYPbVgq1VVo01i3TFm3uQTREh0fNsb_kjtPIqUU8NsQqozp8xiRz_Nsmu8_HMMgVgypHFaeeSWw
2024-01-29 00:29:43,498 [INFO] org.springframework.web.filter.OncePerRequestFilter [http-nio-8081-exec-6]  Header :  Bearer eyJhbGciOiJIUzUxMiJ9.eyJzdWIiOiJqYWRoYXZjb2NAZ21haWwuY29tIiwiaWF0IjoxNzA2NDU1NTk4LCJleHAiOjE3MDY0NzM1OTh9.skFrPQZREocXYPbVgq1VVo01i3TFm3uQTREh0fNsb_kjtPIqUU8NsQqozp8xiRz_Nsmu8_HMMgVgypHFaeeSWw
2024-01-29 00:29:43,516 [INFO] org.springframework.web.filter.OncePerRequestFilter [http-nio-8081-exec-10]  Header :  Bearer eyJhbGciOiJIUzUxMiJ9.eyJzdWIiOiJqYWRoYXZjb2NAZ21haWwuY29tIiwiaWF0IjoxNzA2NDU1NTk4LCJleHAiOjE3MDY0NzM1OTh9.skFrPQZREocXYPbVgq1VVo01i3TFm3uQTREh0fNsb_kjtPIqUU8NsQqozp8xiRz_Nsmu8_HMMgVgypHFaeeSWw
2024-01-29 00:29:43,526 [INFO] org.springframework.web.filter.OncePerRequestFilter [http-nio-8081-exec-9]  Header :  Bearer eyJhbGciOiJIUzUxMiJ9.eyJzdWIiOiJqYWRoYXZjb2NAZ21haWwuY29tIiwiaWF0IjoxNzA2NDU1NTk4LCJleHAiOjE3MDY0NzM1OTh9.skFrPQZREocXYPbVgq1VVo01i3TFm3uQTREh0fNsb_kjtPIqUU8NsQqozp8xiRz_Nsmu8_HMMgVgypHFaeeSWw
2024-01-29 00:29:43,546 [INFO] org.springframework.web.filter.OncePerRequestFilter [http-nio-8081-exec-1]  Header :  Bearer eyJhbGciOiJIUzUxMiJ9.eyJzdWIiOiJqYWRoYXZjb2NAZ21haWwuY29tIiwiaWF0IjoxNzA2NDU1NTk4LCJleHAiOjE3MDY0NzM1OTh9.skFrPQZREocXYPbVgq1VVo01i3TFm3uQTREh0fNsb_kjtPIqUU8NsQqozp8xiRz_Nsmu8_HMMgVgypHFaeeSWw
2024-01-29 00:29:46,997 [INFO] com.netflix.discovery.shared.resolver.aws.ConfigClusterResolver [AsyncResolver-bootstrap-executor-0] Resolving eureka endpoints via configuration
2024-01-29 00:30:41,075 [INFO] org.springframework.web.filter.OncePerRequestFilter [http-nio-8081-exec-2]  Header :  Bearer eyJhbGciOiJIUzUxMiJ9.eyJzdWIiOiJqYWRoYXZjb2NAZ21haWwuY29tIiwiaWF0IjoxNzA2NDU1NTk4LCJleHAiOjE3MDY0NzM1OTh9.skFrPQZREocXYPbVgq1VVo01i3TFm3uQTREh0fNsb_kjtPIqUU8NsQqozp8xiRz_Nsmu8_HMMgVgypHFaeeSWw
2024-01-29 00:30:55,610 [INFO] org.springframework.web.filter.OncePerRequestFilter [http-nio-8081-exec-4]  Header :  Bearer eyJhbGciOiJIUzUxMiJ9.eyJzdWIiOiJqYWRoYXZjb2NAZ21haWwuY29tIiwiaWF0IjoxNzA2NDU1NTk4LCJleHAiOjE3MDY0NzM1OTh9.skFrPQZREocXYPbVgq1VVo01i3TFm3uQTREh0fNsb_kjtPIqUU8NsQqozp8xiRz_Nsmu8_HMMgVgypHFaeeSWw
2024-01-29 00:30:55,691 [INFO] org.springframework.web.filter.OncePerRequestFilter [http-nio-8081-exec-7]  Header :  Bearer eyJhbGciOiJIUzUxMiJ9.eyJzdWIiOiJqYWRoYXZjb2NAZ21haWwuY29tIiwiaWF0IjoxNzA2NDU1NTk4LCJleHAiOjE3MDY0NzM1OTh9.skFrPQZREocXYPbVgq1VVo01i3TFm3uQTREh0fNsb_kjtPIqUU8NsQqozp8xiRz_Nsmu8_HMMgVgypHFaeeSWw
2024-01-29 00:30:55,713 [INFO] org.springframework.web.filter.OncePerRequestFilter [http-nio-8081-exec-8]  Header :  Bearer eyJhbGciOiJIUzUxMiJ9.eyJzdWIiOiJqYWRoYXZjb2NAZ21haWwuY29tIiwiaWF0IjoxNzA2NDU1NTk4LCJleHAiOjE3MDY0NzM1OTh9.skFrPQZREocXYPbVgq1VVo01i3TFm3uQTREh0fNsb_kjtPIqUU8NsQqozp8xiRz_Nsmu8_HMMgVgypHFaeeSWw
2024-01-29 00:30:55,722 [INFO] org.springframework.web.filter.OncePerRequestFilter [http-nio-8081-exec-5]  Header :  Bearer eyJhbGciOiJIUzUxMiJ9.eyJzdWIiOiJqYWRoYXZjb2NAZ21haWwuY29tIiwiaWF0IjoxNzA2NDU1NTk4LCJleHAiOjE3MDY0NzM1OTh9.skFrPQZREocXYPbVgq1VVo01i3TFm3uQTREh0fNsb_kjtPIqUU8NsQqozp8xiRz_Nsmu8_HMMgVgypHFaeeSWw
2024-01-29 00:30:55,739 [INFO] org.springframework.web.filter.OncePerRequestFilter [http-nio-8081-exec-6]  Header :  Bearer eyJhbGciOiJIUzUxMiJ9.eyJzdWIiOiJqYWRoYXZjb2NAZ21haWwuY29tIiwiaWF0IjoxNzA2NDU1NTk4LCJleHAiOjE3MDY0NzM1OTh9.skFrPQZREocXYPbVgq1VVo01i3TFm3uQTREh0fNsb_kjtPIqUU8NsQqozp8xiRz_Nsmu8_HMMgVgypHFaeeSWw
2024-01-29 00:30:55,750 [INFO] org.springframework.web.filter.OncePerRequestFilter [http-nio-8081-exec-10]  Header :  Bearer eyJhbGciOiJIUzUxMiJ9.eyJzdWIiOiJqYWRoYXZjb2NAZ21haWwuY29tIiwiaWF0IjoxNzA2NDU1NTk4LCJleHAiOjE3MDY0NzM1OTh9.skFrPQZREocXYPbVgq1VVo01i3TFm3uQTREh0fNsb_kjtPIqUU8NsQqozp8xiRz_Nsmu8_HMMgVgypHFaeeSWw
2024-01-29 00:30:55,771 [INFO] org.springframework.web.filter.OncePerRequestFilter [http-nio-8081-exec-9]  Header :  Bearer eyJhbGciOiJIUzUxMiJ9.eyJzdWIiOiJqYWRoYXZjb2NAZ21haWwuY29tIiwiaWF0IjoxNzA2NDU1NTk4LCJleHAiOjE3MDY0NzM1OTh9.skFrPQZREocXYPbVgq1VVo01i3TFm3uQTREh0fNsb_kjtPIqUU8NsQqozp8xiRz_Nsmu8_HMMgVgypHFaeeSWw
2024-01-29 00:32:23,251 [INFO] org.springframework.web.filter.OncePerRequestFilter [http-nio-8081-exec-2]  Header :  Bearer eyJhbGciOiJIUzUxMiJ9.eyJzdWIiOiJqYWRoYXZjb2NAZ21haWwuY29tIiwiaWF0IjoxNzA2NDU1NTk4LCJleHAiOjE3MDY0NzM1OTh9.skFrPQZREocXYPbVgq1VVo01i3TFm3uQTREh0fNsb_kjtPIqUU8NsQqozp8xiRz_Nsmu8_HMMgVgypHFaeeSWw
2024-01-29 00:32:33,969 [INFO] org.springframework.web.filter.OncePerRequestFilter [http-nio-8081-exec-4]  Header :  Bearer eyJhbGciOiJIUzUxMiJ9.eyJzdWIiOiJqYWRoYXZjb2NAZ21haWwuY29tIiwiaWF0IjoxNzA2NDU1NTk4LCJleHAiOjE3MDY0NzM1OTh9.skFrPQZREocXYPbVgq1VVo01i3TFm3uQTREh0fNsb_kjtPIqUU8NsQqozp8xiRz_Nsmu8_HMMgVgypHFaeeSWw
2024-01-29 00:32:38,104 [INFO] org.springframework.web.filter.OncePerRequestFilter [http-nio-8081-exec-7]  Header :  Bearer eyJhbGciOiJIUzUxMiJ9.eyJzdWIiOiJqYWRoYXZjb2NAZ21haWwuY29tIiwiaWF0IjoxNzA2NDU1NTk4LCJleHAiOjE3MDY0NzM1OTh9.skFrPQZREocXYPbVgq1VVo01i3TFm3uQTREh0fNsb_kjtPIqUU8NsQqozp8xiRz_Nsmu8_HMMgVgypHFaeeSWw
2024-01-29 00:32:38,118 [INFO] org.springframework.web.filter.OncePerRequestFilter [http-nio-8081-exec-8]  Header :  Bearer eyJhbGciOiJIUzUxMiJ9.eyJzdWIiOiJqYWRoYXZjb2NAZ21haWwuY29tIiwiaWF0IjoxNzA2NDU1NTk4LCJleHAiOjE3MDY0NzM1OTh9.skFrPQZREocXYPbVgq1VVo01i3TFm3uQTREh0fNsb_kjtPIqUU8NsQqozp8xiRz_Nsmu8_HMMgVgypHFaeeSWw
2024-01-29 00:32:38,127 [INFO] org.springframework.web.filter.OncePerRequestFilter [http-nio-8081-exec-5]  Header :  Bearer eyJhbGciOiJIUzUxMiJ9.eyJzdWIiOiJqYWRoYXZjb2NAZ21haWwuY29tIiwiaWF0IjoxNzA2NDU1NTk4LCJleHAiOjE3MDY0NzM1OTh9.skFrPQZREocXYPbVgq1VVo01i3TFm3uQTREh0fNsb_kjtPIqUU8NsQqozp8xiRz_Nsmu8_HMMgVgypHFaeeSWw
2024-01-29 00:32:38,145 [INFO] org.springframework.web.filter.OncePerRequestFilter [http-nio-8081-exec-6]  Header :  Bearer eyJhbGciOiJIUzUxMiJ9.eyJzdWIiOiJqYWRoYXZjb2NAZ21haWwuY29tIiwiaWF0IjoxNzA2NDU1NTk4LCJleHAiOjE3MDY0NzM1OTh9.skFrPQZREocXYPbVgq1VVo01i3TFm3uQTREh0fNsb_kjtPIqUU8NsQqozp8xiRz_Nsmu8_HMMgVgypHFaeeSWw
2024-01-29 00:32:38,158 [INFO] org.springframework.web.filter.OncePerRequestFilter [http-nio-8081-exec-10]  Header :  Bearer eyJhbGciOiJIUzUxMiJ9.eyJzdWIiOiJqYWRoYXZjb2NAZ21haWwuY29tIiwiaWF0IjoxNzA2NDU1NTk4LCJleHAiOjE3MDY0NzM1OTh9.skFrPQZREocXYPbVgq1VVo01i3TFm3uQTREh0fNsb_kjtPIqUU8NsQqozp8xiRz_Nsmu8_HMMgVgypHFaeeSWw
2024-01-29 00:32:38,184 [INFO] org.springframework.web.filter.OncePerRequestFilter [http-nio-8081-exec-9]  Header :  Bearer eyJhbGciOiJIUzUxMiJ9.eyJzdWIiOiJqYWRoYXZjb2NAZ21haWwuY29tIiwiaWF0IjoxNzA2NDU1NTk4LCJleHAiOjE3MDY0NzM1OTh9.skFrPQZREocXYPbVgq1VVo01i3TFm3uQTREh0fNsb_kjtPIqUU8NsQqozp8xiRz_Nsmu8_HMMgVgypHFaeeSWw
2024-01-29 00:34:47,003 [INFO] com.netflix.discovery.shared.resolver.aws.ConfigClusterResolver [AsyncResolver-bootstrap-executor-0] Resolving eureka endpoints via configuration
2024-01-29 00:35:35,258 [INFO] org.springframework.web.filter.OncePerRequestFilter [http-nio-8081-exec-2]  Header :  Bearer eyJhbGciOiJIUzUxMiJ9.eyJzdWIiOiJqYWRoYXZjb2NAZ21haWwuY29tIiwiaWF0IjoxNzA2NDU1NTk4LCJleHAiOjE3MDY0NzM1OTh9.skFrPQZREocXYPbVgq1VVo01i3TFm3uQTREh0fNsb_kjtPIqUU8NsQqozp8xiRz_Nsmu8_HMMgVgypHFaeeSWw
2024-01-29 00:35:49,570 [INFO] org.springframework.web.filter.OncePerRequestFilter [http-nio-8081-exec-4]  Header :  Bearer eyJhbGciOiJIUzUxMiJ9.eyJzdWIiOiJqYWRoYXZjb2NAZ21haWwuY29tIiwiaWF0IjoxNzA2NDU1NTk4LCJleHAiOjE3MDY0NzM1OTh9.skFrPQZREocXYPbVgq1VVo01i3TFm3uQTREh0fNsb_kjtPIqUU8NsQqozp8xiRz_Nsmu8_HMMgVgypHFaeeSWw
2024-01-29 00:35:53,707 [INFO] org.springframework.web.filter.OncePerRequestFilter [http-nio-8081-exec-7]  Header :  Bearer eyJhbGciOiJIUzUxMiJ9.eyJzdWIiOiJqYWRoYXZjb2NAZ21haWwuY29tIiwiaWF0IjoxNzA2NDU1NTk4LCJleHAiOjE3MDY0NzM1OTh9.skFrPQZREocXYPbVgq1VVo01i3TFm3uQTREh0fNsb_kjtPIqUU8NsQqozp8xiRz_Nsmu8_HMMgVgypHFaeeSWw
2024-01-29 00:35:53,726 [INFO] org.springframework.web.filter.OncePerRequestFilter [http-nio-8081-exec-8]  Header :  Bearer eyJhbGciOiJIUzUxMiJ9.eyJzdWIiOiJqYWRoYXZjb2NAZ21haWwuY29tIiwiaWF0IjoxNzA2NDU1NTk4LCJleHAiOjE3MDY0NzM1OTh9.skFrPQZREocXYPbVgq1VVo01i3TFm3uQTREh0fNsb_kjtPIqUU8NsQqozp8xiRz_Nsmu8_HMMgVgypHFaeeSWw
2024-01-29 00:35:53,734 [INFO] org.springframework.web.filter.OncePerRequestFilter [http-nio-8081-exec-5]  Header :  Bearer eyJhbGciOiJIUzUxMiJ9.eyJzdWIiOiJqYWRoYXZjb2NAZ21haWwuY29tIiwiaWF0IjoxNzA2NDU1NTk4LCJleHAiOjE3MDY0NzM1OTh9.skFrPQZREocXYPbVgq1VVo01i3TFm3uQTREh0fNsb_kjtPIqUU8NsQqozp8xiRz_Nsmu8_HMMgVgypHFaeeSWw
2024-01-29 00:35:53,754 [INFO] org.springframework.web.filter.OncePerRequestFilter [http-nio-8081-exec-6]  Header :  Bearer eyJhbGciOiJIUzUxMiJ9.eyJzdWIiOiJqYWRoYXZjb2NAZ21haWwuY29tIiwiaWF0IjoxNzA2NDU1NTk4LCJleHAiOjE3MDY0NzM1OTh9.skFrPQZREocXYPbVgq1VVo01i3TFm3uQTREh0fNsb_kjtPIqUU8NsQqozp8xiRz_Nsmu8_HMMgVgypHFaeeSWw
2024-01-29 00:35:53,762 [INFO] org.springframework.web.filter.OncePerRequestFilter [http-nio-8081-exec-10]  Header :  Bearer eyJhbGciOiJIUzUxMiJ9.eyJzdWIiOiJqYWRoYXZjb2NAZ21haWwuY29tIiwiaWF0IjoxNzA2NDU1NTk4LCJleHAiOjE3MDY0NzM1OTh9.skFrPQZREocXYPbVgq1VVo01i3TFm3uQTREh0fNsb_kjtPIqUU8NsQqozp8xiRz_Nsmu8_HMMgVgypHFaeeSWw
2024-01-29 00:35:53,784 [INFO] org.springframework.web.filter.OncePerRequestFilter [http-nio-8081-exec-9]  Header :  Bearer eyJhbGciOiJIUzUxMiJ9.eyJzdWIiOiJqYWRoYXZjb2NAZ21haWwuY29tIiwiaWF0IjoxNzA2NDU1NTk4LCJleHAiOjE3MDY0NzM1OTh9.skFrPQZREocXYPbVgq1VVo01i3TFm3uQTREh0fNsb_kjtPIqUU8NsQqozp8xiRz_Nsmu8_HMMgVgypHFaeeSWw
2024-01-29 00:37:12,521 [INFO] org.springframework.web.filter.OncePerRequestFilter [http-nio-8081-exec-2]  Header :  Bearer eyJhbGciOiJIUzUxMiJ9.eyJzdWIiOiJqYWRoYXZjb2NAZ21haWwuY29tIiwiaWF0IjoxNzA2NDU1NTk4LCJleHAiOjE3MDY0NzM1OTh9.skFrPQZREocXYPbVgq1VVo01i3TFm3uQTREh0fNsb_kjtPIqUU8NsQqozp8xiRz_Nsmu8_HMMgVgypHFaeeSWw
2024-01-29 00:37:27,525 [INFO] org.springframework.web.filter.OncePerRequestFilter [http-nio-8081-exec-4]  Header :  Bearer eyJhbGciOiJIUzUxMiJ9.eyJzdWIiOiJqYWRoYXZjb2NAZ21haWwuY29tIiwiaWF0IjoxNzA2NDU1NTk4LCJleHAiOjE3MDY0NzM1OTh9.skFrPQZREocXYPbVgq1VVo01i3TFm3uQTREh0fNsb_kjtPIqUU8NsQqozp8xiRz_Nsmu8_HMMgVgypHFaeeSWw
2024-01-29 00:37:32,678 [INFO] org.springframework.web.filter.OncePerRequestFilter [http-nio-8081-exec-7]  Header :  Bearer eyJhbGciOiJIUzUxMiJ9.eyJzdWIiOiJqYWRoYXZjb2NAZ21haWwuY29tIiwiaWF0IjoxNzA2NDU1NTk4LCJleHAiOjE3MDY0NzM1OTh9.skFrPQZREocXYPbVgq1VVo01i3TFm3uQTREh0fNsb_kjtPIqUU8NsQqozp8xiRz_Nsmu8_HMMgVgypHFaeeSWw
2024-01-29 00:37:32,700 [INFO] org.springframework.web.filter.OncePerRequestFilter [http-nio-8081-exec-8]  Header :  Bearer eyJhbGciOiJIUzUxMiJ9.eyJzdWIiOiJqYWRoYXZjb2NAZ21haWwuY29tIiwiaWF0IjoxNzA2NDU1NTk4LCJleHAiOjE3MDY0NzM1OTh9.skFrPQZREocXYPbVgq1VVo01i3TFm3uQTREh0fNsb_kjtPIqUU8NsQqozp8xiRz_Nsmu8_HMMgVgypHFaeeSWw
2024-01-29 00:37:32,703 [INFO] org.springframework.web.filter.OncePerRequestFilter [http-nio-8081-exec-5]  Header :  Bearer eyJhbGciOiJIUzUxMiJ9.eyJzdWIiOiJqYWRoYXZjb2NAZ21haWwuY29tIiwiaWF0IjoxNzA2NDU1NTk4LCJleHAiOjE3MDY0NzM1OTh9.skFrPQZREocXYPbVgq1VVo01i3TFm3uQTREh0fNsb_kjtPIqUU8NsQqozp8xiRz_Nsmu8_HMMgVgypHFaeeSWw
2024-01-29 00:37:32,724 [INFO] org.springframework.web.filter.OncePerRequestFilter [http-nio-8081-exec-6]  Header :  Bearer eyJhbGciOiJIUzUxMiJ9.eyJzdWIiOiJqYWRoYXZjb2NAZ21haWwuY29tIiwiaWF0IjoxNzA2NDU1NTk4LCJleHAiOjE3MDY0NzM1OTh9.skFrPQZREocXYPbVgq1VVo01i3TFm3uQTREh0fNsb_kjtPIqUU8NsQqozp8xiRz_Nsmu8_HMMgVgypHFaeeSWw
2024-01-29 00:37:32,728 [INFO] org.springframework.web.filter.OncePerRequestFilter [http-nio-8081-exec-10]  Header :  Bearer eyJhbGciOiJIUzUxMiJ9.eyJzdWIiOiJqYWRoYXZjb2NAZ21haWwuY29tIiwiaWF0IjoxNzA2NDU1NTk4LCJleHAiOjE3MDY0NzM1OTh9.skFrPQZREocXYPbVgq1VVo01i3TFm3uQTREh0fNsb_kjtPIqUU8NsQqozp8xiRz_Nsmu8_HMMgVgypHFaeeSWw
2024-01-29 00:37:32,756 [INFO] org.springframework.web.filter.OncePerRequestFilter [http-nio-8081-exec-9]  Header :  Bearer eyJhbGciOiJIUzUxMiJ9.eyJzdWIiOiJqYWRoYXZjb2NAZ21haWwuY29tIiwiaWF0IjoxNzA2NDU1NTk4LCJleHAiOjE3MDY0NzM1OTh9.skFrPQZREocXYPbVgq1VVo01i3TFm3uQTREh0fNsb_kjtPIqUU8NsQqozp8xiRz_Nsmu8_HMMgVgypHFaeeSWw
2024-01-29 00:37:41,174 [INFO] org.springframework.web.filter.OncePerRequestFilter [http-nio-8081-exec-1]  Header :  Bearer eyJhbGciOiJIUzUxMiJ9.eyJzdWIiOiJqYWRoYXZjb2NAZ21haWwuY29tIiwiaWF0IjoxNzA2NDU1NTk4LCJleHAiOjE3MDY0NzM1OTh9.skFrPQZREocXYPbVgq1VVo01i3TFm3uQTREh0fNsb_kjtPIqUU8NsQqozp8xiRz_Nsmu8_HMMgVgypHFaeeSWw
2024-01-29 00:37:55,306 [INFO] org.springframework.web.filter.OncePerRequestFilter [http-nio-8081-exec-3]  Header :  Bearer eyJhbGciOiJIUzUxMiJ9.eyJzdWIiOiJqYWRoYXZjb2NAZ21haWwuY29tIiwiaWF0IjoxNzA2NDU1NTk4LCJleHAiOjE3MDY0NzM1OTh9.skFrPQZREocXYPbVgq1VVo01i3TFm3uQTREh0fNsb_kjtPIqUU8NsQqozp8xiRz_Nsmu8_HMMgVgypHFaeeSWw
2024-01-29 00:38:00,441 [INFO] org.springframework.web.filter.OncePerRequestFilter [http-nio-8081-exec-2]  Header :  Bearer eyJhbGciOiJIUzUxMiJ9.eyJzdWIiOiJqYWRoYXZjb2NAZ21haWwuY29tIiwiaWF0IjoxNzA2NDU1NTk4LCJleHAiOjE3MDY0NzM1OTh9.skFrPQZREocXYPbVgq1VVo01i3TFm3uQTREh0fNsb_kjtPIqUU8NsQqozp8xiRz_Nsmu8_HMMgVgypHFaeeSWw
2024-01-29 00:38:00,458 [INFO] org.springframework.web.filter.OncePerRequestFilter [http-nio-8081-exec-4]  Header :  Bearer eyJhbGciOiJIUzUxMiJ9.eyJzdWIiOiJqYWRoYXZjb2NAZ21haWwuY29tIiwiaWF0IjoxNzA2NDU1NTk4LCJleHAiOjE3MDY0NzM1OTh9.skFrPQZREocXYPbVgq1VVo01i3TFm3uQTREh0fNsb_kjtPIqUU8NsQqozp8xiRz_Nsmu8_HMMgVgypHFaeeSWw
2024-01-29 00:38:00,467 [INFO] org.springframework.web.filter.OncePerRequestFilter [http-nio-8081-exec-7]  Header :  Bearer eyJhbGciOiJIUzUxMiJ9.eyJzdWIiOiJqYWRoYXZjb2NAZ21haWwuY29tIiwiaWF0IjoxNzA2NDU1NTk4LCJleHAiOjE3MDY0NzM1OTh9.skFrPQZREocXYPbVgq1VVo01i3TFm3uQTREh0fNsb_kjtPIqUU8NsQqozp8xiRz_Nsmu8_HMMgVgypHFaeeSWw
2024-01-29 00:38:00,483 [INFO] org.springframework.web.filter.OncePerRequestFilter [http-nio-8081-exec-8]  Header :  Bearer eyJhbGciOiJIUzUxMiJ9.eyJzdWIiOiJqYWRoYXZjb2NAZ21haWwuY29tIiwiaWF0IjoxNzA2NDU1NTk4LCJleHAiOjE3MDY0NzM1OTh9.skFrPQZREocXYPbVgq1VVo01i3TFm3uQTREh0fNsb_kjtPIqUU8NsQqozp8xiRz_Nsmu8_HMMgVgypHFaeeSWw
2024-01-29 00:38:00,492 [INFO] org.springframework.web.filter.OncePerRequestFilter [http-nio-8081-exec-5]  Header :  Bearer eyJhbGciOiJIUzUxMiJ9.eyJzdWIiOiJqYWRoYXZjb2NAZ21haWwuY29tIiwiaWF0IjoxNzA2NDU1NTk4LCJleHAiOjE3MDY0NzM1OTh9.skFrPQZREocXYPbVgq1VVo01i3TFm3uQTREh0fNsb_kjtPIqUU8NsQqozp8xiRz_Nsmu8_HMMgVgypHFaeeSWw
2024-01-29 00:38:00,513 [INFO] org.springframework.web.filter.OncePerRequestFilter [http-nio-8081-exec-6]  Header :  Bearer eyJhbGciOiJIUzUxMiJ9.eyJzdWIiOiJqYWRoYXZjb2NAZ21haWwuY29tIiwiaWF0IjoxNzA2NDU1NTk4LCJleHAiOjE3MDY0NzM1OTh9.skFrPQZREocXYPbVgq1VVo01i3TFm3uQTREh0fNsb_kjtPIqUU8NsQqozp8xiRz_Nsmu8_HMMgVgypHFaeeSWw
2024-01-29 00:38:13,993 [INFO] org.springframework.web.filter.OncePerRequestFilter [http-nio-8081-exec-10]  Header :  Bearer eyJhbGciOiJIUzUxMiJ9.eyJzdWIiOiJqYWRoYXZjb2NAZ21haWwuY29tIiwiaWF0IjoxNzA2NDU1NTk4LCJleHAiOjE3MDY0NzM1OTh9.skFrPQZREocXYPbVgq1VVo01i3TFm3uQTREh0fNsb_kjtPIqUU8NsQqozp8xiRz_Nsmu8_HMMgVgypHFaeeSWw
2024-01-29 00:38:28,936 [INFO] org.springframework.web.filter.OncePerRequestFilter [http-nio-8081-exec-9]  Header :  Bearer eyJhbGciOiJIUzUxMiJ9.eyJzdWIiOiJqYWRoYXZjb2NAZ21haWwuY29tIiwiaWF0IjoxNzA2NDU1NTk4LCJleHAiOjE3MDY0NzM1OTh9.skFrPQZREocXYPbVgq1VVo01i3TFm3uQTREh0fNsb_kjtPIqUU8NsQqozp8xiRz_Nsmu8_HMMgVgypHFaeeSWw
2024-01-29 00:38:39,075 [INFO] org.springframework.web.filter.OncePerRequestFilter [http-nio-8081-exec-1]  Header :  Bearer eyJhbGciOiJIUzUxMiJ9.eyJzdWIiOiJqYWRoYXZjb2NAZ21haWwuY29tIiwiaWF0IjoxNzA2NDU1NTk4LCJleHAiOjE3MDY0NzM1OTh9.skFrPQZREocXYPbVgq1VVo01i3TFm3uQTREh0fNsb_kjtPIqUU8NsQqozp8xiRz_Nsmu8_HMMgVgypHFaeeSWw
2024-01-29 00:38:39,095 [INFO] org.springframework.web.filter.OncePerRequestFilter [http-nio-8081-exec-3]  Header :  Bearer eyJhbGciOiJIUzUxMiJ9.eyJzdWIiOiJqYWRoYXZjb2NAZ21haWwuY29tIiwiaWF0IjoxNzA2NDU1NTk4LCJleHAiOjE3MDY0NzM1OTh9.skFrPQZREocXYPbVgq1VVo01i3TFm3uQTREh0fNsb_kjtPIqUU8NsQqozp8xiRz_Nsmu8_HMMgVgypHFaeeSWw
2024-01-29 00:38:39,112 [INFO] org.springframework.web.filter.OncePerRequestFilter [http-nio-8081-exec-2]  Header :  Bearer eyJhbGciOiJIUzUxMiJ9.eyJzdWIiOiJqYWRoYXZjb2NAZ21haWwuY29tIiwiaWF0IjoxNzA2NDU1NTk4LCJleHAiOjE3MDY0NzM1OTh9.skFrPQZREocXYPbVgq1VVo01i3TFm3uQTREh0fNsb_kjtPIqUU8NsQqozp8xiRz_Nsmu8_HMMgVgypHFaeeSWw
2024-01-29 00:38:39,133 [INFO] org.springframework.web.filter.OncePerRequestFilter [http-nio-8081-exec-4]  Header :  Bearer eyJhbGciOiJIUzUxMiJ9.eyJzdWIiOiJqYWRoYXZjb2NAZ21haWwuY29tIiwiaWF0IjoxNzA2NDU1NTk4LCJleHAiOjE3MDY0NzM1OTh9.skFrPQZREocXYPbVgq1VVo01i3TFm3uQTREh0fNsb_kjtPIqUU8NsQqozp8xiRz_Nsmu8_HMMgVgypHFaeeSWw
2024-01-29 00:38:39,161 [INFO] org.springframework.web.filter.OncePerRequestFilter [http-nio-8081-exec-7]  Header :  Bearer eyJhbGciOiJIUzUxMiJ9.eyJzdWIiOiJqYWRoYXZjb2NAZ21haWwuY29tIiwiaWF0IjoxNzA2NDU1NTk4LCJleHAiOjE3MDY0NzM1OTh9.skFrPQZREocXYPbVgq1VVo01i3TFm3uQTREh0fNsb_kjtPIqUU8NsQqozp8xiRz_Nsmu8_HMMgVgypHFaeeSWw
2024-01-29 00:38:39,184 [INFO] org.springframework.web.filter.OncePerRequestFilter [http-nio-8081-exec-8]  Header :  Bearer eyJhbGciOiJIUzUxMiJ9.eyJzdWIiOiJqYWRoYXZjb2NAZ21haWwuY29tIiwiaWF0IjoxNzA2NDU1NTk4LCJleHAiOjE3MDY0NzM1OTh9.skFrPQZREocXYPbVgq1VVo01i3TFm3uQTREh0fNsb_kjtPIqUU8NsQqozp8xiRz_Nsmu8_HMMgVgypHFaeeSWw
2024-01-29 00:38:50,034 [INFO] org.springframework.web.filter.OncePerRequestFilter [http-nio-8081-exec-5]  Header :  Bearer eyJhbGciOiJIUzUxMiJ9.eyJzdWIiOiJqYWRoYXZjb2NAZ21haWwuY29tIiwiaWF0IjoxNzA2NDU1NTk4LCJleHAiOjE3MDY0NzM1OTh9.skFrPQZREocXYPbVgq1VVo01i3TFm3uQTREh0fNsb_kjtPIqUU8NsQqozp8xiRz_Nsmu8_HMMgVgypHFaeeSWw
2024-01-29 00:39:09,363 [INFO] org.springframework.web.filter.OncePerRequestFilter [http-nio-8081-exec-6]  Header :  Bearer eyJhbGciOiJIUzUxMiJ9.eyJzdWIiOiJqYWRoYXZjb2NAZ21haWwuY29tIiwiaWF0IjoxNzA2NDU1NTk4LCJleHAiOjE3MDY0NzM1OTh9.skFrPQZREocXYPbVgq1VVo01i3TFm3uQTREh0fNsb_kjtPIqUU8NsQqozp8xiRz_Nsmu8_HMMgVgypHFaeeSWw
2024-01-29 00:39:17,584 [INFO] org.springframework.web.filter.OncePerRequestFilter [http-nio-8081-exec-10]  Header :  Bearer eyJhbGciOiJIUzUxMiJ9.eyJzdWIiOiJqYWRoYXZjb2NAZ21haWwuY29tIiwiaWF0IjoxNzA2NDU1NTk4LCJleHAiOjE3MDY0NzM1OTh9.skFrPQZREocXYPbVgq1VVo01i3TFm3uQTREh0fNsb_kjtPIqUU8NsQqozp8xiRz_Nsmu8_HMMgVgypHFaeeSWw
2024-01-29 00:39:17,599 [INFO] org.springframework.web.filter.OncePerRequestFilter [http-nio-8081-exec-9]  Header :  Bearer eyJhbGciOiJIUzUxMiJ9.eyJzdWIiOiJqYWRoYXZjb2NAZ21haWwuY29tIiwiaWF0IjoxNzA2NDU1NTk4LCJleHAiOjE3MDY0NzM1OTh9.skFrPQZREocXYPbVgq1VVo01i3TFm3uQTREh0fNsb_kjtPIqUU8NsQqozp8xiRz_Nsmu8_HMMgVgypHFaeeSWw
2024-01-29 00:39:17,606 [INFO] org.springframework.web.filter.OncePerRequestFilter [http-nio-8081-exec-1]  Header :  Bearer eyJhbGciOiJIUzUxMiJ9.eyJzdWIiOiJqYWRoYXZjb2NAZ21haWwuY29tIiwiaWF0IjoxNzA2NDU1NTk4LCJleHAiOjE3MDY0NzM1OTh9.skFrPQZREocXYPbVgq1VVo01i3TFm3uQTREh0fNsb_kjtPIqUU8NsQqozp8xiRz_Nsmu8_HMMgVgypHFaeeSWw
2024-01-29 00:39:17,622 [INFO] org.springframework.web.filter.OncePerRequestFilter [http-nio-8081-exec-3]  Header :  Bearer eyJhbGciOiJIUzUxMiJ9.eyJzdWIiOiJqYWRoYXZjb2NAZ21haWwuY29tIiwiaWF0IjoxNzA2NDU1NTk4LCJleHAiOjE3MDY0NzM1OTh9.skFrPQZREocXYPbVgq1VVo01i3TFm3uQTREh0fNsb_kjtPIqUU8NsQqozp8xiRz_Nsmu8_HMMgVgypHFaeeSWw
2024-01-29 00:39:17,630 [INFO] org.springframework.web.filter.OncePerRequestFilter [http-nio-8081-exec-2]  Header :  Bearer eyJhbGciOiJIUzUxMiJ9.eyJzdWIiOiJqYWRoYXZjb2NAZ21haWwuY29tIiwiaWF0IjoxNzA2NDU1NTk4LCJleHAiOjE3MDY0NzM1OTh9.skFrPQZREocXYPbVgq1VVo01i3TFm3uQTREh0fNsb_kjtPIqUU8NsQqozp8xiRz_Nsmu8_HMMgVgypHFaeeSWw
2024-01-29 00:39:17,647 [INFO] org.springframework.web.filter.OncePerRequestFilter [http-nio-8081-exec-4]  Header :  Bearer eyJhbGciOiJIUzUxMiJ9.eyJzdWIiOiJqYWRoYXZjb2NAZ21haWwuY29tIiwiaWF0IjoxNzA2NDU1NTk4LCJleHAiOjE3MDY0NzM1OTh9.skFrPQZREocXYPbVgq1VVo01i3TFm3uQTREh0fNsb_kjtPIqUU8NsQqozp8xiRz_Nsmu8_HMMgVgypHFaeeSWw
2024-01-29 00:39:47,018 [INFO] com.netflix.discovery.shared.resolver.aws.ConfigClusterResolver [AsyncResolver-bootstrap-executor-0] Resolving eureka endpoints via configuration
2024-01-29 00:40:45,610 [INFO] org.springframework.web.filter.OncePerRequestFilter [http-nio-8081-exec-5]  Header :  Bearer eyJhbGciOiJIUzUxMiJ9.eyJzdWIiOiJqYWRoYXZjb2NAZ21haWwuY29tIiwiaWF0IjoxNzA2NDU1NTk4LCJleHAiOjE3MDY0NzM1OTh9.skFrPQZREocXYPbVgq1VVo01i3TFm3uQTREh0fNsb_kjtPIqUU8NsQqozp8xiRz_Nsmu8_HMMgVgypHFaeeSWw
2024-01-29 00:41:29,483 [INFO] org.springframework.web.filter.OncePerRequestFilter [http-nio-8081-exec-6]  Header :  Bearer eyJhbGciOiJIUzUxMiJ9.eyJzdWIiOiJqYWRoYXZjb2NAZ21haWwuY29tIiwiaWF0IjoxNzA2NDU1NTk4LCJleHAiOjE3MDY0NzM1OTh9.skFrPQZREocXYPbVgq1VVo01i3TFm3uQTREh0fNsb_kjtPIqUU8NsQqozp8xiRz_Nsmu8_HMMgVgypHFaeeSWw
2024-01-29 00:41:37,588 [INFO] org.springframework.web.filter.OncePerRequestFilter [http-nio-8081-exec-10]  Header :  Bearer eyJhbGciOiJIUzUxMiJ9.eyJzdWIiOiJqYWRoYXZjb2NAZ21haWwuY29tIiwiaWF0IjoxNzA2NDU1NTk4LCJleHAiOjE3MDY0NzM1OTh9.skFrPQZREocXYPbVgq1VVo01i3TFm3uQTREh0fNsb_kjtPIqUU8NsQqozp8xiRz_Nsmu8_HMMgVgypHFaeeSWw
2024-01-29 00:41:37,603 [INFO] org.springframework.web.filter.OncePerRequestFilter [http-nio-8081-exec-9]  Header :  Bearer eyJhbGciOiJIUzUxMiJ9.eyJzdWIiOiJqYWRoYXZjb2NAZ21haWwuY29tIiwiaWF0IjoxNzA2NDU1NTk4LCJleHAiOjE3MDY0NzM1OTh9.skFrPQZREocXYPbVgq1VVo01i3TFm3uQTREh0fNsb_kjtPIqUU8NsQqozp8xiRz_Nsmu8_HMMgVgypHFaeeSWw
2024-01-29 00:41:37,612 [INFO] org.springframework.web.filter.OncePerRequestFilter [http-nio-8081-exec-1]  Header :  Bearer eyJhbGciOiJIUzUxMiJ9.eyJzdWIiOiJqYWRoYXZjb2NAZ21haWwuY29tIiwiaWF0IjoxNzA2NDU1NTk4LCJleHAiOjE3MDY0NzM1OTh9.skFrPQZREocXYPbVgq1VVo01i3TFm3uQTREh0fNsb_kjtPIqUU8NsQqozp8xiRz_Nsmu8_HMMgVgypHFaeeSWw
2024-01-29 00:41:37,629 [INFO] org.springframework.web.filter.OncePerRequestFilter [http-nio-8081-exec-3]  Header :  Bearer eyJhbGciOiJIUzUxMiJ9.eyJzdWIiOiJqYWRoYXZjb2NAZ21haWwuY29tIiwiaWF0IjoxNzA2NDU1NTk4LCJleHAiOjE3MDY0NzM1OTh9.skFrPQZREocXYPbVgq1VVo01i3TFm3uQTREh0fNsb_kjtPIqUU8NsQqozp8xiRz_Nsmu8_HMMgVgypHFaeeSWw
2024-01-29 00:41:37,636 [INFO] org.springframework.web.filter.OncePerRequestFilter [http-nio-8081-exec-2]  Header :  Bearer eyJhbGciOiJIUzUxMiJ9.eyJzdWIiOiJqYWRoYXZjb2NAZ21haWwuY29tIiwiaWF0IjoxNzA2NDU1NTk4LCJleHAiOjE3MDY0NzM1OTh9.skFrPQZREocXYPbVgq1VVo01i3TFm3uQTREh0fNsb_kjtPIqUU8NsQqozp8xiRz_Nsmu8_HMMgVgypHFaeeSWw
2024-01-29 00:41:37,653 [INFO] org.springframework.web.filter.OncePerRequestFilter [http-nio-8081-exec-4]  Header :  Bearer eyJhbGciOiJIUzUxMiJ9.eyJzdWIiOiJqYWRoYXZjb2NAZ21haWwuY29tIiwiaWF0IjoxNzA2NDU1NTk4LCJleHAiOjE3MDY0NzM1OTh9.skFrPQZREocXYPbVgq1VVo01i3TFm3uQTREh0fNsb_kjtPIqUU8NsQqozp8xiRz_Nsmu8_HMMgVgypHFaeeSWw
2024-01-29 00:44:47,020 [INFO] com.netflix.discovery.shared.resolver.aws.ConfigClusterResolver [AsyncResolver-bootstrap-executor-0] Resolving eureka endpoints via configuration
2024-01-29 00:49:47,023 [INFO] com.netflix.discovery.shared.resolver.aws.ConfigClusterResolver [AsyncResolver-bootstrap-executor-0] Resolving eureka endpoints via configuration
2024-01-29 00:51:40,399 [INFO] org.springframework.web.filter.OncePerRequestFilter [http-nio-8081-exec-6]  Header :  null
2024-01-29 00:51:40,399 [INFO] org.springframework.web.filter.OncePerRequestFilter [http-nio-8081-exec-6] Invalid Header Value !! 
2024-01-29 00:54:47,030 [INFO] com.netflix.discovery.shared.resolver.aws.ConfigClusterResolver [AsyncResolver-bootstrap-executor-0] Resolving eureka endpoints via configuration
2024-01-29 00:55:13,110 [INFO] org.springframework.web.filter.OncePerRequestFilter [http-nio-8081-exec-9]  Header :  Bearer eyJhbGciOiJIUzUxMiJ9.eyJzdWIiOiJteXNlbGZmb3IxMDJAZ21haWwuY29tIiwiaWF0IjoxNzA2NDY5NzAwLCJleHAiOjE3MDY0ODc3MDB9.GmkImKl1Lal3Fe1RpXOtdDDGAqYj4mSWeeRKyXlfly1THRAk5u2vTGYXUetvJAlyLbn9fTomJzPzhuSqTXs6BA
2024-01-29 00:55:13,132 [INFO] org.springframework.web.filter.OncePerRequestFilter [http-nio-8081-exec-1]  Header :  Bearer eyJhbGciOiJIUzUxMiJ9.eyJzdWIiOiJteXNlbGZmb3IxMDJAZ21haWwuY29tIiwiaWF0IjoxNzA2NDY5NzAwLCJleHAiOjE3MDY0ODc3MDB9.GmkImKl1Lal3Fe1RpXOtdDDGAqYj4mSWeeRKyXlfly1THRAk5u2vTGYXUetvJAlyLbn9fTomJzPzhuSqTXs6BA
2024-01-29 00:55:13,150 [INFO] org.springframework.web.filter.OncePerRequestFilter [http-nio-8081-exec-3]  Header :  Bearer eyJhbGciOiJIUzUxMiJ9.eyJzdWIiOiJteXNlbGZmb3IxMDJAZ21haWwuY29tIiwiaWF0IjoxNzA2NDY5NzAwLCJleHAiOjE3MDY0ODc3MDB9.GmkImKl1Lal3Fe1RpXOtdDDGAqYj4mSWeeRKyXlfly1THRAk5u2vTGYXUetvJAlyLbn9fTomJzPzhuSqTXs6BA
2024-01-29 00:55:13,172 [INFO] org.springframework.web.filter.OncePerRequestFilter [http-nio-8081-exec-2]  Header :  Bearer eyJhbGciOiJIUzUxMiJ9.eyJzdWIiOiJteXNlbGZmb3IxMDJAZ21haWwuY29tIiwiaWF0IjoxNzA2NDY5NzAwLCJleHAiOjE3MDY0ODc3MDB9.GmkImKl1Lal3Fe1RpXOtdDDGAqYj4mSWeeRKyXlfly1THRAk5u2vTGYXUetvJAlyLbn9fTomJzPzhuSqTXs6BA
2024-01-29 00:55:13,182 [INFO] org.springframework.web.filter.OncePerRequestFilter [http-nio-8081-exec-4]  Header :  Bearer eyJhbGciOiJIUzUxMiJ9.eyJzdWIiOiJteXNlbGZmb3IxMDJAZ21haWwuY29tIiwiaWF0IjoxNzA2NDY5NzAwLCJleHAiOjE3MDY0ODc3MDB9.GmkImKl1Lal3Fe1RpXOtdDDGAqYj4mSWeeRKyXlfly1THRAk5u2vTGYXUetvJAlyLbn9fTomJzPzhuSqTXs6BA
2024-01-29 00:55:13,215 [INFO] org.springframework.web.filter.OncePerRequestFilter [http-nio-8081-exec-8]  Header :  Bearer eyJhbGciOiJIUzUxMiJ9.eyJzdWIiOiJteXNlbGZmb3IxMDJAZ21haWwuY29tIiwiaWF0IjoxNzA2NDY5NzAwLCJleHAiOjE3MDY0ODc3MDB9.GmkImKl1Lal3Fe1RpXOtdDDGAqYj4mSWeeRKyXlfly1THRAk5u2vTGYXUetvJAlyLbn9fTomJzPzhuSqTXs6BA
2024-01-29 00:55:31,123 [INFO] org.springframework.web.filter.OncePerRequestFilter [http-nio-8081-exec-7]  Header :  Bearer eyJhbGciOiJIUzUxMiJ9.eyJzdWIiOiJteXNlbGZmb3IxMDJAZ21haWwuY29tIiwiaWF0IjoxNzA2NDY5NzAwLCJleHAiOjE3MDY0ODc3MDB9.GmkImKl1Lal3Fe1RpXOtdDDGAqYj4mSWeeRKyXlfly1THRAk5u2vTGYXUetvJAlyLbn9fTomJzPzhuSqTXs6BA
2024-01-29 00:55:31,140 [INFO] org.springframework.web.filter.OncePerRequestFilter [http-nio-8081-exec-5]  Header :  Bearer eyJhbGciOiJIUzUxMiJ9.eyJzdWIiOiJteXNlbGZmb3IxMDJAZ21haWwuY29tIiwiaWF0IjoxNzA2NDY5NzAwLCJleHAiOjE3MDY0ODc3MDB9.GmkImKl1Lal3Fe1RpXOtdDDGAqYj4mSWeeRKyXlfly1THRAk5u2vTGYXUetvJAlyLbn9fTomJzPzhuSqTXs6BA
2024-01-29 00:55:31,155 [INFO] org.springframework.web.filter.OncePerRequestFilter [http-nio-8081-exec-6]  Header :  Bearer eyJhbGciOiJIUzUxMiJ9.eyJzdWIiOiJteXNlbGZmb3IxMDJAZ21haWwuY29tIiwiaWF0IjoxNzA2NDY5NzAwLCJleHAiOjE3MDY0ODc3MDB9.GmkImKl1Lal3Fe1RpXOtdDDGAqYj4mSWeeRKyXlfly1THRAk5u2vTGYXUetvJAlyLbn9fTomJzPzhuSqTXs6BA
2024-01-29 00:55:31,169 [INFO] org.springframework.web.filter.OncePerRequestFilter [http-nio-8081-exec-10]  Header :  Bearer eyJhbGciOiJIUzUxMiJ9.eyJzdWIiOiJteXNlbGZmb3IxMDJAZ21haWwuY29tIiwiaWF0IjoxNzA2NDY5NzAwLCJleHAiOjE3MDY0ODc3MDB9.GmkImKl1Lal3Fe1RpXOtdDDGAqYj4mSWeeRKyXlfly1THRAk5u2vTGYXUetvJAlyLbn9fTomJzPzhuSqTXs6BA
2024-01-29 00:55:31,180 [INFO] org.springframework.web.filter.OncePerRequestFilter [http-nio-8081-exec-9]  Header :  Bearer eyJhbGciOiJIUzUxMiJ9.eyJzdWIiOiJteXNlbGZmb3IxMDJAZ21haWwuY29tIiwiaWF0IjoxNzA2NDY5NzAwLCJleHAiOjE3MDY0ODc3MDB9.GmkImKl1Lal3Fe1RpXOtdDDGAqYj4mSWeeRKyXlfly1THRAk5u2vTGYXUetvJAlyLbn9fTomJzPzhuSqTXs6BA
2024-01-29 00:55:31,193 [INFO] org.springframework.web.filter.OncePerRequestFilter [http-nio-8081-exec-1]  Header :  Bearer eyJhbGciOiJIUzUxMiJ9.eyJzdWIiOiJteXNlbGZmb3IxMDJAZ21haWwuY29tIiwiaWF0IjoxNzA2NDY5NzAwLCJleHAiOjE3MDY0ODc3MDB9.GmkImKl1Lal3Fe1RpXOtdDDGAqYj4mSWeeRKyXlfly1THRAk5u2vTGYXUetvJAlyLbn9fTomJzPzhuSqTXs6BA
2024-01-29 00:58:55,438 [INFO] org.springframework.web.filter.OncePerRequestFilter [http-nio-8081-exec-8]  Header :  null
2024-01-29 00:58:55,438 [INFO] org.springframework.web.filter.OncePerRequestFilter [http-nio-8081-exec-8] Invalid Header Value !! 
2024-01-29 00:58:55,562 [INFO] org.springframework.web.filter.OncePerRequestFilter [http-nio-8081-exec-7]  Header :  Bearer eyJhbGciOiJIUzUxMiJ9.eyJzdWIiOiJqYWRoYXZjb2NAZ21haWwuY29tIiwiaWF0IjoxNzA2NDcwMTM1LCJleHAiOjE3MDY0ODgxMzV9.-pj8TtPL5EzVISe-7pHe0JNnNUB7dmgsKDwbonr3HUmq1FIWcCGbpo5UL8whonuNBmr42ByqEj9htSaYCIZqmA
2024-01-29 00:58:55,578 [INFO] org.springframework.web.filter.OncePerRequestFilter [http-nio-8081-exec-5]  Header :  Bearer eyJhbGciOiJIUzUxMiJ9.eyJzdWIiOiJqYWRoYXZjb2NAZ21haWwuY29tIiwiaWF0IjoxNzA2NDcwMTM1LCJleHAiOjE3MDY0ODgxMzV9.-pj8TtPL5EzVISe-7pHe0JNnNUB7dmgsKDwbonr3HUmq1FIWcCGbpo5UL8whonuNBmr42ByqEj9htSaYCIZqmA
2024-01-29 00:58:55,592 [INFO] org.springframework.web.filter.OncePerRequestFilter [http-nio-8081-exec-6]  Header :  Bearer eyJhbGciOiJIUzUxMiJ9.eyJzdWIiOiJqYWRoYXZjb2NAZ21haWwuY29tIiwiaWF0IjoxNzA2NDcwMTM1LCJleHAiOjE3MDY0ODgxMzV9.-pj8TtPL5EzVISe-7pHe0JNnNUB7dmgsKDwbonr3HUmq1FIWcCGbpo5UL8whonuNBmr42ByqEj9htSaYCIZqmA
2024-01-29 00:58:55,605 [INFO] org.springframework.web.filter.OncePerRequestFilter [http-nio-8081-exec-10]  Header :  Bearer eyJhbGciOiJIUzUxMiJ9.eyJzdWIiOiJqYWRoYXZjb2NAZ21haWwuY29tIiwiaWF0IjoxNzA2NDcwMTM1LCJleHAiOjE3MDY0ODgxMzV9.-pj8TtPL5EzVISe-7pHe0JNnNUB7dmgsKDwbonr3HUmq1FIWcCGbpo5UL8whonuNBmr42ByqEj9htSaYCIZqmA
2024-01-29 00:58:55,611 [INFO] org.springframework.web.filter.OncePerRequestFilter [http-nio-8081-exec-9]  Header :  Bearer eyJhbGciOiJIUzUxMiJ9.eyJzdWIiOiJqYWRoYXZjb2NAZ21haWwuY29tIiwiaWF0IjoxNzA2NDcwMTM1LCJleHAiOjE3MDY0ODgxMzV9.-pj8TtPL5EzVISe-7pHe0JNnNUB7dmgsKDwbonr3HUmq1FIWcCGbpo5UL8whonuNBmr42ByqEj9htSaYCIZqmA
2024-01-29 00:58:55,625 [INFO] org.springframework.web.filter.OncePerRequestFilter [http-nio-8081-exec-1]  Header :  Bearer eyJhbGciOiJIUzUxMiJ9.eyJzdWIiOiJqYWRoYXZjb2NAZ21haWwuY29tIiwiaWF0IjoxNzA2NDcwMTM1LCJleHAiOjE3MDY0ODgxMzV9.-pj8TtPL5EzVISe-7pHe0JNnNUB7dmgsKDwbonr3HUmq1FIWcCGbpo5UL8whonuNBmr42ByqEj9htSaYCIZqmA
2024-01-29 00:59:02,105 [INFO] org.springframework.web.filter.OncePerRequestFilter [http-nio-8081-exec-2]  Header :  Bearer eyJhbGciOiJIUzUxMiJ9.eyJzdWIiOiJqYWRoYXZjb2NAZ21haWwuY29tIiwiaWF0IjoxNzA2NDcwMTM1LCJleHAiOjE3MDY0ODgxMzV9.-pj8TtPL5EzVISe-7pHe0JNnNUB7dmgsKDwbonr3HUmq1FIWcCGbpo5UL8whonuNBmr42ByqEj9htSaYCIZqmA
2024-01-29 00:59:02,118 [INFO] org.springframework.web.filter.OncePerRequestFilter [http-nio-8081-exec-3]  Header :  Bearer eyJhbGciOiJIUzUxMiJ9.eyJzdWIiOiJqYWRoYXZjb2NAZ21haWwuY29tIiwiaWF0IjoxNzA2NDcwMTM1LCJleHAiOjE3MDY0ODgxMzV9.-pj8TtPL5EzVISe-7pHe0JNnNUB7dmgsKDwbonr3HUmq1FIWcCGbpo5UL8whonuNBmr42ByqEj9htSaYCIZqmA
2024-01-29 00:59:02,125 [INFO] org.springframework.web.filter.OncePerRequestFilter [http-nio-8081-exec-4]  Header :  Bearer eyJhbGciOiJIUzUxMiJ9.eyJzdWIiOiJqYWRoYXZjb2NAZ21haWwuY29tIiwiaWF0IjoxNzA2NDcwMTM1LCJleHAiOjE3MDY0ODgxMzV9.-pj8TtPL5EzVISe-7pHe0JNnNUB7dmgsKDwbonr3HUmq1FIWcCGbpo5UL8whonuNBmr42ByqEj9htSaYCIZqmA
2024-01-29 00:59:02,141 [INFO] org.springframework.web.filter.OncePerRequestFilter [http-nio-8081-exec-8]  Header :  Bearer eyJhbGciOiJIUzUxMiJ9.eyJzdWIiOiJqYWRoYXZjb2NAZ21haWwuY29tIiwiaWF0IjoxNzA2NDcwMTM1LCJleHAiOjE3MDY0ODgxMzV9.-pj8TtPL5EzVISe-7pHe0JNnNUB7dmgsKDwbonr3HUmq1FIWcCGbpo5UL8whonuNBmr42ByqEj9htSaYCIZqmA
2024-01-29 00:59:02,150 [INFO] org.springframework.web.filter.OncePerRequestFilter [http-nio-8081-exec-7]  Header :  Bearer eyJhbGciOiJIUzUxMiJ9.eyJzdWIiOiJqYWRoYXZjb2NAZ21haWwuY29tIiwiaWF0IjoxNzA2NDcwMTM1LCJleHAiOjE3MDY0ODgxMzV9.-pj8TtPL5EzVISe-7pHe0JNnNUB7dmgsKDwbonr3HUmq1FIWcCGbpo5UL8whonuNBmr42ByqEj9htSaYCIZqmA
2024-01-29 00:59:02,163 [INFO] org.springframework.web.filter.OncePerRequestFilter [http-nio-8081-exec-5]  Header :  Bearer eyJhbGciOiJIUzUxMiJ9.eyJzdWIiOiJqYWRoYXZjb2NAZ21haWwuY29tIiwiaWF0IjoxNzA2NDcwMTM1LCJleHAiOjE3MDY0ODgxMzV9.-pj8TtPL5EzVISe-7pHe0JNnNUB7dmgsKDwbonr3HUmq1FIWcCGbpo5UL8whonuNBmr42ByqEj9htSaYCIZqmA
2024-01-29 00:59:05,969 [INFO] org.springframework.web.filter.OncePerRequestFilter [http-nio-8081-exec-6]  Header :  Bearer eyJhbGciOiJIUzUxMiJ9.eyJzdWIiOiJqYWRoYXZjb2NAZ21haWwuY29tIiwiaWF0IjoxNzA2NDcwMTM1LCJleHAiOjE3MDY0ODgxMzV9.-pj8TtPL5EzVISe-7pHe0JNnNUB7dmgsKDwbonr3HUmq1FIWcCGbpo5UL8whonuNBmr42ByqEj9htSaYCIZqmA
2024-01-29 00:59:47,044 [INFO] com.netflix.discovery.shared.resolver.aws.ConfigClusterResolver [AsyncResolver-bootstrap-executor-0] Resolving eureka endpoints via configuration
2024-01-29 01:04:47,055 [INFO] com.netflix.discovery.shared.resolver.aws.ConfigClusterResolver [AsyncResolver-bootstrap-executor-0] Resolving eureka endpoints via configuration
2024-01-29 01:05:43,171 [INFO] org.springframework.web.filter.OncePerRequestFilter [http-nio-8081-exec-2]  Header :  Bearer eyJhbGciOiJIUzUxMiJ9.eyJzdWIiOiJqYWRoYXZjb2NAZ21haWwuY29tIiwiaWF0IjoxNzA2NDcwMTM1LCJleHAiOjE3MDY0ODgxMzV9.-pj8TtPL5EzVISe-7pHe0JNnNUB7dmgsKDwbonr3HUmq1FIWcCGbpo5UL8whonuNBmr42ByqEj9htSaYCIZqmA
2024-01-29 01:05:43,195 [INFO] org.springframework.web.filter.OncePerRequestFilter [http-nio-8081-exec-3]  Header :  Bearer eyJhbGciOiJIUzUxMiJ9.eyJzdWIiOiJqYWRoYXZjb2NAZ21haWwuY29tIiwiaWF0IjoxNzA2NDcwMTM1LCJleHAiOjE3MDY0ODgxMzV9.-pj8TtPL5EzVISe-7pHe0JNnNUB7dmgsKDwbonr3HUmq1FIWcCGbpo5UL8whonuNBmr42ByqEj9htSaYCIZqmA
2024-01-29 01:05:43,213 [INFO] org.springframework.web.filter.OncePerRequestFilter [http-nio-8081-exec-4]  Header :  Bearer eyJhbGciOiJIUzUxMiJ9.eyJzdWIiOiJqYWRoYXZjb2NAZ21haWwuY29tIiwiaWF0IjoxNzA2NDcwMTM1LCJleHAiOjE3MDY0ODgxMzV9.-pj8TtPL5EzVISe-7pHe0JNnNUB7dmgsKDwbonr3HUmq1FIWcCGbpo5UL8whonuNBmr42ByqEj9htSaYCIZqmA
2024-01-29 01:05:51,238 [INFO] org.springframework.web.filter.OncePerRequestFilter [http-nio-8081-exec-8]  Header :  Bearer eyJhbGciOiJIUzUxMiJ9.eyJzdWIiOiJqYWRoYXZjb2NAZ21haWwuY29tIiwiaWF0IjoxNzA2NDcwMTM1LCJleHAiOjE3MDY0ODgxMzV9.-pj8TtPL5EzVISe-7pHe0JNnNUB7dmgsKDwbonr3HUmq1FIWcCGbpo5UL8whonuNBmr42ByqEj9htSaYCIZqmA
2024-01-29 01:05:51,263 [INFO] org.springframework.web.filter.OncePerRequestFilter [http-nio-8081-exec-7]  Header :  Bearer eyJhbGciOiJIUzUxMiJ9.eyJzdWIiOiJqYWRoYXZjb2NAZ21haWwuY29tIiwiaWF0IjoxNzA2NDcwMTM1LCJleHAiOjE3MDY0ODgxMzV9.-pj8TtPL5EzVISe-7pHe0JNnNUB7dmgsKDwbonr3HUmq1FIWcCGbpo5UL8whonuNBmr42ByqEj9htSaYCIZqmA
2024-01-29 01:05:51,278 [INFO] org.springframework.web.filter.OncePerRequestFilter [http-nio-8081-exec-5]  Header :  Bearer eyJhbGciOiJIUzUxMiJ9.eyJzdWIiOiJqYWRoYXZjb2NAZ21haWwuY29tIiwiaWF0IjoxNzA2NDcwMTM1LCJleHAiOjE3MDY0ODgxMzV9.-pj8TtPL5EzVISe-7pHe0JNnNUB7dmgsKDwbonr3HUmq1FIWcCGbpo5UL8whonuNBmr42ByqEj9htSaYCIZqmA
2024-01-29 01:05:51,299 [INFO] org.springframework.web.filter.OncePerRequestFilter [http-nio-8081-exec-6]  Header :  Bearer eyJhbGciOiJIUzUxMiJ9.eyJzdWIiOiJqYWRoYXZjb2NAZ21haWwuY29tIiwiaWF0IjoxNzA2NDcwMTM1LCJleHAiOjE3MDY0ODgxMzV9.-pj8TtPL5EzVISe-7pHe0JNnNUB7dmgsKDwbonr3HUmq1FIWcCGbpo5UL8whonuNBmr42ByqEj9htSaYCIZqmA
2024-01-29 01:05:51,306 [INFO] org.springframework.web.filter.OncePerRequestFilter [http-nio-8081-exec-10]  Header :  Bearer eyJhbGciOiJIUzUxMiJ9.eyJzdWIiOiJqYWRoYXZjb2NAZ21haWwuY29tIiwiaWF0IjoxNzA2NDcwMTM1LCJleHAiOjE3MDY0ODgxMzV9.-pj8TtPL5EzVISe-7pHe0JNnNUB7dmgsKDwbonr3HUmq1FIWcCGbpo5UL8whonuNBmr42ByqEj9htSaYCIZqmA
2024-01-29 01:05:51,323 [INFO] org.springframework.web.filter.OncePerRequestFilter [http-nio-8081-exec-9]  Header :  Bearer eyJhbGciOiJIUzUxMiJ9.eyJzdWIiOiJqYWRoYXZjb2NAZ21haWwuY29tIiwiaWF0IjoxNzA2NDcwMTM1LCJleHAiOjE3MDY0ODgxMzV9.-pj8TtPL5EzVISe-7pHe0JNnNUB7dmgsKDwbonr3HUmq1FIWcCGbpo5UL8whonuNBmr42ByqEj9htSaYCIZqmA
2024-01-29 01:06:42,925 [INFO] org.springframework.web.filter.OncePerRequestFilter [http-nio-8081-exec-1]  Header :  Bearer eyJhbGciOiJIUzUxMiJ9.eyJzdWIiOiJqYWRoYXZjb2NAZ21haWwuY29tIiwiaWF0IjoxNzA2NDcwMTM1LCJleHAiOjE3MDY0ODgxMzV9.-pj8TtPL5EzVISe-7pHe0JNnNUB7dmgsKDwbonr3HUmq1FIWcCGbpo5UL8whonuNBmr42ByqEj9htSaYCIZqmA
2024-01-29 01:06:59,504 [INFO] org.springframework.web.filter.OncePerRequestFilter [http-nio-8081-exec-3]  Header :  Bearer eyJhbGciOiJIUzUxMiJ9.eyJzdWIiOiJqYWRoYXZjb2NAZ21haWwuY29tIiwiaWF0IjoxNzA2NDcwMTM1LCJleHAiOjE3MDY0ODgxMzV9.-pj8TtPL5EzVISe-7pHe0JNnNUB7dmgsKDwbonr3HUmq1FIWcCGbpo5UL8whonuNBmr42ByqEj9htSaYCIZqmA
2024-01-29 01:06:59,526 [INFO] org.springframework.web.filter.OncePerRequestFilter [http-nio-8081-exec-4]  Header :  Bearer eyJhbGciOiJIUzUxMiJ9.eyJzdWIiOiJqYWRoYXZjb2NAZ21haWwuY29tIiwiaWF0IjoxNzA2NDcwMTM1LCJleHAiOjE3MDY0ODgxMzV9.-pj8TtPL5EzVISe-7pHe0JNnNUB7dmgsKDwbonr3HUmq1FIWcCGbpo5UL8whonuNBmr42ByqEj9htSaYCIZqmA
2024-01-29 01:06:59,540 [INFO] org.springframework.web.filter.OncePerRequestFilter [http-nio-8081-exec-8]  Header :  Bearer eyJhbGciOiJIUzUxMiJ9.eyJzdWIiOiJqYWRoYXZjb2NAZ21haWwuY29tIiwiaWF0IjoxNzA2NDcwMTM1LCJleHAiOjE3MDY0ODgxMzV9.-pj8TtPL5EzVISe-7pHe0JNnNUB7dmgsKDwbonr3HUmq1FIWcCGbpo5UL8whonuNBmr42ByqEj9htSaYCIZqmA
2024-01-29 01:07:07,577 [INFO] org.springframework.web.filter.OncePerRequestFilter [http-nio-8081-exec-7]  Header :  Bearer eyJhbGciOiJIUzUxMiJ9.eyJzdWIiOiJqYWRoYXZjb2NAZ21haWwuY29tIiwiaWF0IjoxNzA2NDcwMTM1LCJleHAiOjE3MDY0ODgxMzV9.-pj8TtPL5EzVISe-7pHe0JNnNUB7dmgsKDwbonr3HUmq1FIWcCGbpo5UL8whonuNBmr42ByqEj9htSaYCIZqmA
2024-01-29 01:07:07,595 [INFO] org.springframework.web.filter.OncePerRequestFilter [http-nio-8081-exec-5]  Header :  Bearer eyJhbGciOiJIUzUxMiJ9.eyJzdWIiOiJqYWRoYXZjb2NAZ21haWwuY29tIiwiaWF0IjoxNzA2NDcwMTM1LCJleHAiOjE3MDY0ODgxMzV9.-pj8TtPL5EzVISe-7pHe0JNnNUB7dmgsKDwbonr3HUmq1FIWcCGbpo5UL8whonuNBmr42ByqEj9htSaYCIZqmA
2024-01-29 01:07:07,609 [INFO] org.springframework.web.filter.OncePerRequestFilter [http-nio-8081-exec-6]  Header :  Bearer eyJhbGciOiJIUzUxMiJ9.eyJzdWIiOiJqYWRoYXZjb2NAZ21haWwuY29tIiwiaWF0IjoxNzA2NDcwMTM1LCJleHAiOjE3MDY0ODgxMzV9.-pj8TtPL5EzVISe-7pHe0JNnNUB7dmgsKDwbonr3HUmq1FIWcCGbpo5UL8whonuNBmr42ByqEj9htSaYCIZqmA
2024-01-29 01:07:07,627 [INFO] org.springframework.web.filter.OncePerRequestFilter [http-nio-8081-exec-10]  Header :  Bearer eyJhbGciOiJIUzUxMiJ9.eyJzdWIiOiJqYWRoYXZjb2NAZ21haWwuY29tIiwiaWF0IjoxNzA2NDcwMTM1LCJleHAiOjE3MDY0ODgxMzV9.-pj8TtPL5EzVISe-7pHe0JNnNUB7dmgsKDwbonr3HUmq1FIWcCGbpo5UL8whonuNBmr42ByqEj9htSaYCIZqmA
2024-01-29 01:07:07,633 [INFO] org.springframework.web.filter.OncePerRequestFilter [http-nio-8081-exec-9]  Header :  Bearer eyJhbGciOiJIUzUxMiJ9.eyJzdWIiOiJqYWRoYXZjb2NAZ21haWwuY29tIiwiaWF0IjoxNzA2NDcwMTM1LCJleHAiOjE3MDY0ODgxMzV9.-pj8TtPL5EzVISe-7pHe0JNnNUB7dmgsKDwbonr3HUmq1FIWcCGbpo5UL8whonuNBmr42ByqEj9htSaYCIZqmA
2024-01-29 01:07:07,650 [INFO] org.springframework.web.filter.OncePerRequestFilter [http-nio-8081-exec-1]  Header :  Bearer eyJhbGciOiJIUzUxMiJ9.eyJzdWIiOiJqYWRoYXZjb2NAZ21haWwuY29tIiwiaWF0IjoxNzA2NDcwMTM1LCJleHAiOjE3MDY0ODgxMzV9.-pj8TtPL5EzVISe-7pHe0JNnNUB7dmgsKDwbonr3HUmq1FIWcCGbpo5UL8whonuNBmr42ByqEj9htSaYCIZqmA
2024-01-29 01:10:14,781 [INFO] com.pms.doctor.service.DoctorServiceApplication [restartedMain] Starting DoctorServiceApplication using Java 17.0.7 with PID 16884 (C:\Users\rahul\Desktop\PMS UPdate\Pharmacy-Management-System\Doctor-Service\Doctor-Service\target\classes started by rahul in C:\Users\rahul\Desktop\PMS UPdate\Pharmacy-Management-System\Doctor-Service\Doctor-Service)
2024-01-29 01:10:14,787 [INFO] com.pms.doctor.service.DoctorServiceApplication [restartedMain] No active profile set, falling back to 1 default profile: "default"
2024-01-29 01:10:14,920 [INFO] org.springframework.boot.devtools.env.DevToolsPropertyDefaultsPostProcessor [restartedMain] Devtools property defaults active! Set 'spring.devtools.add-properties' to 'false' to disable
2024-01-29 01:10:14,920 [INFO] org.springframework.boot.devtools.env.DevToolsPropertyDefaultsPostProcessor [restartedMain] For additional web related logging consider setting the 'logging.level.web' property to 'DEBUG'
2024-01-29 01:10:17,122 [INFO] org.springframework.data.repository.config.RepositoryConfigurationDelegate [restartedMain] Bootstrapping Spring Data MongoDB repositories in DEFAULT mode.
2024-01-29 01:10:17,344 [INFO] org.springframework.data.repository.config.RepositoryConfigurationDelegate [restartedMain] Finished Spring Data repository scanning in 214 ms. Found 4 MongoDB repository interfaces.
2024-01-29 01:10:17,978 [INFO] org.springframework.cloud.context.scope.GenericScope [restartedMain] BeanFactory id=46cb0333-72b5-3c3a-9d41-0491bdaf997f
2024-01-29 01:10:19,762 [INFO] org.springframework.boot.web.embedded.tomcat.TomcatWebServer [restartedMain] Tomcat initialized with port(s): 8081 (http)
2024-01-29 01:10:19,790 [INFO] org.apache.catalina.core.StandardService [restartedMain] Starting service [Tomcat]
2024-01-29 01:10:19,792 [INFO] org.apache.catalina.core.StandardEngine [restartedMain] Starting Servlet engine: [Apache Tomcat/10.1.8]
2024-01-29 01:10:19,934 [INFO] org.apache.catalina.core.ContainerBase.[Tomcat].[localhost].[/] [restartedMain] Initializing Spring embedded WebApplicationContext
2024-01-29 01:10:19,934 [INFO] org.springframework.boot.web.servlet.context.ServletWebServerApplicationContext [restartedMain] Root WebApplicationContext: initialization completed in 5013 ms
2024-01-29 01:10:20,767 [INFO] org.mongodb.driver.client [restartedMain] MongoClient with metadata {"driver": {"name": "mongo-java-driver|sync|spring-boot", "version": "4.8.2"}, "os": {"type": "Windows", "name": "Windows 11", "architecture": "amd64", "version": "10.0"}, "platform": "Java/Eclipse Adoptium/17.0.7+7"} created with settings MongoClientSettings{readPreference=primary, writeConcern=WriteConcern{w=null, wTimeout=null ms, journal=null}, retryWrites=true, retryReads=true, readConcern=ReadConcern{level=null}, credential=null, streamFactoryFactory=null, commandListeners=[io.micrometer.core.instrument.binder.mongodb.MongoMetricsCommandListener@49a171dc], codecRegistry=ProvidersCodecRegistry{codecProviders=[ValueCodecProvider{}, BsonValueCodecProvider{}, DBRefCodecProvider{}, DBObjectCodecProvider{}, DocumentCodecProvider{}, CollectionCodecProvider{}, IterableCodecProvider{}, MapCodecProvider{}, GeoJsonCodecProvider{}, GridFSFileCodecProvider{}, Jsr310CodecProvider{}, JsonObjectCodecProvider{}, BsonCodecProvider{}, EnumCodecProvider{}, com.mongodb.Jep395RecordCodecProvider@182d4f22]}, clusterSettings={hosts=[localhost:27017], srvServiceName=mongodb, mode=SINGLE, requiredClusterType=UNKNOWN, requiredReplicaSetName='null', serverSelector='null', clusterListeners='[]', serverSelectionTimeout='30000 ms', localThreshold='30000 ms'}, socketSettings=SocketSettings{connectTimeoutMS=10000, readTimeoutMS=0, receiveBufferSize=0, sendBufferSize=0}, heartbeatSocketSettings=SocketSettings{connectTimeoutMS=10000, readTimeoutMS=10000, receiveBufferSize=0, sendBufferSize=0}, connectionPoolSettings=ConnectionPoolSettings{maxSize=100, minSize=0, maxWaitTimeMS=120000, maxConnectionLifeTimeMS=0, maxConnectionIdleTimeMS=0, maintenanceInitialDelayMS=0, maintenanceFrequencyMS=60000, connectionPoolListeners=[io.micrometer.core.instrument.binder.mongodb.MongoMetricsConnectionPoolListener@2fd8372e], maxConnecting=2}, serverSettings=ServerSettings{heartbeatFrequencyMS=10000, minHeartbeatFrequencyMS=500, serverListeners='[]', serverMonitorListeners='[]'}, sslSettings=SslSettings{enabled=false, invalidHostNameAllowed=false, context=null}, applicationName='null', compressorList=[], uuidRepresentation=JAVA_LEGACY, serverApi=null, autoEncryptionSettings=null, contextProvider=null}
2024-01-29 01:10:20,855 [INFO] org.mongodb.driver.cluster [cluster-ClusterId{value='65b6ada4306cdb244fc008d7', description='null'}-localhost:27017] Monitor thread successfully connected to server with description ServerDescription{address=localhost:27017, type=STANDALONE, state=CONNECTED, ok=true, minWireVersion=0, maxWireVersion=17, maxDocumentSize=16777216, logicalSessionTimeoutMinutes=30, roundTripTimeNanos=59903800}
2024-01-29 01:10:21,698 [INFO] org.springframework.boot.devtools.autoconfigure.OptionalLiveReloadServer [restartedMain] LiveReload server is running on port 35729
2024-01-29 01:10:23,733 [INFO] org.springframework.boot.actuate.endpoint.web.EndpointLinksResolver [restartedMain] Exposing 1 endpoint(s) beneath base path '/actuator'
2024-01-29 01:10:23,846 [INFO] org.springframework.security.web.DefaultSecurityFilterChain [restartedMain] Will secure any request with [org.springframework.security.web.session.DisableEncodeUrlFilter@4f28cd11, org.springframework.security.web.context.request.async.WebAsyncManagerIntegrationFilter@46d58534, org.springframework.security.web.context.SecurityContextHolderFilter@41066d0b, org.springframework.security.web.header.HeaderWriterFilter@abc303a, org.springframework.web.filter.CorsFilter@55b96581, org.springframework.security.web.authentication.logout.LogoutFilter@3fbdc439, com.pms.doctor.service.Config.JwtAuthenticationFilter@669e4827, org.springframework.security.web.savedrequest.RequestCacheAwareFilter@256ceae9, org.springframework.security.web.servletapi.SecurityContextHolderAwareRequestFilter@1e13eeef, org.springframework.security.web.authentication.AnonymousAuthenticationFilter@292f697, org.springframework.security.web.session.SessionManagementFilter@286a5e37, org.springframework.security.web.access.ExceptionTranslationFilter@783b46ce, org.springframework.security.web.access.intercept.AuthorizationFilter@195b3130]
2024-01-29 01:10:25,087 [INFO] org.springframework.cloud.netflix.eureka.config.DiscoveryClientOptionalArgsConfiguration [restartedMain] Eureka HTTP Client uses RestTemplate.
2024-01-29 01:10:25,231 [WARN] org.springframework.cloud.loadbalancer.config.LoadBalancerCacheAutoConfiguration$LoadBalancerCaffeineWarnLogger [restartedMain] Spring Cloud LoadBalancer is currently working with the default cache. While this cache implementation is useful for development and tests, it's recommended to use Caffeine cache in production.You can switch to using Caffeine cache, by adding it and org.springframework.cache.caffeine.CaffeineCacheManager to the classpath.
2024-01-29 01:10:25,343 [INFO] org.springframework.cloud.netflix.eureka.InstanceInfoFactory [restartedMain] Setting initial instance status as: STARTING
2024-01-29 01:10:25,474 [INFO] com.netflix.discovery.DiscoveryClient [restartedMain] Initializing Eureka in region us-east-1
2024-01-29 01:10:25,507 [INFO] com.netflix.discovery.shared.resolver.aws.ConfigClusterResolver [restartedMain] Resolving eureka endpoints via configuration
2024-01-29 01:10:25,573 [INFO] com.netflix.discovery.DiscoveryClient [restartedMain] Disable delta property : false
2024-01-29 01:10:25,574 [INFO] com.netflix.discovery.DiscoveryClient [restartedMain] Single vip registry refresh property : null
2024-01-29 01:10:25,575 [INFO] com.netflix.discovery.DiscoveryClient [restartedMain] Force full registry fetch : false
2024-01-29 01:10:25,576 [INFO] com.netflix.discovery.DiscoveryClient [restartedMain] Application is null : false
2024-01-29 01:10:25,576 [INFO] com.netflix.discovery.DiscoveryClient [restartedMain] Registered Applications size is zero : true
2024-01-29 01:10:25,576 [INFO] com.netflix.discovery.DiscoveryClient [restartedMain] Application version is -1: true
2024-01-29 01:10:25,577 [INFO] com.netflix.discovery.DiscoveryClient [restartedMain] Getting all instance registry info from the eureka server
2024-01-29 01:10:26,282 [INFO] com.netflix.discovery.DiscoveryClient [restartedMain] The response status is 200
2024-01-29 01:10:26,287 [INFO] com.netflix.discovery.DiscoveryClient [restartedMain] Starting heartbeat executor: renew interval is: 30
2024-01-29 01:10:26,293 [INFO] com.netflix.discovery.InstanceInfoReplicator [restartedMain] InstanceInfoReplicator onDemand update allowed rate per min is 4
2024-01-29 01:10:26,301 [INFO] com.netflix.discovery.DiscoveryClient [restartedMain] Discovery Client initialized at timestamp 1706470826300 with initial instances count: 6
2024-01-29 01:10:26,322 [INFO] org.springframework.cloud.netflix.eureka.serviceregistry.EurekaServiceRegistry [restartedMain] Registering application DOCTOR-SERVICE with eureka with status UP
2024-01-29 01:10:26,323 [INFO] com.netflix.discovery.DiscoveryClient [restartedMain] Saw local status change event StatusChangeEvent [timestamp=1706470826323, current=UP, previous=STARTING]
2024-01-29 01:10:26,328 [INFO] com.netflix.discovery.DiscoveryClient [DiscoveryClient-InstanceInfoReplicator-0] DiscoveryClient_DOCTOR-SERVICE/LAPTOP-GFBQMQJH:doctor-service:8081: registering service...
2024-01-29 01:10:26,413 [INFO] com.netflix.discovery.DiscoveryClient [DiscoveryClient-InstanceInfoReplicator-0] DiscoveryClient_DOCTOR-SERVICE/LAPTOP-GFBQMQJH:doctor-service:8081 - registration status: 204
2024-01-29 01:10:26,417 [INFO] org.springframework.boot.web.embedded.tomcat.TomcatWebServer [restartedMain] Tomcat started on port(s): 8081 (http) with context path ''
2024-01-29 01:10:26,419 [INFO] org.springframework.cloud.netflix.eureka.serviceregistry.EurekaAutoServiceRegistration [restartedMain] Updating port to 8081
2024-01-29 01:10:26,668 [INFO] com.pms.doctor.service.DoctorServiceApplication [restartedMain] Started DoctorServiceApplication in 12.812 seconds (process running for 13.815)
2024-01-29 01:11:58,288 [INFO] org.apache.catalina.core.ContainerBase.[Tomcat].[localhost].[/] [http-nio-8081-exec-1] Initializing Spring DispatcherServlet 'dispatcherServlet'
2024-01-29 01:11:58,289 [INFO] org.springframework.web.servlet.DispatcherServlet [http-nio-8081-exec-1] Initializing Servlet 'dispatcherServlet'
2024-01-29 01:11:58,294 [INFO] org.springframework.web.servlet.DispatcherServlet [http-nio-8081-exec-1] Completed initialization in 5 ms
2024-01-29 01:11:58,364 [INFO] org.springframework.web.filter.OncePerRequestFilter [http-nio-8081-exec-2]  Header :  null
2024-01-29 01:11:58,364 [INFO] org.springframework.web.filter.OncePerRequestFilter [http-nio-8081-exec-2] Invalid Header Value !! 
2024-01-29 01:11:58,942 [INFO] org.springframework.web.filter.OncePerRequestFilter [http-nio-8081-exec-3]  Header :  Bearer eyJhbGciOiJIUzUxMiJ9.eyJzdWIiOiJqYWRoYXZjb2NAZ21haWwuY29tIiwiaWF0IjoxNzA2NDcwOTE4LCJleHAiOjE3MDY0ODg5MTh9._3LWR3yLwwWUeLLfZ_A4J5ZzuUun0IKdofqbh3BmuS8-J4Jm1oNlVonPuI7hE8gOicvrxq8rv6Hp5FmhTjl18Q
2024-01-29 01:11:59,060 [INFO] org.springframework.web.filter.OncePerRequestFilter [http-nio-8081-exec-4]  Header :  Bearer eyJhbGciOiJIUzUxMiJ9.eyJzdWIiOiJqYWRoYXZjb2NAZ21haWwuY29tIiwiaWF0IjoxNzA2NDcwOTE4LCJleHAiOjE3MDY0ODg5MTh9._3LWR3yLwwWUeLLfZ_A4J5ZzuUun0IKdofqbh3BmuS8-J4Jm1oNlVonPuI7hE8gOicvrxq8rv6Hp5FmhTjl18Q
2024-01-29 01:11:59,071 [INFO] org.springframework.web.filter.OncePerRequestFilter [http-nio-8081-exec-5]  Header :  Bearer eyJhbGciOiJIUzUxMiJ9.eyJzdWIiOiJqYWRoYXZjb2NAZ21haWwuY29tIiwiaWF0IjoxNzA2NDcwOTE4LCJleHAiOjE3MDY0ODg5MTh9._3LWR3yLwwWUeLLfZ_A4J5ZzuUun0IKdofqbh3BmuS8-J4Jm1oNlVonPuI7hE8gOicvrxq8rv6Hp5FmhTjl18Q
2024-01-29 01:11:59,169 [INFO] org.springframework.web.filter.OncePerRequestFilter [http-nio-8081-exec-6]  Header :  Bearer eyJhbGciOiJIUzUxMiJ9.eyJzdWIiOiJqYWRoYXZjb2NAZ21haWwuY29tIiwiaWF0IjoxNzA2NDcwOTE4LCJleHAiOjE3MDY0ODg5MTh9._3LWR3yLwwWUeLLfZ_A4J5ZzuUun0IKdofqbh3BmuS8-J4Jm1oNlVonPuI7hE8gOicvrxq8rv6Hp5FmhTjl18Q
2024-01-29 01:11:59,175 [INFO] org.springframework.web.filter.OncePerRequestFilter [http-nio-8081-exec-7]  Header :  Bearer eyJhbGciOiJIUzUxMiJ9.eyJzdWIiOiJqYWRoYXZjb2NAZ21haWwuY29tIiwiaWF0IjoxNzA2NDcwOTE4LCJleHAiOjE3MDY0ODg5MTh9._3LWR3yLwwWUeLLfZ_A4J5ZzuUun0IKdofqbh3BmuS8-J4Jm1oNlVonPuI7hE8gOicvrxq8rv6Hp5FmhTjl18Q
2024-01-29 01:11:59,229 [INFO] org.springframework.web.filter.OncePerRequestFilter [http-nio-8081-exec-8]  Header :  Bearer eyJhbGciOiJIUzUxMiJ9.eyJzdWIiOiJqYWRoYXZjb2NAZ21haWwuY29tIiwiaWF0IjoxNzA2NDcwOTE4LCJleHAiOjE3MDY0ODg5MTh9._3LWR3yLwwWUeLLfZ_A4J5ZzuUun0IKdofqbh3BmuS8-J4Jm1oNlVonPuI7hE8gOicvrxq8rv6Hp5FmhTjl18Q
2024-01-29 01:12:05,793 [INFO] org.springframework.web.filter.OncePerRequestFilter [http-nio-8081-exec-9]  Header :  Bearer eyJhbGciOiJIUzUxMiJ9.eyJzdWIiOiJqYWRoYXZjb2NAZ21haWwuY29tIiwiaWF0IjoxNzA2NDcwOTE4LCJleHAiOjE3MDY0ODg5MTh9._3LWR3yLwwWUeLLfZ_A4J5ZzuUun0IKdofqbh3BmuS8-J4Jm1oNlVonPuI7hE8gOicvrxq8rv6Hp5FmhTjl18Q
2024-01-29 01:12:05,824 [INFO] org.springframework.web.filter.OncePerRequestFilter [http-nio-8081-exec-10]  Header :  Bearer eyJhbGciOiJIUzUxMiJ9.eyJzdWIiOiJqYWRoYXZjb2NAZ21haWwuY29tIiwiaWF0IjoxNzA2NDcwOTE4LCJleHAiOjE3MDY0ODg5MTh9._3LWR3yLwwWUeLLfZ_A4J5ZzuUun0IKdofqbh3BmuS8-J4Jm1oNlVonPuI7hE8gOicvrxq8rv6Hp5FmhTjl18Q
2024-01-29 01:12:05,832 [INFO] org.springframework.web.filter.OncePerRequestFilter [http-nio-8081-exec-1]  Header :  Bearer eyJhbGciOiJIUzUxMiJ9.eyJzdWIiOiJqYWRoYXZjb2NAZ21haWwuY29tIiwiaWF0IjoxNzA2NDcwOTE4LCJleHAiOjE3MDY0ODg5MTh9._3LWR3yLwwWUeLLfZ_A4J5ZzuUun0IKdofqbh3BmuS8-J4Jm1oNlVonPuI7hE8gOicvrxq8rv6Hp5FmhTjl18Q
2024-01-29 01:12:05,856 [INFO] org.springframework.web.filter.OncePerRequestFilter [http-nio-8081-exec-2]  Header :  Bearer eyJhbGciOiJIUzUxMiJ9.eyJzdWIiOiJqYWRoYXZjb2NAZ21haWwuY29tIiwiaWF0IjoxNzA2NDcwOTE4LCJleHAiOjE3MDY0ODg5MTh9._3LWR3yLwwWUeLLfZ_A4J5ZzuUun0IKdofqbh3BmuS8-J4Jm1oNlVonPuI7hE8gOicvrxq8rv6Hp5FmhTjl18Q
2024-01-29 01:12:05,866 [INFO] org.springframework.web.filter.OncePerRequestFilter [http-nio-8081-exec-3]  Header :  Bearer eyJhbGciOiJIUzUxMiJ9.eyJzdWIiOiJqYWRoYXZjb2NAZ21haWwuY29tIiwiaWF0IjoxNzA2NDcwOTE4LCJleHAiOjE3MDY0ODg5MTh9._3LWR3yLwwWUeLLfZ_A4J5ZzuUun0IKdofqbh3BmuS8-J4Jm1oNlVonPuI7hE8gOicvrxq8rv6Hp5FmhTjl18Q
2024-01-29 01:12:05,892 [INFO] org.springframework.web.filter.OncePerRequestFilter [http-nio-8081-exec-4]  Header :  Bearer eyJhbGciOiJIUzUxMiJ9.eyJzdWIiOiJqYWRoYXZjb2NAZ21haWwuY29tIiwiaWF0IjoxNzA2NDcwOTE4LCJleHAiOjE3MDY0ODg5MTh9._3LWR3yLwwWUeLLfZ_A4J5ZzuUun0IKdofqbh3BmuS8-J4Jm1oNlVonPuI7hE8gOicvrxq8rv6Hp5FmhTjl18Q
2024-01-29 13:28:45,908 [INFO] com.pms.doctor.service.DoctorServiceApplication [restartedMain] Starting DoctorServiceApplication using Java 17.0.7 with PID 11216 (C:\Users\rahul\Desktop\PMS UPdate\Pharmacy-Management-System\Doctor-Service\Doctor-Service\target\classes started by rahul in C:\Users\rahul\Desktop\PMS UPdate\Pharmacy-Management-System\Doctor-Service\Doctor-Service)
2024-01-29 13:28:45,914 [INFO] com.pms.doctor.service.DoctorServiceApplication [restartedMain] No active profile set, falling back to 1 default profile: "default"
2024-01-29 13:28:46,030 [INFO] org.springframework.boot.devtools.env.DevToolsPropertyDefaultsPostProcessor [restartedMain] Devtools property defaults active! Set 'spring.devtools.add-properties' to 'false' to disable
2024-01-29 13:28:46,031 [INFO] org.springframework.boot.devtools.env.DevToolsPropertyDefaultsPostProcessor [restartedMain] For additional web related logging consider setting the 'logging.level.web' property to 'DEBUG'
2024-01-29 13:28:48,705 [INFO] org.springframework.data.repository.config.RepositoryConfigurationDelegate [restartedMain] Bootstrapping Spring Data MongoDB repositories in DEFAULT mode.
2024-01-29 13:28:49,085 [INFO] org.springframework.data.repository.config.RepositoryConfigurationDelegate [restartedMain] Finished Spring Data repository scanning in 365 ms. Found 4 MongoDB repository interfaces.
2024-01-29 13:28:49,982 [INFO] org.springframework.cloud.context.scope.GenericScope [restartedMain] BeanFactory id=46cb0333-72b5-3c3a-9d41-0491bdaf997f
2024-01-29 13:28:52,165 [INFO] org.springframework.boot.web.embedded.tomcat.TomcatWebServer [restartedMain] Tomcat initialized with port(s): 8081 (http)
2024-01-29 13:28:52,185 [INFO] org.apache.catalina.core.StandardService [restartedMain] Starting service [Tomcat]
2024-01-29 13:28:52,186 [INFO] org.apache.catalina.core.StandardEngine [restartedMain] Starting Servlet engine: [Apache Tomcat/10.1.8]
2024-01-29 13:28:52,353 [INFO] org.apache.catalina.core.ContainerBase.[Tomcat].[localhost].[/] [restartedMain] Initializing Spring embedded WebApplicationContext
2024-01-29 13:28:52,354 [INFO] org.springframework.boot.web.servlet.context.ServletWebServerApplicationContext [restartedMain] Root WebApplicationContext: initialization completed in 6321 ms
2024-01-29 13:28:53,562 [INFO] org.mongodb.driver.client [restartedMain] MongoClient with metadata {"driver": {"name": "mongo-java-driver|sync|spring-boot", "version": "4.8.2"}, "os": {"type": "Windows", "name": "Windows 11", "architecture": "amd64", "version": "10.0"}, "platform": "Java/Eclipse Adoptium/17.0.7+7"} created with settings MongoClientSettings{readPreference=primary, writeConcern=WriteConcern{w=null, wTimeout=null ms, journal=null}, retryWrites=true, retryReads=true, readConcern=ReadConcern{level=null}, credential=null, streamFactoryFactory=null, commandListeners=[io.micrometer.core.instrument.binder.mongodb.MongoMetricsCommandListener@73a7668], codecRegistry=ProvidersCodecRegistry{codecProviders=[ValueCodecProvider{}, BsonValueCodecProvider{}, DBRefCodecProvider{}, DBObjectCodecProvider{}, DocumentCodecProvider{}, CollectionCodecProvider{}, IterableCodecProvider{}, MapCodecProvider{}, GeoJsonCodecProvider{}, GridFSFileCodecProvider{}, Jsr310CodecProvider{}, JsonObjectCodecProvider{}, BsonCodecProvider{}, EnumCodecProvider{}, com.mongodb.Jep395RecordCodecProvider@a9532f3]}, clusterSettings={hosts=[localhost:27017], srvServiceName=mongodb, mode=SINGLE, requiredClusterType=UNKNOWN, requiredReplicaSetName='null', serverSelector='null', clusterListeners='[]', serverSelectionTimeout='30000 ms', localThreshold='30000 ms'}, socketSettings=SocketSettings{connectTimeoutMS=10000, readTimeoutMS=0, receiveBufferSize=0, sendBufferSize=0}, heartbeatSocketSettings=SocketSettings{connectTimeoutMS=10000, readTimeoutMS=10000, receiveBufferSize=0, sendBufferSize=0}, connectionPoolSettings=ConnectionPoolSettings{maxSize=100, minSize=0, maxWaitTimeMS=120000, maxConnectionLifeTimeMS=0, maxConnectionIdleTimeMS=0, maintenanceInitialDelayMS=0, maintenanceFrequencyMS=60000, connectionPoolListeners=[io.micrometer.core.instrument.binder.mongodb.MongoMetricsConnectionPoolListener@1fbdf9b4], maxConnecting=2}, serverSettings=ServerSettings{heartbeatFrequencyMS=10000, minHeartbeatFrequencyMS=500, serverListeners='[]', serverMonitorListeners='[]'}, sslSettings=SslSettings{enabled=false, invalidHostNameAllowed=false, context=null}, applicationName='null', compressorList=[], uuidRepresentation=JAVA_LEGACY, serverApi=null, autoEncryptionSettings=null, contextProvider=null}
2024-01-29 13:28:53,544 [INFO] org.mongodb.driver.cluster [cluster-ClusterId{value='65b75abde015b9435929e732', description='null'}-localhost:27017] Exception in monitor thread while connecting to server localhost:27017
com.mongodb.MongoSocketOpenException: Exception opening socket
	at com.mongodb.internal.connection.SocketStream.open(SocketStream.java:73)
	at com.mongodb.internal.connection.InternalStreamConnection.open(InternalStreamConnection.java:183)
	at com.mongodb.internal.connection.DefaultServerMonitor$ServerMonitorRunnable.lookupServerDescription(DefaultServerMonitor.java:198)
	at com.mongodb.internal.connection.DefaultServerMonitor$ServerMonitorRunnable.run(DefaultServerMonitor.java:158)
	at java.base/java.lang.Thread.run(Thread.java:833)
Caused by: java.net.ConnectException: Connection refused: no further information
	at java.base/sun.nio.ch.Net.pollConnect(Native Method)
	at java.base/sun.nio.ch.Net.pollConnectNow(Net.java:672)
	at java.base/sun.nio.ch.NioSocketImpl.timedFinishConnect(NioSocketImpl.java:542)
	at java.base/sun.nio.ch.NioSocketImpl.connect(NioSocketImpl.java:597)
	at java.base/java.net.SocksSocketImpl.connect(SocksSocketImpl.java:327)
	at java.base/java.net.Socket.connect(Socket.java:633)
	at com.mongodb.internal.connection.SocketStreamHelper.initialize(SocketStreamHelper.java:107)
	at com.mongodb.internal.connection.SocketStream.initializeSocket(SocketStream.java:82)
	at com.mongodb.internal.connection.SocketStream.open(SocketStream.java:68)
	... 4 common frames omitted
2024-01-29 13:28:54,528 [WARN] org.springframework.boot.devtools.autoconfigure.OptionalLiveReloadServer [restartedMain] Unable to start LiveReload server
2024-01-29 13:28:57,299 [INFO] org.springframework.boot.actuate.endpoint.web.EndpointLinksResolver [restartedMain] Exposing 1 endpoint(s) beneath base path '/actuator'
2024-01-29 13:28:57,431 [INFO] org.springframework.security.web.DefaultSecurityFilterChain [restartedMain] Will secure any request with [org.springframework.security.web.session.DisableEncodeUrlFilter@33296ef6, org.springframework.security.web.context.request.async.WebAsyncManagerIntegrationFilter@7adc49c4, org.springframework.security.web.context.SecurityContextHolderFilter@71207a90, org.springframework.security.web.header.HeaderWriterFilter@730c0331, org.springframework.web.filter.CorsFilter@341c65a0, org.springframework.security.web.authentication.logout.LogoutFilter@45ff211d, com.pms.doctor.service.Config.JwtAuthenticationFilter@23afe1f2, org.springframework.security.web.savedrequest.RequestCacheAwareFilter@1f112368, org.springframework.security.web.servletapi.SecurityContextHolderAwareRequestFilter@5bf7dc16, org.springframework.security.web.authentication.AnonymousAuthenticationFilter@6c35c632, org.springframework.security.web.session.SessionManagementFilter@72bc8072, org.springframework.security.web.access.ExceptionTranslationFilter@66131360, org.springframework.security.web.access.intercept.AuthorizationFilter@3c6c5ab3]
2024-01-29 13:28:59,290 [INFO] org.springframework.cloud.netflix.eureka.config.DiscoveryClientOptionalArgsConfiguration [restartedMain] Eureka HTTP Client uses RestTemplate.
2024-01-29 13:28:59,481 [WARN] org.springframework.cloud.loadbalancer.config.LoadBalancerCacheAutoConfiguration$LoadBalancerCaffeineWarnLogger [restartedMain] Spring Cloud LoadBalancer is currently working with the default cache. While this cache implementation is useful for development and tests, it's recommended to use Caffeine cache in production.You can switch to using Caffeine cache, by adding it and org.springframework.cache.caffeine.CaffeineCacheManager to the classpath.
2024-01-29 13:28:59,578 [INFO] org.springframework.cloud.netflix.eureka.InstanceInfoFactory [restartedMain] Setting initial instance status as: STARTING
2024-01-29 13:28:59,725 [INFO] com.netflix.discovery.DiscoveryClient [restartedMain] Initializing Eureka in region us-east-1
2024-01-29 13:28:59,740 [INFO] com.netflix.discovery.shared.resolver.aws.ConfigClusterResolver [restartedMain] Resolving eureka endpoints via configuration
2024-01-29 13:28:59,786 [INFO] com.netflix.discovery.DiscoveryClient [restartedMain] Disable delta property : false
2024-01-29 13:28:59,786 [INFO] com.netflix.discovery.DiscoveryClient [restartedMain] Single vip registry refresh property : null
2024-01-29 13:28:59,786 [INFO] com.netflix.discovery.DiscoveryClient [restartedMain] Force full registry fetch : false
2024-01-29 13:28:59,786 [INFO] com.netflix.discovery.DiscoveryClient [restartedMain] Application is null : false
2024-01-29 13:28:59,786 [INFO] com.netflix.discovery.DiscoveryClient [restartedMain] Registered Applications size is zero : true
2024-01-29 13:28:59,786 [INFO] com.netflix.discovery.DiscoveryClient [restartedMain] Application version is -1: true
2024-01-29 13:28:59,787 [INFO] com.netflix.discovery.DiscoveryClient [restartedMain] Getting all instance registry info from the eureka server
2024-01-29 13:29:00,420 [INFO] com.netflix.discovery.DiscoveryClient [restartedMain] The response status is 200
2024-01-29 13:29:00,425 [INFO] com.netflix.discovery.DiscoveryClient [restartedMain] Starting heartbeat executor: renew interval is: 30
2024-01-29 13:29:00,430 [INFO] com.netflix.discovery.InstanceInfoReplicator [restartedMain] InstanceInfoReplicator onDemand update allowed rate per min is 4
2024-01-29 13:29:00,439 [INFO] com.netflix.discovery.DiscoveryClient [restartedMain] Discovery Client initialized at timestamp 1706515140437 with initial instances count: 2
2024-01-29 13:29:00,456 [INFO] org.springframework.cloud.netflix.eureka.serviceregistry.EurekaServiceRegistry [restartedMain] Registering application DOCTOR-SERVICE with eureka with status UP
2024-01-29 13:29:00,458 [INFO] com.netflix.discovery.DiscoveryClient [restartedMain] Saw local status change event StatusChangeEvent [timestamp=1706515140458, current=UP, previous=STARTING]
2024-01-29 13:29:00,461 [INFO] com.netflix.discovery.DiscoveryClient [DiscoveryClient-InstanceInfoReplicator-0] DiscoveryClient_DOCTOR-SERVICE/LAPTOP-GFBQMQJH:doctor-service:8081: registering service...
2024-01-29 13:29:00,508 [INFO] org.springframework.boot.web.embedded.tomcat.TomcatWebServer [restartedMain] Tomcat started on port(s): 8081 (http) with context path ''
2024-01-29 13:29:00,510 [INFO] org.springframework.cloud.netflix.eureka.serviceregistry.EurekaAutoServiceRegistration [restartedMain] Updating port to 8081
2024-01-29 13:29:00,542 [INFO] com.netflix.discovery.DiscoveryClient [DiscoveryClient-InstanceInfoReplicator-0] DiscoveryClient_DOCTOR-SERVICE/LAPTOP-GFBQMQJH:doctor-service:8081 - registration status: 204
2024-01-29 13:29:00,708 [INFO] com.pms.doctor.service.DoctorServiceApplication [restartedMain] Started DoctorServiceApplication in 15.803 seconds (process running for 16.604)
2024-01-29 13:30:23,741 [INFO] org.mongodb.driver.cluster [cluster-ClusterId{value='65b75abde015b9435929e732', description='null'}-localhost:27017] Monitor thread successfully connected to server with description ServerDescription{address=localhost:27017, type=STANDALONE, state=CONNECTED, ok=true, minWireVersion=0, maxWireVersion=17, maxDocumentSize=16777216, logicalSessionTimeoutMinutes=30, roundTripTimeNanos=1833200}
2024-01-29 13:32:27,641 [INFO] org.apache.catalina.core.ContainerBase.[Tomcat].[localhost].[/] [http-nio-8081-exec-2] Initializing Spring DispatcherServlet 'dispatcherServlet'
2024-01-29 13:32:27,642 [INFO] org.springframework.web.servlet.DispatcherServlet [http-nio-8081-exec-2] Initializing Servlet 'dispatcherServlet'
2024-01-29 13:32:27,648 [INFO] org.springframework.web.servlet.DispatcherServlet [http-nio-8081-exec-2] Completed initialization in 6 ms
2024-01-29 13:32:27,730 [INFO] org.springframework.web.filter.OncePerRequestFilter [http-nio-8081-exec-2]  Header :  null
2024-01-29 13:32:27,730 [INFO] org.springframework.web.filter.OncePerRequestFilter [http-nio-8081-exec-2] Invalid Header Value !! 
2024-01-29 13:33:35,967 [INFO] org.springframework.web.filter.OncePerRequestFilter [http-nio-8081-exec-5]  Header :  Bearer eyJhbGciOiJIUzUxMiJ9.eyJzdWIiOiJteXNlbGZmb3IxMDJAZ21haWwuY29tIiwiaWF0IjoxNzA2NTE1MzQ4LCJleHAiOjE3MDY1MzMzNDh9.1lQX6MCiH0zibiHOrjoD902AWJ8aQyoJhqIoHZtm9XUWZtgXjHmPGtNBs7uhbE7VHfUzh_zx5Ca94x8JZ0ZB0A
2024-01-29 13:33:59,790 [INFO] com.netflix.discovery.shared.resolver.aws.ConfigClusterResolver [AsyncResolver-bootstrap-executor-0] Resolving eureka endpoints via configuration
2024-01-29 13:34:05,901 [INFO] org.springframework.boot.devtools.autoconfigure.LocalDevToolsAutoConfiguration$RestartingClassPathChangeChangedEventListener [File Watcher] Restarting due to 1 class path change (0 additions, 0 deletions, 1 modification)
2024-01-29 13:34:05,903 [INFO] org.springframework.cloud.netflix.eureka.serviceregistry.EurekaServiceRegistry [Thread-1] Unregistering application DOCTOR-SERVICE with eureka with status DOWN
2024-01-29 13:34:05,903 [INFO] com.netflix.discovery.DiscoveryClient [Thread-1] Saw local status change event StatusChangeEvent [timestamp=1706515445903, current=DOWN, previous=UP]
2024-01-29 13:34:05,903 [INFO] com.netflix.discovery.DiscoveryClient [DiscoveryClient-InstanceInfoReplicator-0] DiscoveryClient_DOCTOR-SERVICE/LAPTOP-GFBQMQJH:doctor-service:8081: registering service...
2024-01-29 13:34:05,912 [INFO] com.netflix.discovery.DiscoveryClient [DiscoveryClient-InstanceInfoReplicator-0] DiscoveryClient_DOCTOR-SERVICE/LAPTOP-GFBQMQJH:doctor-service:8081 - registration status: 204
2024-01-29 13:34:05,918 [INFO] org.apache.catalina.core.StandardService [Thread-1] Stopping service [Tomcat]
2024-01-29 13:34:05,919 [INFO] org.apache.catalina.core.ContainerBase.[Tomcat].[localhost].[/] [Thread-1] Destroying Spring FrameworkServlet 'dispatcherServlet'
2024-01-29 13:34:05,926 [WARN] org.apache.catalina.loader.WebappClassLoaderBase [Thread-1] The web application [ROOT] appears to have started a thread named [BufferPoolPruner-1-thread-1] but has failed to stop it. This is very likely to create a memory leak. Stack trace of thread:
 java.base@17.0.7/jdk.internal.misc.Unsafe.park(Native Method)
 java.base@17.0.7/java.util.concurrent.locks.LockSupport.parkNanos(LockSupport.java:252)
 java.base@17.0.7/java.util.concurrent.locks.AbstractQueuedSynchronizer$ConditionObject.awaitNanos(AbstractQueuedSynchronizer.java:1672)
 java.base@17.0.7/java.util.concurrent.ScheduledThreadPoolExecutor$DelayedWorkQueue.take(ScheduledThreadPoolExecutor.java:1182)
 java.base@17.0.7/java.util.concurrent.ScheduledThreadPoolExecutor$DelayedWorkQueue.take(ScheduledThreadPoolExecutor.java:899)
 java.base@17.0.7/java.util.concurrent.ThreadPoolExecutor.getTask(ThreadPoolExecutor.java:1062)
 java.base@17.0.7/java.util.concurrent.ThreadPoolExecutor.runWorker(ThreadPoolExecutor.java:1122)
 java.base@17.0.7/java.util.concurrent.ThreadPoolExecutor$Worker.run(ThreadPoolExecutor.java:635)
 java.base@17.0.7/java.lang.Thread.run(Thread.java:833)
2024-01-29 13:34:05,927 [WARN] org.apache.catalina.loader.WebappClassLoaderBase [Thread-1] The web application [ROOT] appears to have started a thread named [cluster-ClusterId{value='65b75abde015b9435929e732', description='null'}-localhost:27017] but has failed to stop it. This is very likely to create a memory leak. Stack trace of thread:
 java.base@17.0.7/sun.nio.ch.Net.poll(Native Method)
 java.base@17.0.7/sun.nio.ch.NioSocketImpl.park(NioSocketImpl.java:181)
 java.base@17.0.7/sun.nio.ch.NioSocketImpl.timedRead(NioSocketImpl.java:285)
 java.base@17.0.7/sun.nio.ch.NioSocketImpl.implRead(NioSocketImpl.java:309)
 java.base@17.0.7/sun.nio.ch.NioSocketImpl.read(NioSocketImpl.java:350)
 java.base@17.0.7/sun.nio.ch.NioSocketImpl$1.read(NioSocketImpl.java:803)
 java.base@17.0.7/java.net.Socket$SocketInputStream.read(Socket.java:966)
 app//com.mongodb.internal.connection.SocketStream.read(SocketStream.java:113)
 app//com.mongodb.internal.connection.SocketStream.read(SocketStream.java:138)
 app//com.mongodb.internal.connection.InternalStreamConnection.receiveResponseBuffers(InternalStreamConnection.java:716)
 app//com.mongodb.internal.connection.InternalStreamConnection.receiveMessageWithAdditionalTimeout(InternalStreamConnection.java:574)
 app//com.mongodb.internal.connection.InternalStreamConnection.receiveCommandMessageResponse(InternalStreamConnection.java:413)
 app//com.mongodb.internal.connection.InternalStreamConnection.receive(InternalStreamConnection.java:372)
 app//com.mongodb.internal.connection.DefaultServerMonitor$ServerMonitorRunnable.lookupServerDescription(DefaultServerMonitor.java:226)
 app//com.mongodb.internal.connection.DefaultServerMonitor$ServerMonitorRunnable.run(DefaultServerMonitor.java:158)
 java.base@17.0.7/java.lang.Thread.run(Thread.java:833)
2024-01-29 13:34:05,927 [WARN] org.apache.catalina.loader.WebappClassLoaderBase [Thread-1] The web application [ROOT] appears to have started a thread named [cluster-rtt-ClusterId{value='65b75abde015b9435929e732', description='null'}-localhost:27017] but has failed to stop it. This is very likely to create a memory leak. Stack trace of thread:
 java.base@17.0.7/java.lang.Thread.sleep(Native Method)
 app//com.mongodb.internal.connection.DefaultServerMonitor.waitForNext(DefaultServerMonitor.java:448)
 app//com.mongodb.internal.connection.DefaultServerMonitor.access$1500(DefaultServerMonitor.java:65)
 app//com.mongodb.internal.connection.DefaultServerMonitor$RoundTripTimeRunnable.run(DefaultServerMonitor.java:420)
 java.base@17.0.7/java.lang.Thread.run(Thread.java:833)
2024-01-29 13:34:05,928 [WARN] org.apache.catalina.loader.WebappClassLoaderBase [Thread-1] The web application [ROOT] appears to have started a thread named [MaintenanceTimer-2-thread-1] but has failed to stop it. This is very likely to create a memory leak. Stack trace of thread:
 java.base@17.0.7/jdk.internal.misc.Unsafe.park(Native Method)
 java.base@17.0.7/java.util.concurrent.locks.LockSupport.parkNanos(LockSupport.java:252)
 java.base@17.0.7/java.util.concurrent.locks.AbstractQueuedSynchronizer$ConditionObject.awaitNanos(AbstractQueuedSynchronizer.java:1672)
 java.base@17.0.7/java.util.concurrent.ScheduledThreadPoolExecutor$DelayedWorkQueue.take(ScheduledThreadPoolExecutor.java:1182)
 java.base@17.0.7/java.util.concurrent.ScheduledThreadPoolExecutor$DelayedWorkQueue.take(ScheduledThreadPoolExecutor.java:899)
 java.base@17.0.7/java.util.concurrent.ThreadPoolExecutor.getTask(ThreadPoolExecutor.java:1062)
 java.base@17.0.7/java.util.concurrent.ThreadPoolExecutor.runWorker(ThreadPoolExecutor.java:1122)
 java.base@17.0.7/java.util.concurrent.ThreadPoolExecutor$Worker.run(ThreadPoolExecutor.java:635)
 java.base@17.0.7/java.lang.Thread.run(Thread.java:833)
2024-01-29 13:34:05,949 [INFO] com.netflix.discovery.DiscoveryClient [Thread-1] Shutting down DiscoveryClient ...
2024-01-29 13:34:08,963 [INFO] com.netflix.discovery.DiscoveryClient [Thread-1] Unregistering ...
2024-01-29 13:34:08,974 [INFO] com.netflix.discovery.DiscoveryClient [Thread-1] DiscoveryClient_DOCTOR-SERVICE/LAPTOP-GFBQMQJH:doctor-service:8081 - deregister  status: 200
2024-01-29 13:34:08,980 [INFO] com.netflix.discovery.DiscoveryClient [Thread-1] Completed shut down of DiscoveryClient
2024-01-29 13:34:09,211 [INFO] com.pms.doctor.service.DoctorServiceApplication [restartedMain] Starting DoctorServiceApplication using Java 17.0.7 with PID 11216 (C:\Users\rahul\Desktop\PMS UPdate\Pharmacy-Management-System\Doctor-Service\Doctor-Service\target\classes started by rahul in C:\Users\rahul\Desktop\PMS UPdate\Pharmacy-Management-System\Doctor-Service\Doctor-Service)
2024-01-29 13:34:09,211 [INFO] com.pms.doctor.service.DoctorServiceApplication [restartedMain] No active profile set, falling back to 1 default profile: "default"
2024-01-29 13:34:09,817 [INFO] org.springframework.data.repository.config.RepositoryConfigurationDelegate [restartedMain] Bootstrapping Spring Data MongoDB repositories in DEFAULT mode.
2024-01-29 13:34:09,841 [INFO] org.springframework.data.repository.config.RepositoryConfigurationDelegate [restartedMain] Finished Spring Data repository scanning in 23 ms. Found 4 MongoDB repository interfaces.
2024-01-29 13:34:09,975 [INFO] org.springframework.cloud.context.scope.GenericScope [restartedMain] BeanFactory id=46cb0333-72b5-3c3a-9d41-0491bdaf997f
2024-01-29 13:34:10,189 [INFO] org.springframework.boot.web.embedded.tomcat.TomcatWebServer [restartedMain] Tomcat initialized with port(s): 8081 (http)
2024-01-29 13:34:10,190 [INFO] org.apache.catalina.core.StandardService [restartedMain] Starting service [Tomcat]
2024-01-29 13:34:10,190 [INFO] org.apache.catalina.core.StandardEngine [restartedMain] Starting Servlet engine: [Apache Tomcat/10.1.8]
2024-01-29 13:34:10,235 [INFO] org.apache.catalina.core.ContainerBase.[Tomcat].[localhost].[/] [restartedMain] Initializing Spring embedded WebApplicationContext
2024-01-29 13:34:10,235 [INFO] org.springframework.boot.web.servlet.context.ServletWebServerApplicationContext [restartedMain] Root WebApplicationContext: initialization completed in 1021 ms
2024-01-29 13:34:10,572 [INFO] org.mongodb.driver.client [restartedMain] MongoClient with metadata {"driver": {"name": "mongo-java-driver|sync|spring-boot", "version": "4.8.2"}, "os": {"type": "Windows", "name": "Windows 11", "architecture": "amd64", "version": "10.0"}, "platform": "Java/Eclipse Adoptium/17.0.7+7"} created with settings MongoClientSettings{readPreference=primary, writeConcern=WriteConcern{w=null, wTimeout=null ms, journal=null}, retryWrites=true, retryReads=true, readConcern=ReadConcern{level=null}, credential=null, streamFactoryFactory=null, commandListeners=[io.micrometer.core.instrument.binder.mongodb.MongoMetricsCommandListener@6cf2e995], codecRegistry=ProvidersCodecRegistry{codecProviders=[ValueCodecProvider{}, BsonValueCodecProvider{}, DBRefCodecProvider{}, DBObjectCodecProvider{}, DocumentCodecProvider{}, CollectionCodecProvider{}, IterableCodecProvider{}, MapCodecProvider{}, GeoJsonCodecProvider{}, GridFSFileCodecProvider{}, Jsr310CodecProvider{}, JsonObjectCodecProvider{}, BsonCodecProvider{}, EnumCodecProvider{}, com.mongodb.Jep395RecordCodecProvider@a9532f3]}, clusterSettings={hosts=[localhost:27017], srvServiceName=mongodb, mode=SINGLE, requiredClusterType=UNKNOWN, requiredReplicaSetName='null', serverSelector='null', clusterListeners='[]', serverSelectionTimeout='30000 ms', localThreshold='30000 ms'}, socketSettings=SocketSettings{connectTimeoutMS=10000, readTimeoutMS=0, receiveBufferSize=0, sendBufferSize=0}, heartbeatSocketSettings=SocketSettings{connectTimeoutMS=10000, readTimeoutMS=10000, receiveBufferSize=0, sendBufferSize=0}, connectionPoolSettings=ConnectionPoolSettings{maxSize=100, minSize=0, maxWaitTimeMS=120000, maxConnectionLifeTimeMS=0, maxConnectionIdleTimeMS=0, maintenanceInitialDelayMS=0, maintenanceFrequencyMS=60000, connectionPoolListeners=[io.micrometer.core.instrument.binder.mongodb.MongoMetricsConnectionPoolListener@d4770a1], maxConnecting=2}, serverSettings=ServerSettings{heartbeatFrequencyMS=10000, minHeartbeatFrequencyMS=500, serverListeners='[]', serverMonitorListeners='[]'}, sslSettings=SslSettings{enabled=false, invalidHostNameAllowed=false, context=null}, applicationName='null', compressorList=[], uuidRepresentation=JAVA_LEGACY, serverApi=null, autoEncryptionSettings=null, contextProvider=null}
2024-01-29 13:34:10,575 [INFO] org.mongodb.driver.cluster [cluster-ClusterId{value='65b75bfae015b9435929e733', description='null'}-localhost:27017] Monitor thread successfully connected to server with description ServerDescription{address=localhost:27017, type=STANDALONE, state=CONNECTED, ok=true, minWireVersion=0, maxWireVersion=17, maxDocumentSize=16777216, logicalSessionTimeoutMinutes=30, roundTripTimeNanos=1874100}
2024-01-29 13:34:10,808 [WARN] org.springframework.boot.devtools.autoconfigure.OptionalLiveReloadServer [restartedMain] Unable to start LiveReload server
2024-01-29 13:34:11,684 [INFO] org.springframework.boot.actuate.endpoint.web.EndpointLinksResolver [restartedMain] Exposing 1 endpoint(s) beneath base path '/actuator'
2024-01-29 13:34:11,736 [INFO] org.springframework.security.web.DefaultSecurityFilterChain [restartedMain] Will secure any request with [org.springframework.security.web.session.DisableEncodeUrlFilter@12adf99e, org.springframework.security.web.context.request.async.WebAsyncManagerIntegrationFilter@7a0c98b8, org.springframework.security.web.context.SecurityContextHolderFilter@e485264, org.springframework.security.web.header.HeaderWriterFilter@2fefc7ed, org.springframework.web.filter.CorsFilter@571f0e7a, org.springframework.security.web.authentication.logout.LogoutFilter@23bc5740, com.pms.doctor.service.Config.JwtAuthenticationFilter@15cab926, org.springframework.security.web.savedrequest.RequestCacheAwareFilter@1736e781, org.springframework.security.web.servletapi.SecurityContextHolderAwareRequestFilter@6aad280e, org.springframework.security.web.authentication.AnonymousAuthenticationFilter@79d12797, org.springframework.security.web.session.SessionManagementFilter@767ad838, org.springframework.security.web.access.ExceptionTranslationFilter@4523f018, org.springframework.security.web.access.intercept.AuthorizationFilter@da13c05]
2024-01-29 13:34:12,400 [INFO] org.springframework.cloud.netflix.eureka.config.DiscoveryClientOptionalArgsConfiguration [restartedMain] Eureka HTTP Client uses RestTemplate.
2024-01-29 13:34:12,476 [WARN] org.springframework.cloud.loadbalancer.config.LoadBalancerCacheAutoConfiguration$LoadBalancerCaffeineWarnLogger [restartedMain] Spring Cloud LoadBalancer is currently working with the default cache. While this cache implementation is useful for development and tests, it's recommended to use Caffeine cache in production.You can switch to using Caffeine cache, by adding it and org.springframework.cache.caffeine.CaffeineCacheManager to the classpath.
2024-01-29 13:34:12,515 [INFO] org.springframework.cloud.netflix.eureka.InstanceInfoFactory [restartedMain] Setting initial instance status as: STARTING
2024-01-29 13:34:12,524 [INFO] com.netflix.discovery.DiscoveryClient [restartedMain] Initializing Eureka in region us-east-1
2024-01-29 13:34:12,525 [INFO] com.netflix.discovery.shared.resolver.aws.ConfigClusterResolver [restartedMain] Resolving eureka endpoints via configuration
2024-01-29 13:34:12,536 [INFO] com.netflix.discovery.DiscoveryClient [restartedMain] Disable delta property : false
2024-01-29 13:34:12,536 [INFO] com.netflix.discovery.DiscoveryClient [restartedMain] Single vip registry refresh property : null
2024-01-29 13:34:12,538 [INFO] com.netflix.discovery.DiscoveryClient [restartedMain] Force full registry fetch : false
2024-01-29 13:34:12,538 [INFO] com.netflix.discovery.DiscoveryClient [restartedMain] Application is null : false
2024-01-29 13:34:12,539 [INFO] com.netflix.discovery.DiscoveryClient [restartedMain] Registered Applications size is zero : true
2024-01-29 13:34:12,539 [INFO] com.netflix.discovery.DiscoveryClient [restartedMain] Application version is -1: true
2024-01-29 13:34:12,540 [INFO] com.netflix.discovery.DiscoveryClient [restartedMain] Getting all instance registry info from the eureka server
2024-01-29 13:34:12,576 [INFO] com.netflix.discovery.DiscoveryClient [restartedMain] The response status is 200
2024-01-29 13:34:12,578 [INFO] com.netflix.discovery.DiscoveryClient [restartedMain] Starting heartbeat executor: renew interval is: 30
2024-01-29 13:34:12,580 [INFO] com.netflix.discovery.InstanceInfoReplicator [restartedMain] InstanceInfoReplicator onDemand update allowed rate per min is 4
2024-01-29 13:34:12,583 [INFO] com.netflix.discovery.DiscoveryClient [restartedMain] Discovery Client initialized at timestamp 1706515452582 with initial instances count: 6
2024-01-29 13:34:12,593 [INFO] org.springframework.cloud.netflix.eureka.serviceregistry.EurekaServiceRegistry [restartedMain] Registering application DOCTOR-SERVICE with eureka with status UP
2024-01-29 13:34:12,593 [INFO] com.netflix.discovery.DiscoveryClient [restartedMain] Saw local status change event StatusChangeEvent [timestamp=1706515452593, current=UP, previous=STARTING]
2024-01-29 13:34:12,594 [INFO] com.netflix.discovery.DiscoveryClient [DiscoveryClient-InstanceInfoReplicator-0] DiscoveryClient_DOCTOR-SERVICE/LAPTOP-GFBQMQJH:doctor-service:8081: registering service...
2024-01-29 13:34:12,601 [INFO] org.springframework.boot.web.embedded.tomcat.TomcatWebServer [restartedMain] Tomcat started on port(s): 8081 (http) with context path ''
2024-01-29 13:34:12,605 [INFO] org.springframework.cloud.netflix.eureka.serviceregistry.EurekaAutoServiceRegistration [restartedMain] Updating port to 8081
2024-01-29 13:34:12,612 [INFO] com.netflix.discovery.DiscoveryClient [DiscoveryClient-InstanceInfoReplicator-0] DiscoveryClient_DOCTOR-SERVICE/LAPTOP-GFBQMQJH:doctor-service:8081 - registration status: 204
2024-01-29 13:34:12,739 [INFO] com.pms.doctor.service.DoctorServiceApplication [restartedMain] Started DoctorServiceApplication in 3.683 seconds (process running for 328.635)
2024-01-29 13:34:12,744 [INFO] org.springframework.boot.devtools.autoconfigure.ConditionEvaluationDeltaLoggingListener [restartedMain] Condition evaluation unchanged
2024-01-29 13:35:16,594 [INFO] org.springframework.boot.devtools.autoconfigure.LocalDevToolsAutoConfiguration$RestartingClassPathChangeChangedEventListener [File Watcher] Restarting due to 1 class path change (0 additions, 0 deletions, 1 modification)
2024-01-29 13:35:16,595 [INFO] org.springframework.cloud.netflix.eureka.serviceregistry.EurekaServiceRegistry [Thread-7] Unregistering application DOCTOR-SERVICE with eureka with status DOWN
2024-01-29 13:35:16,595 [INFO] com.netflix.discovery.DiscoveryClient [Thread-7] Saw local status change event StatusChangeEvent [timestamp=1706515516595, current=DOWN, previous=UP]
2024-01-29 13:35:16,595 [INFO] com.netflix.discovery.DiscoveryClient [DiscoveryClient-InstanceInfoReplicator-0] DiscoveryClient_DOCTOR-SERVICE/LAPTOP-GFBQMQJH:doctor-service:8081: registering service...
2024-01-29 13:35:16,601 [INFO] com.netflix.discovery.DiscoveryClient [DiscoveryClient-InstanceInfoReplicator-0] DiscoveryClient_DOCTOR-SERVICE/LAPTOP-GFBQMQJH:doctor-service:8081 - registration status: 204
2024-01-29 13:35:16,604 [INFO] org.apache.catalina.core.StandardService [Thread-7] Stopping service [Tomcat]
2024-01-29 13:35:16,606 [WARN] org.apache.catalina.loader.WebappClassLoaderBase [Thread-7] The web application [ROOT] appears to have started a thread named [cluster-ClusterId{value='65b75bfae015b9435929e733', description='null'}-localhost:27017] but has failed to stop it. This is very likely to create a memory leak. Stack trace of thread:
 java.base@17.0.7/sun.nio.ch.Net.poll(Native Method)
 java.base@17.0.7/sun.nio.ch.NioSocketImpl.park(NioSocketImpl.java:181)
 java.base@17.0.7/sun.nio.ch.NioSocketImpl.timedRead(NioSocketImpl.java:285)
 java.base@17.0.7/sun.nio.ch.NioSocketImpl.implRead(NioSocketImpl.java:309)
 java.base@17.0.7/sun.nio.ch.NioSocketImpl.read(NioSocketImpl.java:350)
 java.base@17.0.7/sun.nio.ch.NioSocketImpl$1.read(NioSocketImpl.java:803)
 java.base@17.0.7/java.net.Socket$SocketInputStream.read(Socket.java:966)
 app//com.mongodb.internal.connection.SocketStream.read(SocketStream.java:113)
 app//com.mongodb.internal.connection.SocketStream.read(SocketStream.java:138)
 app//com.mongodb.internal.connection.InternalStreamConnection.receiveResponseBuffers(InternalStreamConnection.java:716)
 app//com.mongodb.internal.connection.InternalStreamConnection.receiveMessageWithAdditionalTimeout(InternalStreamConnection.java:574)
 app//com.mongodb.internal.connection.InternalStreamConnection.receiveCommandMessageResponse(InternalStreamConnection.java:413)
 app//com.mongodb.internal.connection.InternalStreamConnection.receive(InternalStreamConnection.java:372)
 app//com.mongodb.internal.connection.DefaultServerMonitor$ServerMonitorRunnable.lookupServerDescription(DefaultServerMonitor.java:226)
 app//com.mongodb.internal.connection.DefaultServerMonitor$ServerMonitorRunnable.run(DefaultServerMonitor.java:158)
 java.base@17.0.7/java.lang.Thread.run(Thread.java:833)
2024-01-29 13:35:16,607 [WARN] org.apache.catalina.loader.WebappClassLoaderBase [Thread-7] The web application [ROOT] appears to have started a thread named [cluster-rtt-ClusterId{value='65b75bfae015b9435929e733', description='null'}-localhost:27017] but has failed to stop it. This is very likely to create a memory leak. Stack trace of thread:
 java.base@17.0.7/java.lang.Thread.sleep(Native Method)
 app//com.mongodb.internal.connection.DefaultServerMonitor.waitForNext(DefaultServerMonitor.java:448)
 app//com.mongodb.internal.connection.DefaultServerMonitor.access$1500(DefaultServerMonitor.java:65)
 app//com.mongodb.internal.connection.DefaultServerMonitor$RoundTripTimeRunnable.run(DefaultServerMonitor.java:420)
 java.base@17.0.7/java.lang.Thread.run(Thread.java:833)
2024-01-29 13:35:16,608 [WARN] org.apache.catalina.loader.WebappClassLoaderBase [Thread-7] The web application [ROOT] appears to have started a thread named [MaintenanceTimer-3-thread-1] but has failed to stop it. This is very likely to create a memory leak. Stack trace of thread:
 java.base@17.0.7/jdk.internal.misc.Unsafe.park(Native Method)
 java.base@17.0.7/java.util.concurrent.locks.LockSupport.parkNanos(LockSupport.java:252)
 java.base@17.0.7/java.util.concurrent.locks.AbstractQueuedSynchronizer$ConditionObject.awaitNanos(AbstractQueuedSynchronizer.java:1672)
 java.base@17.0.7/java.util.concurrent.ScheduledThreadPoolExecutor$DelayedWorkQueue.take(ScheduledThreadPoolExecutor.java:1182)
 java.base@17.0.7/java.util.concurrent.ScheduledThreadPoolExecutor$DelayedWorkQueue.take(ScheduledThreadPoolExecutor.java:899)
 java.base@17.0.7/java.util.concurrent.ThreadPoolExecutor.getTask(ThreadPoolExecutor.java:1062)
 java.base@17.0.7/java.util.concurrent.ThreadPoolExecutor.runWorker(ThreadPoolExecutor.java:1122)
 java.base@17.0.7/java.util.concurrent.ThreadPoolExecutor$Worker.run(ThreadPoolExecutor.java:635)
 java.base@17.0.7/java.lang.Thread.run(Thread.java:833)
2024-01-29 13:35:16,613 [INFO] com.netflix.discovery.DiscoveryClient [Thread-7] Shutting down DiscoveryClient ...
2024-01-29 13:35:19,620 [INFO] com.netflix.discovery.DiscoveryClient [Thread-7] Unregistering ...
2024-01-29 13:35:19,625 [INFO] com.netflix.discovery.DiscoveryClient [Thread-7] DiscoveryClient_DOCTOR-SERVICE/LAPTOP-GFBQMQJH:doctor-service:8081 - deregister  status: 200
2024-01-29 13:35:19,630 [INFO] com.netflix.discovery.DiscoveryClient [Thread-7] Completed shut down of DiscoveryClient
2024-01-29 13:35:19,831 [INFO] com.pms.doctor.service.DoctorServiceApplication [restartedMain] Starting DoctorServiceApplication using Java 17.0.7 with PID 11216 (C:\Users\rahul\Desktop\PMS UPdate\Pharmacy-Management-System\Doctor-Service\Doctor-Service\target\classes started by rahul in C:\Users\rahul\Desktop\PMS UPdate\Pharmacy-Management-System\Doctor-Service\Doctor-Service)
2024-01-29 13:35:19,832 [INFO] com.pms.doctor.service.DoctorServiceApplication [restartedMain] No active profile set, falling back to 1 default profile: "default"
2024-01-29 13:35:20,370 [INFO] org.springframework.data.repository.config.RepositoryConfigurationDelegate [restartedMain] Bootstrapping Spring Data MongoDB repositories in DEFAULT mode.
2024-01-29 13:35:20,392 [INFO] org.springframework.data.repository.config.RepositoryConfigurationDelegate [restartedMain] Finished Spring Data repository scanning in 21 ms. Found 4 MongoDB repository interfaces.
2024-01-29 13:35:20,512 [INFO] org.springframework.cloud.context.scope.GenericScope [restartedMain] BeanFactory id=46cb0333-72b5-3c3a-9d41-0491bdaf997f
2024-01-29 13:35:20,676 [INFO] org.springframework.boot.web.embedded.tomcat.TomcatWebServer [restartedMain] Tomcat initialized with port(s): 8081 (http)
2024-01-29 13:35:20,677 [INFO] org.apache.catalina.core.StandardService [restartedMain] Starting service [Tomcat]
2024-01-29 13:35:20,677 [INFO] org.apache.catalina.core.StandardEngine [restartedMain] Starting Servlet engine: [Apache Tomcat/10.1.8]
2024-01-29 13:35:20,728 [INFO] org.apache.catalina.core.ContainerBase.[Tomcat].[localhost].[/] [restartedMain] Initializing Spring embedded WebApplicationContext
2024-01-29 13:35:20,728 [INFO] org.springframework.boot.web.servlet.context.ServletWebServerApplicationContext [restartedMain] Root WebApplicationContext: initialization completed in 894 ms
2024-01-29 13:35:21,068 [INFO] org.mongodb.driver.client [restartedMain] MongoClient with metadata {"driver": {"name": "mongo-java-driver|sync|spring-boot", "version": "4.8.2"}, "os": {"type": "Windows", "name": "Windows 11", "architecture": "amd64", "version": "10.0"}, "platform": "Java/Eclipse Adoptium/17.0.7+7"} created with settings MongoClientSettings{readPreference=primary, writeConcern=WriteConcern{w=null, wTimeout=null ms, journal=null}, retryWrites=true, retryReads=true, readConcern=ReadConcern{level=null}, credential=null, streamFactoryFactory=null, commandListeners=[io.micrometer.core.instrument.binder.mongodb.MongoMetricsCommandListener@82cef43], codecRegistry=ProvidersCodecRegistry{codecProviders=[ValueCodecProvider{}, BsonValueCodecProvider{}, DBRefCodecProvider{}, DBObjectCodecProvider{}, DocumentCodecProvider{}, CollectionCodecProvider{}, IterableCodecProvider{}, MapCodecProvider{}, GeoJsonCodecProvider{}, GridFSFileCodecProvider{}, Jsr310CodecProvider{}, JsonObjectCodecProvider{}, BsonCodecProvider{}, EnumCodecProvider{}, com.mongodb.Jep395RecordCodecProvider@a9532f3]}, clusterSettings={hosts=[localhost:27017], srvServiceName=mongodb, mode=SINGLE, requiredClusterType=UNKNOWN, requiredReplicaSetName='null', serverSelector='null', clusterListeners='[]', serverSelectionTimeout='30000 ms', localThreshold='30000 ms'}, socketSettings=SocketSettings{connectTimeoutMS=10000, readTimeoutMS=0, receiveBufferSize=0, sendBufferSize=0}, heartbeatSocketSettings=SocketSettings{connectTimeoutMS=10000, readTimeoutMS=10000, receiveBufferSize=0, sendBufferSize=0}, connectionPoolSettings=ConnectionPoolSettings{maxSize=100, minSize=0, maxWaitTimeMS=120000, maxConnectionLifeTimeMS=0, maxConnectionIdleTimeMS=0, maintenanceInitialDelayMS=0, maintenanceFrequencyMS=60000, connectionPoolListeners=[io.micrometer.core.instrument.binder.mongodb.MongoMetricsConnectionPoolListener@7ac5385], maxConnecting=2}, serverSettings=ServerSettings{heartbeatFrequencyMS=10000, minHeartbeatFrequencyMS=500, serverListeners='[]', serverMonitorListeners='[]'}, sslSettings=SslSettings{enabled=false, invalidHostNameAllowed=false, context=null}, applicationName='null', compressorList=[], uuidRepresentation=JAVA_LEGACY, serverApi=null, autoEncryptionSettings=null, contextProvider=null}
2024-01-29 13:35:21,076 [INFO] org.mongodb.driver.cluster [cluster-ClusterId{value='65b75c41e015b9435929e734', description='null'}-localhost:27017] Monitor thread successfully connected to server with description ServerDescription{address=localhost:27017, type=STANDALONE, state=CONNECTED, ok=true, minWireVersion=0, maxWireVersion=17, maxDocumentSize=16777216, logicalSessionTimeoutMinutes=30, roundTripTimeNanos=1705100}
2024-01-29 13:35:21,255 [WARN] org.springframework.boot.devtools.autoconfigure.OptionalLiveReloadServer [restartedMain] Unable to start LiveReload server
2024-01-29 13:35:22,074 [INFO] org.springframework.boot.actuate.endpoint.web.EndpointLinksResolver [restartedMain] Exposing 1 endpoint(s) beneath base path '/actuator'
2024-01-29 13:35:22,117 [INFO] org.springframework.security.web.DefaultSecurityFilterChain [restartedMain] Will secure any request with [org.springframework.security.web.session.DisableEncodeUrlFilter@5a947c56, org.springframework.security.web.context.request.async.WebAsyncManagerIntegrationFilter@1b907966, org.springframework.security.web.context.SecurityContextHolderFilter@5d62c9dd, org.springframework.security.web.header.HeaderWriterFilter@14c5b472, org.springframework.web.filter.CorsFilter@592fe99f, org.springframework.security.web.authentication.logout.LogoutFilter@34006be5, com.pms.doctor.service.Config.JwtAuthenticationFilter@692e3acf, org.springframework.security.web.savedrequest.RequestCacheAwareFilter@538c9c7e, org.springframework.security.web.servletapi.SecurityContextHolderAwareRequestFilter@5f73818d, org.springframework.security.web.authentication.AnonymousAuthenticationFilter@28be0f82, org.springframework.security.web.session.SessionManagementFilter@7211c01f, org.springframework.security.web.access.ExceptionTranslationFilter@4062494b, org.springframework.security.web.access.intercept.AuthorizationFilter@25dcfa32]
2024-01-29 13:35:22,643 [INFO] org.springframework.cloud.netflix.eureka.config.DiscoveryClientOptionalArgsConfiguration [restartedMain] Eureka HTTP Client uses RestTemplate.
2024-01-29 13:35:22,703 [WARN] org.springframework.cloud.loadbalancer.config.LoadBalancerCacheAutoConfiguration$LoadBalancerCaffeineWarnLogger [restartedMain] Spring Cloud LoadBalancer is currently working with the default cache. While this cache implementation is useful for development and tests, it's recommended to use Caffeine cache in production.You can switch to using Caffeine cache, by adding it and org.springframework.cache.caffeine.CaffeineCacheManager to the classpath.
2024-01-29 13:35:22,728 [INFO] org.springframework.cloud.netflix.eureka.InstanceInfoFactory [restartedMain] Setting initial instance status as: STARTING
2024-01-29 13:35:22,733 [INFO] com.netflix.discovery.DiscoveryClient [restartedMain] Initializing Eureka in region us-east-1
2024-01-29 13:35:22,733 [INFO] com.netflix.discovery.shared.resolver.aws.ConfigClusterResolver [restartedMain] Resolving eureka endpoints via configuration
2024-01-29 13:35:22,735 [INFO] com.netflix.discovery.DiscoveryClient [restartedMain] Disable delta property : false
2024-01-29 13:35:22,736 [INFO] com.netflix.discovery.DiscoveryClient [restartedMain] Single vip registry refresh property : null
2024-01-29 13:35:22,736 [INFO] com.netflix.discovery.DiscoveryClient [restartedMain] Force full registry fetch : false
2024-01-29 13:35:22,736 [INFO] com.netflix.discovery.DiscoveryClient [restartedMain] Application is null : false
2024-01-29 13:35:22,736 [INFO] com.netflix.discovery.DiscoveryClient [restartedMain] Registered Applications size is zero : true
2024-01-29 13:35:22,736 [INFO] com.netflix.discovery.DiscoveryClient [restartedMain] Application version is -1: true
2024-01-29 13:35:22,736 [INFO] com.netflix.discovery.DiscoveryClient [restartedMain] Getting all instance registry info from the eureka server
2024-01-29 13:35:22,764 [INFO] com.netflix.discovery.DiscoveryClient [restartedMain] The response status is 200
2024-01-29 13:35:22,765 [INFO] com.netflix.discovery.DiscoveryClient [restartedMain] Starting heartbeat executor: renew interval is: 30
2024-01-29 13:35:22,767 [INFO] com.netflix.discovery.InstanceInfoReplicator [restartedMain] InstanceInfoReplicator onDemand update allowed rate per min is 4
2024-01-29 13:35:22,770 [INFO] com.netflix.discovery.DiscoveryClient [restartedMain] Discovery Client initialized at timestamp 1706515522769 with initial instances count: 6
2024-01-29 13:35:22,780 [INFO] org.springframework.cloud.netflix.eureka.serviceregistry.EurekaServiceRegistry [restartedMain] Registering application DOCTOR-SERVICE with eureka with status UP
2024-01-29 13:35:22,781 [INFO] com.netflix.discovery.DiscoveryClient [restartedMain] Saw local status change event StatusChangeEvent [timestamp=1706515522781, current=UP, previous=STARTING]
2024-01-29 13:35:22,781 [INFO] com.netflix.discovery.DiscoveryClient [DiscoveryClient-InstanceInfoReplicator-0] DiscoveryClient_DOCTOR-SERVICE/LAPTOP-GFBQMQJH:doctor-service:8081: registering service...
2024-01-29 13:35:22,790 [INFO] org.springframework.boot.web.embedded.tomcat.TomcatWebServer [restartedMain] Tomcat started on port(s): 8081 (http) with context path ''
2024-01-29 13:35:22,791 [INFO] org.springframework.cloud.netflix.eureka.serviceregistry.EurekaAutoServiceRegistration [restartedMain] Updating port to 8081
2024-01-29 13:35:22,801 [INFO] com.netflix.discovery.DiscoveryClient [DiscoveryClient-InstanceInfoReplicator-0] DiscoveryClient_DOCTOR-SERVICE/LAPTOP-GFBQMQJH:doctor-service:8081 - registration status: 204
2024-01-29 13:35:22,902 [INFO] com.pms.doctor.service.DoctorServiceApplication [restartedMain] Started DoctorServiceApplication in 3.204 seconds (process running for 398.798)
2024-01-29 13:35:22,905 [INFO] org.springframework.boot.devtools.autoconfigure.ConditionEvaluationDeltaLoggingListener [restartedMain] Condition evaluation unchanged
2024-01-29 13:39:08,202 [INFO] org.apache.catalina.core.ContainerBase.[Tomcat].[localhost].[/] [http-nio-8081-exec-1] Initializing Spring DispatcherServlet 'dispatcherServlet'
2024-01-29 13:39:08,202 [INFO] org.springframework.web.servlet.DispatcherServlet [http-nio-8081-exec-1] Initializing Servlet 'dispatcherServlet'
2024-01-29 13:39:08,204 [INFO] org.springframework.web.servlet.DispatcherServlet [http-nio-8081-exec-1] Completed initialization in 2 ms
2024-01-29 13:39:08,212 [INFO] org.springframework.web.filter.OncePerRequestFilter [http-nio-8081-exec-2]  Header :  null
2024-01-29 13:39:08,213 [INFO] org.springframework.web.filter.OncePerRequestFilter [http-nio-8081-exec-2] Invalid Header Value !! 
2024-01-29 13:39:08,981 [INFO] org.springframework.web.filter.OncePerRequestFilter [http-nio-8081-exec-4]  Header :  Bearer eyJhbGciOiJIUzUxMiJ9.eyJzdWIiOiJteXNlbGZmb3IxMDJAZ21haWwuY29tIiwiaWF0IjoxNzA2NTE1NzQ4LCJleHAiOjE3MDY1MzM3NDh9.TRcia4BAK92HXJL0TU9EhmNuA1HQECxJkYXl01cNuxRfkRkxd1KgPbiLEvs6RqtrhJ1Mb9RH1ref52TcHSX9QA
2024-01-29 13:39:09,031 [INFO] org.springframework.web.filter.OncePerRequestFilter [http-nio-8081-exec-5]  Header :  Bearer eyJhbGciOiJIUzUxMiJ9.eyJzdWIiOiJteXNlbGZmb3IxMDJAZ21haWwuY29tIiwiaWF0IjoxNzA2NTE1NzQ4LCJleHAiOjE3MDY1MzM3NDh9.TRcia4BAK92HXJL0TU9EhmNuA1HQECxJkYXl01cNuxRfkRkxd1KgPbiLEvs6RqtrhJ1Mb9RH1ref52TcHSX9QA
2024-01-29 13:39:09,043 [INFO] org.springframework.web.filter.OncePerRequestFilter [http-nio-8081-exec-8]  Header :  Bearer eyJhbGciOiJIUzUxMiJ9.eyJzdWIiOiJteXNlbGZmb3IxMDJAZ21haWwuY29tIiwiaWF0IjoxNzA2NTE1NzQ4LCJleHAiOjE3MDY1MzM3NDh9.TRcia4BAK92HXJL0TU9EhmNuA1HQECxJkYXl01cNuxRfkRkxd1KgPbiLEvs6RqtrhJ1Mb9RH1ref52TcHSX9QA
2024-01-29 13:39:09,095 [INFO] org.springframework.web.filter.OncePerRequestFilter [http-nio-8081-exec-9]  Header :  Bearer eyJhbGciOiJIUzUxMiJ9.eyJzdWIiOiJteXNlbGZmb3IxMDJAZ21haWwuY29tIiwiaWF0IjoxNzA2NTE1NzQ4LCJleHAiOjE3MDY1MzM3NDh9.TRcia4BAK92HXJL0TU9EhmNuA1HQECxJkYXl01cNuxRfkRkxd1KgPbiLEvs6RqtrhJ1Mb9RH1ref52TcHSX9QA
2024-01-29 13:39:09,103 [INFO] org.springframework.web.filter.OncePerRequestFilter [http-nio-8081-exec-3]  Header :  Bearer eyJhbGciOiJIUzUxMiJ9.eyJzdWIiOiJteXNlbGZmb3IxMDJAZ21haWwuY29tIiwiaWF0IjoxNzA2NTE1NzQ4LCJleHAiOjE3MDY1MzM3NDh9.TRcia4BAK92HXJL0TU9EhmNuA1HQECxJkYXl01cNuxRfkRkxd1KgPbiLEvs6RqtrhJ1Mb9RH1ref52TcHSX9QA
2024-01-29 13:39:09,198 [INFO] org.springframework.web.filter.OncePerRequestFilter [http-nio-8081-exec-6]  Header :  Bearer eyJhbGciOiJIUzUxMiJ9.eyJzdWIiOiJteXNlbGZmb3IxMDJAZ21haWwuY29tIiwiaWF0IjoxNzA2NTE1NzQ4LCJleHAiOjE3MDY1MzM3NDh9.TRcia4BAK92HXJL0TU9EhmNuA1HQECxJkYXl01cNuxRfkRkxd1KgPbiLEvs6RqtrhJ1Mb9RH1ref52TcHSX9QA
2024-01-29 13:39:14,692 [INFO] org.springframework.web.filter.OncePerRequestFilter [http-nio-8081-exec-7]  Header :  Bearer eyJhbGciOiJIUzUxMiJ9.eyJzdWIiOiJteXNlbGZmb3IxMDJAZ21haWwuY29tIiwiaWF0IjoxNzA2NTE1NzQ4LCJleHAiOjE3MDY1MzM3NDh9.TRcia4BAK92HXJL0TU9EhmNuA1HQECxJkYXl01cNuxRfkRkxd1KgPbiLEvs6RqtrhJ1Mb9RH1ref52TcHSX9QA
2024-01-29 13:39:14,713 [INFO] org.springframework.web.filter.OncePerRequestFilter [http-nio-8081-exec-10]  Header :  Bearer eyJhbGciOiJIUzUxMiJ9.eyJzdWIiOiJteXNlbGZmb3IxMDJAZ21haWwuY29tIiwiaWF0IjoxNzA2NTE1NzQ4LCJleHAiOjE3MDY1MzM3NDh9.TRcia4BAK92HXJL0TU9EhmNuA1HQECxJkYXl01cNuxRfkRkxd1KgPbiLEvs6RqtrhJ1Mb9RH1ref52TcHSX9QA
2024-01-29 13:39:14,720 [INFO] org.springframework.web.filter.OncePerRequestFilter [http-nio-8081-exec-1]  Header :  Bearer eyJhbGciOiJIUzUxMiJ9.eyJzdWIiOiJteXNlbGZmb3IxMDJAZ21haWwuY29tIiwiaWF0IjoxNzA2NTE1NzQ4LCJleHAiOjE3MDY1MzM3NDh9.TRcia4BAK92HXJL0TU9EhmNuA1HQECxJkYXl01cNuxRfkRkxd1KgPbiLEvs6RqtrhJ1Mb9RH1ref52TcHSX9QA
2024-01-29 13:39:14,744 [INFO] org.springframework.web.filter.OncePerRequestFilter [http-nio-8081-exec-2]  Header :  Bearer eyJhbGciOiJIUzUxMiJ9.eyJzdWIiOiJteXNlbGZmb3IxMDJAZ21haWwuY29tIiwiaWF0IjoxNzA2NTE1NzQ4LCJleHAiOjE3MDY1MzM3NDh9.TRcia4BAK92HXJL0TU9EhmNuA1HQECxJkYXl01cNuxRfkRkxd1KgPbiLEvs6RqtrhJ1Mb9RH1ref52TcHSX9QA
2024-01-29 13:39:14,749 [INFO] org.springframework.web.filter.OncePerRequestFilter [http-nio-8081-exec-4]  Header :  Bearer eyJhbGciOiJIUzUxMiJ9.eyJzdWIiOiJteXNlbGZmb3IxMDJAZ21haWwuY29tIiwiaWF0IjoxNzA2NTE1NzQ4LCJleHAiOjE3MDY1MzM3NDh9.TRcia4BAK92HXJL0TU9EhmNuA1HQECxJkYXl01cNuxRfkRkxd1KgPbiLEvs6RqtrhJ1Mb9RH1ref52TcHSX9QA
2024-01-29 13:39:14,777 [INFO] org.springframework.web.filter.OncePerRequestFilter [http-nio-8081-exec-5]  Header :  Bearer eyJhbGciOiJIUzUxMiJ9.eyJzdWIiOiJteXNlbGZmb3IxMDJAZ21haWwuY29tIiwiaWF0IjoxNzA2NTE1NzQ4LCJleHAiOjE3MDY1MzM3NDh9.TRcia4BAK92HXJL0TU9EhmNuA1HQECxJkYXl01cNuxRfkRkxd1KgPbiLEvs6RqtrhJ1Mb9RH1ref52TcHSX9QA
2024-01-29 13:39:24,624 [INFO] org.springframework.web.filter.OncePerRequestFilter [http-nio-8081-exec-8]  Header :  Bearer eyJhbGciOiJIUzUxMiJ9.eyJzdWIiOiJteXNlbGZmb3IxMDJAZ21haWwuY29tIiwiaWF0IjoxNzA2NTE1NzQ4LCJleHAiOjE3MDY1MzM3NDh9.TRcia4BAK92HXJL0TU9EhmNuA1HQECxJkYXl01cNuxRfkRkxd1KgPbiLEvs6RqtrhJ1Mb9RH1ref52TcHSX9QA
2024-01-29 13:39:54,047 [INFO] org.springframework.web.filter.OncePerRequestFilter [http-nio-8081-exec-9]  Header :  Bearer eyJhbGciOiJIUzUxMiJ9.eyJzdWIiOiJteXNlbGZmb3IxMDJAZ21haWwuY29tIiwiaWF0IjoxNzA2NTE1NzQ4LCJleHAiOjE3MDY1MzM3NDh9.TRcia4BAK92HXJL0TU9EhmNuA1HQECxJkYXl01cNuxRfkRkxd1KgPbiLEvs6RqtrhJ1Mb9RH1ref52TcHSX9QA
2024-01-29 13:39:54,132 [INFO] org.springframework.web.filter.OncePerRequestFilter [http-nio-8081-exec-3]  Header :  Bearer eyJhbGciOiJIUzUxMiJ9.eyJzdWIiOiJteXNlbGZmb3IxMDJAZ21haWwuY29tIiwiaWF0IjoxNzA2NTE1NzQ4LCJleHAiOjE3MDY1MzM3NDh9.TRcia4BAK92HXJL0TU9EhmNuA1HQECxJkYXl01cNuxRfkRkxd1KgPbiLEvs6RqtrhJ1Mb9RH1ref52TcHSX9QA
2024-01-29 13:39:54,159 [INFO] org.springframework.web.filter.OncePerRequestFilter [http-nio-8081-exec-6]  Header :  Bearer eyJhbGciOiJIUzUxMiJ9.eyJzdWIiOiJteXNlbGZmb3IxMDJAZ21haWwuY29tIiwiaWF0IjoxNzA2NTE1NzQ4LCJleHAiOjE3MDY1MzM3NDh9.TRcia4BAK92HXJL0TU9EhmNuA1HQECxJkYXl01cNuxRfkRkxd1KgPbiLEvs6RqtrhJ1Mb9RH1ref52TcHSX9QA
2024-01-29 13:40:02,178 [INFO] org.springframework.web.filter.OncePerRequestFilter [http-nio-8081-exec-7]  Header :  Bearer eyJhbGciOiJIUzUxMiJ9.eyJzdWIiOiJteXNlbGZmb3IxMDJAZ21haWwuY29tIiwiaWF0IjoxNzA2NTE1NzQ4LCJleHAiOjE3MDY1MzM3NDh9.TRcia4BAK92HXJL0TU9EhmNuA1HQECxJkYXl01cNuxRfkRkxd1KgPbiLEvs6RqtrhJ1Mb9RH1ref52TcHSX9QA
2024-01-29 13:40:02,208 [INFO] org.springframework.web.filter.OncePerRequestFilter [http-nio-8081-exec-10]  Header :  Bearer eyJhbGciOiJIUzUxMiJ9.eyJzdWIiOiJteXNlbGZmb3IxMDJAZ21haWwuY29tIiwiaWF0IjoxNzA2NTE1NzQ4LCJleHAiOjE3MDY1MzM3NDh9.TRcia4BAK92HXJL0TU9EhmNuA1HQECxJkYXl01cNuxRfkRkxd1KgPbiLEvs6RqtrhJ1Mb9RH1ref52TcHSX9QA
2024-01-29 13:40:02,220 [INFO] org.springframework.web.filter.OncePerRequestFilter [http-nio-8081-exec-1]  Header :  Bearer eyJhbGciOiJIUzUxMiJ9.eyJzdWIiOiJteXNlbGZmb3IxMDJAZ21haWwuY29tIiwiaWF0IjoxNzA2NTE1NzQ4LCJleHAiOjE3MDY1MzM3NDh9.TRcia4BAK92HXJL0TU9EhmNuA1HQECxJkYXl01cNuxRfkRkxd1KgPbiLEvs6RqtrhJ1Mb9RH1ref52TcHSX9QA
2024-01-29 13:40:02,240 [INFO] org.springframework.web.filter.OncePerRequestFilter [http-nio-8081-exec-2]  Header :  Bearer eyJhbGciOiJIUzUxMiJ9.eyJzdWIiOiJteXNlbGZmb3IxMDJAZ21haWwuY29tIiwiaWF0IjoxNzA2NTE1NzQ4LCJleHAiOjE3MDY1MzM3NDh9.TRcia4BAK92HXJL0TU9EhmNuA1HQECxJkYXl01cNuxRfkRkxd1KgPbiLEvs6RqtrhJ1Mb9RH1ref52TcHSX9QA
2024-01-29 13:40:02,250 [INFO] org.springframework.web.filter.OncePerRequestFilter [http-nio-8081-exec-4]  Header :  Bearer eyJhbGciOiJIUzUxMiJ9.eyJzdWIiOiJteXNlbGZmb3IxMDJAZ21haWwuY29tIiwiaWF0IjoxNzA2NTE1NzQ4LCJleHAiOjE3MDY1MzM3NDh9.TRcia4BAK92HXJL0TU9EhmNuA1HQECxJkYXl01cNuxRfkRkxd1KgPbiLEvs6RqtrhJ1Mb9RH1ref52TcHSX9QA
2024-01-29 13:40:02,279 [INFO] org.springframework.web.filter.OncePerRequestFilter [http-nio-8081-exec-5]  Header :  Bearer eyJhbGciOiJIUzUxMiJ9.eyJzdWIiOiJteXNlbGZmb3IxMDJAZ21haWwuY29tIiwiaWF0IjoxNzA2NTE1NzQ4LCJleHAiOjE3MDY1MzM3NDh9.TRcia4BAK92HXJL0TU9EhmNuA1HQECxJkYXl01cNuxRfkRkxd1KgPbiLEvs6RqtrhJ1Mb9RH1ref52TcHSX9QA
2024-01-29 13:40:22,745 [INFO] com.netflix.discovery.shared.resolver.aws.ConfigClusterResolver [AsyncResolver-bootstrap-executor-0] Resolving eureka endpoints via configuration
2024-01-29 13:40:58,831 [INFO] org.springframework.web.filter.OncePerRequestFilter [http-nio-8081-exec-3]  Header :  Bearer eyJhbGciOiJIUzUxMiJ9.eyJzdWIiOiJteXNlbGZmb3IxMDJAZ21haWwuY29tIiwiaWF0IjoxNzA2NTE1MzQ4LCJleHAiOjE3MDY1MzMzNDh9.1lQX6MCiH0zibiHOrjoD902AWJ8aQyoJhqIoHZtm9XUWZtgXjHmPGtNBs7uhbE7VHfUzh_zx5Ca94x8JZ0ZB0A
2024-01-29 13:41:38,642 [INFO] org.springframework.boot.devtools.autoconfigure.LocalDevToolsAutoConfiguration$RestartingClassPathChangeChangedEventListener [File Watcher] Restarting due to 1 class path change (0 additions, 0 deletions, 1 modification)
2024-01-29 13:41:39,609 [INFO] org.springframework.cloud.netflix.eureka.serviceregistry.EurekaServiceRegistry [Thread-13] Unregistering application DOCTOR-SERVICE with eureka with status DOWN
2024-01-29 13:41:39,609 [INFO] com.netflix.discovery.DiscoveryClient [Thread-13] Saw local status change event StatusChangeEvent [timestamp=1706515899609, current=DOWN, previous=UP]
2024-01-29 13:41:39,609 [INFO] com.netflix.discovery.DiscoveryClient [DiscoveryClient-InstanceInfoReplicator-0] DiscoveryClient_DOCTOR-SERVICE/LAPTOP-GFBQMQJH:doctor-service:8081: registering service...
2024-01-29 13:41:39,614 [INFO] com.netflix.discovery.DiscoveryClient [DiscoveryClient-InstanceInfoReplicator-0] DiscoveryClient_DOCTOR-SERVICE/LAPTOP-GFBQMQJH:doctor-service:8081 - registration status: 204
2024-01-29 13:41:39,620 [INFO] org.apache.catalina.core.StandardService [Thread-13] Stopping service [Tomcat]
2024-01-29 13:41:39,620 [INFO] org.apache.catalina.core.ContainerBase.[Tomcat].[localhost].[/] [Thread-13] Destroying Spring FrameworkServlet 'dispatcherServlet'
2024-01-29 13:41:39,623 [WARN] org.apache.catalina.loader.WebappClassLoaderBase [Thread-13] The web application [ROOT] appears to have started a thread named [cluster-ClusterId{value='65b75c41e015b9435929e734', description='null'}-localhost:27017] but has failed to stop it. This is very likely to create a memory leak. Stack trace of thread:
 java.base@17.0.7/sun.nio.ch.Net.poll(Native Method)
 java.base@17.0.7/sun.nio.ch.NioSocketImpl.park(NioSocketImpl.java:181)
 java.base@17.0.7/sun.nio.ch.NioSocketImpl.timedRead(NioSocketImpl.java:285)
 java.base@17.0.7/sun.nio.ch.NioSocketImpl.implRead(NioSocketImpl.java:309)
 java.base@17.0.7/sun.nio.ch.NioSocketImpl.read(NioSocketImpl.java:350)
 java.base@17.0.7/sun.nio.ch.NioSocketImpl$1.read(NioSocketImpl.java:803)
 java.base@17.0.7/java.net.Socket$SocketInputStream.read(Socket.java:966)
 app//com.mongodb.internal.connection.SocketStream.read(SocketStream.java:113)
 app//com.mongodb.internal.connection.SocketStream.read(SocketStream.java:138)
 app//com.mongodb.internal.connection.InternalStreamConnection.receiveResponseBuffers(InternalStreamConnection.java:716)
 app//com.mongodb.internal.connection.InternalStreamConnection.receiveMessageWithAdditionalTimeout(InternalStreamConnection.java:574)
 app//com.mongodb.internal.connection.InternalStreamConnection.receiveCommandMessageResponse(InternalStreamConnection.java:413)
 app//com.mongodb.internal.connection.InternalStreamConnection.receive(InternalStreamConnection.java:372)
 app//com.mongodb.internal.connection.DefaultServerMonitor$ServerMonitorRunnable.lookupServerDescription(DefaultServerMonitor.java:226)
 app//com.mongodb.internal.connection.DefaultServerMonitor$ServerMonitorRunnable.run(DefaultServerMonitor.java:158)
 java.base@17.0.7/java.lang.Thread.run(Thread.java:833)
2024-01-29 13:41:39,624 [WARN] org.apache.catalina.loader.WebappClassLoaderBase [Thread-13] The web application [ROOT] appears to have started a thread named [cluster-rtt-ClusterId{value='65b75c41e015b9435929e734', description='null'}-localhost:27017] but has failed to stop it. This is very likely to create a memory leak. Stack trace of thread:
 java.base@17.0.7/java.lang.Thread.sleep(Native Method)
 app//com.mongodb.internal.connection.DefaultServerMonitor.waitForNext(DefaultServerMonitor.java:448)
 app//com.mongodb.internal.connection.DefaultServerMonitor.access$1500(DefaultServerMonitor.java:65)
 app//com.mongodb.internal.connection.DefaultServerMonitor$RoundTripTimeRunnable.run(DefaultServerMonitor.java:420)
 java.base@17.0.7/java.lang.Thread.run(Thread.java:833)
2024-01-29 13:41:39,625 [WARN] org.apache.catalina.loader.WebappClassLoaderBase [Thread-13] The web application [ROOT] appears to have started a thread named [MaintenanceTimer-4-thread-1] but has failed to stop it. This is very likely to create a memory leak. Stack trace of thread:
 java.base@17.0.7/jdk.internal.misc.Unsafe.park(Native Method)
 java.base@17.0.7/java.util.concurrent.locks.LockSupport.parkNanos(LockSupport.java:252)
 java.base@17.0.7/java.util.concurrent.locks.AbstractQueuedSynchronizer$ConditionObject.awaitNanos(AbstractQueuedSynchronizer.java:1672)
 java.base@17.0.7/java.util.concurrent.ScheduledThreadPoolExecutor$DelayedWorkQueue.take(ScheduledThreadPoolExecutor.java:1182)
 java.base@17.0.7/java.util.concurrent.ScheduledThreadPoolExecutor$DelayedWorkQueue.take(ScheduledThreadPoolExecutor.java:899)
 java.base@17.0.7/java.util.concurrent.ThreadPoolExecutor.getTask(ThreadPoolExecutor.java:1062)
 java.base@17.0.7/java.util.concurrent.ThreadPoolExecutor.runWorker(ThreadPoolExecutor.java:1122)
 java.base@17.0.7/java.util.concurrent.ThreadPoolExecutor$Worker.run(ThreadPoolExecutor.java:635)
 java.base@17.0.7/java.lang.Thread.run(Thread.java:833)
2024-01-29 13:41:39,635 [INFO] com.netflix.discovery.DiscoveryClient [Thread-13] Shutting down DiscoveryClient ...
2024-01-29 13:41:42,641 [INFO] com.netflix.discovery.DiscoveryClient [Thread-13] Unregistering ...
2024-01-29 13:41:42,645 [INFO] com.netflix.discovery.DiscoveryClient [Thread-13] DiscoveryClient_DOCTOR-SERVICE/LAPTOP-GFBQMQJH:doctor-service:8081 - deregister  status: 200
2024-01-29 13:41:42,648 [INFO] com.netflix.discovery.DiscoveryClient [Thread-13] Completed shut down of DiscoveryClient
2024-01-29 13:41:42,840 [INFO] com.pms.doctor.service.DoctorServiceApplication [restartedMain] Starting DoctorServiceApplication using Java 17.0.7 with PID 11216 (C:\Users\rahul\Desktop\PMS UPdate\Pharmacy-Management-System\Doctor-Service\Doctor-Service\target\classes started by rahul in C:\Users\rahul\Desktop\PMS UPdate\Pharmacy-Management-System\Doctor-Service\Doctor-Service)
2024-01-29 13:41:42,840 [INFO] com.pms.doctor.service.DoctorServiceApplication [restartedMain] No active profile set, falling back to 1 default profile: "default"
2024-01-29 13:41:43,286 [INFO] org.springframework.data.repository.config.RepositoryConfigurationDelegate [restartedMain] Bootstrapping Spring Data MongoDB repositories in DEFAULT mode.
2024-01-29 13:41:43,311 [INFO] org.springframework.data.repository.config.RepositoryConfigurationDelegate [restartedMain] Finished Spring Data repository scanning in 24 ms. Found 4 MongoDB repository interfaces.
2024-01-29 13:41:43,441 [INFO] org.springframework.cloud.context.scope.GenericScope [restartedMain] BeanFactory id=46cb0333-72b5-3c3a-9d41-0491bdaf997f
2024-01-29 13:41:43,594 [INFO] org.springframework.boot.web.embedded.tomcat.TomcatWebServer [restartedMain] Tomcat initialized with port(s): 8081 (http)
2024-01-29 13:41:43,594 [INFO] org.apache.catalina.core.StandardService [restartedMain] Starting service [Tomcat]
2024-01-29 13:41:43,595 [INFO] org.apache.catalina.core.StandardEngine [restartedMain] Starting Servlet engine: [Apache Tomcat/10.1.8]
2024-01-29 13:41:43,630 [INFO] org.apache.catalina.core.ContainerBase.[Tomcat].[localhost].[/] [restartedMain] Initializing Spring embedded WebApplicationContext
2024-01-29 13:41:43,631 [INFO] org.springframework.boot.web.servlet.context.ServletWebServerApplicationContext [restartedMain] Root WebApplicationContext: initialization completed in 788 ms
2024-01-29 13:41:43,853 [INFO] org.mongodb.driver.client [restartedMain] MongoClient with metadata {"driver": {"name": "mongo-java-driver|sync|spring-boot", "version": "4.8.2"}, "os": {"type": "Windows", "name": "Windows 11", "architecture": "amd64", "version": "10.0"}, "platform": "Java/Eclipse Adoptium/17.0.7+7"} created with settings MongoClientSettings{readPreference=primary, writeConcern=WriteConcern{w=null, wTimeout=null ms, journal=null}, retryWrites=true, retryReads=true, readConcern=ReadConcern{level=null}, credential=null, streamFactoryFactory=null, commandListeners=[io.micrometer.core.instrument.binder.mongodb.MongoMetricsCommandListener@953070d], codecRegistry=ProvidersCodecRegistry{codecProviders=[ValueCodecProvider{}, BsonValueCodecProvider{}, DBRefCodecProvider{}, DBObjectCodecProvider{}, DocumentCodecProvider{}, CollectionCodecProvider{}, IterableCodecProvider{}, MapCodecProvider{}, GeoJsonCodecProvider{}, GridFSFileCodecProvider{}, Jsr310CodecProvider{}, JsonObjectCodecProvider{}, BsonCodecProvider{}, EnumCodecProvider{}, com.mongodb.Jep395RecordCodecProvider@a9532f3]}, clusterSettings={hosts=[localhost:27017], srvServiceName=mongodb, mode=SINGLE, requiredClusterType=UNKNOWN, requiredReplicaSetName='null', serverSelector='null', clusterListeners='[]', serverSelectionTimeout='30000 ms', localThreshold='30000 ms'}, socketSettings=SocketSettings{connectTimeoutMS=10000, readTimeoutMS=0, receiveBufferSize=0, sendBufferSize=0}, heartbeatSocketSettings=SocketSettings{connectTimeoutMS=10000, readTimeoutMS=10000, receiveBufferSize=0, sendBufferSize=0}, connectionPoolSettings=ConnectionPoolSettings{maxSize=100, minSize=0, maxWaitTimeMS=120000, maxConnectionLifeTimeMS=0, maxConnectionIdleTimeMS=0, maintenanceInitialDelayMS=0, maintenanceFrequencyMS=60000, connectionPoolListeners=[io.micrometer.core.instrument.binder.mongodb.MongoMetricsConnectionPoolListener@5219955a], maxConnecting=2}, serverSettings=ServerSettings{heartbeatFrequencyMS=10000, minHeartbeatFrequencyMS=500, serverListeners='[]', serverMonitorListeners='[]'}, sslSettings=SslSettings{enabled=false, invalidHostNameAllowed=false, context=null}, applicationName='null', compressorList=[], uuidRepresentation=JAVA_LEGACY, serverApi=null, autoEncryptionSettings=null, contextProvider=null}
2024-01-29 13:41:43,855 [INFO] org.mongodb.driver.cluster [cluster-ClusterId{value='65b75dbfe015b9435929e735', description='null'}-localhost:27017] Monitor thread successfully connected to server with description ServerDescription{address=localhost:27017, type=STANDALONE, state=CONNECTED, ok=true, minWireVersion=0, maxWireVersion=17, maxDocumentSize=16777216, logicalSessionTimeoutMinutes=30, roundTripTimeNanos=1949200}
2024-01-29 13:41:44,006 [WARN] org.springframework.boot.devtools.autoconfigure.OptionalLiveReloadServer [restartedMain] Unable to start LiveReload server
2024-01-29 13:41:44,660 [INFO] org.springframework.boot.actuate.endpoint.web.EndpointLinksResolver [restartedMain] Exposing 1 endpoint(s) beneath base path '/actuator'
2024-01-29 13:41:44,695 [INFO] org.springframework.security.web.DefaultSecurityFilterChain [restartedMain] Will secure any request with [org.springframework.security.web.session.DisableEncodeUrlFilter@34ca8220, org.springframework.security.web.context.request.async.WebAsyncManagerIntegrationFilter@442b5163, org.springframework.security.web.context.SecurityContextHolderFilter@56296755, org.springframework.security.web.header.HeaderWriterFilter@222395fe, org.springframework.web.filter.CorsFilter@47d96d3e, org.springframework.security.web.authentication.logout.LogoutFilter@2256c9c4, com.pms.doctor.service.Config.JwtAuthenticationFilter@24091da6, org.springframework.security.web.savedrequest.RequestCacheAwareFilter@6b869ce5, org.springframework.security.web.servletapi.SecurityContextHolderAwareRequestFilter@262cc821, org.springframework.security.web.authentication.AnonymousAuthenticationFilter@66b3e76, org.springframework.security.web.session.SessionManagementFilter@39c67596, org.springframework.security.web.access.ExceptionTranslationFilter@26f45c7b, org.springframework.security.web.access.intercept.AuthorizationFilter@4cd6694a]
2024-01-29 13:41:45,220 [INFO] org.springframework.cloud.netflix.eureka.config.DiscoveryClientOptionalArgsConfiguration [restartedMain] Eureka HTTP Client uses RestTemplate.
2024-01-29 13:41:45,285 [WARN] org.springframework.cloud.loadbalancer.config.LoadBalancerCacheAutoConfiguration$LoadBalancerCaffeineWarnLogger [restartedMain] Spring Cloud LoadBalancer is currently working with the default cache. While this cache implementation is useful for development and tests, it's recommended to use Caffeine cache in production.You can switch to using Caffeine cache, by adding it and org.springframework.cache.caffeine.CaffeineCacheManager to the classpath.
2024-01-29 13:41:45,311 [INFO] org.springframework.cloud.netflix.eureka.InstanceInfoFactory [restartedMain] Setting initial instance status as: STARTING
2024-01-29 13:41:45,318 [INFO] com.netflix.discovery.DiscoveryClient [restartedMain] Initializing Eureka in region us-east-1
2024-01-29 13:41:45,318 [INFO] com.netflix.discovery.shared.resolver.aws.ConfigClusterResolver [restartedMain] Resolving eureka endpoints via configuration
2024-01-29 13:41:45,320 [INFO] com.netflix.discovery.DiscoveryClient [restartedMain] Disable delta property : false
2024-01-29 13:41:45,320 [INFO] com.netflix.discovery.DiscoveryClient [restartedMain] Single vip registry refresh property : null
2024-01-29 13:41:45,320 [INFO] com.netflix.discovery.DiscoveryClient [restartedMain] Force full registry fetch : false
2024-01-29 13:41:45,320 [INFO] com.netflix.discovery.DiscoveryClient [restartedMain] Application is null : false
2024-01-29 13:41:45,320 [INFO] com.netflix.discovery.DiscoveryClient [restartedMain] Registered Applications size is zero : true
2024-01-29 13:41:45,320 [INFO] com.netflix.discovery.DiscoveryClient [restartedMain] Application version is -1: true
2024-01-29 13:41:45,320 [INFO] com.netflix.discovery.DiscoveryClient [restartedMain] Getting all instance registry info from the eureka server
2024-01-29 13:41:45,345 [INFO] com.netflix.discovery.DiscoveryClient [restartedMain] The response status is 200
2024-01-29 13:41:45,346 [INFO] com.netflix.discovery.DiscoveryClient [restartedMain] Starting heartbeat executor: renew interval is: 30
2024-01-29 13:41:45,347 [INFO] com.netflix.discovery.InstanceInfoReplicator [restartedMain] InstanceInfoReplicator onDemand update allowed rate per min is 4
2024-01-29 13:41:45,349 [INFO] com.netflix.discovery.DiscoveryClient [restartedMain] Discovery Client initialized at timestamp 1706515905349 with initial instances count: 6
2024-01-29 13:41:45,360 [INFO] org.springframework.cloud.netflix.eureka.serviceregistry.EurekaServiceRegistry [restartedMain] Registering application DOCTOR-SERVICE with eureka with status UP
2024-01-29 13:41:45,360 [INFO] com.netflix.discovery.DiscoveryClient [restartedMain] Saw local status change event StatusChangeEvent [timestamp=1706515905360, current=UP, previous=STARTING]
2024-01-29 13:41:45,360 [INFO] com.netflix.discovery.DiscoveryClient [DiscoveryClient-InstanceInfoReplicator-0] DiscoveryClient_DOCTOR-SERVICE/LAPTOP-GFBQMQJH:doctor-service:8081: registering service...
2024-01-29 13:41:45,365 [INFO] org.springframework.boot.web.embedded.tomcat.TomcatWebServer [restartedMain] Tomcat started on port(s): 8081 (http) with context path ''
2024-01-29 13:41:45,366 [INFO] org.springframework.cloud.netflix.eureka.serviceregistry.EurekaAutoServiceRegistration [restartedMain] Updating port to 8081
2024-01-29 13:41:45,381 [INFO] com.netflix.discovery.DiscoveryClient [DiscoveryClient-InstanceInfoReplicator-0] DiscoveryClient_DOCTOR-SERVICE/LAPTOP-GFBQMQJH:doctor-service:8081 - registration status: 204
2024-01-29 13:41:45,472 [INFO] com.pms.doctor.service.DoctorServiceApplication [restartedMain] Started DoctorServiceApplication in 2.75 seconds (process running for 781.368)
2024-01-29 13:41:45,475 [INFO] org.springframework.boot.devtools.autoconfigure.ConditionEvaluationDeltaLoggingListener [restartedMain] Condition evaluation unchanged
2024-01-29 13:42:04,728 [INFO] org.apache.catalina.core.ContainerBase.[Tomcat].[localhost].[/] [http-nio-8081-exec-2] Initializing Spring DispatcherServlet 'dispatcherServlet'
2024-01-29 13:42:04,728 [INFO] org.springframework.web.servlet.DispatcherServlet [http-nio-8081-exec-2] Initializing Servlet 'dispatcherServlet'
2024-01-29 13:42:04,729 [INFO] org.springframework.web.servlet.DispatcherServlet [http-nio-8081-exec-2] Completed initialization in 1 ms
2024-01-29 13:42:04,730 [INFO] org.springframework.web.filter.OncePerRequestFilter [http-nio-8081-exec-2]  Header :  Bearer eyJhbGciOiJIUzUxMiJ9.eyJzdWIiOiJteXNlbGZmb3IxMDJAZ21haWwuY29tIiwiaWF0IjoxNzA2NTE1MzQ4LCJleHAiOjE3MDY1MzMzNDh9.1lQX6MCiH0zibiHOrjoD902AWJ8aQyoJhqIoHZtm9XUWZtgXjHmPGtNBs7uhbE7VHfUzh_zx5Ca94x8JZ0ZB0A
2024-01-29 13:42:41,799 [INFO] org.springframework.web.filter.OncePerRequestFilter [http-nio-8081-exec-5]  Header :  Bearer eyJhbGciOiJIUzUxMiJ9.eyJzdWIiOiJteXNlbGZmb3IxMDJAZ21haWwuY29tIiwiaWF0IjoxNzA2NTE1MzQ4LCJleHAiOjE3MDY1MzMzNDh9.1lQX6MCiH0zibiHOrjoD902AWJ8aQyoJhqIoHZtm9XUWZtgXjHmPGtNBs7uhbE7VHfUzh_zx5Ca94x8JZ0ZB0A
2024-01-29 13:46:45,332 [INFO] com.netflix.discovery.shared.resolver.aws.ConfigClusterResolver [AsyncResolver-bootstrap-executor-0] Resolving eureka endpoints via configuration
2024-01-29 13:51:45,346 [INFO] com.netflix.discovery.shared.resolver.aws.ConfigClusterResolver [AsyncResolver-bootstrap-executor-0] Resolving eureka endpoints via configuration
2024-01-29 13:52:23,571 [INFO] org.springframework.web.filter.OncePerRequestFilter [http-nio-8081-exec-9]  Header :  null
2024-01-29 13:52:23,572 [INFO] org.springframework.web.filter.OncePerRequestFilter [http-nio-8081-exec-9] Invalid Header Value !! 
2024-01-29 13:52:23,799 [INFO] org.springframework.web.filter.OncePerRequestFilter [http-nio-8081-exec-3]  Header :  Bearer eyJhbGciOiJIUzUxMiJ9.eyJzdWIiOiJteXNlbGZmb3IxMDJAZ21haWwuY29tIiwiaWF0IjoxNzA2NTE2NTQzLCJleHAiOjE3MDY1MzQ1NDN9.Ku9ohuN5d3fp5YBSz90SX4qTaRWM0JE5gXE3Wf3h2K5grLAb4OwtNmCh0xFzYOA8RAawAiPtIyEUz0XULSNZNg
2024-01-29 13:52:23,825 [INFO] org.springframework.web.filter.OncePerRequestFilter [http-nio-8081-exec-4]  Header :  Bearer eyJhbGciOiJIUzUxMiJ9.eyJzdWIiOiJteXNlbGZmb3IxMDJAZ21haWwuY29tIiwiaWF0IjoxNzA2NTE2NTQzLCJleHAiOjE3MDY1MzQ1NDN9.Ku9ohuN5d3fp5YBSz90SX4qTaRWM0JE5gXE3Wf3h2K5grLAb4OwtNmCh0xFzYOA8RAawAiPtIyEUz0XULSNZNg
2024-01-29 13:52:23,834 [INFO] org.springframework.web.filter.OncePerRequestFilter [http-nio-8081-exec-8]  Header :  Bearer eyJhbGciOiJIUzUxMiJ9.eyJzdWIiOiJteXNlbGZmb3IxMDJAZ21haWwuY29tIiwiaWF0IjoxNzA2NTE2NTQzLCJleHAiOjE3MDY1MzQ1NDN9.Ku9ohuN5d3fp5YBSz90SX4qTaRWM0JE5gXE3Wf3h2K5grLAb4OwtNmCh0xFzYOA8RAawAiPtIyEUz0XULSNZNg
2024-01-29 13:52:23,857 [INFO] org.springframework.web.filter.OncePerRequestFilter [http-nio-8081-exec-7]  Header :  Bearer eyJhbGciOiJIUzUxMiJ9.eyJzdWIiOiJteXNlbGZmb3IxMDJAZ21haWwuY29tIiwiaWF0IjoxNzA2NTE2NTQzLCJleHAiOjE3MDY1MzQ1NDN9.Ku9ohuN5d3fp5YBSz90SX4qTaRWM0JE5gXE3Wf3h2K5grLAb4OwtNmCh0xFzYOA8RAawAiPtIyEUz0XULSNZNg
2024-01-29 13:52:23,864 [INFO] org.springframework.web.filter.OncePerRequestFilter [http-nio-8081-exec-1]  Header :  Bearer eyJhbGciOiJIUzUxMiJ9.eyJzdWIiOiJteXNlbGZmb3IxMDJAZ21haWwuY29tIiwiaWF0IjoxNzA2NTE2NTQzLCJleHAiOjE3MDY1MzQ1NDN9.Ku9ohuN5d3fp5YBSz90SX4qTaRWM0JE5gXE3Wf3h2K5grLAb4OwtNmCh0xFzYOA8RAawAiPtIyEUz0XULSNZNg
2024-01-29 13:52:23,891 [INFO] org.springframework.web.filter.OncePerRequestFilter [http-nio-8081-exec-2]  Header :  Bearer eyJhbGciOiJIUzUxMiJ9.eyJzdWIiOiJteXNlbGZmb3IxMDJAZ21haWwuY29tIiwiaWF0IjoxNzA2NTE2NTQzLCJleHAiOjE3MDY1MzQ1NDN9.Ku9ohuN5d3fp5YBSz90SX4qTaRWM0JE5gXE3Wf3h2K5grLAb4OwtNmCh0xFzYOA8RAawAiPtIyEUz0XULSNZNg
2024-01-29 13:52:35,613 [INFO] org.springframework.web.filter.OncePerRequestFilter [http-nio-8081-exec-5]  Header :  Bearer eyJhbGciOiJIUzUxMiJ9.eyJzdWIiOiJteXNlbGZmb3IxMDJAZ21haWwuY29tIiwiaWF0IjoxNzA2NTE2NTQzLCJleHAiOjE3MDY1MzQ1NDN9.Ku9ohuN5d3fp5YBSz90SX4qTaRWM0JE5gXE3Wf3h2K5grLAb4OwtNmCh0xFzYOA8RAawAiPtIyEUz0XULSNZNg
2024-01-29 13:52:35,634 [INFO] org.springframework.web.filter.OncePerRequestFilter [http-nio-8081-exec-6]  Header :  Bearer eyJhbGciOiJIUzUxMiJ9.eyJzdWIiOiJteXNlbGZmb3IxMDJAZ21haWwuY29tIiwiaWF0IjoxNzA2NTE2NTQzLCJleHAiOjE3MDY1MzQ1NDN9.Ku9ohuN5d3fp5YBSz90SX4qTaRWM0JE5gXE3Wf3h2K5grLAb4OwtNmCh0xFzYOA8RAawAiPtIyEUz0XULSNZNg
2024-01-29 13:52:35,642 [INFO] org.springframework.web.filter.OncePerRequestFilter [http-nio-8081-exec-10]  Header :  Bearer eyJhbGciOiJIUzUxMiJ9.eyJzdWIiOiJteXNlbGZmb3IxMDJAZ21haWwuY29tIiwiaWF0IjoxNzA2NTE2NTQzLCJleHAiOjE3MDY1MzQ1NDN9.Ku9ohuN5d3fp5YBSz90SX4qTaRWM0JE5gXE3Wf3h2K5grLAb4OwtNmCh0xFzYOA8RAawAiPtIyEUz0XULSNZNg
2024-01-29 13:52:35,661 [INFO] org.springframework.web.filter.OncePerRequestFilter [http-nio-8081-exec-9]  Header :  Bearer eyJhbGciOiJIUzUxMiJ9.eyJzdWIiOiJteXNlbGZmb3IxMDJAZ21haWwuY29tIiwiaWF0IjoxNzA2NTE2NTQzLCJleHAiOjE3MDY1MzQ1NDN9.Ku9ohuN5d3fp5YBSz90SX4qTaRWM0JE5gXE3Wf3h2K5grLAb4OwtNmCh0xFzYOA8RAawAiPtIyEUz0XULSNZNg
2024-01-29 13:52:35,667 [INFO] org.springframework.web.filter.OncePerRequestFilter [http-nio-8081-exec-3]  Header :  Bearer eyJhbGciOiJIUzUxMiJ9.eyJzdWIiOiJteXNlbGZmb3IxMDJAZ21haWwuY29tIiwiaWF0IjoxNzA2NTE2NTQzLCJleHAiOjE3MDY1MzQ1NDN9.Ku9ohuN5d3fp5YBSz90SX4qTaRWM0JE5gXE3Wf3h2K5grLAb4OwtNmCh0xFzYOA8RAawAiPtIyEUz0XULSNZNg
2024-01-29 13:52:35,695 [INFO] org.springframework.web.filter.OncePerRequestFilter [http-nio-8081-exec-4]  Header :  Bearer eyJhbGciOiJIUzUxMiJ9.eyJzdWIiOiJteXNlbGZmb3IxMDJAZ21haWwuY29tIiwiaWF0IjoxNzA2NTE2NTQzLCJleHAiOjE3MDY1MzQ1NDN9.Ku9ohuN5d3fp5YBSz90SX4qTaRWM0JE5gXE3Wf3h2K5grLAb4OwtNmCh0xFzYOA8RAawAiPtIyEUz0XULSNZNg
2024-01-29 13:53:26,080 [INFO] org.springframework.web.filter.OncePerRequestFilter [http-nio-8081-exec-7]  Header :  null
2024-01-29 13:53:26,080 [INFO] org.springframework.web.filter.OncePerRequestFilter [http-nio-8081-exec-7] Invalid Header Value !! 
2024-01-29 13:54:18,340 [INFO] org.springframework.web.filter.OncePerRequestFilter [http-nio-8081-exec-5]  Header :  null
2024-01-29 13:54:18,340 [INFO] org.springframework.web.filter.OncePerRequestFilter [http-nio-8081-exec-5] Invalid Header Value !! 
2024-01-29 13:54:18,502 [INFO] org.springframework.web.filter.OncePerRequestFilter [http-nio-8081-exec-6]  Header :  Bearer eyJhbGciOiJIUzUxMiJ9.eyJzdWIiOiJqYWRoYXZjb2NAZ21haWwuY29tIiwiaWF0IjoxNzA2NTE2NjU4LCJleHAiOjE3MDY1MzQ2NTh9.CZFXSUgfUjYW8JLh-f3WHCJz4EeHkXqmX3F9bTtjPciDpX5tUc4c29JS_gH1kxwla0v54IjwxYK4F6KTRApHKA
2024-01-29 13:54:18,530 [INFO] org.springframework.web.filter.OncePerRequestFilter [http-nio-8081-exec-10]  Header :  Bearer eyJhbGciOiJIUzUxMiJ9.eyJzdWIiOiJqYWRoYXZjb2NAZ21haWwuY29tIiwiaWF0IjoxNzA2NTE2NjU4LCJleHAiOjE3MDY1MzQ2NTh9.CZFXSUgfUjYW8JLh-f3WHCJz4EeHkXqmX3F9bTtjPciDpX5tUc4c29JS_gH1kxwla0v54IjwxYK4F6KTRApHKA
2024-01-29 13:54:18,597 [INFO] org.springframework.web.filter.OncePerRequestFilter [http-nio-8081-exec-9]  Header :  Bearer eyJhbGciOiJIUzUxMiJ9.eyJzdWIiOiJqYWRoYXZjb2NAZ21haWwuY29tIiwiaWF0IjoxNzA2NTE2NjU4LCJleHAiOjE3MDY1MzQ2NTh9.CZFXSUgfUjYW8JLh-f3WHCJz4EeHkXqmX3F9bTtjPciDpX5tUc4c29JS_gH1kxwla0v54IjwxYK4F6KTRApHKA
2024-01-29 13:54:18,628 [INFO] org.springframework.web.filter.OncePerRequestFilter [http-nio-8081-exec-3]  Header :  Bearer eyJhbGciOiJIUzUxMiJ9.eyJzdWIiOiJqYWRoYXZjb2NAZ21haWwuY29tIiwiaWF0IjoxNzA2NTE2NjU4LCJleHAiOjE3MDY1MzQ2NTh9.CZFXSUgfUjYW8JLh-f3WHCJz4EeHkXqmX3F9bTtjPciDpX5tUc4c29JS_gH1kxwla0v54IjwxYK4F6KTRApHKA
2024-01-29 13:54:18,640 [INFO] org.springframework.web.filter.OncePerRequestFilter [http-nio-8081-exec-4]  Header :  Bearer eyJhbGciOiJIUzUxMiJ9.eyJzdWIiOiJqYWRoYXZjb2NAZ21haWwuY29tIiwiaWF0IjoxNzA2NTE2NjU4LCJleHAiOjE3MDY1MzQ2NTh9.CZFXSUgfUjYW8JLh-f3WHCJz4EeHkXqmX3F9bTtjPciDpX5tUc4c29JS_gH1kxwla0v54IjwxYK4F6KTRApHKA
2024-01-29 13:54:18,674 [INFO] org.springframework.web.filter.OncePerRequestFilter [http-nio-8081-exec-8]  Header :  Bearer eyJhbGciOiJIUzUxMiJ9.eyJzdWIiOiJqYWRoYXZjb2NAZ21haWwuY29tIiwiaWF0IjoxNzA2NTE2NjU4LCJleHAiOjE3MDY1MzQ2NTh9.CZFXSUgfUjYW8JLh-f3WHCJz4EeHkXqmX3F9bTtjPciDpX5tUc4c29JS_gH1kxwla0v54IjwxYK4F6KTRApHKA
2024-01-29 13:54:52,416 [INFO] org.springframework.web.filter.OncePerRequestFilter [http-nio-8081-exec-7]  Header :  Bearer eyJhbGciOiJIUzUxMiJ9.eyJzdWIiOiJqYWRoYXZjb2NAZ21haWwuY29tIiwiaWF0IjoxNzA2NTE2NjU4LCJleHAiOjE3MDY1MzQ2NTh9.CZFXSUgfUjYW8JLh-f3WHCJz4EeHkXqmX3F9bTtjPciDpX5tUc4c29JS_gH1kxwla0v54IjwxYK4F6KTRApHKA
2024-01-29 13:54:52,517 [INFO] org.springframework.web.filter.OncePerRequestFilter [http-nio-8081-exec-1]  Header :  Bearer eyJhbGciOiJIUzUxMiJ9.eyJzdWIiOiJqYWRoYXZjb2NAZ21haWwuY29tIiwiaWF0IjoxNzA2NTE2NjU4LCJleHAiOjE3MDY1MzQ2NTh9.CZFXSUgfUjYW8JLh-f3WHCJz4EeHkXqmX3F9bTtjPciDpX5tUc4c29JS_gH1kxwla0v54IjwxYK4F6KTRApHKA
2024-01-29 13:54:52,606 [WARN] org.springframework.web.servlet.mvc.support.DefaultHandlerExceptionResolver [http-nio-8081-exec-1] Resolved [org.springframework.web.multipart.support.MissingServletRequestPartException: Required part 'file' is not present.]
2024-01-29 13:55:03,261 [INFO] org.springframework.web.filter.OncePerRequestFilter [http-nio-8081-exec-2]  Header :  Bearer eyJhbGciOiJIUzUxMiJ9.eyJzdWIiOiJqYWRoYXZjb2NAZ21haWwuY29tIiwiaWF0IjoxNzA2NTE2NjU4LCJleHAiOjE3MDY1MzQ2NTh9.CZFXSUgfUjYW8JLh-f3WHCJz4EeHkXqmX3F9bTtjPciDpX5tUc4c29JS_gH1kxwla0v54IjwxYK4F6KTRApHKA
2024-01-29 13:55:03,281 [INFO] org.springframework.web.filter.OncePerRequestFilter [http-nio-8081-exec-5]  Header :  Bearer eyJhbGciOiJIUzUxMiJ9.eyJzdWIiOiJqYWRoYXZjb2NAZ21haWwuY29tIiwiaWF0IjoxNzA2NTE2NjU4LCJleHAiOjE3MDY1MzQ2NTh9.CZFXSUgfUjYW8JLh-f3WHCJz4EeHkXqmX3F9bTtjPciDpX5tUc4c29JS_gH1kxwla0v54IjwxYK4F6KTRApHKA
2024-01-29 13:55:03,289 [INFO] org.springframework.web.filter.OncePerRequestFilter [http-nio-8081-exec-6]  Header :  Bearer eyJhbGciOiJIUzUxMiJ9.eyJzdWIiOiJqYWRoYXZjb2NAZ21haWwuY29tIiwiaWF0IjoxNzA2NTE2NjU4LCJleHAiOjE3MDY1MzQ2NTh9.CZFXSUgfUjYW8JLh-f3WHCJz4EeHkXqmX3F9bTtjPciDpX5tUc4c29JS_gH1kxwla0v54IjwxYK4F6KTRApHKA
2024-01-29 13:55:03,307 [INFO] org.springframework.web.filter.OncePerRequestFilter [http-nio-8081-exec-10]  Header :  Bearer eyJhbGciOiJIUzUxMiJ9.eyJzdWIiOiJqYWRoYXZjb2NAZ21haWwuY29tIiwiaWF0IjoxNzA2NTE2NjU4LCJleHAiOjE3MDY1MzQ2NTh9.CZFXSUgfUjYW8JLh-f3WHCJz4EeHkXqmX3F9bTtjPciDpX5tUc4c29JS_gH1kxwla0v54IjwxYK4F6KTRApHKA
2024-01-29 13:55:03,313 [INFO] org.springframework.web.filter.OncePerRequestFilter [http-nio-8081-exec-9]  Header :  Bearer eyJhbGciOiJIUzUxMiJ9.eyJzdWIiOiJqYWRoYXZjb2NAZ21haWwuY29tIiwiaWF0IjoxNzA2NTE2NjU4LCJleHAiOjE3MDY1MzQ2NTh9.CZFXSUgfUjYW8JLh-f3WHCJz4EeHkXqmX3F9bTtjPciDpX5tUc4c29JS_gH1kxwla0v54IjwxYK4F6KTRApHKA
2024-01-29 13:55:03,329 [INFO] org.springframework.web.filter.OncePerRequestFilter [http-nio-8081-exec-3]  Header :  Bearer eyJhbGciOiJIUzUxMiJ9.eyJzdWIiOiJqYWRoYXZjb2NAZ21haWwuY29tIiwiaWF0IjoxNzA2NTE2NjU4LCJleHAiOjE3MDY1MzQ2NTh9.CZFXSUgfUjYW8JLh-f3WHCJz4EeHkXqmX3F9bTtjPciDpX5tUc4c29JS_gH1kxwla0v54IjwxYK4F6KTRApHKA
2024-01-29 13:56:19,683 [INFO] org.springframework.web.filter.OncePerRequestFilter [http-nio-8081-exec-1]  Header :  Bearer eyJhbGciOiJIUzUxMiJ9.eyJzdWIiOiJqYWRoYXZjb2NAZ21haWwuY29tIiwiaWF0IjoxNzA2NTE2NjU4LCJleHAiOjE3MDY1MzQ2NTh9.CZFXSUgfUjYW8JLh-f3WHCJz4EeHkXqmX3F9bTtjPciDpX5tUc4c29JS_gH1kxwla0v54IjwxYK4F6KTRApHKA
2024-01-29 13:56:19,780 [INFO] org.springframework.web.filter.OncePerRequestFilter [http-nio-8081-exec-2]  Header :  Bearer eyJhbGciOiJIUzUxMiJ9.eyJzdWIiOiJqYWRoYXZjb2NAZ21haWwuY29tIiwiaWF0IjoxNzA2NTE2NjU4LCJleHAiOjE3MDY1MzQ2NTh9.CZFXSUgfUjYW8JLh-f3WHCJz4EeHkXqmX3F9bTtjPciDpX5tUc4c29JS_gH1kxwla0v54IjwxYK4F6KTRApHKA
2024-01-29 13:56:29,564 [INFO] org.springframework.web.filter.OncePerRequestFilter [http-nio-8081-exec-5]  Header :  Bearer eyJhbGciOiJIUzUxMiJ9.eyJzdWIiOiJqYWRoYXZjb2NAZ21haWwuY29tIiwiaWF0IjoxNzA2NTE2NjU4LCJleHAiOjE3MDY1MzQ2NTh9.CZFXSUgfUjYW8JLh-f3WHCJz4EeHkXqmX3F9bTtjPciDpX5tUc4c29JS_gH1kxwla0v54IjwxYK4F6KTRApHKA
2024-01-29 13:56:29,582 [INFO] org.springframework.web.filter.OncePerRequestFilter [http-nio-8081-exec-6]  Header :  Bearer eyJhbGciOiJIUzUxMiJ9.eyJzdWIiOiJqYWRoYXZjb2NAZ21haWwuY29tIiwiaWF0IjoxNzA2NTE2NjU4LCJleHAiOjE3MDY1MzQ2NTh9.CZFXSUgfUjYW8JLh-f3WHCJz4EeHkXqmX3F9bTtjPciDpX5tUc4c29JS_gH1kxwla0v54IjwxYK4F6KTRApHKA
2024-01-29 13:56:29,597 [INFO] org.springframework.web.filter.OncePerRequestFilter [http-nio-8081-exec-10]  Header :  Bearer eyJhbGciOiJIUzUxMiJ9.eyJzdWIiOiJqYWRoYXZjb2NAZ21haWwuY29tIiwiaWF0IjoxNzA2NTE2NjU4LCJleHAiOjE3MDY1MzQ2NTh9.CZFXSUgfUjYW8JLh-f3WHCJz4EeHkXqmX3F9bTtjPciDpX5tUc4c29JS_gH1kxwla0v54IjwxYK4F6KTRApHKA
2024-01-29 13:56:29,618 [INFO] org.springframework.web.filter.OncePerRequestFilter [http-nio-8081-exec-9]  Header :  Bearer eyJhbGciOiJIUzUxMiJ9.eyJzdWIiOiJqYWRoYXZjb2NAZ21haWwuY29tIiwiaWF0IjoxNzA2NTE2NjU4LCJleHAiOjE3MDY1MzQ2NTh9.CZFXSUgfUjYW8JLh-f3WHCJz4EeHkXqmX3F9bTtjPciDpX5tUc4c29JS_gH1kxwla0v54IjwxYK4F6KTRApHKA
2024-01-29 13:56:29,626 [INFO] org.springframework.web.filter.OncePerRequestFilter [http-nio-8081-exec-3]  Header :  Bearer eyJhbGciOiJIUzUxMiJ9.eyJzdWIiOiJqYWRoYXZjb2NAZ21haWwuY29tIiwiaWF0IjoxNzA2NTE2NjU4LCJleHAiOjE3MDY1MzQ2NTh9.CZFXSUgfUjYW8JLh-f3WHCJz4EeHkXqmX3F9bTtjPciDpX5tUc4c29JS_gH1kxwla0v54IjwxYK4F6KTRApHKA
2024-01-29 13:56:29,651 [INFO] org.springframework.web.filter.OncePerRequestFilter [http-nio-8081-exec-4]  Header :  Bearer eyJhbGciOiJIUzUxMiJ9.eyJzdWIiOiJqYWRoYXZjb2NAZ21haWwuY29tIiwiaWF0IjoxNzA2NTE2NjU4LCJleHAiOjE3MDY1MzQ2NTh9.CZFXSUgfUjYW8JLh-f3WHCJz4EeHkXqmX3F9bTtjPciDpX5tUc4c29JS_gH1kxwla0v54IjwxYK4F6KTRApHKA
2024-01-29 13:56:45,357 [INFO] com.netflix.discovery.shared.resolver.aws.ConfigClusterResolver [AsyncResolver-bootstrap-executor-0] Resolving eureka endpoints via configuration
2024-01-29 13:57:00,676 [INFO] org.springframework.web.filter.OncePerRequestFilter [http-nio-8081-exec-8]  Header :  Bearer eyJhbGciOiJIUzUxMiJ9.eyJzdWIiOiJqYWRoYXZjb2NAZ21haWwuY29tIiwiaWF0IjoxNzA2NTE2NjU4LCJleHAiOjE3MDY1MzQ2NTh9.CZFXSUgfUjYW8JLh-f3WHCJz4EeHkXqmX3F9bTtjPciDpX5tUc4c29JS_gH1kxwla0v54IjwxYK4F6KTRApHKA
2024-01-29 13:57:01,344 [INFO] org.springframework.web.filter.OncePerRequestFilter [http-nio-8081-exec-7]  Header :  Bearer eyJhbGciOiJIUzUxMiJ9.eyJzdWIiOiJqYWRoYXZjb2NAZ21haWwuY29tIiwiaWF0IjoxNzA2NTE2NjU4LCJleHAiOjE3MDY1MzQ2NTh9.CZFXSUgfUjYW8JLh-f3WHCJz4EeHkXqmX3F9bTtjPciDpX5tUc4c29JS_gH1kxwla0v54IjwxYK4F6KTRApHKA
2024-01-29 13:57:03,204 [INFO] org.springframework.web.filter.OncePerRequestFilter [http-nio-8081-exec-1]  Header :  Bearer eyJhbGciOiJIUzUxMiJ9.eyJzdWIiOiJqYWRoYXZjb2NAZ21haWwuY29tIiwiaWF0IjoxNzA2NTE2NjU4LCJleHAiOjE3MDY1MzQ2NTh9.CZFXSUgfUjYW8JLh-f3WHCJz4EeHkXqmX3F9bTtjPciDpX5tUc4c29JS_gH1kxwla0v54IjwxYK4F6KTRApHKA
2024-01-29 13:57:03,222 [INFO] org.springframework.web.filter.OncePerRequestFilter [http-nio-8081-exec-2]  Header :  Bearer eyJhbGciOiJIUzUxMiJ9.eyJzdWIiOiJqYWRoYXZjb2NAZ21haWwuY29tIiwiaWF0IjoxNzA2NTE2NjU4LCJleHAiOjE3MDY1MzQ2NTh9.CZFXSUgfUjYW8JLh-f3WHCJz4EeHkXqmX3F9bTtjPciDpX5tUc4c29JS_gH1kxwla0v54IjwxYK4F6KTRApHKA
2024-01-29 13:57:03,231 [INFO] org.springframework.web.filter.OncePerRequestFilter [http-nio-8081-exec-5]  Header :  Bearer eyJhbGciOiJIUzUxMiJ9.eyJzdWIiOiJqYWRoYXZjb2NAZ21haWwuY29tIiwiaWF0IjoxNzA2NTE2NjU4LCJleHAiOjE3MDY1MzQ2NTh9.CZFXSUgfUjYW8JLh-f3WHCJz4EeHkXqmX3F9bTtjPciDpX5tUc4c29JS_gH1kxwla0v54IjwxYK4F6KTRApHKA
2024-01-29 13:57:03,260 [INFO] org.springframework.web.filter.OncePerRequestFilter [http-nio-8081-exec-6]  Header :  Bearer eyJhbGciOiJIUzUxMiJ9.eyJzdWIiOiJqYWRoYXZjb2NAZ21haWwuY29tIiwiaWF0IjoxNzA2NTE2NjU4LCJleHAiOjE3MDY1MzQ2NTh9.CZFXSUgfUjYW8JLh-f3WHCJz4EeHkXqmX3F9bTtjPciDpX5tUc4c29JS_gH1kxwla0v54IjwxYK4F6KTRApHKA
2024-01-29 13:57:03,271 [INFO] org.springframework.web.filter.OncePerRequestFilter [http-nio-8081-exec-10]  Header :  Bearer eyJhbGciOiJIUzUxMiJ9.eyJzdWIiOiJqYWRoYXZjb2NAZ21haWwuY29tIiwiaWF0IjoxNzA2NTE2NjU4LCJleHAiOjE3MDY1MzQ2NTh9.CZFXSUgfUjYW8JLh-f3WHCJz4EeHkXqmX3F9bTtjPciDpX5tUc4c29JS_gH1kxwla0v54IjwxYK4F6KTRApHKA
2024-01-29 13:57:03,298 [INFO] org.springframework.web.filter.OncePerRequestFilter [http-nio-8081-exec-9]  Header :  Bearer eyJhbGciOiJIUzUxMiJ9.eyJzdWIiOiJqYWRoYXZjb2NAZ21haWwuY29tIiwiaWF0IjoxNzA2NTE2NjU4LCJleHAiOjE3MDY1MzQ2NTh9.CZFXSUgfUjYW8JLh-f3WHCJz4EeHkXqmX3F9bTtjPciDpX5tUc4c29JS_gH1kxwla0v54IjwxYK4F6KTRApHKA
2024-01-29 13:59:12,706 [INFO] org.springframework.boot.devtools.autoconfigure.LocalDevToolsAutoConfiguration$RestartingClassPathChangeChangedEventListener [File Watcher] Restarting due to 1 class path change (0 additions, 0 deletions, 1 modification)
2024-01-29 13:59:13,059 [INFO] org.springframework.cloud.netflix.eureka.serviceregistry.EurekaServiceRegistry [Thread-19] Unregistering application DOCTOR-SERVICE with eureka with status DOWN
2024-01-29 13:59:13,059 [INFO] com.netflix.discovery.DiscoveryClient [Thread-19] Saw local status change event StatusChangeEvent [timestamp=1706516953059, current=DOWN, previous=UP]
2024-01-29 13:59:13,059 [INFO] com.netflix.discovery.DiscoveryClient [DiscoveryClient-InstanceInfoReplicator-0] DiscoveryClient_DOCTOR-SERVICE/LAPTOP-GFBQMQJH:doctor-service:8081: registering service...
2024-01-29 13:59:13,066 [INFO] com.netflix.discovery.DiscoveryClient [DiscoveryClient-InstanceInfoReplicator-0] DiscoveryClient_DOCTOR-SERVICE/LAPTOP-GFBQMQJH:doctor-service:8081 - registration status: 204
2024-01-29 13:59:13,073 [INFO] org.apache.catalina.core.StandardService [Thread-19] Stopping service [Tomcat]
2024-01-29 13:59:13,073 [INFO] org.apache.catalina.core.ContainerBase.[Tomcat].[localhost].[/] [Thread-19] Destroying Spring FrameworkServlet 'dispatcherServlet'
2024-01-29 13:59:13,076 [WARN] org.apache.catalina.loader.WebappClassLoaderBase [Thread-19] The web application [ROOT] appears to have started a thread named [cluster-ClusterId{value='65b75dbfe015b9435929e735', description='null'}-localhost:27017] but has failed to stop it. This is very likely to create a memory leak. Stack trace of thread:
 java.base@17.0.7/sun.nio.ch.Net.poll(Native Method)
 java.base@17.0.7/sun.nio.ch.NioSocketImpl.park(NioSocketImpl.java:181)
 java.base@17.0.7/sun.nio.ch.NioSocketImpl.timedRead(NioSocketImpl.java:285)
 java.base@17.0.7/sun.nio.ch.NioSocketImpl.implRead(NioSocketImpl.java:309)
 java.base@17.0.7/sun.nio.ch.NioSocketImpl.read(NioSocketImpl.java:350)
 java.base@17.0.7/sun.nio.ch.NioSocketImpl$1.read(NioSocketImpl.java:803)
 java.base@17.0.7/java.net.Socket$SocketInputStream.read(Socket.java:966)
 app//com.mongodb.internal.connection.SocketStream.read(SocketStream.java:113)
 app//com.mongodb.internal.connection.SocketStream.read(SocketStream.java:138)
 app//com.mongodb.internal.connection.InternalStreamConnection.receiveResponseBuffers(InternalStreamConnection.java:716)
 app//com.mongodb.internal.connection.InternalStreamConnection.receiveMessageWithAdditionalTimeout(InternalStreamConnection.java:574)
 app//com.mongodb.internal.connection.InternalStreamConnection.receiveCommandMessageResponse(InternalStreamConnection.java:413)
 app//com.mongodb.internal.connection.InternalStreamConnection.receive(InternalStreamConnection.java:372)
 app//com.mongodb.internal.connection.DefaultServerMonitor$ServerMonitorRunnable.lookupServerDescription(DefaultServerMonitor.java:226)
 app//com.mongodb.internal.connection.DefaultServerMonitor$ServerMonitorRunnable.run(DefaultServerMonitor.java:158)
 java.base@17.0.7/java.lang.Thread.run(Thread.java:833)
2024-01-29 13:59:13,077 [WARN] org.apache.catalina.loader.WebappClassLoaderBase [Thread-19] The web application [ROOT] appears to have started a thread named [cluster-rtt-ClusterId{value='65b75dbfe015b9435929e735', description='null'}-localhost:27017] but has failed to stop it. This is very likely to create a memory leak. Stack trace of thread:
 java.base@17.0.7/java.lang.Thread.sleep(Native Method)
 app//com.mongodb.internal.connection.DefaultServerMonitor.waitForNext(DefaultServerMonitor.java:448)
 app//com.mongodb.internal.connection.DefaultServerMonitor.access$1500(DefaultServerMonitor.java:65)
 app//com.mongodb.internal.connection.DefaultServerMonitor$RoundTripTimeRunnable.run(DefaultServerMonitor.java:420)
 java.base@17.0.7/java.lang.Thread.run(Thread.java:833)
2024-01-29 13:59:13,078 [WARN] org.apache.catalina.loader.WebappClassLoaderBase [Thread-19] The web application [ROOT] appears to have started a thread named [MaintenanceTimer-5-thread-1] but has failed to stop it. This is very likely to create a memory leak. Stack trace of thread:
 java.base@17.0.7/jdk.internal.misc.Unsafe.park(Native Method)
 java.base@17.0.7/java.util.concurrent.locks.LockSupport.parkNanos(LockSupport.java:252)
 java.base@17.0.7/java.util.concurrent.locks.AbstractQueuedSynchronizer$ConditionObject.awaitNanos(AbstractQueuedSynchronizer.java:1672)
 java.base@17.0.7/java.util.concurrent.ScheduledThreadPoolExecutor$DelayedWorkQueue.take(ScheduledThreadPoolExecutor.java:1182)
 java.base@17.0.7/java.util.concurrent.ScheduledThreadPoolExecutor$DelayedWorkQueue.take(ScheduledThreadPoolExecutor.java:899)
 java.base@17.0.7/java.util.concurrent.ThreadPoolExecutor.getTask(ThreadPoolExecutor.java:1062)
 java.base@17.0.7/java.util.concurrent.ThreadPoolExecutor.runWorker(ThreadPoolExecutor.java:1122)
 java.base@17.0.7/java.util.concurrent.ThreadPoolExecutor$Worker.run(ThreadPoolExecutor.java:635)
 java.base@17.0.7/java.lang.Thread.run(Thread.java:833)
2024-01-29 13:59:13,079 [WARN] org.apache.catalina.loader.WebappClassLoaderBase [Thread-19] The web application [ROOT] appears to have started a thread named [boundedElastic-evictor-1] but has failed to stop it. This is very likely to create a memory leak. Stack trace of thread:
 java.base@17.0.7/jdk.internal.misc.Unsafe.park(Native Method)
 java.base@17.0.7/java.util.concurrent.locks.LockSupport.parkNanos(LockSupport.java:252)
 java.base@17.0.7/java.util.concurrent.locks.AbstractQueuedSynchronizer$ConditionObject.awaitNanos(AbstractQueuedSynchronizer.java:1672)
 java.base@17.0.7/java.util.concurrent.ScheduledThreadPoolExecutor$DelayedWorkQueue.take(ScheduledThreadPoolExecutor.java:1182)
 java.base@17.0.7/java.util.concurrent.ScheduledThreadPoolExecutor$DelayedWorkQueue.take(ScheduledThreadPoolExecutor.java:899)
 java.base@17.0.7/java.util.concurrent.ThreadPoolExecutor.getTask(ThreadPoolExecutor.java:1062)
 java.base@17.0.7/java.util.concurrent.ThreadPoolExecutor.runWorker(ThreadPoolExecutor.java:1122)
 java.base@17.0.7/java.util.concurrent.ThreadPoolExecutor$Worker.run(ThreadPoolExecutor.java:635)
 java.base@17.0.7/java.lang.Thread.run(Thread.java:833)
2024-01-29 13:59:13,079 [WARN] org.apache.catalina.loader.WebappClassLoaderBase [Thread-19] The web application [ROOT] appears to have started a thread named [pool-40-thread-1] but has failed to stop it. This is very likely to create a memory leak. Stack trace of thread:
 java.base@17.0.7/jdk.internal.misc.Unsafe.park(Native Method)
 java.base@17.0.7/java.util.concurrent.locks.LockSupport.park(LockSupport.java:341)
 java.base@17.0.7/java.util.concurrent.locks.AbstractQueuedSynchronizer$ConditionNode.block(AbstractQueuedSynchronizer.java:506)
 java.base@17.0.7/java.util.concurrent.ForkJoinPool.unmanagedBlock(ForkJoinPool.java:3463)
 java.base@17.0.7/java.util.concurrent.ForkJoinPool.managedBlock(ForkJoinPool.java:3434)
 java.base@17.0.7/java.util.concurrent.locks.AbstractQueuedSynchronizer$ConditionObject.await(AbstractQueuedSynchronizer.java:1623)
 java.base@17.0.7/java.util.concurrent.ScheduledThreadPoolExecutor$DelayedWorkQueue.take(ScheduledThreadPoolExecutor.java:1170)
 java.base@17.0.7/java.util.concurrent.ScheduledThreadPoolExecutor$DelayedWorkQueue.take(ScheduledThreadPoolExecutor.java:899)
 java.base@17.0.7/java.util.concurrent.ThreadPoolExecutor.getTask(ThreadPoolExecutor.java:1062)
 java.base@17.0.7/java.util.concurrent.ThreadPoolExecutor.runWorker(ThreadPoolExecutor.java:1122)
 java.base@17.0.7/java.util.concurrent.ThreadPoolExecutor$Worker.run(ThreadPoolExecutor.java:635)
 java.base@17.0.7/java.lang.Thread.run(Thread.java:833)
2024-01-29 13:59:13,089 [INFO] com.netflix.discovery.DiscoveryClient [Thread-19] Shutting down DiscoveryClient ...
2024-01-29 13:59:16,099 [WARN] com.netflix.discovery.TimedSupervisorTask [DiscoveryClient-1] task supervisor shutting down, can't accept the task
2024-01-29 13:59:16,099 [INFO] com.netflix.discovery.DiscoveryClient [Thread-19] Unregistering ...
2024-01-29 13:59:16,102 [INFO] com.netflix.discovery.DiscoveryClient [Thread-19] DiscoveryClient_DOCTOR-SERVICE/LAPTOP-GFBQMQJH:doctor-service:8081 - deregister  status: 200
2024-01-29 13:59:16,104 [INFO] com.netflix.discovery.DiscoveryClient [Thread-19] Completed shut down of DiscoveryClient
2024-01-29 13:59:16,297 [INFO] com.pms.doctor.service.DoctorServiceApplication [restartedMain] Starting DoctorServiceApplication using Java 17.0.7 with PID 11216 (C:\Users\rahul\Desktop\PMS UPdate\Pharmacy-Management-System\Doctor-Service\Doctor-Service\target\classes started by rahul in C:\Users\rahul\Desktop\PMS UPdate\Pharmacy-Management-System\Doctor-Service\Doctor-Service)
2024-01-29 13:59:16,297 [INFO] com.pms.doctor.service.DoctorServiceApplication [restartedMain] No active profile set, falling back to 1 default profile: "default"
2024-01-29 13:59:16,691 [INFO] org.springframework.data.repository.config.RepositoryConfigurationDelegate [restartedMain] Bootstrapping Spring Data MongoDB repositories in DEFAULT mode.
2024-01-29 13:59:16,709 [INFO] org.springframework.data.repository.config.RepositoryConfigurationDelegate [restartedMain] Finished Spring Data repository scanning in 18 ms. Found 4 MongoDB repository interfaces.
2024-01-29 13:59:16,825 [INFO] org.springframework.cloud.context.scope.GenericScope [restartedMain] BeanFactory id=46cb0333-72b5-3c3a-9d41-0491bdaf997f
2024-01-29 13:59:17,013 [INFO] org.springframework.boot.web.embedded.tomcat.TomcatWebServer [restartedMain] Tomcat initialized with port(s): 8081 (http)
2024-01-29 13:59:17,014 [INFO] org.apache.catalina.core.StandardService [restartedMain] Starting service [Tomcat]
2024-01-29 13:59:17,014 [INFO] org.apache.catalina.core.StandardEngine [restartedMain] Starting Servlet engine: [Apache Tomcat/10.1.8]
2024-01-29 13:59:17,051 [INFO] org.apache.catalina.core.ContainerBase.[Tomcat].[localhost].[/] [restartedMain] Initializing Spring embedded WebApplicationContext
2024-01-29 13:59:17,051 [INFO] org.springframework.boot.web.servlet.context.ServletWebServerApplicationContext [restartedMain] Root WebApplicationContext: initialization completed in 752 ms
2024-01-29 13:59:17,257 [INFO] org.mongodb.driver.client [restartedMain] MongoClient with metadata {"driver": {"name": "mongo-java-driver|sync|spring-boot", "version": "4.8.2"}, "os": {"type": "Windows", "name": "Windows 11", "architecture": "amd64", "version": "10.0"}, "platform": "Java/Eclipse Adoptium/17.0.7+7"} created with settings MongoClientSettings{readPreference=primary, writeConcern=WriteConcern{w=null, wTimeout=null ms, journal=null}, retryWrites=true, retryReads=true, readConcern=ReadConcern{level=null}, credential=null, streamFactoryFactory=null, commandListeners=[io.micrometer.core.instrument.binder.mongodb.MongoMetricsCommandListener@6a43d079], codecRegistry=ProvidersCodecRegistry{codecProviders=[ValueCodecProvider{}, BsonValueCodecProvider{}, DBRefCodecProvider{}, DBObjectCodecProvider{}, DocumentCodecProvider{}, CollectionCodecProvider{}, IterableCodecProvider{}, MapCodecProvider{}, GeoJsonCodecProvider{}, GridFSFileCodecProvider{}, Jsr310CodecProvider{}, JsonObjectCodecProvider{}, BsonCodecProvider{}, EnumCodecProvider{}, com.mongodb.Jep395RecordCodecProvider@a9532f3]}, clusterSettings={hosts=[localhost:27017], srvServiceName=mongodb, mode=SINGLE, requiredClusterType=UNKNOWN, requiredReplicaSetName='null', serverSelector='null', clusterListeners='[]', serverSelectionTimeout='30000 ms', localThreshold='30000 ms'}, socketSettings=SocketSettings{connectTimeoutMS=10000, readTimeoutMS=0, receiveBufferSize=0, sendBufferSize=0}, heartbeatSocketSettings=SocketSettings{connectTimeoutMS=10000, readTimeoutMS=10000, receiveBufferSize=0, sendBufferSize=0}, connectionPoolSettings=ConnectionPoolSettings{maxSize=100, minSize=0, maxWaitTimeMS=120000, maxConnectionLifeTimeMS=0, maxConnectionIdleTimeMS=0, maintenanceInitialDelayMS=0, maintenanceFrequencyMS=60000, connectionPoolListeners=[io.micrometer.core.instrument.binder.mongodb.MongoMetricsConnectionPoolListener@2576a4ac], maxConnecting=2}, serverSettings=ServerSettings{heartbeatFrequencyMS=10000, minHeartbeatFrequencyMS=500, serverListeners='[]', serverMonitorListeners='[]'}, sslSettings=SslSettings{enabled=false, invalidHostNameAllowed=false, context=null}, applicationName='null', compressorList=[], uuidRepresentation=JAVA_LEGACY, serverApi=null, autoEncryptionSettings=null, contextProvider=null}
2024-01-29 13:59:17,260 [INFO] org.mongodb.driver.cluster [cluster-ClusterId{value='65b761dde015b9435929e737', description='null'}-localhost:27017] Monitor thread successfully connected to server with description ServerDescription{address=localhost:27017, type=STANDALONE, state=CONNECTED, ok=true, minWireVersion=0, maxWireVersion=17, maxDocumentSize=16777216, logicalSessionTimeoutMinutes=30, roundTripTimeNanos=1160900}
2024-01-29 13:59:17,401 [WARN] org.springframework.boot.devtools.autoconfigure.OptionalLiveReloadServer [restartedMain] Unable to start LiveReload server
2024-01-29 13:59:18,038 [INFO] org.springframework.boot.actuate.endpoint.web.EndpointLinksResolver [restartedMain] Exposing 1 endpoint(s) beneath base path '/actuator'
2024-01-29 13:59:18,071 [INFO] org.springframework.security.web.DefaultSecurityFilterChain [restartedMain] Will secure any request with [org.springframework.security.web.session.DisableEncodeUrlFilter@6c344d79, org.springframework.security.web.context.request.async.WebAsyncManagerIntegrationFilter@23aef7d4, org.springframework.security.web.context.SecurityContextHolderFilter@e40a249, org.springframework.security.web.header.HeaderWriterFilter@75e554d3, org.springframework.web.filter.CorsFilter@75115603, org.springframework.security.web.authentication.logout.LogoutFilter@e4e7041, com.pms.doctor.service.Config.JwtAuthenticationFilter@439e3df8, org.springframework.security.web.savedrequest.RequestCacheAwareFilter@1bcb6e1e, org.springframework.security.web.servletapi.SecurityContextHolderAwareRequestFilter@5caa4dfc, org.springframework.security.web.authentication.AnonymousAuthenticationFilter@3fbc5642, org.springframework.security.web.session.SessionManagementFilter@a922f81, org.springframework.security.web.access.ExceptionTranslationFilter@20ceb91e, org.springframework.security.web.access.intercept.AuthorizationFilter@4d7b1d5c]
2024-01-29 13:59:18,538 [INFO] org.springframework.cloud.netflix.eureka.config.DiscoveryClientOptionalArgsConfiguration [restartedMain] Eureka HTTP Client uses RestTemplate.
2024-01-29 13:59:18,630 [WARN] org.springframework.cloud.loadbalancer.config.LoadBalancerCacheAutoConfiguration$LoadBalancerCaffeineWarnLogger [restartedMain] Spring Cloud LoadBalancer is currently working with the default cache. While this cache implementation is useful for development and tests, it's recommended to use Caffeine cache in production.You can switch to using Caffeine cache, by adding it and org.springframework.cache.caffeine.CaffeineCacheManager to the classpath.
2024-01-29 13:59:18,661 [INFO] org.springframework.cloud.netflix.eureka.InstanceInfoFactory [restartedMain] Setting initial instance status as: STARTING
2024-01-29 13:59:18,667 [INFO] com.netflix.discovery.DiscoveryClient [restartedMain] Initializing Eureka in region us-east-1
2024-01-29 13:59:18,667 [INFO] com.netflix.discovery.shared.resolver.aws.ConfigClusterResolver [restartedMain] Resolving eureka endpoints via configuration
2024-01-29 13:59:18,669 [INFO] com.netflix.discovery.DiscoveryClient [restartedMain] Disable delta property : false
2024-01-29 13:59:18,669 [INFO] com.netflix.discovery.DiscoveryClient [restartedMain] Single vip registry refresh property : null
2024-01-29 13:59:18,669 [INFO] com.netflix.discovery.DiscoveryClient [restartedMain] Force full registry fetch : false
2024-01-29 13:59:18,669 [INFO] com.netflix.discovery.DiscoveryClient [restartedMain] Application is null : false
2024-01-29 13:59:18,669 [INFO] com.netflix.discovery.DiscoveryClient [restartedMain] Registered Applications size is zero : true
2024-01-29 13:59:18,669 [INFO] com.netflix.discovery.DiscoveryClient [restartedMain] Application version is -1: true
2024-01-29 13:59:18,669 [INFO] com.netflix.discovery.DiscoveryClient [restartedMain] Getting all instance registry info from the eureka server
2024-01-29 13:59:18,691 [INFO] com.netflix.discovery.DiscoveryClient [restartedMain] The response status is 200
2024-01-29 13:59:18,692 [INFO] com.netflix.discovery.DiscoveryClient [restartedMain] Starting heartbeat executor: renew interval is: 30
2024-01-29 13:59:18,693 [INFO] com.netflix.discovery.InstanceInfoReplicator [restartedMain] InstanceInfoReplicator onDemand update allowed rate per min is 4
2024-01-29 13:59:18,694 [INFO] com.netflix.discovery.DiscoveryClient [restartedMain] Discovery Client initialized at timestamp 1706516958694 with initial instances count: 6
2024-01-29 13:59:18,706 [INFO] org.springframework.cloud.netflix.eureka.serviceregistry.EurekaServiceRegistry [restartedMain] Registering application DOCTOR-SERVICE with eureka with status UP
2024-01-29 13:59:18,706 [INFO] com.netflix.discovery.DiscoveryClient [restartedMain] Saw local status change event StatusChangeEvent [timestamp=1706516958706, current=UP, previous=STARTING]
2024-01-29 13:59:18,706 [INFO] com.netflix.discovery.DiscoveryClient [DiscoveryClient-InstanceInfoReplicator-0] DiscoveryClient_DOCTOR-SERVICE/LAPTOP-GFBQMQJH:doctor-service:8081: registering service...
2024-01-29 13:59:18,713 [INFO] org.springframework.boot.web.embedded.tomcat.TomcatWebServer [restartedMain] Tomcat started on port(s): 8081 (http) with context path ''
2024-01-29 13:59:18,713 [INFO] org.springframework.cloud.netflix.eureka.serviceregistry.EurekaAutoServiceRegistration [restartedMain] Updating port to 8081
2024-01-29 13:59:18,720 [INFO] com.netflix.discovery.DiscoveryClient [DiscoveryClient-InstanceInfoReplicator-0] DiscoveryClient_DOCTOR-SERVICE/LAPTOP-GFBQMQJH:doctor-service:8081 - registration status: 204
2024-01-29 13:59:18,816 [INFO] com.pms.doctor.service.DoctorServiceApplication [restartedMain] Started DoctorServiceApplication in 2.63 seconds (process running for 1834.712)
2024-01-29 13:59:18,818 [INFO] org.springframework.boot.devtools.autoconfigure.ConditionEvaluationDeltaLoggingListener [restartedMain] Condition evaluation unchanged
2024-01-29 13:59:23,984 [INFO] org.springframework.boot.devtools.autoconfigure.LocalDevToolsAutoConfiguration$RestartingClassPathChangeChangedEventListener [File Watcher] Restarting due to 1 class path change (0 additions, 0 deletions, 1 modification)
2024-01-29 13:59:23,985 [INFO] org.springframework.cloud.netflix.eureka.serviceregistry.EurekaServiceRegistry [Thread-25] Unregistering application DOCTOR-SERVICE with eureka with status DOWN
2024-01-29 13:59:23,985 [INFO] com.netflix.discovery.DiscoveryClient [Thread-25] Saw local status change event StatusChangeEvent [timestamp=1706516963985, current=DOWN, previous=UP]
2024-01-29 13:59:23,985 [INFO] com.netflix.discovery.DiscoveryClient [DiscoveryClient-InstanceInfoReplicator-0] DiscoveryClient_DOCTOR-SERVICE/LAPTOP-GFBQMQJH:doctor-service:8081: registering service...
2024-01-29 13:59:23,992 [INFO] com.netflix.discovery.DiscoveryClient [DiscoveryClient-InstanceInfoReplicator-0] DiscoveryClient_DOCTOR-SERVICE/LAPTOP-GFBQMQJH:doctor-service:8081 - registration status: 204
2024-01-29 13:59:23,995 [INFO] org.apache.catalina.core.StandardService [Thread-25] Stopping service [Tomcat]
2024-01-29 13:59:23,998 [WARN] org.apache.catalina.loader.WebappClassLoaderBase [Thread-25] The web application [ROOT] appears to have started a thread named [cluster-ClusterId{value='65b761dde015b9435929e737', description='null'}-localhost:27017] but has failed to stop it. This is very likely to create a memory leak. Stack trace of thread:
 java.base@17.0.7/sun.nio.ch.Net.poll(Native Method)
 java.base@17.0.7/sun.nio.ch.NioSocketImpl.park(NioSocketImpl.java:181)
 java.base@17.0.7/sun.nio.ch.NioSocketImpl.timedRead(NioSocketImpl.java:285)
 java.base@17.0.7/sun.nio.ch.NioSocketImpl.implRead(NioSocketImpl.java:309)
 java.base@17.0.7/sun.nio.ch.NioSocketImpl.read(NioSocketImpl.java:350)
 java.base@17.0.7/sun.nio.ch.NioSocketImpl$1.read(NioSocketImpl.java:803)
 java.base@17.0.7/java.net.Socket$SocketInputStream.read(Socket.java:966)
 app//com.mongodb.internal.connection.SocketStream.read(SocketStream.java:113)
 app//com.mongodb.internal.connection.SocketStream.read(SocketStream.java:138)
 app//com.mongodb.internal.connection.InternalStreamConnection.receiveResponseBuffers(InternalStreamConnection.java:716)
 app//com.mongodb.internal.connection.InternalStreamConnection.receiveMessageWithAdditionalTimeout(InternalStreamConnection.java:574)
 app//com.mongodb.internal.connection.InternalStreamConnection.receiveCommandMessageResponse(InternalStreamConnection.java:413)
 app//com.mongodb.internal.connection.InternalStreamConnection.receive(InternalStreamConnection.java:372)
 app//com.mongodb.internal.connection.DefaultServerMonitor$ServerMonitorRunnable.lookupServerDescription(DefaultServerMonitor.java:226)
 app//com.mongodb.internal.connection.DefaultServerMonitor$ServerMonitorRunnable.run(DefaultServerMonitor.java:158)
 java.base@17.0.7/java.lang.Thread.run(Thread.java:833)
2024-01-29 13:59:23,998 [WARN] org.apache.catalina.loader.WebappClassLoaderBase [Thread-25] The web application [ROOT] appears to have started a thread named [cluster-rtt-ClusterId{value='65b761dde015b9435929e737', description='null'}-localhost:27017] but has failed to stop it. This is very likely to create a memory leak. Stack trace of thread:
 java.base@17.0.7/java.lang.Thread.sleep(Native Method)
 app//com.mongodb.internal.connection.DefaultServerMonitor.waitForNext(DefaultServerMonitor.java:448)
 app//com.mongodb.internal.connection.DefaultServerMonitor.access$1500(DefaultServerMonitor.java:65)
 app//com.mongodb.internal.connection.DefaultServerMonitor$RoundTripTimeRunnable.run(DefaultServerMonitor.java:420)
 java.base@17.0.7/java.lang.Thread.run(Thread.java:833)
2024-01-29 13:59:23,999 [WARN] org.apache.catalina.loader.WebappClassLoaderBase [Thread-25] The web application [ROOT] appears to have started a thread named [MaintenanceTimer-6-thread-1] but has failed to stop it. This is very likely to create a memory leak. Stack trace of thread:
 java.base@17.0.7/jdk.internal.misc.Unsafe.park(Native Method)
 java.base@17.0.7/java.util.concurrent.locks.LockSupport.parkNanos(LockSupport.java:252)
 java.base@17.0.7/java.util.concurrent.locks.AbstractQueuedSynchronizer$ConditionObject.awaitNanos(AbstractQueuedSynchronizer.java:1672)
 java.base@17.0.7/java.util.concurrent.ScheduledThreadPoolExecutor$DelayedWorkQueue.take(ScheduledThreadPoolExecutor.java:1182)
 java.base@17.0.7/java.util.concurrent.ScheduledThreadPoolExecutor$DelayedWorkQueue.take(ScheduledThreadPoolExecutor.java:899)
 java.base@17.0.7/java.util.concurrent.ThreadPoolExecutor.getTask(ThreadPoolExecutor.java:1062)
 java.base@17.0.7/java.util.concurrent.ThreadPoolExecutor.runWorker(ThreadPoolExecutor.java:1122)
 java.base@17.0.7/java.util.concurrent.ThreadPoolExecutor$Worker.run(ThreadPoolExecutor.java:635)
 java.base@17.0.7/java.lang.Thread.run(Thread.java:833)
2024-01-29 13:59:24,002 [INFO] com.netflix.discovery.DiscoveryClient [Thread-25] Shutting down DiscoveryClient ...
2024-01-29 13:59:27,015 [INFO] com.netflix.discovery.DiscoveryClient [Thread-25] Unregistering ...
2024-01-29 13:59:27,019 [INFO] com.netflix.discovery.DiscoveryClient [Thread-25] DiscoveryClient_DOCTOR-SERVICE/LAPTOP-GFBQMQJH:doctor-service:8081 - deregister  status: 200
2024-01-29 13:59:27,022 [INFO] com.netflix.discovery.DiscoveryClient [Thread-25] Completed shut down of DiscoveryClient
2024-01-29 13:59:27,227 [INFO] com.pms.doctor.service.DoctorServiceApplication [restartedMain] Starting DoctorServiceApplication using Java 17.0.7 with PID 11216 (C:\Users\rahul\Desktop\PMS UPdate\Pharmacy-Management-System\Doctor-Service\Doctor-Service\target\classes started by rahul in C:\Users\rahul\Desktop\PMS UPdate\Pharmacy-Management-System\Doctor-Service\Doctor-Service)
2024-01-29 13:59:27,227 [INFO] com.pms.doctor.service.DoctorServiceApplication [restartedMain] No active profile set, falling back to 1 default profile: "default"
2024-01-29 13:59:27,577 [INFO] org.springframework.data.repository.config.RepositoryConfigurationDelegate [restartedMain] Bootstrapping Spring Data MongoDB repositories in DEFAULT mode.
2024-01-29 13:59:27,595 [INFO] org.springframework.data.repository.config.RepositoryConfigurationDelegate [restartedMain] Finished Spring Data repository scanning in 17 ms. Found 4 MongoDB repository interfaces.
2024-01-29 13:59:27,707 [INFO] org.springframework.cloud.context.scope.GenericScope [restartedMain] BeanFactory id=46cb0333-72b5-3c3a-9d41-0491bdaf997f
2024-01-29 13:59:27,836 [INFO] org.springframework.boot.web.embedded.tomcat.TomcatWebServer [restartedMain] Tomcat initialized with port(s): 8081 (http)
2024-01-29 13:59:27,837 [INFO] org.apache.catalina.core.StandardService [restartedMain] Starting service [Tomcat]
2024-01-29 13:59:27,837 [INFO] org.apache.catalina.core.StandardEngine [restartedMain] Starting Servlet engine: [Apache Tomcat/10.1.8]
2024-01-29 13:59:27,865 [INFO] org.apache.catalina.core.ContainerBase.[Tomcat].[localhost].[/] [restartedMain] Initializing Spring embedded WebApplicationContext
2024-01-29 13:59:27,865 [INFO] org.springframework.boot.web.servlet.context.ServletWebServerApplicationContext [restartedMain] Root WebApplicationContext: initialization completed in 636 ms
2024-01-29 13:59:28,073 [INFO] org.mongodb.driver.client [restartedMain] MongoClient with metadata {"driver": {"name": "mongo-java-driver|sync|spring-boot", "version": "4.8.2"}, "os": {"type": "Windows", "name": "Windows 11", "architecture": "amd64", "version": "10.0"}, "platform": "Java/Eclipse Adoptium/17.0.7+7"} created with settings MongoClientSettings{readPreference=primary, writeConcern=WriteConcern{w=null, wTimeout=null ms, journal=null}, retryWrites=true, retryReads=true, readConcern=ReadConcern{level=null}, credential=null, streamFactoryFactory=null, commandListeners=[io.micrometer.core.instrument.binder.mongodb.MongoMetricsCommandListener@5080e012], codecRegistry=ProvidersCodecRegistry{codecProviders=[ValueCodecProvider{}, BsonValueCodecProvider{}, DBRefCodecProvider{}, DBObjectCodecProvider{}, DocumentCodecProvider{}, CollectionCodecProvider{}, IterableCodecProvider{}, MapCodecProvider{}, GeoJsonCodecProvider{}, GridFSFileCodecProvider{}, Jsr310CodecProvider{}, JsonObjectCodecProvider{}, BsonCodecProvider{}, EnumCodecProvider{}, com.mongodb.Jep395RecordCodecProvider@a9532f3]}, clusterSettings={hosts=[localhost:27017], srvServiceName=mongodb, mode=SINGLE, requiredClusterType=UNKNOWN, requiredReplicaSetName='null', serverSelector='null', clusterListeners='[]', serverSelectionTimeout='30000 ms', localThreshold='30000 ms'}, socketSettings=SocketSettings{connectTimeoutMS=10000, readTimeoutMS=0, receiveBufferSize=0, sendBufferSize=0}, heartbeatSocketSettings=SocketSettings{connectTimeoutMS=10000, readTimeoutMS=10000, receiveBufferSize=0, sendBufferSize=0}, connectionPoolSettings=ConnectionPoolSettings{maxSize=100, minSize=0, maxWaitTimeMS=120000, maxConnectionLifeTimeMS=0, maxConnectionIdleTimeMS=0, maintenanceInitialDelayMS=0, maintenanceFrequencyMS=60000, connectionPoolListeners=[io.micrometer.core.instrument.binder.mongodb.MongoMetricsConnectionPoolListener@71a19a4c], maxConnecting=2}, serverSettings=ServerSettings{heartbeatFrequencyMS=10000, minHeartbeatFrequencyMS=500, serverListeners='[]', serverMonitorListeners='[]'}, sslSettings=SslSettings{enabled=false, invalidHostNameAllowed=false, context=null}, applicationName='null', compressorList=[], uuidRepresentation=JAVA_LEGACY, serverApi=null, autoEncryptionSettings=null, contextProvider=null}
2024-01-29 13:59:28,075 [INFO] org.mongodb.driver.cluster [cluster-ClusterId{value='65b761e8e015b9435929e738', description='null'}-localhost:27017] Monitor thread successfully connected to server with description ServerDescription{address=localhost:27017, type=STANDALONE, state=CONNECTED, ok=true, minWireVersion=0, maxWireVersion=17, maxDocumentSize=16777216, logicalSessionTimeoutMinutes=30, roundTripTimeNanos=1210100}
2024-01-29 13:59:28,204 [WARN] org.springframework.boot.devtools.autoconfigure.OptionalLiveReloadServer [restartedMain] Unable to start LiveReload server
2024-01-29 13:59:28,795 [INFO] org.springframework.boot.actuate.endpoint.web.EndpointLinksResolver [restartedMain] Exposing 1 endpoint(s) beneath base path '/actuator'
2024-01-29 13:59:28,828 [INFO] org.springframework.security.web.DefaultSecurityFilterChain [restartedMain] Will secure any request with [org.springframework.security.web.session.DisableEncodeUrlFilter@52e8172b, org.springframework.security.web.context.request.async.WebAsyncManagerIntegrationFilter@1346fca5, org.springframework.security.web.context.SecurityContextHolderFilter@1c02fed8, org.springframework.security.web.header.HeaderWriterFilter@1a787891, org.springframework.web.filter.CorsFilter@899fd64, org.springframework.security.web.authentication.logout.LogoutFilter@29b07aa, com.pms.doctor.service.Config.JwtAuthenticationFilter@7e5974d, org.springframework.security.web.savedrequest.RequestCacheAwareFilter@21a5656c, org.springframework.security.web.servletapi.SecurityContextHolderAwareRequestFilter@2a4df8d6, org.springframework.security.web.authentication.AnonymousAuthenticationFilter@2009c304, org.springframework.security.web.session.SessionManagementFilter@4e9576bf, org.springframework.security.web.access.ExceptionTranslationFilter@381f29d8, org.springframework.security.web.access.intercept.AuthorizationFilter@996edc9]
2024-01-29 13:59:29,269 [INFO] org.springframework.cloud.netflix.eureka.config.DiscoveryClientOptionalArgsConfiguration [restartedMain] Eureka HTTP Client uses RestTemplate.
2024-01-29 13:59:29,323 [WARN] org.springframework.cloud.loadbalancer.config.LoadBalancerCacheAutoConfiguration$LoadBalancerCaffeineWarnLogger [restartedMain] Spring Cloud LoadBalancer is currently working with the default cache. While this cache implementation is useful for development and tests, it's recommended to use Caffeine cache in production.You can switch to using Caffeine cache, by adding it and org.springframework.cache.caffeine.CaffeineCacheManager to the classpath.
2024-01-29 13:59:29,345 [INFO] org.springframework.cloud.netflix.eureka.InstanceInfoFactory [restartedMain] Setting initial instance status as: STARTING
2024-01-29 13:59:29,348 [INFO] com.netflix.discovery.DiscoveryClient [restartedMain] Initializing Eureka in region us-east-1
2024-01-29 13:59:29,349 [INFO] com.netflix.discovery.shared.resolver.aws.ConfigClusterResolver [restartedMain] Resolving eureka endpoints via configuration
2024-01-29 13:59:29,350 [INFO] com.netflix.discovery.DiscoveryClient [restartedMain] Disable delta property : false
2024-01-29 13:59:29,350 [INFO] com.netflix.discovery.DiscoveryClient [restartedMain] Single vip registry refresh property : null
2024-01-29 13:59:29,350 [INFO] com.netflix.discovery.DiscoveryClient [restartedMain] Force full registry fetch : false
2024-01-29 13:59:29,350 [INFO] com.netflix.discovery.DiscoveryClient [restartedMain] Application is null : false
2024-01-29 13:59:29,350 [INFO] com.netflix.discovery.DiscoveryClient [restartedMain] Registered Applications size is zero : true
2024-01-29 13:59:29,350 [INFO] com.netflix.discovery.DiscoveryClient [restartedMain] Application version is -1: true
2024-01-29 13:59:29,350 [INFO] com.netflix.discovery.DiscoveryClient [restartedMain] Getting all instance registry info from the eureka server
2024-01-29 13:59:29,365 [INFO] com.netflix.discovery.DiscoveryClient [restartedMain] The response status is 200
2024-01-29 13:59:29,367 [INFO] com.netflix.discovery.DiscoveryClient [restartedMain] Starting heartbeat executor: renew interval is: 30
2024-01-29 13:59:29,367 [INFO] com.netflix.discovery.InstanceInfoReplicator [restartedMain] InstanceInfoReplicator onDemand update allowed rate per min is 4
2024-01-29 13:59:29,368 [INFO] com.netflix.discovery.DiscoveryClient [restartedMain] Discovery Client initialized at timestamp 1706516969368 with initial instances count: 6
2024-01-29 13:59:29,380 [INFO] org.springframework.cloud.netflix.eureka.serviceregistry.EurekaServiceRegistry [restartedMain] Registering application DOCTOR-SERVICE with eureka with status UP
2024-01-29 13:59:29,380 [INFO] com.netflix.discovery.DiscoveryClient [restartedMain] Saw local status change event StatusChangeEvent [timestamp=1706516969380, current=UP, previous=STARTING]
2024-01-29 13:59:29,380 [INFO] com.netflix.discovery.DiscoveryClient [DiscoveryClient-InstanceInfoReplicator-0] DiscoveryClient_DOCTOR-SERVICE/LAPTOP-GFBQMQJH:doctor-service:8081: registering service...
2024-01-29 13:59:29,396 [INFO] org.springframework.boot.web.embedded.tomcat.TomcatWebServer [restartedMain] Tomcat started on port(s): 8081 (http) with context path ''
2024-01-29 13:59:29,396 [INFO] org.springframework.cloud.netflix.eureka.serviceregistry.EurekaAutoServiceRegistration [restartedMain] Updating port to 8081
2024-01-29 13:59:29,406 [INFO] com.netflix.discovery.DiscoveryClient [DiscoveryClient-InstanceInfoReplicator-0] DiscoveryClient_DOCTOR-SERVICE/LAPTOP-GFBQMQJH:doctor-service:8081 - registration status: 204
2024-01-29 13:59:29,505 [INFO] com.pms.doctor.service.DoctorServiceApplication [restartedMain] Started DoctorServiceApplication in 2.392 seconds (process running for 1845.402)
2024-01-29 13:59:29,508 [INFO] org.springframework.boot.devtools.autoconfigure.ConditionEvaluationDeltaLoggingListener [restartedMain] Condition evaluation unchanged
2024-01-29 14:00:20,687 [INFO] org.apache.catalina.core.ContainerBase.[Tomcat].[localhost].[/] [http-nio-8081-exec-1] Initializing Spring DispatcherServlet 'dispatcherServlet'
2024-01-29 14:00:20,687 [INFO] org.springframework.web.servlet.DispatcherServlet [http-nio-8081-exec-1] Initializing Servlet 'dispatcherServlet'
2024-01-29 14:00:20,689 [INFO] org.springframework.web.servlet.DispatcherServlet [http-nio-8081-exec-1] Completed initialization in 2 ms
2024-01-29 14:00:20,691 [INFO] org.springframework.web.filter.OncePerRequestFilter [http-nio-8081-exec-1]  Header :  null
2024-01-29 14:00:20,691 [INFO] org.springframework.web.filter.OncePerRequestFilter [http-nio-8081-exec-1] Invalid Header Value !! 
2024-01-29 14:00:43,541 [INFO] org.springframework.web.filter.OncePerRequestFilter [http-nio-8081-exec-5]  Header :  null
2024-01-29 14:00:43,542 [INFO] org.springframework.web.filter.OncePerRequestFilter [http-nio-8081-exec-5] Invalid Header Value !! 
2024-01-29 14:00:43,740 [INFO] org.springframework.web.filter.OncePerRequestFilter [http-nio-8081-exec-6]  Header :  Bearer eyJhbGciOiJIUzUxMiJ9.eyJzdWIiOiJqYWRoYXZjb2NAZ21haWwuY29tIiwiaWF0IjoxNzA2NTE3MDQzLCJleHAiOjE3MDY1MzUwNDN9.wXdJuf3vmjfoo36f4FB_ZPBF_1HF6aLnybUNip5KECCh2QIquy08ssHjgFPBjw2v9SJaAMNu5F1Co0F_cq9jdw
2024-01-29 14:00:43,766 [INFO] org.springframework.web.filter.OncePerRequestFilter [http-nio-8081-exec-3]  Header :  Bearer eyJhbGciOiJIUzUxMiJ9.eyJzdWIiOiJqYWRoYXZjb2NAZ21haWwuY29tIiwiaWF0IjoxNzA2NTE3MDQzLCJleHAiOjE3MDY1MzUwNDN9.wXdJuf3vmjfoo36f4FB_ZPBF_1HF6aLnybUNip5KECCh2QIquy08ssHjgFPBjw2v9SJaAMNu5F1Co0F_cq9jdw
2024-01-29 14:00:43,805 [INFO] org.springframework.web.filter.OncePerRequestFilter [http-nio-8081-exec-9]  Header :  Bearer eyJhbGciOiJIUzUxMiJ9.eyJzdWIiOiJqYWRoYXZjb2NAZ21haWwuY29tIiwiaWF0IjoxNzA2NTE3MDQzLCJleHAiOjE3MDY1MzUwNDN9.wXdJuf3vmjfoo36f4FB_ZPBF_1HF6aLnybUNip5KECCh2QIquy08ssHjgFPBjw2v9SJaAMNu5F1Co0F_cq9jdw
2024-01-29 14:00:43,826 [INFO] org.springframework.web.filter.OncePerRequestFilter [http-nio-8081-exec-8]  Header :  Bearer eyJhbGciOiJIUzUxMiJ9.eyJzdWIiOiJqYWRoYXZjb2NAZ21haWwuY29tIiwiaWF0IjoxNzA2NTE3MDQzLCJleHAiOjE3MDY1MzUwNDN9.wXdJuf3vmjfoo36f4FB_ZPBF_1HF6aLnybUNip5KECCh2QIquy08ssHjgFPBjw2v9SJaAMNu5F1Co0F_cq9jdw
2024-01-29 14:00:43,836 [INFO] org.springframework.web.filter.OncePerRequestFilter [http-nio-8081-exec-7]  Header :  Bearer eyJhbGciOiJIUzUxMiJ9.eyJzdWIiOiJqYWRoYXZjb2NAZ21haWwuY29tIiwiaWF0IjoxNzA2NTE3MDQzLCJleHAiOjE3MDY1MzUwNDN9.wXdJuf3vmjfoo36f4FB_ZPBF_1HF6aLnybUNip5KECCh2QIquy08ssHjgFPBjw2v9SJaAMNu5F1Co0F_cq9jdw
2024-01-29 14:00:43,861 [INFO] org.springframework.web.filter.OncePerRequestFilter [http-nio-8081-exec-4]  Header :  Bearer eyJhbGciOiJIUzUxMiJ9.eyJzdWIiOiJqYWRoYXZjb2NAZ21haWwuY29tIiwiaWF0IjoxNzA2NTE3MDQzLCJleHAiOjE3MDY1MzUwNDN9.wXdJuf3vmjfoo36f4FB_ZPBF_1HF6aLnybUNip5KECCh2QIquy08ssHjgFPBjw2v9SJaAMNu5F1Co0F_cq9jdw
2024-01-29 14:01:09,604 [INFO] org.springframework.web.filter.OncePerRequestFilter [http-nio-8081-exec-10]  Header :  Bearer eyJhbGciOiJIUzUxMiJ9.eyJzdWIiOiJqYWRoYXZjb2NAZ21haWwuY29tIiwiaWF0IjoxNzA2NTE3MDQzLCJleHAiOjE3MDY1MzUwNDN9.wXdJuf3vmjfoo36f4FB_ZPBF_1HF6aLnybUNip5KECCh2QIquy08ssHjgFPBjw2v9SJaAMNu5F1Co0F_cq9jdw
2024-01-29 14:01:09,620 [INFO] org.springframework.web.filter.OncePerRequestFilter [http-nio-8081-exec-1]  Header :  Bearer eyJhbGciOiJIUzUxMiJ9.eyJzdWIiOiJqYWRoYXZjb2NAZ21haWwuY29tIiwiaWF0IjoxNzA2NTE3MDQzLCJleHAiOjE3MDY1MzUwNDN9.wXdJuf3vmjfoo36f4FB_ZPBF_1HF6aLnybUNip5KECCh2QIquy08ssHjgFPBjw2v9SJaAMNu5F1Co0F_cq9jdw
2024-01-29 14:01:09,626 [INFO] org.springframework.web.filter.OncePerRequestFilter [http-nio-8081-exec-2]  Header :  Bearer eyJhbGciOiJIUzUxMiJ9.eyJzdWIiOiJqYWRoYXZjb2NAZ21haWwuY29tIiwiaWF0IjoxNzA2NTE3MDQzLCJleHAiOjE3MDY1MzUwNDN9.wXdJuf3vmjfoo36f4FB_ZPBF_1HF6aLnybUNip5KECCh2QIquy08ssHjgFPBjw2v9SJaAMNu5F1Co0F_cq9jdw
2024-01-29 14:01:09,641 [INFO] org.springframework.web.filter.OncePerRequestFilter [http-nio-8081-exec-5]  Header :  Bearer eyJhbGciOiJIUzUxMiJ9.eyJzdWIiOiJqYWRoYXZjb2NAZ21haWwuY29tIiwiaWF0IjoxNzA2NTE3MDQzLCJleHAiOjE3MDY1MzUwNDN9.wXdJuf3vmjfoo36f4FB_ZPBF_1HF6aLnybUNip5KECCh2QIquy08ssHjgFPBjw2v9SJaAMNu5F1Co0F_cq9jdw
2024-01-29 14:01:09,647 [INFO] org.springframework.web.filter.OncePerRequestFilter [http-nio-8081-exec-6]  Header :  Bearer eyJhbGciOiJIUzUxMiJ9.eyJzdWIiOiJqYWRoYXZjb2NAZ21haWwuY29tIiwiaWF0IjoxNzA2NTE3MDQzLCJleHAiOjE3MDY1MzUwNDN9.wXdJuf3vmjfoo36f4FB_ZPBF_1HF6aLnybUNip5KECCh2QIquy08ssHjgFPBjw2v9SJaAMNu5F1Co0F_cq9jdw
2024-01-29 14:01:09,663 [INFO] org.springframework.web.filter.OncePerRequestFilter [http-nio-8081-exec-3]  Header :  Bearer eyJhbGciOiJIUzUxMiJ9.eyJzdWIiOiJqYWRoYXZjb2NAZ21haWwuY29tIiwiaWF0IjoxNzA2NTE3MDQzLCJleHAiOjE3MDY1MzUwNDN9.wXdJuf3vmjfoo36f4FB_ZPBF_1HF6aLnybUNip5KECCh2QIquy08ssHjgFPBjw2v9SJaAMNu5F1Co0F_cq9jdw
2024-01-29 14:01:31,307 [INFO] org.springframework.boot.devtools.autoconfigure.LocalDevToolsAutoConfiguration$RestartingClassPathChangeChangedEventListener [File Watcher] Restarting due to 1 class path change (0 additions, 0 deletions, 1 modification)
2024-01-29 14:01:31,321 [INFO] org.springframework.cloud.netflix.eureka.serviceregistry.EurekaServiceRegistry [Thread-31] Unregistering application DOCTOR-SERVICE with eureka with status DOWN
2024-01-29 14:01:31,321 [INFO] com.netflix.discovery.DiscoveryClient [Thread-31] Saw local status change event StatusChangeEvent [timestamp=1706517091321, current=DOWN, previous=UP]
2024-01-29 14:01:31,322 [INFO] com.netflix.discovery.DiscoveryClient [DiscoveryClient-InstanceInfoReplicator-0] DiscoveryClient_DOCTOR-SERVICE/LAPTOP-GFBQMQJH:doctor-service:8081: registering service...
2024-01-29 14:01:31,327 [INFO] com.netflix.discovery.DiscoveryClient [DiscoveryClient-InstanceInfoReplicator-0] DiscoveryClient_DOCTOR-SERVICE/LAPTOP-GFBQMQJH:doctor-service:8081 - registration status: 204
2024-01-29 14:01:31,335 [INFO] org.apache.catalina.core.StandardService [Thread-31] Stopping service [Tomcat]
2024-01-29 14:01:31,335 [INFO] org.apache.catalina.core.ContainerBase.[Tomcat].[localhost].[/] [Thread-31] Destroying Spring FrameworkServlet 'dispatcherServlet'
2024-01-29 14:01:31,337 [WARN] org.apache.catalina.loader.WebappClassLoaderBase [Thread-31] The web application [ROOT] appears to have started a thread named [cluster-ClusterId{value='65b761e8e015b9435929e738', description='null'}-localhost:27017] but has failed to stop it. This is very likely to create a memory leak. Stack trace of thread:
 java.base@17.0.7/sun.nio.ch.Net.poll(Native Method)
 java.base@17.0.7/sun.nio.ch.NioSocketImpl.park(NioSocketImpl.java:181)
 java.base@17.0.7/sun.nio.ch.NioSocketImpl.timedRead(NioSocketImpl.java:285)
 java.base@17.0.7/sun.nio.ch.NioSocketImpl.implRead(NioSocketImpl.java:309)
 java.base@17.0.7/sun.nio.ch.NioSocketImpl.read(NioSocketImpl.java:350)
 java.base@17.0.7/sun.nio.ch.NioSocketImpl$1.read(NioSocketImpl.java:803)
 java.base@17.0.7/java.net.Socket$SocketInputStream.read(Socket.java:966)
 app//com.mongodb.internal.connection.SocketStream.read(SocketStream.java:113)
 app//com.mongodb.internal.connection.SocketStream.read(SocketStream.java:138)
 app//com.mongodb.internal.connection.InternalStreamConnection.receiveResponseBuffers(InternalStreamConnection.java:716)
 app//com.mongodb.internal.connection.InternalStreamConnection.receiveMessageWithAdditionalTimeout(InternalStreamConnection.java:574)
 app//com.mongodb.internal.connection.InternalStreamConnection.receiveCommandMessageResponse(InternalStreamConnection.java:413)
 app//com.mongodb.internal.connection.InternalStreamConnection.receive(InternalStreamConnection.java:372)
 app//com.mongodb.internal.connection.DefaultServerMonitor$ServerMonitorRunnable.lookupServerDescription(DefaultServerMonitor.java:226)
 app//com.mongodb.internal.connection.DefaultServerMonitor$ServerMonitorRunnable.run(DefaultServerMonitor.java:158)
 java.base@17.0.7/java.lang.Thread.run(Thread.java:833)
2024-01-29 14:01:31,338 [WARN] org.apache.catalina.loader.WebappClassLoaderBase [Thread-31] The web application [ROOT] appears to have started a thread named [cluster-rtt-ClusterId{value='65b761e8e015b9435929e738', description='null'}-localhost:27017] but has failed to stop it. This is very likely to create a memory leak. Stack trace of thread:
 java.base@17.0.7/java.lang.Thread.sleep(Native Method)
 app//com.mongodb.internal.connection.DefaultServerMonitor.waitForNext(DefaultServerMonitor.java:448)
 app//com.mongodb.internal.connection.DefaultServerMonitor.access$1500(DefaultServerMonitor.java:65)
 app//com.mongodb.internal.connection.DefaultServerMonitor$RoundTripTimeRunnable.run(DefaultServerMonitor.java:420)
 java.base@17.0.7/java.lang.Thread.run(Thread.java:833)
2024-01-29 14:01:31,339 [WARN] org.apache.catalina.loader.WebappClassLoaderBase [Thread-31] The web application [ROOT] appears to have started a thread named [MaintenanceTimer-7-thread-1] but has failed to stop it. This is very likely to create a memory leak. Stack trace of thread:
 java.base@17.0.7/jdk.internal.misc.Unsafe.park(Native Method)
 java.base@17.0.7/java.util.concurrent.locks.LockSupport.parkNanos(LockSupport.java:252)
 java.base@17.0.7/java.util.concurrent.locks.AbstractQueuedSynchronizer$ConditionObject.awaitNanos(AbstractQueuedSynchronizer.java:1672)
 java.base@17.0.7/java.util.concurrent.ScheduledThreadPoolExecutor$DelayedWorkQueue.take(ScheduledThreadPoolExecutor.java:1182)
 java.base@17.0.7/java.util.concurrent.ScheduledThreadPoolExecutor$DelayedWorkQueue.take(ScheduledThreadPoolExecutor.java:899)
 java.base@17.0.7/java.util.concurrent.ThreadPoolExecutor.getTask(ThreadPoolExecutor.java:1062)
 java.base@17.0.7/java.util.concurrent.ThreadPoolExecutor.runWorker(ThreadPoolExecutor.java:1122)
 java.base@17.0.7/java.util.concurrent.ThreadPoolExecutor$Worker.run(ThreadPoolExecutor.java:635)
 java.base@17.0.7/java.lang.Thread.run(Thread.java:833)
2024-01-29 14:01:31,346 [INFO] com.netflix.discovery.DiscoveryClient [Thread-31] Shutting down DiscoveryClient ...
2024-01-29 14:01:34,357 [INFO] com.netflix.discovery.DiscoveryClient [Thread-31] Unregistering ...
2024-01-29 14:01:34,360 [INFO] com.netflix.discovery.DiscoveryClient [Thread-31] DiscoveryClient_DOCTOR-SERVICE/LAPTOP-GFBQMQJH:doctor-service:8081 - deregister  status: 200
2024-01-29 14:01:34,363 [INFO] com.netflix.discovery.DiscoveryClient [Thread-31] Completed shut down of DiscoveryClient
2024-01-29 14:01:34,555 [INFO] com.pms.doctor.service.DoctorServiceApplication [restartedMain] Starting DoctorServiceApplication using Java 17.0.7 with PID 11216 (C:\Users\rahul\Desktop\PMS UPdate\Pharmacy-Management-System\Doctor-Service\Doctor-Service\target\classes started by rahul in C:\Users\rahul\Desktop\PMS UPdate\Pharmacy-Management-System\Doctor-Service\Doctor-Service)
2024-01-29 14:01:34,555 [INFO] com.pms.doctor.service.DoctorServiceApplication [restartedMain] No active profile set, falling back to 1 default profile: "default"
2024-01-29 14:01:34,846 [INFO] org.springframework.data.repository.config.RepositoryConfigurationDelegate [restartedMain] Bootstrapping Spring Data MongoDB repositories in DEFAULT mode.
2024-01-29 14:01:34,860 [INFO] org.springframework.data.repository.config.RepositoryConfigurationDelegate [restartedMain] Finished Spring Data repository scanning in 14 ms. Found 4 MongoDB repository interfaces.
2024-01-29 14:01:34,932 [INFO] org.springframework.cloud.context.scope.GenericScope [restartedMain] BeanFactory id=46cb0333-72b5-3c3a-9d41-0491bdaf997f
2024-01-29 14:01:35,051 [INFO] org.springframework.boot.web.embedded.tomcat.TomcatWebServer [restartedMain] Tomcat initialized with port(s): 8081 (http)
2024-01-29 14:01:35,052 [INFO] org.apache.catalina.core.StandardService [restartedMain] Starting service [Tomcat]
2024-01-29 14:01:35,052 [INFO] org.apache.catalina.core.StandardEngine [restartedMain] Starting Servlet engine: [Apache Tomcat/10.1.8]
2024-01-29 14:01:35,084 [INFO] org.apache.catalina.core.ContainerBase.[Tomcat].[localhost].[/] [restartedMain] Initializing Spring embedded WebApplicationContext
2024-01-29 14:01:35,084 [INFO] org.springframework.boot.web.servlet.context.ServletWebServerApplicationContext [restartedMain] Root WebApplicationContext: initialization completed in 527 ms
2024-01-29 14:01:35,290 [INFO] org.mongodb.driver.client [restartedMain] MongoClient with metadata {"driver": {"name": "mongo-java-driver|sync|spring-boot", "version": "4.8.2"}, "os": {"type": "Windows", "name": "Windows 11", "architecture": "amd64", "version": "10.0"}, "platform": "Java/Eclipse Adoptium/17.0.7+7"} created with settings MongoClientSettings{readPreference=primary, writeConcern=WriteConcern{w=null, wTimeout=null ms, journal=null}, retryWrites=true, retryReads=true, readConcern=ReadConcern{level=null}, credential=null, streamFactoryFactory=null, commandListeners=[io.micrometer.core.instrument.binder.mongodb.MongoMetricsCommandListener@7096d0ee], codecRegistry=ProvidersCodecRegistry{codecProviders=[ValueCodecProvider{}, BsonValueCodecProvider{}, DBRefCodecProvider{}, DBObjectCodecProvider{}, DocumentCodecProvider{}, CollectionCodecProvider{}, IterableCodecProvider{}, MapCodecProvider{}, GeoJsonCodecProvider{}, GridFSFileCodecProvider{}, Jsr310CodecProvider{}, JsonObjectCodecProvider{}, BsonCodecProvider{}, EnumCodecProvider{}, com.mongodb.Jep395RecordCodecProvider@a9532f3]}, clusterSettings={hosts=[localhost:27017], srvServiceName=mongodb, mode=SINGLE, requiredClusterType=UNKNOWN, requiredReplicaSetName='null', serverSelector='null', clusterListeners='[]', serverSelectionTimeout='30000 ms', localThreshold='30000 ms'}, socketSettings=SocketSettings{connectTimeoutMS=10000, readTimeoutMS=0, receiveBufferSize=0, sendBufferSize=0}, heartbeatSocketSettings=SocketSettings{connectTimeoutMS=10000, readTimeoutMS=10000, receiveBufferSize=0, sendBufferSize=0}, connectionPoolSettings=ConnectionPoolSettings{maxSize=100, minSize=0, maxWaitTimeMS=120000, maxConnectionLifeTimeMS=0, maxConnectionIdleTimeMS=0, maintenanceInitialDelayMS=0, maintenanceFrequencyMS=60000, connectionPoolListeners=[io.micrometer.core.instrument.binder.mongodb.MongoMetricsConnectionPoolListener@2e1abf6d], maxConnecting=2}, serverSettings=ServerSettings{heartbeatFrequencyMS=10000, minHeartbeatFrequencyMS=500, serverListeners='[]', serverMonitorListeners='[]'}, sslSettings=SslSettings{enabled=false, invalidHostNameAllowed=false, context=null}, applicationName='null', compressorList=[], uuidRepresentation=JAVA_LEGACY, serverApi=null, autoEncryptionSettings=null, contextProvider=null}
2024-01-29 14:01:35,294 [INFO] org.mongodb.driver.cluster [cluster-ClusterId{value='65b76267e015b9435929e73a', description='null'}-localhost:27017] Monitor thread successfully connected to server with description ServerDescription{address=localhost:27017, type=STANDALONE, state=CONNECTED, ok=true, minWireVersion=0, maxWireVersion=17, maxDocumentSize=16777216, logicalSessionTimeoutMinutes=30, roundTripTimeNanos=3014500}
2024-01-29 14:01:35,430 [WARN] org.springframework.boot.devtools.autoconfigure.OptionalLiveReloadServer [restartedMain] Unable to start LiveReload server
2024-01-29 14:01:35,959 [INFO] org.springframework.boot.actuate.endpoint.web.EndpointLinksResolver [restartedMain] Exposing 1 endpoint(s) beneath base path '/actuator'
2024-01-29 14:01:36,009 [INFO] org.springframework.security.web.DefaultSecurityFilterChain [restartedMain] Will secure any request with [org.springframework.security.web.session.DisableEncodeUrlFilter@7f34519, org.springframework.security.web.context.request.async.WebAsyncManagerIntegrationFilter@4c6a56d8, org.springframework.security.web.context.SecurityContextHolderFilter@7e5f1b3e, org.springframework.security.web.header.HeaderWriterFilter@2408c318, org.springframework.web.filter.CorsFilter@6d22c337, org.springframework.security.web.authentication.logout.LogoutFilter@1c80414c, com.pms.doctor.service.Config.JwtAuthenticationFilter@338a8b6f, org.springframework.security.web.savedrequest.RequestCacheAwareFilter@19c8a103, org.springframework.security.web.servletapi.SecurityContextHolderAwareRequestFilter@3256005b, org.springframework.security.web.authentication.AnonymousAuthenticationFilter@79c07140, org.springframework.security.web.session.SessionManagementFilter@170b12dd, org.springframework.security.web.access.ExceptionTranslationFilter@25ce477b, org.springframework.security.web.access.intercept.AuthorizationFilter@5641bd1d]
2024-01-29 14:01:36,442 [INFO] org.springframework.cloud.netflix.eureka.config.DiscoveryClientOptionalArgsConfiguration [restartedMain] Eureka HTTP Client uses RestTemplate.
2024-01-29 14:01:36,496 [WARN] org.springframework.cloud.loadbalancer.config.LoadBalancerCacheAutoConfiguration$LoadBalancerCaffeineWarnLogger [restartedMain] Spring Cloud LoadBalancer is currently working with the default cache. While this cache implementation is useful for development and tests, it's recommended to use Caffeine cache in production.You can switch to using Caffeine cache, by adding it and org.springframework.cache.caffeine.CaffeineCacheManager to the classpath.
2024-01-29 14:01:36,515 [INFO] org.springframework.cloud.netflix.eureka.InstanceInfoFactory [restartedMain] Setting initial instance status as: STARTING
2024-01-29 14:01:36,523 [INFO] com.netflix.discovery.DiscoveryClient [restartedMain] Initializing Eureka in region us-east-1
2024-01-29 14:01:36,536 [INFO] com.netflix.discovery.shared.resolver.aws.ConfigClusterResolver [restartedMain] Resolving eureka endpoints via configuration
2024-01-29 14:01:36,538 [INFO] com.netflix.discovery.DiscoveryClient [restartedMain] Disable delta property : false
2024-01-29 14:01:36,538 [INFO] com.netflix.discovery.DiscoveryClient [restartedMain] Single vip registry refresh property : null
2024-01-29 14:01:36,538 [INFO] com.netflix.discovery.DiscoveryClient [restartedMain] Force full registry fetch : false
2024-01-29 14:01:36,538 [INFO] com.netflix.discovery.DiscoveryClient [restartedMain] Application is null : false
2024-01-29 14:01:36,538 [INFO] com.netflix.discovery.DiscoveryClient [restartedMain] Registered Applications size is zero : true
2024-01-29 14:01:36,538 [INFO] com.netflix.discovery.DiscoveryClient [restartedMain] Application version is -1: true
2024-01-29 14:01:36,538 [INFO] com.netflix.discovery.DiscoveryClient [restartedMain] Getting all instance registry info from the eureka server
2024-01-29 14:01:36,554 [INFO] com.netflix.discovery.DiscoveryClient [restartedMain] The response status is 200
2024-01-29 14:01:36,555 [INFO] com.netflix.discovery.DiscoveryClient [restartedMain] Starting heartbeat executor: renew interval is: 30
2024-01-29 14:01:36,556 [INFO] com.netflix.discovery.InstanceInfoReplicator [restartedMain] InstanceInfoReplicator onDemand update allowed rate per min is 4
2024-01-29 14:01:36,557 [INFO] com.netflix.discovery.DiscoveryClient [restartedMain] Discovery Client initialized at timestamp 1706517096557 with initial instances count: 6
2024-01-29 14:01:36,567 [INFO] org.springframework.cloud.netflix.eureka.serviceregistry.EurekaServiceRegistry [restartedMain] Registering application DOCTOR-SERVICE with eureka with status UP
2024-01-29 14:01:36,567 [INFO] com.netflix.discovery.DiscoveryClient [restartedMain] Saw local status change event StatusChangeEvent [timestamp=1706517096567, current=UP, previous=STARTING]
2024-01-29 14:01:36,567 [INFO] com.netflix.discovery.DiscoveryClient [DiscoveryClient-InstanceInfoReplicator-0] DiscoveryClient_DOCTOR-SERVICE/LAPTOP-GFBQMQJH:doctor-service:8081: registering service...
2024-01-29 14:01:36,571 [INFO] org.springframework.boot.web.embedded.tomcat.TomcatWebServer [restartedMain] Tomcat started on port(s): 8081 (http) with context path ''
2024-01-29 14:01:36,572 [INFO] org.springframework.cloud.netflix.eureka.serviceregistry.EurekaAutoServiceRegistration [restartedMain] Updating port to 8081
2024-01-29 14:01:36,579 [INFO] com.netflix.discovery.DiscoveryClient [DiscoveryClient-InstanceInfoReplicator-0] DiscoveryClient_DOCTOR-SERVICE/LAPTOP-GFBQMQJH:doctor-service:8081 - registration status: 204
2024-01-29 14:01:36,670 [INFO] com.pms.doctor.service.DoctorServiceApplication [restartedMain] Started DoctorServiceApplication in 2.219 seconds (process running for 1972.566)
2024-01-29 14:01:36,673 [INFO] org.springframework.boot.devtools.autoconfigure.ConditionEvaluationDeltaLoggingListener [restartedMain] Condition evaluation unchanged
2024-01-29 14:04:31,045 [INFO] org.springframework.boot.devtools.autoconfigure.LocalDevToolsAutoConfiguration$RestartingClassPathChangeChangedEventListener [File Watcher] Restarting due to 1 class path change (0 additions, 0 deletions, 1 modification)
2024-01-29 14:04:31,045 [INFO] org.springframework.cloud.netflix.eureka.serviceregistry.EurekaServiceRegistry [Thread-37] Unregistering application DOCTOR-SERVICE with eureka with status DOWN
2024-01-29 14:04:31,045 [INFO] com.netflix.discovery.DiscoveryClient [Thread-37] Saw local status change event StatusChangeEvent [timestamp=1706517271045, current=DOWN, previous=UP]
2024-01-29 14:04:31,045 [INFO] com.netflix.discovery.DiscoveryClient [DiscoveryClient-InstanceInfoReplicator-0] DiscoveryClient_DOCTOR-SERVICE/LAPTOP-GFBQMQJH:doctor-service:8081: registering service...
2024-01-29 14:04:31,050 [INFO] com.netflix.discovery.DiscoveryClient [DiscoveryClient-InstanceInfoReplicator-0] DiscoveryClient_DOCTOR-SERVICE/LAPTOP-GFBQMQJH:doctor-service:8081 - registration status: 204
2024-01-29 14:04:31,056 [INFO] org.apache.catalina.core.StandardService [Thread-37] Stopping service [Tomcat]
2024-01-29 14:04:31,058 [WARN] org.apache.catalina.loader.WebappClassLoaderBase [Thread-37] The web application [ROOT] appears to have started a thread named [cluster-ClusterId{value='65b76267e015b9435929e73a', description='null'}-localhost:27017] but has failed to stop it. This is very likely to create a memory leak. Stack trace of thread:
 java.base@17.0.7/sun.nio.ch.Net.poll(Native Method)
 java.base@17.0.7/sun.nio.ch.NioSocketImpl.park(NioSocketImpl.java:181)
 java.base@17.0.7/sun.nio.ch.NioSocketImpl.timedRead(NioSocketImpl.java:285)
 java.base@17.0.7/sun.nio.ch.NioSocketImpl.implRead(NioSocketImpl.java:309)
 java.base@17.0.7/sun.nio.ch.NioSocketImpl.read(NioSocketImpl.java:350)
 java.base@17.0.7/sun.nio.ch.NioSocketImpl$1.read(NioSocketImpl.java:803)
 java.base@17.0.7/java.net.Socket$SocketInputStream.read(Socket.java:966)
 app//com.mongodb.internal.connection.SocketStream.read(SocketStream.java:113)
 app//com.mongodb.internal.connection.SocketStream.read(SocketStream.java:138)
 app//com.mongodb.internal.connection.InternalStreamConnection.receiveResponseBuffers(InternalStreamConnection.java:716)
 app//com.mongodb.internal.connection.InternalStreamConnection.receiveMessageWithAdditionalTimeout(InternalStreamConnection.java:574)
 app//com.mongodb.internal.connection.InternalStreamConnection.receiveCommandMessageResponse(InternalStreamConnection.java:413)
 app//com.mongodb.internal.connection.InternalStreamConnection.receive(InternalStreamConnection.java:372)
 app//com.mongodb.internal.connection.DefaultServerMonitor$ServerMonitorRunnable.lookupServerDescription(DefaultServerMonitor.java:226)
 app//com.mongodb.internal.connection.DefaultServerMonitor$ServerMonitorRunnable.run(DefaultServerMonitor.java:158)
 java.base@17.0.7/java.lang.Thread.run(Thread.java:833)
2024-01-29 14:04:31,058 [WARN] org.apache.catalina.loader.WebappClassLoaderBase [Thread-37] The web application [ROOT] appears to have started a thread named [cluster-rtt-ClusterId{value='65b76267e015b9435929e73a', description='null'}-localhost:27017] but has failed to stop it. This is very likely to create a memory leak. Stack trace of thread:
 java.base@17.0.7/java.lang.Thread.sleep(Native Method)
 app//com.mongodb.internal.connection.DefaultServerMonitor.waitForNext(DefaultServerMonitor.java:448)
 app//com.mongodb.internal.connection.DefaultServerMonitor.access$1500(DefaultServerMonitor.java:65)
 app//com.mongodb.internal.connection.DefaultServerMonitor$RoundTripTimeRunnable.run(DefaultServerMonitor.java:420)
 java.base@17.0.7/java.lang.Thread.run(Thread.java:833)
2024-01-29 14:04:31,059 [WARN] org.apache.catalina.loader.WebappClassLoaderBase [Thread-37] The web application [ROOT] appears to have started a thread named [MaintenanceTimer-8-thread-1] but has failed to stop it. This is very likely to create a memory leak. Stack trace of thread:
 java.base@17.0.7/jdk.internal.misc.Unsafe.park(Native Method)
 java.base@17.0.7/java.util.concurrent.locks.LockSupport.parkNanos(LockSupport.java:252)
 java.base@17.0.7/java.util.concurrent.locks.AbstractQueuedSynchronizer$ConditionObject.awaitNanos(AbstractQueuedSynchronizer.java:1672)
 java.base@17.0.7/java.util.concurrent.ScheduledThreadPoolExecutor$DelayedWorkQueue.take(ScheduledThreadPoolExecutor.java:1182)
 java.base@17.0.7/java.util.concurrent.ScheduledThreadPoolExecutor$DelayedWorkQueue.take(ScheduledThreadPoolExecutor.java:899)
 java.base@17.0.7/java.util.concurrent.ThreadPoolExecutor.getTask(ThreadPoolExecutor.java:1062)
 java.base@17.0.7/java.util.concurrent.ThreadPoolExecutor.runWorker(ThreadPoolExecutor.java:1122)
 java.base@17.0.7/java.util.concurrent.ThreadPoolExecutor$Worker.run(ThreadPoolExecutor.java:635)
 java.base@17.0.7/java.lang.Thread.run(Thread.java:833)
2024-01-29 14:04:31,062 [INFO] com.netflix.discovery.DiscoveryClient [Thread-37] Shutting down DiscoveryClient ...
2024-01-29 14:04:34,077 [INFO] com.netflix.discovery.DiscoveryClient [Thread-37] Unregistering ...
2024-01-29 14:04:34,080 [INFO] com.netflix.discovery.DiscoveryClient [Thread-37] DiscoveryClient_DOCTOR-SERVICE/LAPTOP-GFBQMQJH:doctor-service:8081 - deregister  status: 200
2024-01-29 14:04:34,083 [INFO] com.netflix.discovery.DiscoveryClient [Thread-37] Completed shut down of DiscoveryClient
2024-01-29 14:04:34,303 [INFO] com.pms.doctor.service.DoctorServiceApplication [restartedMain] Starting DoctorServiceApplication using Java 17.0.7 with PID 11216 (C:\Users\rahul\Desktop\PMS UPdate\Pharmacy-Management-System\Doctor-Service\Doctor-Service\target\classes started by rahul in C:\Users\rahul\Desktop\PMS UPdate\Pharmacy-Management-System\Doctor-Service\Doctor-Service)
2024-01-29 14:04:34,303 [INFO] com.pms.doctor.service.DoctorServiceApplication [restartedMain] No active profile set, falling back to 1 default profile: "default"
2024-01-29 14:04:34,628 [INFO] org.springframework.data.repository.config.RepositoryConfigurationDelegate [restartedMain] Bootstrapping Spring Data MongoDB repositories in DEFAULT mode.
2024-01-29 14:04:34,643 [INFO] org.springframework.data.repository.config.RepositoryConfigurationDelegate [restartedMain] Finished Spring Data repository scanning in 13 ms. Found 4 MongoDB repository interfaces.
2024-01-29 14:04:34,722 [INFO] org.springframework.cloud.context.scope.GenericScope [restartedMain] BeanFactory id=46cb0333-72b5-3c3a-9d41-0491bdaf997f
2024-01-29 14:04:34,867 [INFO] org.springframework.boot.web.embedded.tomcat.TomcatWebServer [restartedMain] Tomcat initialized with port(s): 8081 (http)
2024-01-29 14:04:34,867 [INFO] org.apache.catalina.core.StandardService [restartedMain] Starting service [Tomcat]
2024-01-29 14:04:34,867 [INFO] org.apache.catalina.core.StandardEngine [restartedMain] Starting Servlet engine: [Apache Tomcat/10.1.8]
2024-01-29 14:04:34,898 [INFO] org.apache.catalina.core.ContainerBase.[Tomcat].[localhost].[/] [restartedMain] Initializing Spring embedded WebApplicationContext
2024-01-29 14:04:34,898 [INFO] org.springframework.boot.web.servlet.context.ServletWebServerApplicationContext [restartedMain] Root WebApplicationContext: initialization completed in 593 ms
2024-01-29 14:04:35,072 [INFO] org.mongodb.driver.client [restartedMain] MongoClient with metadata {"driver": {"name": "mongo-java-driver|sync|spring-boot", "version": "4.8.2"}, "os": {"type": "Windows", "name": "Windows 11", "architecture": "amd64", "version": "10.0"}, "platform": "Java/Eclipse Adoptium/17.0.7+7"} created with settings MongoClientSettings{readPreference=primary, writeConcern=WriteConcern{w=null, wTimeout=null ms, journal=null}, retryWrites=true, retryReads=true, readConcern=ReadConcern{level=null}, credential=null, streamFactoryFactory=null, commandListeners=[io.micrometer.core.instrument.binder.mongodb.MongoMetricsCommandListener@596b4269], codecRegistry=ProvidersCodecRegistry{codecProviders=[ValueCodecProvider{}, BsonValueCodecProvider{}, DBRefCodecProvider{}, DBObjectCodecProvider{}, DocumentCodecProvider{}, CollectionCodecProvider{}, IterableCodecProvider{}, MapCodecProvider{}, GeoJsonCodecProvider{}, GridFSFileCodecProvider{}, Jsr310CodecProvider{}, JsonObjectCodecProvider{}, BsonCodecProvider{}, EnumCodecProvider{}, com.mongodb.Jep395RecordCodecProvider@a9532f3]}, clusterSettings={hosts=[localhost:27017], srvServiceName=mongodb, mode=SINGLE, requiredClusterType=UNKNOWN, requiredReplicaSetName='null', serverSelector='null', clusterListeners='[]', serverSelectionTimeout='30000 ms', localThreshold='30000 ms'}, socketSettings=SocketSettings{connectTimeoutMS=10000, readTimeoutMS=0, receiveBufferSize=0, sendBufferSize=0}, heartbeatSocketSettings=SocketSettings{connectTimeoutMS=10000, readTimeoutMS=10000, receiveBufferSize=0, sendBufferSize=0}, connectionPoolSettings=ConnectionPoolSettings{maxSize=100, minSize=0, maxWaitTimeMS=120000, maxConnectionLifeTimeMS=0, maxConnectionIdleTimeMS=0, maintenanceInitialDelayMS=0, maintenanceFrequencyMS=60000, connectionPoolListeners=[io.micrometer.core.instrument.binder.mongodb.MongoMetricsConnectionPoolListener@54b4774], maxConnecting=2}, serverSettings=ServerSettings{heartbeatFrequencyMS=10000, minHeartbeatFrequencyMS=500, serverListeners='[]', serverMonitorListeners='[]'}, sslSettings=SslSettings{enabled=false, invalidHostNameAllowed=false, context=null}, applicationName='null', compressorList=[], uuidRepresentation=JAVA_LEGACY, serverApi=null, autoEncryptionSettings=null, contextProvider=null}
2024-01-29 14:04:35,074 [INFO] org.mongodb.driver.cluster [cluster-ClusterId{value='65b7631be015b9435929e73b', description='null'}-localhost:27017] Monitor thread successfully connected to server with description ServerDescription{address=localhost:27017, type=STANDALONE, state=CONNECTED, ok=true, minWireVersion=0, maxWireVersion=17, maxDocumentSize=16777216, logicalSessionTimeoutMinutes=30, roundTripTimeNanos=1300600}
2024-01-29 14:04:35,208 [WARN] org.springframework.boot.devtools.autoconfigure.OptionalLiveReloadServer [restartedMain] Unable to start LiveReload server
2024-01-29 14:04:35,841 [INFO] org.springframework.boot.actuate.endpoint.web.EndpointLinksResolver [restartedMain] Exposing 1 endpoint(s) beneath base path '/actuator'
2024-01-29 14:04:35,878 [INFO] org.springframework.security.web.DefaultSecurityFilterChain [restartedMain] Will secure any request with [org.springframework.security.web.session.DisableEncodeUrlFilter@76b4e8fb, org.springframework.security.web.context.request.async.WebAsyncManagerIntegrationFilter@94e5419, org.springframework.security.web.context.SecurityContextHolderFilter@37ea0925, org.springframework.security.web.header.HeaderWriterFilter@15be07a1, org.springframework.web.filter.CorsFilter@bedef57, org.springframework.security.web.authentication.logout.LogoutFilter@3f986809, com.pms.doctor.service.Config.JwtAuthenticationFilter@11c375f4, org.springframework.security.web.savedrequest.RequestCacheAwareFilter@542abc34, org.springframework.security.web.servletapi.SecurityContextHolderAwareRequestFilter@4db2f64d, org.springframework.security.web.authentication.AnonymousAuthenticationFilter@61839365, org.springframework.security.web.session.SessionManagementFilter@3022b994, org.springframework.security.web.access.ExceptionTranslationFilter@226138dc, org.springframework.security.web.access.intercept.AuthorizationFilter@263339a]
2024-01-29 14:04:36,385 [INFO] org.springframework.cloud.netflix.eureka.config.DiscoveryClientOptionalArgsConfiguration [restartedMain] Eureka HTTP Client uses RestTemplate.
2024-01-29 14:04:36,436 [WARN] org.springframework.cloud.loadbalancer.config.LoadBalancerCacheAutoConfiguration$LoadBalancerCaffeineWarnLogger [restartedMain] Spring Cloud LoadBalancer is currently working with the default cache. While this cache implementation is useful for development and tests, it's recommended to use Caffeine cache in production.You can switch to using Caffeine cache, by adding it and org.springframework.cache.caffeine.CaffeineCacheManager to the classpath.
2024-01-29 14:04:36,455 [INFO] org.springframework.cloud.netflix.eureka.InstanceInfoFactory [restartedMain] Setting initial instance status as: STARTING
2024-01-29 14:04:36,466 [INFO] com.netflix.discovery.DiscoveryClient [restartedMain] Initializing Eureka in region us-east-1
2024-01-29 14:04:36,466 [INFO] com.netflix.discovery.shared.resolver.aws.ConfigClusterResolver [restartedMain] Resolving eureka endpoints via configuration
2024-01-29 14:04:36,467 [INFO] com.netflix.discovery.DiscoveryClient [restartedMain] Disable delta property : false
2024-01-29 14:04:36,468 [INFO] com.netflix.discovery.DiscoveryClient [restartedMain] Single vip registry refresh property : null
2024-01-29 14:04:36,468 [INFO] com.netflix.discovery.DiscoveryClient [restartedMain] Force full registry fetch : false
2024-01-29 14:04:36,468 [INFO] com.netflix.discovery.DiscoveryClient [restartedMain] Application is null : false
2024-01-29 14:04:36,468 [INFO] com.netflix.discovery.DiscoveryClient [restartedMain] Registered Applications size is zero : true
2024-01-29 14:04:36,468 [INFO] com.netflix.discovery.DiscoveryClient [restartedMain] Application version is -1: true
2024-01-29 14:04:36,468 [INFO] com.netflix.discovery.DiscoveryClient [restartedMain] Getting all instance registry info from the eureka server
2024-01-29 14:04:36,482 [INFO] com.netflix.discovery.DiscoveryClient [restartedMain] The response status is 200
2024-01-29 14:04:36,483 [INFO] com.netflix.discovery.DiscoveryClient [restartedMain] Starting heartbeat executor: renew interval is: 30
2024-01-29 14:04:36,483 [INFO] com.netflix.discovery.InstanceInfoReplicator [restartedMain] InstanceInfoReplicator onDemand update allowed rate per min is 4
2024-01-29 14:04:36,484 [INFO] com.netflix.discovery.DiscoveryClient [restartedMain] Discovery Client initialized at timestamp 1706517276484 with initial instances count: 6
2024-01-29 14:04:36,493 [INFO] org.springframework.cloud.netflix.eureka.serviceregistry.EurekaServiceRegistry [restartedMain] Registering application DOCTOR-SERVICE with eureka with status UP
2024-01-29 14:04:36,493 [INFO] com.netflix.discovery.DiscoveryClient [restartedMain] Saw local status change event StatusChangeEvent [timestamp=1706517276493, current=UP, previous=STARTING]
2024-01-29 14:04:36,493 [INFO] com.netflix.discovery.DiscoveryClient [DiscoveryClient-InstanceInfoReplicator-0] DiscoveryClient_DOCTOR-SERVICE/LAPTOP-GFBQMQJH:doctor-service:8081: registering service...
2024-01-29 14:04:36,497 [INFO] org.springframework.boot.web.embedded.tomcat.TomcatWebServer [restartedMain] Tomcat started on port(s): 8081 (http) with context path ''
2024-01-29 14:04:36,497 [INFO] org.springframework.cloud.netflix.eureka.serviceregistry.EurekaAutoServiceRegistration [restartedMain] Updating port to 8081
2024-01-29 14:04:36,505 [INFO] com.netflix.discovery.DiscoveryClient [DiscoveryClient-InstanceInfoReplicator-0] DiscoveryClient_DOCTOR-SERVICE/LAPTOP-GFBQMQJH:doctor-service:8081 - registration status: 204
2024-01-29 14:04:36,590 [INFO] com.pms.doctor.service.DoctorServiceApplication [restartedMain] Started DoctorServiceApplication in 2.411 seconds (process running for 2152.486)
2024-01-29 14:04:36,592 [INFO] org.springframework.boot.devtools.autoconfigure.ConditionEvaluationDeltaLoggingListener [restartedMain] Condition evaluation unchanged
2024-01-29 14:05:31,600 [INFO] org.apache.catalina.core.ContainerBase.[Tomcat].[localhost].[/] [http-nio-8081-exec-1] Initializing Spring DispatcherServlet 'dispatcherServlet'
2024-01-29 14:05:31,601 [INFO] org.springframework.web.servlet.DispatcherServlet [http-nio-8081-exec-1] Initializing Servlet 'dispatcherServlet'
2024-01-29 14:05:31,602 [INFO] org.springframework.web.servlet.DispatcherServlet [http-nio-8081-exec-1] Completed initialization in 1 ms
2024-01-29 14:05:31,603 [INFO] org.springframework.web.filter.OncePerRequestFilter [http-nio-8081-exec-1]  Header :  null
2024-01-29 14:05:31,603 [INFO] org.springframework.web.filter.OncePerRequestFilter [http-nio-8081-exec-1] Invalid Header Value !! 
2024-01-29 14:05:50,592 [INFO] org.springframework.web.filter.OncePerRequestFilter [http-nio-8081-exec-3]  Header :  null
2024-01-29 14:05:50,592 [INFO] org.springframework.web.filter.OncePerRequestFilter [http-nio-8081-exec-3] Invalid Header Value !! 
2024-01-29 14:05:50,793 [INFO] org.springframework.web.filter.OncePerRequestFilter [http-nio-8081-exec-6]  Header :  Bearer eyJhbGciOiJIUzUxMiJ9.eyJzdWIiOiJqYWRoYXZjb2NAZ21haWwuY29tIiwiaWF0IjoxNzA2NTE3MzUwLCJleHAiOjE3MDY1MzUzNTB9.yVt7fNbnk1seGZZ8JpoWxVmxy65Ws8T5wOqIm95-l90w1w_Nzt5Uep8u6id5YKJZxZNSeYc984xf71OuLWYjSQ
2024-01-29 14:05:50,821 [INFO] org.springframework.web.filter.OncePerRequestFilter [http-nio-8081-exec-7]  Header :  Bearer eyJhbGciOiJIUzUxMiJ9.eyJzdWIiOiJqYWRoYXZjb2NAZ21haWwuY29tIiwiaWF0IjoxNzA2NTE3MzUwLCJleHAiOjE3MDY1MzUzNTB9.yVt7fNbnk1seGZZ8JpoWxVmxy65Ws8T5wOqIm95-l90w1w_Nzt5Uep8u6id5YKJZxZNSeYc984xf71OuLWYjSQ
2024-01-29 14:05:50,860 [INFO] org.springframework.web.filter.OncePerRequestFilter [http-nio-8081-exec-4]  Header :  Bearer eyJhbGciOiJIUzUxMiJ9.eyJzdWIiOiJqYWRoYXZjb2NAZ21haWwuY29tIiwiaWF0IjoxNzA2NTE3MzUwLCJleHAiOjE3MDY1MzUzNTB9.yVt7fNbnk1seGZZ8JpoWxVmxy65Ws8T5wOqIm95-l90w1w_Nzt5Uep8u6id5YKJZxZNSeYc984xf71OuLWYjSQ
2024-01-29 14:05:50,880 [INFO] org.springframework.web.filter.OncePerRequestFilter [http-nio-8081-exec-10]  Header :  Bearer eyJhbGciOiJIUzUxMiJ9.eyJzdWIiOiJqYWRoYXZjb2NAZ21haWwuY29tIiwiaWF0IjoxNzA2NTE3MzUwLCJleHAiOjE3MDY1MzUzNTB9.yVt7fNbnk1seGZZ8JpoWxVmxy65Ws8T5wOqIm95-l90w1w_Nzt5Uep8u6id5YKJZxZNSeYc984xf71OuLWYjSQ
2024-01-29 14:05:50,889 [INFO] org.springframework.web.filter.OncePerRequestFilter [http-nio-8081-exec-5]  Header :  Bearer eyJhbGciOiJIUzUxMiJ9.eyJzdWIiOiJqYWRoYXZjb2NAZ21haWwuY29tIiwiaWF0IjoxNzA2NTE3MzUwLCJleHAiOjE3MDY1MzUzNTB9.yVt7fNbnk1seGZZ8JpoWxVmxy65Ws8T5wOqIm95-l90w1w_Nzt5Uep8u6id5YKJZxZNSeYc984xf71OuLWYjSQ
2024-01-29 14:05:50,912 [INFO] org.springframework.web.filter.OncePerRequestFilter [http-nio-8081-exec-8]  Header :  Bearer eyJhbGciOiJIUzUxMiJ9.eyJzdWIiOiJqYWRoYXZjb2NAZ21haWwuY29tIiwiaWF0IjoxNzA2NTE3MzUwLCJleHAiOjE3MDY1MzUzNTB9.yVt7fNbnk1seGZZ8JpoWxVmxy65Ws8T5wOqIm95-l90w1w_Nzt5Uep8u6id5YKJZxZNSeYc984xf71OuLWYjSQ
2024-01-29 14:05:55,064 [INFO] org.springframework.web.filter.OncePerRequestFilter [http-nio-8081-exec-9]  Header :  Bearer eyJhbGciOiJIUzUxMiJ9.eyJzdWIiOiJqYWRoYXZjb2NAZ21haWwuY29tIiwiaWF0IjoxNzA2NTE3MzUwLCJleHAiOjE3MDY1MzUzNTB9.yVt7fNbnk1seGZZ8JpoWxVmxy65Ws8T5wOqIm95-l90w1w_Nzt5Uep8u6id5YKJZxZNSeYc984xf71OuLWYjSQ
2024-01-29 14:05:55,084 [INFO] org.springframework.web.filter.OncePerRequestFilter [http-nio-8081-exec-1]  Header :  Bearer eyJhbGciOiJIUzUxMiJ9.eyJzdWIiOiJqYWRoYXZjb2NAZ21haWwuY29tIiwiaWF0IjoxNzA2NTE3MzUwLCJleHAiOjE3MDY1MzUzNTB9.yVt7fNbnk1seGZZ8JpoWxVmxy65Ws8T5wOqIm95-l90w1w_Nzt5Uep8u6id5YKJZxZNSeYc984xf71OuLWYjSQ
2024-01-29 14:05:55,086 [INFO] org.springframework.web.filter.OncePerRequestFilter [http-nio-8081-exec-2]  Header :  Bearer eyJhbGciOiJIUzUxMiJ9.eyJzdWIiOiJqYWRoYXZjb2NAZ21haWwuY29tIiwiaWF0IjoxNzA2NTE3MzUwLCJleHAiOjE3MDY1MzUzNTB9.yVt7fNbnk1seGZZ8JpoWxVmxy65Ws8T5wOqIm95-l90w1w_Nzt5Uep8u6id5YKJZxZNSeYc984xf71OuLWYjSQ
2024-01-29 14:05:55,106 [INFO] org.springframework.web.filter.OncePerRequestFilter [http-nio-8081-exec-3]  Header :  Bearer eyJhbGciOiJIUzUxMiJ9.eyJzdWIiOiJqYWRoYXZjb2NAZ21haWwuY29tIiwiaWF0IjoxNzA2NTE3MzUwLCJleHAiOjE3MDY1MzUzNTB9.yVt7fNbnk1seGZZ8JpoWxVmxy65Ws8T5wOqIm95-l90w1w_Nzt5Uep8u6id5YKJZxZNSeYc984xf71OuLWYjSQ
2024-01-29 14:05:55,113 [INFO] org.springframework.web.filter.OncePerRequestFilter [http-nio-8081-exec-6]  Header :  Bearer eyJhbGciOiJIUzUxMiJ9.eyJzdWIiOiJqYWRoYXZjb2NAZ21haWwuY29tIiwiaWF0IjoxNzA2NTE3MzUwLCJleHAiOjE3MDY1MzUzNTB9.yVt7fNbnk1seGZZ8JpoWxVmxy65Ws8T5wOqIm95-l90w1w_Nzt5Uep8u6id5YKJZxZNSeYc984xf71OuLWYjSQ
2024-01-29 14:05:55,132 [INFO] org.springframework.web.filter.OncePerRequestFilter [http-nio-8081-exec-7]  Header :  Bearer eyJhbGciOiJIUzUxMiJ9.eyJzdWIiOiJqYWRoYXZjb2NAZ21haWwuY29tIiwiaWF0IjoxNzA2NTE3MzUwLCJleHAiOjE3MDY1MzUzNTB9.yVt7fNbnk1seGZZ8JpoWxVmxy65Ws8T5wOqIm95-l90w1w_Nzt5Uep8u6id5YKJZxZNSeYc984xf71OuLWYjSQ
2024-01-29 14:06:01,615 [INFO] org.springframework.web.filter.OncePerRequestFilter [http-nio-8081-exec-4]  Header :  Bearer eyJhbGciOiJIUzUxMiJ9.eyJzdWIiOiJqYWRoYXZjb2NAZ21haWwuY29tIiwiaWF0IjoxNzA2NTE3MzUwLCJleHAiOjE3MDY1MzUzNTB9.yVt7fNbnk1seGZZ8JpoWxVmxy65Ws8T5wOqIm95-l90w1w_Nzt5Uep8u6id5YKJZxZNSeYc984xf71OuLWYjSQ
2024-01-29 14:06:17,383 [INFO] org.springframework.web.filter.OncePerRequestFilter [http-nio-8081-exec-10]  Header :  Bearer eyJhbGciOiJIUzUxMiJ9.eyJzdWIiOiJqYWRoYXZjb2NAZ21haWwuY29tIiwiaWF0IjoxNzA2NTE3MzUwLCJleHAiOjE3MDY1MzUzNTB9.yVt7fNbnk1seGZZ8JpoWxVmxy65Ws8T5wOqIm95-l90w1w_Nzt5Uep8u6id5YKJZxZNSeYc984xf71OuLWYjSQ
2024-01-29 14:06:17,415 [INFO] org.springframework.web.filter.OncePerRequestFilter [http-nio-8081-exec-5]  Header :  Bearer eyJhbGciOiJIUzUxMiJ9.eyJzdWIiOiJqYWRoYXZjb2NAZ21haWwuY29tIiwiaWF0IjoxNzA2NTE3MzUwLCJleHAiOjE3MDY1MzUzNTB9.yVt7fNbnk1seGZZ8JpoWxVmxy65Ws8T5wOqIm95-l90w1w_Nzt5Uep8u6id5YKJZxZNSeYc984xf71OuLWYjSQ
2024-01-29 14:06:17,431 [INFO] org.springframework.web.filter.OncePerRequestFilter [http-nio-8081-exec-8]  Header :  Bearer eyJhbGciOiJIUzUxMiJ9.eyJzdWIiOiJqYWRoYXZjb2NAZ21haWwuY29tIiwiaWF0IjoxNzA2NTE3MzUwLCJleHAiOjE3MDY1MzUzNTB9.yVt7fNbnk1seGZZ8JpoWxVmxy65Ws8T5wOqIm95-l90w1w_Nzt5Uep8u6id5YKJZxZNSeYc984xf71OuLWYjSQ
2024-01-29 14:06:25,476 [INFO] org.springframework.web.filter.OncePerRequestFilter [http-nio-8081-exec-9]  Header :  Bearer eyJhbGciOiJIUzUxMiJ9.eyJzdWIiOiJqYWRoYXZjb2NAZ21haWwuY29tIiwiaWF0IjoxNzA2NTE3MzUwLCJleHAiOjE3MDY1MzUzNTB9.yVt7fNbnk1seGZZ8JpoWxVmxy65Ws8T5wOqIm95-l90w1w_Nzt5Uep8u6id5YKJZxZNSeYc984xf71OuLWYjSQ
2024-01-29 14:06:25,502 [INFO] org.springframework.web.filter.OncePerRequestFilter [http-nio-8081-exec-1]  Header :  Bearer eyJhbGciOiJIUzUxMiJ9.eyJzdWIiOiJqYWRoYXZjb2NAZ21haWwuY29tIiwiaWF0IjoxNzA2NTE3MzUwLCJleHAiOjE3MDY1MzUzNTB9.yVt7fNbnk1seGZZ8JpoWxVmxy65Ws8T5wOqIm95-l90w1w_Nzt5Uep8u6id5YKJZxZNSeYc984xf71OuLWYjSQ
2024-01-29 14:06:25,511 [INFO] org.springframework.web.filter.OncePerRequestFilter [http-nio-8081-exec-2]  Header :  Bearer eyJhbGciOiJIUzUxMiJ9.eyJzdWIiOiJqYWRoYXZjb2NAZ21haWwuY29tIiwiaWF0IjoxNzA2NTE3MzUwLCJleHAiOjE3MDY1MzUzNTB9.yVt7fNbnk1seGZZ8JpoWxVmxy65Ws8T5wOqIm95-l90w1w_Nzt5Uep8u6id5YKJZxZNSeYc984xf71OuLWYjSQ
2024-01-29 14:06:25,530 [INFO] org.springframework.web.filter.OncePerRequestFilter [http-nio-8081-exec-3]  Header :  Bearer eyJhbGciOiJIUzUxMiJ9.eyJzdWIiOiJqYWRoYXZjb2NAZ21haWwuY29tIiwiaWF0IjoxNzA2NTE3MzUwLCJleHAiOjE3MDY1MzUzNTB9.yVt7fNbnk1seGZZ8JpoWxVmxy65Ws8T5wOqIm95-l90w1w_Nzt5Uep8u6id5YKJZxZNSeYc984xf71OuLWYjSQ
2024-01-29 14:06:25,537 [INFO] org.springframework.web.filter.OncePerRequestFilter [http-nio-8081-exec-6]  Header :  Bearer eyJhbGciOiJIUzUxMiJ9.eyJzdWIiOiJqYWRoYXZjb2NAZ21haWwuY29tIiwiaWF0IjoxNzA2NTE3MzUwLCJleHAiOjE3MDY1MzUzNTB9.yVt7fNbnk1seGZZ8JpoWxVmxy65Ws8T5wOqIm95-l90w1w_Nzt5Uep8u6id5YKJZxZNSeYc984xf71OuLWYjSQ
2024-01-29 14:06:25,557 [INFO] org.springframework.web.filter.OncePerRequestFilter [http-nio-8081-exec-7]  Header :  Bearer eyJhbGciOiJIUzUxMiJ9.eyJzdWIiOiJqYWRoYXZjb2NAZ21haWwuY29tIiwiaWF0IjoxNzA2NTE3MzUwLCJleHAiOjE3MDY1MzUzNTB9.yVt7fNbnk1seGZZ8JpoWxVmxy65Ws8T5wOqIm95-l90w1w_Nzt5Uep8u6id5YKJZxZNSeYc984xf71OuLWYjSQ
2024-01-29 14:07:23,042 [INFO] org.springframework.web.filter.OncePerRequestFilter [http-nio-8081-exec-5]  Header :  null
2024-01-29 14:07:23,042 [INFO] org.springframework.web.filter.OncePerRequestFilter [http-nio-8081-exec-5] Invalid Header Value !! 
2024-01-29 14:07:43,162 [INFO] org.springframework.web.filter.OncePerRequestFilter [http-nio-8081-exec-1]  Header :  Bearer eyJhbGciOiJIUzUxMiJ9.eyJzdWIiOiJteXNlbGZmb3IxMDJAZ21haWwuY29tIiwiaWF0IjoxNzA2NTE1MzQ4LCJleHAiOjE3MDY1MzMzNDh9.1lQX6MCiH0zibiHOrjoD902AWJ8aQyoJhqIoHZtm9XUWZtgXjHmPGtNBs7uhbE7VHfUzh_zx5Ca94x8JZ0ZB0A
2024-01-29 14:09:36,483 [INFO] com.netflix.discovery.shared.resolver.aws.ConfigClusterResolver [AsyncResolver-bootstrap-executor-0] Resolving eureka endpoints via configuration
2024-01-29 14:14:36,484 [INFO] com.netflix.discovery.shared.resolver.aws.ConfigClusterResolver [AsyncResolver-bootstrap-executor-0] Resolving eureka endpoints via configuration
2024-01-29 14:14:49,176 [INFO] org.springframework.boot.devtools.autoconfigure.LocalDevToolsAutoConfiguration$RestartingClassPathChangeChangedEventListener [File Watcher] Restarting due to 3 class path changes (0 additions, 0 deletions, 3 modifications)
2024-01-29 14:14:49,181 [INFO] org.springframework.cloud.netflix.eureka.serviceregistry.EurekaServiceRegistry [Thread-43] Unregistering application DOCTOR-SERVICE with eureka with status DOWN
2024-01-29 14:14:49,184 [INFO] com.netflix.discovery.DiscoveryClient [Thread-43] Saw local status change event StatusChangeEvent [timestamp=1706517889184, current=DOWN, previous=UP]
2024-01-29 14:14:49,185 [INFO] com.netflix.discovery.DiscoveryClient [DiscoveryClient-InstanceInfoReplicator-0] DiscoveryClient_DOCTOR-SERVICE/LAPTOP-GFBQMQJH:doctor-service:8081: registering service...
2024-01-29 14:14:49,201 [INFO] com.netflix.discovery.DiscoveryClient [DiscoveryClient-InstanceInfoReplicator-0] DiscoveryClient_DOCTOR-SERVICE/LAPTOP-GFBQMQJH:doctor-service:8081 - registration status: 204
2024-01-29 14:14:49,221 [INFO] org.apache.catalina.core.StandardService [Thread-43] Stopping service [Tomcat]
2024-01-29 14:14:49,222 [INFO] org.apache.catalina.core.ContainerBase.[Tomcat].[localhost].[/] [Thread-43] Destroying Spring FrameworkServlet 'dispatcherServlet'
2024-01-29 14:14:49,227 [WARN] org.apache.catalina.loader.WebappClassLoaderBase [Thread-43] The web application [ROOT] appears to have started a thread named [cluster-ClusterId{value='65b7631be015b9435929e73b', description='null'}-localhost:27017] but has failed to stop it. This is very likely to create a memory leak. Stack trace of thread:
 java.base@17.0.7/sun.nio.ch.Net.poll(Native Method)
 java.base@17.0.7/sun.nio.ch.NioSocketImpl.park(NioSocketImpl.java:181)
 java.base@17.0.7/sun.nio.ch.NioSocketImpl.timedRead(NioSocketImpl.java:285)
 java.base@17.0.7/sun.nio.ch.NioSocketImpl.implRead(NioSocketImpl.java:309)
 java.base@17.0.7/sun.nio.ch.NioSocketImpl.read(NioSocketImpl.java:350)
 java.base@17.0.7/sun.nio.ch.NioSocketImpl$1.read(NioSocketImpl.java:803)
 java.base@17.0.7/java.net.Socket$SocketInputStream.read(Socket.java:966)
 app//com.mongodb.internal.connection.SocketStream.read(SocketStream.java:113)
 app//com.mongodb.internal.connection.SocketStream.read(SocketStream.java:138)
 app//com.mongodb.internal.connection.InternalStreamConnection.receiveResponseBuffers(InternalStreamConnection.java:716)
 app//com.mongodb.internal.connection.InternalStreamConnection.receiveMessageWithAdditionalTimeout(InternalStreamConnection.java:574)
 app//com.mongodb.internal.connection.InternalStreamConnection.receiveCommandMessageResponse(InternalStreamConnection.java:413)
 app//com.mongodb.internal.connection.InternalStreamConnection.receive(InternalStreamConnection.java:372)
 app//com.mongodb.internal.connection.DefaultServerMonitor$ServerMonitorRunnable.lookupServerDescription(DefaultServerMonitor.java:226)
 app//com.mongodb.internal.connection.DefaultServerMonitor$ServerMonitorRunnable.run(DefaultServerMonitor.java:158)
 java.base@17.0.7/java.lang.Thread.run(Thread.java:833)
2024-01-29 14:14:49,228 [WARN] org.apache.catalina.loader.WebappClassLoaderBase [Thread-43] The web application [ROOT] appears to have started a thread named [cluster-rtt-ClusterId{value='65b7631be015b9435929e73b', description='null'}-localhost:27017] but has failed to stop it. This is very likely to create a memory leak. Stack trace of thread:
 java.base@17.0.7/java.lang.Thread.sleep(Native Method)
 app//com.mongodb.internal.connection.DefaultServerMonitor.waitForNext(DefaultServerMonitor.java:448)
 app//com.mongodb.internal.connection.DefaultServerMonitor.access$1500(DefaultServerMonitor.java:65)
 app//com.mongodb.internal.connection.DefaultServerMonitor$RoundTripTimeRunnable.run(DefaultServerMonitor.java:420)
 java.base@17.0.7/java.lang.Thread.run(Thread.java:833)
2024-01-29 14:14:49,229 [WARN] org.apache.catalina.loader.WebappClassLoaderBase [Thread-43] The web application [ROOT] appears to have started a thread named [MaintenanceTimer-9-thread-1] but has failed to stop it. This is very likely to create a memory leak. Stack trace of thread:
 java.base@17.0.7/jdk.internal.misc.Unsafe.park(Native Method)
 java.base@17.0.7/java.util.concurrent.locks.LockSupport.parkNanos(LockSupport.java:252)
 java.base@17.0.7/java.util.concurrent.locks.AbstractQueuedSynchronizer$ConditionObject.awaitNanos(AbstractQueuedSynchronizer.java:1672)
 java.base@17.0.7/java.util.concurrent.ScheduledThreadPoolExecutor$DelayedWorkQueue.take(ScheduledThreadPoolExecutor.java:1182)
 java.base@17.0.7/java.util.concurrent.ScheduledThreadPoolExecutor$DelayedWorkQueue.take(ScheduledThreadPoolExecutor.java:899)
 java.base@17.0.7/java.util.concurrent.ThreadPoolExecutor.getTask(ThreadPoolExecutor.java:1062)
 java.base@17.0.7/java.util.concurrent.ThreadPoolExecutor.runWorker(ThreadPoolExecutor.java:1122)
 java.base@17.0.7/java.util.concurrent.ThreadPoolExecutor$Worker.run(ThreadPoolExecutor.java:635)
 java.base@17.0.7/java.lang.Thread.run(Thread.java:833)
2024-01-29 14:14:49,235 [INFO] com.netflix.discovery.DiscoveryClient [Thread-43] Shutting down DiscoveryClient ...
2024-01-29 14:14:52,249 [INFO] com.netflix.discovery.DiscoveryClient [Thread-43] Unregistering ...
2024-01-29 14:14:52,254 [INFO] com.netflix.discovery.DiscoveryClient [Thread-43] DiscoveryClient_DOCTOR-SERVICE/LAPTOP-GFBQMQJH:doctor-service:8081 - deregister  status: 200
2024-01-29 14:14:52,256 [INFO] com.netflix.discovery.DiscoveryClient [Thread-43] Completed shut down of DiscoveryClient
2024-01-29 14:14:52,469 [INFO] com.pms.doctor.service.DoctorServiceApplication [restartedMain] Starting DoctorServiceApplication using Java 17.0.7 with PID 11216 (C:\Users\rahul\Desktop\PMS UPdate\Pharmacy-Management-System\Doctor-Service\Doctor-Service\target\classes started by rahul in C:\Users\rahul\Desktop\PMS UPdate\Pharmacy-Management-System\Doctor-Service\Doctor-Service)
2024-01-29 14:14:52,469 [INFO] com.pms.doctor.service.DoctorServiceApplication [restartedMain] No active profile set, falling back to 1 default profile: "default"
2024-01-29 14:14:52,743 [INFO] org.springframework.data.repository.config.RepositoryConfigurationDelegate [restartedMain] Bootstrapping Spring Data MongoDB repositories in DEFAULT mode.
2024-01-29 14:14:52,758 [INFO] org.springframework.data.repository.config.RepositoryConfigurationDelegate [restartedMain] Finished Spring Data repository scanning in 14 ms. Found 4 MongoDB repository interfaces.
2024-01-29 14:14:52,821 [INFO] org.springframework.cloud.context.scope.GenericScope [restartedMain] BeanFactory id=46cb0333-72b5-3c3a-9d41-0491bdaf997f
2024-01-29 14:14:52,952 [INFO] org.springframework.boot.web.embedded.tomcat.TomcatWebServer [restartedMain] Tomcat initialized with port(s): 8081 (http)
2024-01-29 14:14:52,953 [INFO] org.apache.catalina.core.StandardService [restartedMain] Starting service [Tomcat]
2024-01-29 14:14:52,953 [INFO] org.apache.catalina.core.StandardEngine [restartedMain] Starting Servlet engine: [Apache Tomcat/10.1.8]
2024-01-29 14:14:52,978 [INFO] org.apache.catalina.core.ContainerBase.[Tomcat].[localhost].[/] [restartedMain] Initializing Spring embedded WebApplicationContext
2024-01-29 14:14:52,978 [INFO] org.springframework.boot.web.servlet.context.ServletWebServerApplicationContext [restartedMain] Root WebApplicationContext: initialization completed in 507 ms
2024-01-29 14:14:53,186 [INFO] org.mongodb.driver.client [restartedMain] MongoClient with metadata {"driver": {"name": "mongo-java-driver|sync|spring-boot", "version": "4.8.2"}, "os": {"type": "Windows", "name": "Windows 11", "architecture": "amd64", "version": "10.0"}, "platform": "Java/Eclipse Adoptium/17.0.7+7"} created with settings MongoClientSettings{readPreference=primary, writeConcern=WriteConcern{w=null, wTimeout=null ms, journal=null}, retryWrites=true, retryReads=true, readConcern=ReadConcern{level=null}, credential=null, streamFactoryFactory=null, commandListeners=[io.micrometer.core.instrument.binder.mongodb.MongoMetricsCommandListener@15f83e5], codecRegistry=ProvidersCodecRegistry{codecProviders=[ValueCodecProvider{}, BsonValueCodecProvider{}, DBRefCodecProvider{}, DBObjectCodecProvider{}, DocumentCodecProvider{}, CollectionCodecProvider{}, IterableCodecProvider{}, MapCodecProvider{}, GeoJsonCodecProvider{}, GridFSFileCodecProvider{}, Jsr310CodecProvider{}, JsonObjectCodecProvider{}, BsonCodecProvider{}, EnumCodecProvider{}, com.mongodb.Jep395RecordCodecProvider@a9532f3]}, clusterSettings={hosts=[localhost:27017], srvServiceName=mongodb, mode=SINGLE, requiredClusterType=UNKNOWN, requiredReplicaSetName='null', serverSelector='null', clusterListeners='[]', serverSelectionTimeout='30000 ms', localThreshold='30000 ms'}, socketSettings=SocketSettings{connectTimeoutMS=10000, readTimeoutMS=0, receiveBufferSize=0, sendBufferSize=0}, heartbeatSocketSettings=SocketSettings{connectTimeoutMS=10000, readTimeoutMS=10000, receiveBufferSize=0, sendBufferSize=0}, connectionPoolSettings=ConnectionPoolSettings{maxSize=100, minSize=0, maxWaitTimeMS=120000, maxConnectionLifeTimeMS=0, maxConnectionIdleTimeMS=0, maintenanceInitialDelayMS=0, maintenanceFrequencyMS=60000, connectionPoolListeners=[io.micrometer.core.instrument.binder.mongodb.MongoMetricsConnectionPoolListener@735fe0d2], maxConnecting=2}, serverSettings=ServerSettings{heartbeatFrequencyMS=10000, minHeartbeatFrequencyMS=500, serverListeners='[]', serverMonitorListeners='[]'}, sslSettings=SslSettings{enabled=false, invalidHostNameAllowed=false, context=null}, applicationName='null', compressorList=[], uuidRepresentation=JAVA_LEGACY, serverApi=null, autoEncryptionSettings=null, contextProvider=null}
2024-01-29 14:14:53,190 [INFO] org.mongodb.driver.cluster [cluster-ClusterId{value='65b76585e015b9435929e73d', description='null'}-localhost:27017] Monitor thread successfully connected to server with description ServerDescription{address=localhost:27017, type=STANDALONE, state=CONNECTED, ok=true, minWireVersion=0, maxWireVersion=17, maxDocumentSize=16777216, logicalSessionTimeoutMinutes=30, roundTripTimeNanos=1794600}
2024-01-29 14:14:53,366 [WARN] org.springframework.boot.devtools.autoconfigure.OptionalLiveReloadServer [restartedMain] Unable to start LiveReload server
2024-01-29 14:14:53,983 [INFO] org.springframework.boot.actuate.endpoint.web.EndpointLinksResolver [restartedMain] Exposing 1 endpoint(s) beneath base path '/actuator'
2024-01-29 14:14:54,015 [INFO] org.springframework.security.web.DefaultSecurityFilterChain [restartedMain] Will secure any request with [org.springframework.security.web.session.DisableEncodeUrlFilter@1dd23660, org.springframework.security.web.context.request.async.WebAsyncManagerIntegrationFilter@50b87a8a, org.springframework.security.web.context.SecurityContextHolderFilter@578fc0c5, org.springframework.security.web.header.HeaderWriterFilter@476d63b0, org.springframework.web.filter.CorsFilter@22698d5b, org.springframework.security.web.authentication.logout.LogoutFilter@6235e085, com.pms.doctor.service.Config.JwtAuthenticationFilter@66e8c3b0, org.springframework.security.web.savedrequest.RequestCacheAwareFilter@dce004a, org.springframework.security.web.servletapi.SecurityContextHolderAwareRequestFilter@2c1bb313, org.springframework.security.web.authentication.AnonymousAuthenticationFilter@55f3dc7f, org.springframework.security.web.session.SessionManagementFilter@4f965f1c, org.springframework.security.web.access.ExceptionTranslationFilter@42523018, org.springframework.security.web.access.intercept.AuthorizationFilter@1fe3251a]
2024-01-29 14:14:54,458 [INFO] org.springframework.cloud.netflix.eureka.config.DiscoveryClientOptionalArgsConfiguration [restartedMain] Eureka HTTP Client uses RestTemplate.
2024-01-29 14:14:54,508 [WARN] org.springframework.cloud.loadbalancer.config.LoadBalancerCacheAutoConfiguration$LoadBalancerCaffeineWarnLogger [restartedMain] Spring Cloud LoadBalancer is currently working with the default cache. While this cache implementation is useful for development and tests, it's recommended to use Caffeine cache in production.You can switch to using Caffeine cache, by adding it and org.springframework.cache.caffeine.CaffeineCacheManager to the classpath.
2024-01-29 14:14:54,527 [INFO] org.springframework.cloud.netflix.eureka.InstanceInfoFactory [restartedMain] Setting initial instance status as: STARTING
2024-01-29 14:14:54,531 [INFO] com.netflix.discovery.DiscoveryClient [restartedMain] Initializing Eureka in region us-east-1
2024-01-29 14:14:54,531 [INFO] com.netflix.discovery.shared.resolver.aws.ConfigClusterResolver [restartedMain] Resolving eureka endpoints via configuration
2024-01-29 14:14:54,532 [INFO] com.netflix.discovery.DiscoveryClient [restartedMain] Disable delta property : false
2024-01-29 14:14:54,532 [INFO] com.netflix.discovery.DiscoveryClient [restartedMain] Single vip registry refresh property : null
2024-01-29 14:14:54,532 [INFO] com.netflix.discovery.DiscoveryClient [restartedMain] Force full registry fetch : false
2024-01-29 14:14:54,532 [INFO] com.netflix.discovery.DiscoveryClient [restartedMain] Application is null : false
2024-01-29 14:14:54,532 [INFO] com.netflix.discovery.DiscoveryClient [restartedMain] Registered Applications size is zero : true
2024-01-29 14:14:54,532 [INFO] com.netflix.discovery.DiscoveryClient [restartedMain] Application version is -1: true
2024-01-29 14:14:54,532 [INFO] com.netflix.discovery.DiscoveryClient [restartedMain] Getting all instance registry info from the eureka server
2024-01-29 14:14:54,545 [INFO] com.netflix.discovery.DiscoveryClient [restartedMain] The response status is 200
2024-01-29 14:14:54,546 [INFO] com.netflix.discovery.DiscoveryClient [restartedMain] Starting heartbeat executor: renew interval is: 30
2024-01-29 14:14:54,546 [INFO] com.netflix.discovery.InstanceInfoReplicator [restartedMain] InstanceInfoReplicator onDemand update allowed rate per min is 4
2024-01-29 14:14:54,547 [INFO] com.netflix.discovery.DiscoveryClient [restartedMain] Discovery Client initialized at timestamp 1706517894547 with initial instances count: 6
2024-01-29 14:14:54,554 [INFO] org.springframework.cloud.netflix.eureka.serviceregistry.EurekaServiceRegistry [restartedMain] Registering application DOCTOR-SERVICE with eureka with status UP
2024-01-29 14:14:54,554 [INFO] com.netflix.discovery.DiscoveryClient [restartedMain] Saw local status change event StatusChangeEvent [timestamp=1706517894554, current=UP, previous=STARTING]
2024-01-29 14:14:54,554 [INFO] com.netflix.discovery.DiscoveryClient [DiscoveryClient-InstanceInfoReplicator-0] DiscoveryClient_DOCTOR-SERVICE/LAPTOP-GFBQMQJH:doctor-service:8081: registering service...
2024-01-29 14:14:54,558 [INFO] org.springframework.boot.web.embedded.tomcat.TomcatWebServer [restartedMain] Tomcat started on port(s): 8081 (http) with context path ''
2024-01-29 14:14:54,559 [INFO] org.springframework.cloud.netflix.eureka.serviceregistry.EurekaAutoServiceRegistration [restartedMain] Updating port to 8081
2024-01-29 14:14:54,564 [INFO] com.netflix.discovery.DiscoveryClient [DiscoveryClient-InstanceInfoReplicator-0] DiscoveryClient_DOCTOR-SERVICE/LAPTOP-GFBQMQJH:doctor-service:8081 - registration status: 204
2024-01-29 14:14:54,651 [INFO] com.pms.doctor.service.DoctorServiceApplication [restartedMain] Started DoctorServiceApplication in 2.293 seconds (process running for 2770.547)
2024-01-29 14:14:54,653 [INFO] org.springframework.boot.devtools.autoconfigure.ConditionEvaluationDeltaLoggingListener [restartedMain] Condition evaluation unchanged
2024-01-29 14:15:52,476 [INFO] org.springframework.boot.devtools.autoconfigure.LocalDevToolsAutoConfiguration$RestartingClassPathChangeChangedEventListener [File Watcher] Restarting due to 1 class path change (0 additions, 0 deletions, 1 modification)
2024-01-29 14:15:52,476 [INFO] org.springframework.cloud.netflix.eureka.serviceregistry.EurekaServiceRegistry [Thread-49] Unregistering application DOCTOR-SERVICE with eureka with status DOWN
2024-01-29 14:15:52,476 [INFO] com.netflix.discovery.DiscoveryClient [Thread-49] Saw local status change event StatusChangeEvent [timestamp=1706517952476, current=DOWN, previous=UP]
2024-01-29 14:15:52,477 [INFO] com.netflix.discovery.DiscoveryClient [DiscoveryClient-InstanceInfoReplicator-0] DiscoveryClient_DOCTOR-SERVICE/LAPTOP-GFBQMQJH:doctor-service:8081: registering service...
2024-01-29 14:15:52,481 [INFO] com.netflix.discovery.DiscoveryClient [DiscoveryClient-InstanceInfoReplicator-0] DiscoveryClient_DOCTOR-SERVICE/LAPTOP-GFBQMQJH:doctor-service:8081 - registration status: 204
2024-01-29 14:15:52,485 [INFO] org.apache.catalina.core.StandardService [Thread-49] Stopping service [Tomcat]
2024-01-29 14:15:52,488 [WARN] org.apache.catalina.loader.WebappClassLoaderBase [Thread-49] The web application [ROOT] appears to have started a thread named [cluster-ClusterId{value='65b76585e015b9435929e73d', description='null'}-localhost:27017] but has failed to stop it. This is very likely to create a memory leak. Stack trace of thread:
 java.base@17.0.7/sun.nio.ch.Net.poll(Native Method)
 java.base@17.0.7/sun.nio.ch.NioSocketImpl.park(NioSocketImpl.java:181)
 java.base@17.0.7/sun.nio.ch.NioSocketImpl.timedRead(NioSocketImpl.java:285)
 java.base@17.0.7/sun.nio.ch.NioSocketImpl.implRead(NioSocketImpl.java:309)
 java.base@17.0.7/sun.nio.ch.NioSocketImpl.read(NioSocketImpl.java:350)
 java.base@17.0.7/sun.nio.ch.NioSocketImpl$1.read(NioSocketImpl.java:803)
 java.base@17.0.7/java.net.Socket$SocketInputStream.read(Socket.java:966)
 app//com.mongodb.internal.connection.SocketStream.read(SocketStream.java:113)
 app//com.mongodb.internal.connection.SocketStream.read(SocketStream.java:138)
 app//com.mongodb.internal.connection.InternalStreamConnection.receiveResponseBuffers(InternalStreamConnection.java:716)
 app//com.mongodb.internal.connection.InternalStreamConnection.receiveMessageWithAdditionalTimeout(InternalStreamConnection.java:574)
 app//com.mongodb.internal.connection.InternalStreamConnection.receiveCommandMessageResponse(InternalStreamConnection.java:413)
 app//com.mongodb.internal.connection.InternalStreamConnection.receive(InternalStreamConnection.java:372)
 app//com.mongodb.internal.connection.DefaultServerMonitor$ServerMonitorRunnable.lookupServerDescription(DefaultServerMonitor.java:226)
 app//com.mongodb.internal.connection.DefaultServerMonitor$ServerMonitorRunnable.run(DefaultServerMonitor.java:158)
 java.base@17.0.7/java.lang.Thread.run(Thread.java:833)
2024-01-29 14:15:52,488 [WARN] org.apache.catalina.loader.WebappClassLoaderBase [Thread-49] The web application [ROOT] appears to have started a thread named [cluster-rtt-ClusterId{value='65b76585e015b9435929e73d', description='null'}-localhost:27017] but has failed to stop it. This is very likely to create a memory leak. Stack trace of thread:
 java.base@17.0.7/java.lang.Thread.sleep(Native Method)
 app//com.mongodb.internal.connection.DefaultServerMonitor.waitForNext(DefaultServerMonitor.java:448)
 app//com.mongodb.internal.connection.DefaultServerMonitor.access$1500(DefaultServerMonitor.java:65)
 app//com.mongodb.internal.connection.DefaultServerMonitor$RoundTripTimeRunnable.run(DefaultServerMonitor.java:420)
 java.base@17.0.7/java.lang.Thread.run(Thread.java:833)
2024-01-29 14:15:52,489 [WARN] org.apache.catalina.loader.WebappClassLoaderBase [Thread-49] The web application [ROOT] appears to have started a thread named [MaintenanceTimer-10-thread-1] but has failed to stop it. This is very likely to create a memory leak. Stack trace of thread:
 java.base@17.0.7/jdk.internal.misc.Unsafe.park(Native Method)
 java.base@17.0.7/java.util.concurrent.locks.LockSupport.parkNanos(LockSupport.java:252)
 java.base@17.0.7/java.util.concurrent.locks.AbstractQueuedSynchronizer$ConditionObject.awaitNanos(AbstractQueuedSynchronizer.java:1672)
 java.base@17.0.7/java.util.concurrent.ScheduledThreadPoolExecutor$DelayedWorkQueue.take(ScheduledThreadPoolExecutor.java:1182)
 java.base@17.0.7/java.util.concurrent.ScheduledThreadPoolExecutor$DelayedWorkQueue.take(ScheduledThreadPoolExecutor.java:899)
 java.base@17.0.7/java.util.concurrent.ThreadPoolExecutor.getTask(ThreadPoolExecutor.java:1062)
 java.base@17.0.7/java.util.concurrent.ThreadPoolExecutor.runWorker(ThreadPoolExecutor.java:1122)
 java.base@17.0.7/java.util.concurrent.ThreadPoolExecutor$Worker.run(ThreadPoolExecutor.java:635)
 java.base@17.0.7/java.lang.Thread.run(Thread.java:833)
2024-01-29 14:15:52,493 [INFO] com.netflix.discovery.DiscoveryClient [Thread-49] Shutting down DiscoveryClient ...
2024-01-29 14:15:55,506 [WARN] com.netflix.discovery.TimedSupervisorTask [DiscoveryClient-0] task supervisor shutting down, can't accept the task
2024-01-29 14:15:55,506 [INFO] com.netflix.discovery.DiscoveryClient [Thread-49] Unregistering ...
2024-01-29 14:15:55,508 [INFO] com.netflix.discovery.DiscoveryClient [Thread-49] DiscoveryClient_DOCTOR-SERVICE/LAPTOP-GFBQMQJH:doctor-service:8081 - deregister  status: 200
2024-01-29 14:15:55,510 [INFO] com.netflix.discovery.DiscoveryClient [Thread-49] Completed shut down of DiscoveryClient
2024-01-29 14:15:55,721 [INFO] com.pms.doctor.service.DoctorServiceApplication [restartedMain] Starting DoctorServiceApplication using Java 17.0.7 with PID 11216 (C:\Users\rahul\Desktop\PMS UPdate\Pharmacy-Management-System\Doctor-Service\Doctor-Service\target\classes started by rahul in C:\Users\rahul\Desktop\PMS UPdate\Pharmacy-Management-System\Doctor-Service\Doctor-Service)
2024-01-29 14:15:55,721 [INFO] com.pms.doctor.service.DoctorServiceApplication [restartedMain] No active profile set, falling back to 1 default profile: "default"
2024-01-29 14:15:55,989 [INFO] org.springframework.data.repository.config.RepositoryConfigurationDelegate [restartedMain] Bootstrapping Spring Data MongoDB repositories in DEFAULT mode.
2024-01-29 14:15:56,003 [INFO] org.springframework.data.repository.config.RepositoryConfigurationDelegate [restartedMain] Finished Spring Data repository scanning in 13 ms. Found 4 MongoDB repository interfaces.
2024-01-29 14:15:56,066 [INFO] org.springframework.cloud.context.scope.GenericScope [restartedMain] BeanFactory id=46cb0333-72b5-3c3a-9d41-0491bdaf997f
2024-01-29 14:15:56,197 [INFO] org.springframework.boot.web.embedded.tomcat.TomcatWebServer [restartedMain] Tomcat initialized with port(s): 8081 (http)
2024-01-29 14:15:56,197 [INFO] org.apache.catalina.core.StandardService [restartedMain] Starting service [Tomcat]
2024-01-29 14:15:56,197 [INFO] org.apache.catalina.core.StandardEngine [restartedMain] Starting Servlet engine: [Apache Tomcat/10.1.8]
2024-01-29 14:15:56,222 [INFO] org.apache.catalina.core.ContainerBase.[Tomcat].[localhost].[/] [restartedMain] Initializing Spring embedded WebApplicationContext
2024-01-29 14:15:56,223 [INFO] org.springframework.boot.web.servlet.context.ServletWebServerApplicationContext [restartedMain] Root WebApplicationContext: initialization completed in 499 ms
2024-01-29 14:15:56,414 [INFO] org.mongodb.driver.client [restartedMain] MongoClient with metadata {"driver": {"name": "mongo-java-driver|sync|spring-boot", "version": "4.8.2"}, "os": {"type": "Windows", "name": "Windows 11", "architecture": "amd64", "version": "10.0"}, "platform": "Java/Eclipse Adoptium/17.0.7+7"} created with settings MongoClientSettings{readPreference=primary, writeConcern=WriteConcern{w=null, wTimeout=null ms, journal=null}, retryWrites=true, retryReads=true, readConcern=ReadConcern{level=null}, credential=null, streamFactoryFactory=null, commandListeners=[io.micrometer.core.instrument.binder.mongodb.MongoMetricsCommandListener@1e0b4fdf], codecRegistry=ProvidersCodecRegistry{codecProviders=[ValueCodecProvider{}, BsonValueCodecProvider{}, DBRefCodecProvider{}, DBObjectCodecProvider{}, DocumentCodecProvider{}, CollectionCodecProvider{}, IterableCodecProvider{}, MapCodecProvider{}, GeoJsonCodecProvider{}, GridFSFileCodecProvider{}, Jsr310CodecProvider{}, JsonObjectCodecProvider{}, BsonCodecProvider{}, EnumCodecProvider{}, com.mongodb.Jep395RecordCodecProvider@a9532f3]}, clusterSettings={hosts=[localhost:27017], srvServiceName=mongodb, mode=SINGLE, requiredClusterType=UNKNOWN, requiredReplicaSetName='null', serverSelector='null', clusterListeners='[]', serverSelectionTimeout='30000 ms', localThreshold='30000 ms'}, socketSettings=SocketSettings{connectTimeoutMS=10000, readTimeoutMS=0, receiveBufferSize=0, sendBufferSize=0}, heartbeatSocketSettings=SocketSettings{connectTimeoutMS=10000, readTimeoutMS=10000, receiveBufferSize=0, sendBufferSize=0}, connectionPoolSettings=ConnectionPoolSettings{maxSize=100, minSize=0, maxWaitTimeMS=120000, maxConnectionLifeTimeMS=0, maxConnectionIdleTimeMS=0, maintenanceInitialDelayMS=0, maintenanceFrequencyMS=60000, connectionPoolListeners=[io.micrometer.core.instrument.binder.mongodb.MongoMetricsConnectionPoolListener@359f9e0b], maxConnecting=2}, serverSettings=ServerSettings{heartbeatFrequencyMS=10000, minHeartbeatFrequencyMS=500, serverListeners='[]', serverMonitorListeners='[]'}, sslSettings=SslSettings{enabled=false, invalidHostNameAllowed=false, context=null}, applicationName='null', compressorList=[], uuidRepresentation=JAVA_LEGACY, serverApi=null, autoEncryptionSettings=null, contextProvider=null}
2024-01-29 14:15:56,416 [INFO] org.mongodb.driver.cluster [cluster-ClusterId{value='65b765c4e015b9435929e73e', description='null'}-localhost:27017] Monitor thread successfully connected to server with description ServerDescription{address=localhost:27017, type=STANDALONE, state=CONNECTED, ok=true, minWireVersion=0, maxWireVersion=17, maxDocumentSize=16777216, logicalSessionTimeoutMinutes=30, roundTripTimeNanos=1131000}
2024-01-29 14:15:56,540 [WARN] org.springframework.boot.devtools.autoconfigure.OptionalLiveReloadServer [restartedMain] Unable to start LiveReload server
2024-01-29 14:15:57,099 [INFO] org.springframework.boot.actuate.endpoint.web.EndpointLinksResolver [restartedMain] Exposing 1 endpoint(s) beneath base path '/actuator'
2024-01-29 14:15:57,132 [INFO] org.springframework.security.web.DefaultSecurityFilterChain [restartedMain] Will secure any request with [org.springframework.security.web.session.DisableEncodeUrlFilter@c78c79a, org.springframework.security.web.context.request.async.WebAsyncManagerIntegrationFilter@1a32b42a, org.springframework.security.web.context.SecurityContextHolderFilter@7f060d92, org.springframework.security.web.header.HeaderWriterFilter@214cc5e9, org.springframework.web.filter.CorsFilter@5b0c97c1, org.springframework.security.web.authentication.logout.LogoutFilter@50732b2b, com.pms.doctor.service.Config.JwtAuthenticationFilter@55f76880, org.springframework.security.web.savedrequest.RequestCacheAwareFilter@5f8800d6, org.springframework.security.web.servletapi.SecurityContextHolderAwareRequestFilter@6d1e8afe, org.springframework.security.web.authentication.AnonymousAuthenticationFilter@6af0c0e6, org.springframework.security.web.session.SessionManagementFilter@1486807b, org.springframework.security.web.access.ExceptionTranslationFilter@5324041e, org.springframework.security.web.access.intercept.AuthorizationFilter@423df39a]
2024-01-29 14:15:57,575 [INFO] org.springframework.cloud.netflix.eureka.config.DiscoveryClientOptionalArgsConfiguration [restartedMain] Eureka HTTP Client uses RestTemplate.
2024-01-29 14:15:57,629 [WARN] org.springframework.cloud.loadbalancer.config.LoadBalancerCacheAutoConfiguration$LoadBalancerCaffeineWarnLogger [restartedMain] Spring Cloud LoadBalancer is currently working with the default cache. While this cache implementation is useful for development and tests, it's recommended to use Caffeine cache in production.You can switch to using Caffeine cache, by adding it and org.springframework.cache.caffeine.CaffeineCacheManager to the classpath.
2024-01-29 14:15:57,649 [INFO] org.springframework.cloud.netflix.eureka.InstanceInfoFactory [restartedMain] Setting initial instance status as: STARTING
2024-01-29 14:15:57,653 [INFO] com.netflix.discovery.DiscoveryClient [restartedMain] Initializing Eureka in region us-east-1
2024-01-29 14:15:57,668 [INFO] com.netflix.discovery.shared.resolver.aws.ConfigClusterResolver [restartedMain] Resolving eureka endpoints via configuration
2024-01-29 14:15:57,669 [INFO] com.netflix.discovery.DiscoveryClient [restartedMain] Disable delta property : false
2024-01-29 14:15:57,670 [INFO] com.netflix.discovery.DiscoveryClient [restartedMain] Single vip registry refresh property : null
2024-01-29 14:15:57,670 [INFO] com.netflix.discovery.DiscoveryClient [restartedMain] Force full registry fetch : false
2024-01-29 14:15:57,670 [INFO] com.netflix.discovery.DiscoveryClient [restartedMain] Application is null : false
2024-01-29 14:15:57,670 [INFO] com.netflix.discovery.DiscoveryClient [restartedMain] Registered Applications size is zero : true
2024-01-29 14:15:57,670 [INFO] com.netflix.discovery.DiscoveryClient [restartedMain] Application version is -1: true
2024-01-29 14:15:57,670 [INFO] com.netflix.discovery.DiscoveryClient [restartedMain] Getting all instance registry info from the eureka server
2024-01-29 14:15:57,683 [INFO] com.netflix.discovery.DiscoveryClient [restartedMain] The response status is 200
2024-01-29 14:15:57,684 [INFO] com.netflix.discovery.DiscoveryClient [restartedMain] Starting heartbeat executor: renew interval is: 30
2024-01-29 14:15:57,685 [INFO] com.netflix.discovery.InstanceInfoReplicator [restartedMain] InstanceInfoReplicator onDemand update allowed rate per min is 4
2024-01-29 14:15:57,686 [INFO] com.netflix.discovery.DiscoveryClient [restartedMain] Discovery Client initialized at timestamp 1706517957686 with initial instances count: 6
2024-01-29 14:15:57,693 [INFO] org.springframework.cloud.netflix.eureka.serviceregistry.EurekaServiceRegistry [restartedMain] Registering application DOCTOR-SERVICE with eureka with status UP
2024-01-29 14:15:57,693 [INFO] com.netflix.discovery.DiscoveryClient [restartedMain] Saw local status change event StatusChangeEvent [timestamp=1706517957693, current=UP, previous=STARTING]
2024-01-29 14:15:57,693 [INFO] com.netflix.discovery.DiscoveryClient [DiscoveryClient-InstanceInfoReplicator-0] DiscoveryClient_DOCTOR-SERVICE/LAPTOP-GFBQMQJH:doctor-service:8081: registering service...
2024-01-29 14:15:57,697 [INFO] org.springframework.boot.web.embedded.tomcat.TomcatWebServer [restartedMain] Tomcat started on port(s): 8081 (http) with context path ''
2024-01-29 14:15:57,697 [INFO] org.springframework.cloud.netflix.eureka.serviceregistry.EurekaAutoServiceRegistration [restartedMain] Updating port to 8081
2024-01-29 14:15:57,703 [INFO] com.netflix.discovery.DiscoveryClient [DiscoveryClient-InstanceInfoReplicator-0] DiscoveryClient_DOCTOR-SERVICE/LAPTOP-GFBQMQJH:doctor-service:8081 - registration status: 204
2024-01-29 14:15:57,783 [INFO] com.pms.doctor.service.DoctorServiceApplication [restartedMain] Started DoctorServiceApplication in 2.168 seconds (process running for 2833.679)
2024-01-29 14:15:57,786 [INFO] org.springframework.boot.devtools.autoconfigure.ConditionEvaluationDeltaLoggingListener [restartedMain] Condition evaluation unchanged
2024-01-29 14:16:27,765 [INFO] org.springframework.boot.devtools.autoconfigure.LocalDevToolsAutoConfiguration$RestartingClassPathChangeChangedEventListener [File Watcher] Restarting due to 1 class path change (1 addition, 0 deletions, 0 modifications)
2024-01-29 14:16:27,766 [INFO] org.springframework.cloud.netflix.eureka.serviceregistry.EurekaServiceRegistry [Thread-55] Unregistering application DOCTOR-SERVICE with eureka with status DOWN
2024-01-29 14:16:27,766 [INFO] com.netflix.discovery.DiscoveryClient [Thread-55] Saw local status change event StatusChangeEvent [timestamp=1706517987766, current=DOWN, previous=UP]
2024-01-29 14:16:27,766 [INFO] com.netflix.discovery.DiscoveryClient [DiscoveryClient-InstanceInfoReplicator-0] DiscoveryClient_DOCTOR-SERVICE/LAPTOP-GFBQMQJH:doctor-service:8081: registering service...
2024-01-29 14:16:27,769 [INFO] com.netflix.discovery.DiscoveryClient [DiscoveryClient-InstanceInfoReplicator-0] DiscoveryClient_DOCTOR-SERVICE/LAPTOP-GFBQMQJH:doctor-service:8081 - registration status: 204
2024-01-29 14:16:27,775 [INFO] org.apache.catalina.core.StandardService [Thread-55] Stopping service [Tomcat]
2024-01-29 14:16:27,776 [WARN] org.apache.catalina.loader.WebappClassLoaderBase [Thread-55] The web application [ROOT] appears to have started a thread named [cluster-ClusterId{value='65b765c4e015b9435929e73e', description='null'}-localhost:27017] but has failed to stop it. This is very likely to create a memory leak. Stack trace of thread:
 java.base@17.0.7/sun.nio.ch.Net.poll(Native Method)
 java.base@17.0.7/sun.nio.ch.NioSocketImpl.park(NioSocketImpl.java:181)
 java.base@17.0.7/sun.nio.ch.NioSocketImpl.timedRead(NioSocketImpl.java:285)
 java.base@17.0.7/sun.nio.ch.NioSocketImpl.implRead(NioSocketImpl.java:309)
 java.base@17.0.7/sun.nio.ch.NioSocketImpl.read(NioSocketImpl.java:350)
 java.base@17.0.7/sun.nio.ch.NioSocketImpl$1.read(NioSocketImpl.java:803)
 java.base@17.0.7/java.net.Socket$SocketInputStream.read(Socket.java:966)
 app//com.mongodb.internal.connection.SocketStream.read(SocketStream.java:113)
 app//com.mongodb.internal.connection.SocketStream.read(SocketStream.java:138)
 app//com.mongodb.internal.connection.InternalStreamConnection.receiveResponseBuffers(InternalStreamConnection.java:716)
 app//com.mongodb.internal.connection.InternalStreamConnection.receiveMessageWithAdditionalTimeout(InternalStreamConnection.java:574)
 app//com.mongodb.internal.connection.InternalStreamConnection.receiveCommandMessageResponse(InternalStreamConnection.java:413)
 app//com.mongodb.internal.connection.InternalStreamConnection.receive(InternalStreamConnection.java:372)
 app//com.mongodb.internal.connection.DefaultServerMonitor$ServerMonitorRunnable.lookupServerDescription(DefaultServerMonitor.java:226)
 app//com.mongodb.internal.connection.DefaultServerMonitor$ServerMonitorRunnable.run(DefaultServerMonitor.java:158)
 java.base@17.0.7/java.lang.Thread.run(Thread.java:833)
2024-01-29 14:16:27,777 [WARN] org.apache.catalina.loader.WebappClassLoaderBase [Thread-55] The web application [ROOT] appears to have started a thread named [cluster-rtt-ClusterId{value='65b765c4e015b9435929e73e', description='null'}-localhost:27017] but has failed to stop it. This is very likely to create a memory leak. Stack trace of thread:
 java.base@17.0.7/java.lang.Thread.sleep(Native Method)
 app//com.mongodb.internal.connection.DefaultServerMonitor.waitForNext(DefaultServerMonitor.java:448)
 app//com.mongodb.internal.connection.DefaultServerMonitor.access$1500(DefaultServerMonitor.java:65)
 app//com.mongodb.internal.connection.DefaultServerMonitor$RoundTripTimeRunnable.run(DefaultServerMonitor.java:420)
 java.base@17.0.7/java.lang.Thread.run(Thread.java:833)
2024-01-29 14:16:27,777 [WARN] org.apache.catalina.loader.WebappClassLoaderBase [Thread-55] The web application [ROOT] appears to have started a thread named [MaintenanceTimer-11-thread-1] but has failed to stop it. This is very likely to create a memory leak. Stack trace of thread:
 java.base@17.0.7/jdk.internal.misc.Unsafe.park(Native Method)
 java.base@17.0.7/java.util.concurrent.locks.LockSupport.parkNanos(LockSupport.java:252)
 java.base@17.0.7/java.util.concurrent.locks.AbstractQueuedSynchronizer$ConditionObject.awaitNanos(AbstractQueuedSynchronizer.java:1672)
 java.base@17.0.7/java.util.concurrent.ScheduledThreadPoolExecutor$DelayedWorkQueue.take(ScheduledThreadPoolExecutor.java:1182)
 java.base@17.0.7/java.util.concurrent.ScheduledThreadPoolExecutor$DelayedWorkQueue.take(ScheduledThreadPoolExecutor.java:899)
 java.base@17.0.7/java.util.concurrent.ThreadPoolExecutor.getTask(ThreadPoolExecutor.java:1062)
 java.base@17.0.7/java.util.concurrent.ThreadPoolExecutor.runWorker(ThreadPoolExecutor.java:1122)
 java.base@17.0.7/java.util.concurrent.ThreadPoolExecutor$Worker.run(ThreadPoolExecutor.java:635)
 java.base@17.0.7/java.lang.Thread.run(Thread.java:833)
2024-01-29 14:16:27,781 [INFO] com.netflix.discovery.DiscoveryClient [Thread-55] Shutting down DiscoveryClient ...
2024-01-29 14:16:30,785 [INFO] com.netflix.discovery.DiscoveryClient [Thread-55] Unregistering ...
2024-01-29 14:16:30,788 [INFO] com.netflix.discovery.DiscoveryClient [Thread-55] DiscoveryClient_DOCTOR-SERVICE/LAPTOP-GFBQMQJH:doctor-service:8081 - deregister  status: 200
2024-01-29 14:16:30,790 [INFO] com.netflix.discovery.DiscoveryClient [Thread-55] Completed shut down of DiscoveryClient
2024-01-29 14:16:31,003 [INFO] com.pms.doctor.service.DoctorServiceApplication [restartedMain] Starting DoctorServiceApplication using Java 17.0.7 with PID 11216 (C:\Users\rahul\Desktop\PMS UPdate\Pharmacy-Management-System\Doctor-Service\Doctor-Service\target\classes started by rahul in C:\Users\rahul\Desktop\PMS UPdate\Pharmacy-Management-System\Doctor-Service\Doctor-Service)
2024-01-29 14:16:31,003 [INFO] com.pms.doctor.service.DoctorServiceApplication [restartedMain] No active profile set, falling back to 1 default profile: "default"
2024-01-29 14:16:31,275 [INFO] org.springframework.data.repository.config.RepositoryConfigurationDelegate [restartedMain] Bootstrapping Spring Data MongoDB repositories in DEFAULT mode.
2024-01-29 14:16:31,288 [INFO] org.springframework.data.repository.config.RepositoryConfigurationDelegate [restartedMain] Finished Spring Data repository scanning in 12 ms. Found 4 MongoDB repository interfaces.
2024-01-29 14:16:31,350 [INFO] org.springframework.cloud.context.scope.GenericScope [restartedMain] BeanFactory id=46cb0333-72b5-3c3a-9d41-0491bdaf997f
2024-01-29 14:16:31,465 [INFO] org.springframework.boot.web.embedded.tomcat.TomcatWebServer [restartedMain] Tomcat initialized with port(s): 8081 (http)
2024-01-29 14:16:31,466 [INFO] org.apache.catalina.core.StandardService [restartedMain] Starting service [Tomcat]
2024-01-29 14:16:31,466 [INFO] org.apache.catalina.core.StandardEngine [restartedMain] Starting Servlet engine: [Apache Tomcat/10.1.8]
2024-01-29 14:16:31,491 [INFO] org.apache.catalina.core.ContainerBase.[Tomcat].[localhost].[/] [restartedMain] Initializing Spring embedded WebApplicationContext
2024-01-29 14:16:31,491 [INFO] org.springframework.boot.web.servlet.context.ServletWebServerApplicationContext [restartedMain] Root WebApplicationContext: initialization completed in 486 ms
2024-01-29 14:16:31,667 [INFO] org.mongodb.driver.client [restartedMain] MongoClient with metadata {"driver": {"name": "mongo-java-driver|sync|spring-boot", "version": "4.8.2"}, "os": {"type": "Windows", "name": "Windows 11", "architecture": "amd64", "version": "10.0"}, "platform": "Java/Eclipse Adoptium/17.0.7+7"} created with settings MongoClientSettings{readPreference=primary, writeConcern=WriteConcern{w=null, wTimeout=null ms, journal=null}, retryWrites=true, retryReads=true, readConcern=ReadConcern{level=null}, credential=null, streamFactoryFactory=null, commandListeners=[io.micrometer.core.instrument.binder.mongodb.MongoMetricsCommandListener@2a414eb1], codecRegistry=ProvidersCodecRegistry{codecProviders=[ValueCodecProvider{}, BsonValueCodecProvider{}, DBRefCodecProvider{}, DBObjectCodecProvider{}, DocumentCodecProvider{}, CollectionCodecProvider{}, IterableCodecProvider{}, MapCodecProvider{}, GeoJsonCodecProvider{}, GridFSFileCodecProvider{}, Jsr310CodecProvider{}, JsonObjectCodecProvider{}, BsonCodecProvider{}, EnumCodecProvider{}, com.mongodb.Jep395RecordCodecProvider@a9532f3]}, clusterSettings={hosts=[localhost:27017], srvServiceName=mongodb, mode=SINGLE, requiredClusterType=UNKNOWN, requiredReplicaSetName='null', serverSelector='null', clusterListeners='[]', serverSelectionTimeout='30000 ms', localThreshold='30000 ms'}, socketSettings=SocketSettings{connectTimeoutMS=10000, readTimeoutMS=0, receiveBufferSize=0, sendBufferSize=0}, heartbeatSocketSettings=SocketSettings{connectTimeoutMS=10000, readTimeoutMS=10000, receiveBufferSize=0, sendBufferSize=0}, connectionPoolSettings=ConnectionPoolSettings{maxSize=100, minSize=0, maxWaitTimeMS=120000, maxConnectionLifeTimeMS=0, maxConnectionIdleTimeMS=0, maintenanceInitialDelayMS=0, maintenanceFrequencyMS=60000, connectionPoolListeners=[io.micrometer.core.instrument.binder.mongodb.MongoMetricsConnectionPoolListener@7915c316], maxConnecting=2}, serverSettings=ServerSettings{heartbeatFrequencyMS=10000, minHeartbeatFrequencyMS=500, serverListeners='[]', serverMonitorListeners='[]'}, sslSettings=SslSettings{enabled=false, invalidHostNameAllowed=false, context=null}, applicationName='null', compressorList=[], uuidRepresentation=JAVA_LEGACY, serverApi=null, autoEncryptionSettings=null, contextProvider=null}
2024-01-29 14:16:31,669 [INFO] org.mongodb.driver.cluster [cluster-ClusterId{value='65b765e7e015b9435929e73f', description='null'}-localhost:27017] Monitor thread successfully connected to server with description ServerDescription{address=localhost:27017, type=STANDALONE, state=CONNECTED, ok=true, minWireVersion=0, maxWireVersion=17, maxDocumentSize=16777216, logicalSessionTimeoutMinutes=30, roundTripTimeNanos=1120000}
2024-01-29 14:16:31,788 [WARN] org.springframework.boot.devtools.autoconfigure.OptionalLiveReloadServer [restartedMain] Unable to start LiveReload server
2024-01-29 14:16:32,324 [INFO] org.springframework.boot.actuate.endpoint.web.EndpointLinksResolver [restartedMain] Exposing 1 endpoint(s) beneath base path '/actuator'
2024-01-29 14:16:32,356 [INFO] org.springframework.security.web.DefaultSecurityFilterChain [restartedMain] Will secure any request with [org.springframework.security.web.session.DisableEncodeUrlFilter@37890cff, org.springframework.security.web.context.request.async.WebAsyncManagerIntegrationFilter@3a0e8121, org.springframework.security.web.context.SecurityContextHolderFilter@6ab4834f, org.springframework.security.web.header.HeaderWriterFilter@780ea1cb, org.springframework.web.filter.CorsFilter@369d4695, org.springframework.security.web.authentication.logout.LogoutFilter@68b32143, com.pms.doctor.service.Config.JwtAuthenticationFilter@2e59ec55, org.springframework.security.web.savedrequest.RequestCacheAwareFilter@37c9d054, org.springframework.security.web.servletapi.SecurityContextHolderAwareRequestFilter@734e6336, org.springframework.security.web.authentication.AnonymousAuthenticationFilter@3c4ac02d, org.springframework.security.web.session.SessionManagementFilter@30e0432a, org.springframework.security.web.access.ExceptionTranslationFilter@613708f0, org.springframework.security.web.access.intercept.AuthorizationFilter@7cf2445a]
2024-01-29 14:16:32,853 [INFO] org.springframework.cloud.netflix.eureka.config.DiscoveryClientOptionalArgsConfiguration [restartedMain] Eureka HTTP Client uses RestTemplate.
2024-01-29 14:16:32,903 [WARN] org.springframework.cloud.loadbalancer.config.LoadBalancerCacheAutoConfiguration$LoadBalancerCaffeineWarnLogger [restartedMain] Spring Cloud LoadBalancer is currently working with the default cache. While this cache implementation is useful for development and tests, it's recommended to use Caffeine cache in production.You can switch to using Caffeine cache, by adding it and org.springframework.cache.caffeine.CaffeineCacheManager to the classpath.
2024-01-29 14:16:32,929 [INFO] org.springframework.cloud.netflix.eureka.InstanceInfoFactory [restartedMain] Setting initial instance status as: STARTING
2024-01-29 14:16:32,933 [INFO] com.netflix.discovery.DiscoveryClient [restartedMain] Initializing Eureka in region us-east-1
2024-01-29 14:16:32,933 [INFO] com.netflix.discovery.shared.resolver.aws.ConfigClusterResolver [restartedMain] Resolving eureka endpoints via configuration
2024-01-29 14:16:32,934 [INFO] com.netflix.discovery.DiscoveryClient [restartedMain] Disable delta property : false
2024-01-29 14:16:32,934 [INFO] com.netflix.discovery.DiscoveryClient [restartedMain] Single vip registry refresh property : null
2024-01-29 14:16:32,934 [INFO] com.netflix.discovery.DiscoveryClient [restartedMain] Force full registry fetch : false
2024-01-29 14:16:32,934 [INFO] com.netflix.discovery.DiscoveryClient [restartedMain] Application is null : false
2024-01-29 14:16:32,934 [INFO] com.netflix.discovery.DiscoveryClient [restartedMain] Registered Applications size is zero : true
2024-01-29 14:16:32,934 [INFO] com.netflix.discovery.DiscoveryClient [restartedMain] Application version is -1: true
2024-01-29 14:16:32,935 [INFO] com.netflix.discovery.DiscoveryClient [restartedMain] Getting all instance registry info from the eureka server
2024-01-29 14:16:32,946 [INFO] com.netflix.discovery.DiscoveryClient [restartedMain] The response status is 200
2024-01-29 14:16:32,947 [INFO] com.netflix.discovery.DiscoveryClient [restartedMain] Starting heartbeat executor: renew interval is: 30
2024-01-29 14:16:32,947 [INFO] com.netflix.discovery.InstanceInfoReplicator [restartedMain] InstanceInfoReplicator onDemand update allowed rate per min is 4
2024-01-29 14:16:32,948 [INFO] com.netflix.discovery.DiscoveryClient [restartedMain] Discovery Client initialized at timestamp 1706517992948 with initial instances count: 6
2024-01-29 14:16:32,957 [INFO] org.springframework.cloud.netflix.eureka.serviceregistry.EurekaServiceRegistry [restartedMain] Registering application DOCTOR-SERVICE with eureka with status UP
2024-01-29 14:16:32,957 [INFO] com.netflix.discovery.DiscoveryClient [restartedMain] Saw local status change event StatusChangeEvent [timestamp=1706517992957, current=UP, previous=STARTING]
2024-01-29 14:16:32,957 [INFO] com.netflix.discovery.DiscoveryClient [DiscoveryClient-InstanceInfoReplicator-0] DiscoveryClient_DOCTOR-SERVICE/LAPTOP-GFBQMQJH:doctor-service:8081: registering service...
2024-01-29 14:16:32,961 [INFO] org.springframework.boot.web.embedded.tomcat.TomcatWebServer [restartedMain] Tomcat started on port(s): 8081 (http) with context path ''
2024-01-29 14:16:32,961 [INFO] org.springframework.cloud.netflix.eureka.serviceregistry.EurekaAutoServiceRegistration [restartedMain] Updating port to 8081
2024-01-29 14:16:32,967 [INFO] com.netflix.discovery.DiscoveryClient [DiscoveryClient-InstanceInfoReplicator-0] DiscoveryClient_DOCTOR-SERVICE/LAPTOP-GFBQMQJH:doctor-service:8081 - registration status: 204
2024-01-29 14:16:33,049 [INFO] com.pms.doctor.service.DoctorServiceApplication [restartedMain] Started DoctorServiceApplication in 2.153 seconds (process running for 2868.946)
2024-01-29 14:16:33,051 [INFO] org.springframework.boot.devtools.autoconfigure.ConditionEvaluationDeltaLoggingListener [restartedMain] Condition evaluation unchanged
2024-01-29 14:18:31,798 [INFO] org.springframework.boot.devtools.autoconfigure.LocalDevToolsAutoConfiguration$RestartingClassPathChangeChangedEventListener [File Watcher] Restarting due to 1 class path change (0 additions, 0 deletions, 1 modification)
2024-01-29 14:18:31,798 [INFO] org.springframework.cloud.netflix.eureka.serviceregistry.EurekaServiceRegistry [Thread-61] Unregistering application DOCTOR-SERVICE with eureka with status DOWN
2024-01-29 14:18:31,798 [INFO] com.netflix.discovery.DiscoveryClient [Thread-61] Saw local status change event StatusChangeEvent [timestamp=1706518111798, current=DOWN, previous=UP]
2024-01-29 14:18:31,798 [INFO] com.netflix.discovery.DiscoveryClient [DiscoveryClient-InstanceInfoReplicator-0] DiscoveryClient_DOCTOR-SERVICE/LAPTOP-GFBQMQJH:doctor-service:8081: registering service...
2024-01-29 14:18:31,802 [INFO] com.netflix.discovery.DiscoveryClient [DiscoveryClient-InstanceInfoReplicator-0] DiscoveryClient_DOCTOR-SERVICE/LAPTOP-GFBQMQJH:doctor-service:8081 - registration status: 204
2024-01-29 14:18:31,807 [INFO] org.apache.catalina.core.StandardService [Thread-61] Stopping service [Tomcat]
2024-01-29 14:18:31,809 [WARN] org.apache.catalina.loader.WebappClassLoaderBase [Thread-61] The web application [ROOT] appears to have started a thread named [cluster-ClusterId{value='65b765e7e015b9435929e73f', description='null'}-localhost:27017] but has failed to stop it. This is very likely to create a memory leak. Stack trace of thread:
 java.base@17.0.7/sun.nio.ch.Net.poll(Native Method)
 java.base@17.0.7/sun.nio.ch.NioSocketImpl.park(NioSocketImpl.java:181)
 java.base@17.0.7/sun.nio.ch.NioSocketImpl.timedRead(NioSocketImpl.java:285)
 java.base@17.0.7/sun.nio.ch.NioSocketImpl.implRead(NioSocketImpl.java:309)
 java.base@17.0.7/sun.nio.ch.NioSocketImpl.read(NioSocketImpl.java:350)
 java.base@17.0.7/sun.nio.ch.NioSocketImpl$1.read(NioSocketImpl.java:803)
 java.base@17.0.7/java.net.Socket$SocketInputStream.read(Socket.java:966)
 app//com.mongodb.internal.connection.SocketStream.read(SocketStream.java:113)
 app//com.mongodb.internal.connection.SocketStream.read(SocketStream.java:138)
 app//com.mongodb.internal.connection.InternalStreamConnection.receiveResponseBuffers(InternalStreamConnection.java:716)
 app//com.mongodb.internal.connection.InternalStreamConnection.receiveMessageWithAdditionalTimeout(InternalStreamConnection.java:574)
 app//com.mongodb.internal.connection.InternalStreamConnection.receiveCommandMessageResponse(InternalStreamConnection.java:413)
 app//com.mongodb.internal.connection.InternalStreamConnection.receive(InternalStreamConnection.java:372)
 app//com.mongodb.internal.connection.DefaultServerMonitor$ServerMonitorRunnable.lookupServerDescription(DefaultServerMonitor.java:226)
 app//com.mongodb.internal.connection.DefaultServerMonitor$ServerMonitorRunnable.run(DefaultServerMonitor.java:158)
 java.base@17.0.7/java.lang.Thread.run(Thread.java:833)
2024-01-29 14:18:31,809 [WARN] org.apache.catalina.loader.WebappClassLoaderBase [Thread-61] The web application [ROOT] appears to have started a thread named [cluster-rtt-ClusterId{value='65b765e7e015b9435929e73f', description='null'}-localhost:27017] but has failed to stop it. This is very likely to create a memory leak. Stack trace of thread:
 java.base@17.0.7/java.lang.Thread.sleep(Native Method)
 app//com.mongodb.internal.connection.DefaultServerMonitor.waitForNext(DefaultServerMonitor.java:448)
 app//com.mongodb.internal.connection.DefaultServerMonitor.access$1500(DefaultServerMonitor.java:65)
 app//com.mongodb.internal.connection.DefaultServerMonitor$RoundTripTimeRunnable.run(DefaultServerMonitor.java:420)
 java.base@17.0.7/java.lang.Thread.run(Thread.java:833)
2024-01-29 14:18:31,810 [WARN] org.apache.catalina.loader.WebappClassLoaderBase [Thread-61] The web application [ROOT] appears to have started a thread named [MaintenanceTimer-12-thread-1] but has failed to stop it. This is very likely to create a memory leak. Stack trace of thread:
 java.base@17.0.7/jdk.internal.misc.Unsafe.park(Native Method)
 java.base@17.0.7/java.util.concurrent.locks.LockSupport.parkNanos(LockSupport.java:252)
 java.base@17.0.7/java.util.concurrent.locks.AbstractQueuedSynchronizer$ConditionObject.awaitNanos(AbstractQueuedSynchronizer.java:1672)
 java.base@17.0.7/java.util.concurrent.ScheduledThreadPoolExecutor$DelayedWorkQueue.take(ScheduledThreadPoolExecutor.java:1182)
 java.base@17.0.7/java.util.concurrent.ScheduledThreadPoolExecutor$DelayedWorkQueue.take(ScheduledThreadPoolExecutor.java:899)
 java.base@17.0.7/java.util.concurrent.ThreadPoolExecutor.getTask(ThreadPoolExecutor.java:1062)
 java.base@17.0.7/java.util.concurrent.ThreadPoolExecutor.runWorker(ThreadPoolExecutor.java:1122)
 java.base@17.0.7/java.util.concurrent.ThreadPoolExecutor$Worker.run(ThreadPoolExecutor.java:635)
 java.base@17.0.7/java.lang.Thread.run(Thread.java:833)
2024-01-29 14:18:31,814 [INFO] com.netflix.discovery.DiscoveryClient [Thread-61] Shutting down DiscoveryClient ...
2024-01-29 14:18:34,828 [WARN] com.netflix.discovery.TimedSupervisorTask [DiscoveryClient-1] task supervisor shutting down, can't accept the task
2024-01-29 14:18:34,829 [INFO] com.netflix.discovery.DiscoveryClient [Thread-61] Unregistering ...
2024-01-29 14:18:34,832 [INFO] com.netflix.discovery.DiscoveryClient [Thread-61] DiscoveryClient_DOCTOR-SERVICE/LAPTOP-GFBQMQJH:doctor-service:8081 - deregister  status: 200
2024-01-29 14:18:34,834 [INFO] com.netflix.discovery.DiscoveryClient [Thread-61] Completed shut down of DiscoveryClient
2024-01-29 14:18:35,132 [INFO] com.pms.doctor.service.DoctorServiceApplication [restartedMain] Starting DoctorServiceApplication using Java 17.0.7 with PID 11216 (C:\Users\rahul\Desktop\PMS UPdate\Pharmacy-Management-System\Doctor-Service\Doctor-Service\target\classes started by rahul in C:\Users\rahul\Desktop\PMS UPdate\Pharmacy-Management-System\Doctor-Service\Doctor-Service)
2024-01-29 14:18:35,132 [INFO] com.pms.doctor.service.DoctorServiceApplication [restartedMain] No active profile set, falling back to 1 default profile: "default"
2024-01-29 14:18:35,409 [INFO] org.springframework.data.repository.config.RepositoryConfigurationDelegate [restartedMain] Bootstrapping Spring Data MongoDB repositories in DEFAULT mode.
2024-01-29 14:18:35,422 [INFO] org.springframework.data.repository.config.RepositoryConfigurationDelegate [restartedMain] Finished Spring Data repository scanning in 13 ms. Found 4 MongoDB repository interfaces.
2024-01-29 14:18:35,504 [INFO] org.springframework.cloud.context.scope.GenericScope [restartedMain] BeanFactory id=46cb0333-72b5-3c3a-9d41-0491bdaf997f
2024-01-29 14:18:35,635 [INFO] org.springframework.boot.web.embedded.tomcat.TomcatWebServer [restartedMain] Tomcat initialized with port(s): 8081 (http)
2024-01-29 14:18:35,636 [INFO] org.apache.catalina.core.StandardService [restartedMain] Starting service [Tomcat]
2024-01-29 14:18:35,636 [INFO] org.apache.catalina.core.StandardEngine [restartedMain] Starting Servlet engine: [Apache Tomcat/10.1.8]
2024-01-29 14:18:35,661 [INFO] org.apache.catalina.core.ContainerBase.[Tomcat].[localhost].[/] [restartedMain] Initializing Spring embedded WebApplicationContext
2024-01-29 14:18:35,661 [INFO] org.springframework.boot.web.servlet.context.ServletWebServerApplicationContext [restartedMain] Root WebApplicationContext: initialization completed in 527 ms
2024-01-29 14:18:35,842 [INFO] org.mongodb.driver.client [restartedMain] MongoClient with metadata {"driver": {"name": "mongo-java-driver|sync|spring-boot", "version": "4.8.2"}, "os": {"type": "Windows", "name": "Windows 11", "architecture": "amd64", "version": "10.0"}, "platform": "Java/Eclipse Adoptium/17.0.7+7"} created with settings MongoClientSettings{readPreference=primary, writeConcern=WriteConcern{w=null, wTimeout=null ms, journal=null}, retryWrites=true, retryReads=true, readConcern=ReadConcern{level=null}, credential=null, streamFactoryFactory=null, commandListeners=[io.micrometer.core.instrument.binder.mongodb.MongoMetricsCommandListener@3712d577], codecRegistry=ProvidersCodecRegistry{codecProviders=[ValueCodecProvider{}, BsonValueCodecProvider{}, DBRefCodecProvider{}, DBObjectCodecProvider{}, DocumentCodecProvider{}, CollectionCodecProvider{}, IterableCodecProvider{}, MapCodecProvider{}, GeoJsonCodecProvider{}, GridFSFileCodecProvider{}, Jsr310CodecProvider{}, JsonObjectCodecProvider{}, BsonCodecProvider{}, EnumCodecProvider{}, com.mongodb.Jep395RecordCodecProvider@a9532f3]}, clusterSettings={hosts=[localhost:27017], srvServiceName=mongodb, mode=SINGLE, requiredClusterType=UNKNOWN, requiredReplicaSetName='null', serverSelector='null', clusterListeners='[]', serverSelectionTimeout='30000 ms', localThreshold='30000 ms'}, socketSettings=SocketSettings{connectTimeoutMS=10000, readTimeoutMS=0, receiveBufferSize=0, sendBufferSize=0}, heartbeatSocketSettings=SocketSettings{connectTimeoutMS=10000, readTimeoutMS=10000, receiveBufferSize=0, sendBufferSize=0}, connectionPoolSettings=ConnectionPoolSettings{maxSize=100, minSize=0, maxWaitTimeMS=120000, maxConnectionLifeTimeMS=0, maxConnectionIdleTimeMS=0, maintenanceInitialDelayMS=0, maintenanceFrequencyMS=60000, connectionPoolListeners=[io.micrometer.core.instrument.binder.mongodb.MongoMetricsConnectionPoolListener@782b6522], maxConnecting=2}, serverSettings=ServerSettings{heartbeatFrequencyMS=10000, minHeartbeatFrequencyMS=500, serverListeners='[]', serverMonitorListeners='[]'}, sslSettings=SslSettings{enabled=false, invalidHostNameAllowed=false, context=null}, applicationName='null', compressorList=[], uuidRepresentation=JAVA_LEGACY, serverApi=null, autoEncryptionSettings=null, contextProvider=null}
2024-01-29 14:18:35,845 [INFO] org.mongodb.driver.cluster [cluster-ClusterId{value='65b76663e015b9435929e740', description='null'}-localhost:27017] Monitor thread successfully connected to server with description ServerDescription{address=localhost:27017, type=STANDALONE, state=CONNECTED, ok=true, minWireVersion=0, maxWireVersion=17, maxDocumentSize=16777216, logicalSessionTimeoutMinutes=30, roundTripTimeNanos=1477300}
2024-01-29 14:18:35,963 [WARN] org.springframework.boot.devtools.autoconfigure.OptionalLiveReloadServer [restartedMain] Unable to start LiveReload server
2024-01-29 14:18:36,494 [INFO] org.springframework.boot.actuate.endpoint.web.EndpointLinksResolver [restartedMain] Exposing 1 endpoint(s) beneath base path '/actuator'
2024-01-29 14:18:36,527 [INFO] org.springframework.security.web.DefaultSecurityFilterChain [restartedMain] Will secure any request with [org.springframework.security.web.session.DisableEncodeUrlFilter@1fa77dfc, org.springframework.security.web.context.request.async.WebAsyncManagerIntegrationFilter@217088bd, org.springframework.security.web.context.SecurityContextHolderFilter@1301ad53, org.springframework.security.web.header.HeaderWriterFilter@40d53977, org.springframework.web.filter.CorsFilter@1cd7e93c, org.springframework.security.web.authentication.logout.LogoutFilter@5ff516d5, com.pms.doctor.service.Config.JwtAuthenticationFilter@18c5559, org.springframework.security.web.savedrequest.RequestCacheAwareFilter@5137855c, org.springframework.security.web.servletapi.SecurityContextHolderAwareRequestFilter@45f38338, org.springframework.security.web.authentication.AnonymousAuthenticationFilter@c23551d, org.springframework.security.web.session.SessionManagementFilter@1c3702b4, org.springframework.security.web.access.ExceptionTranslationFilter@60ca5e47, org.springframework.security.web.access.intercept.AuthorizationFilter@41e54095]
2024-01-29 14:18:36,979 [INFO] org.springframework.cloud.netflix.eureka.config.DiscoveryClientOptionalArgsConfiguration [restartedMain] Eureka HTTP Client uses RestTemplate.
2024-01-29 14:18:37,037 [WARN] org.springframework.cloud.loadbalancer.config.LoadBalancerCacheAutoConfiguration$LoadBalancerCaffeineWarnLogger [restartedMain] Spring Cloud LoadBalancer is currently working with the default cache. While this cache implementation is useful for development and tests, it's recommended to use Caffeine cache in production.You can switch to using Caffeine cache, by adding it and org.springframework.cache.caffeine.CaffeineCacheManager to the classpath.
2024-01-29 14:18:37,068 [INFO] org.springframework.cloud.netflix.eureka.InstanceInfoFactory [restartedMain] Setting initial instance status as: STARTING
2024-01-29 14:18:37,073 [INFO] com.netflix.discovery.DiscoveryClient [restartedMain] Initializing Eureka in region us-east-1
2024-01-29 14:18:37,073 [INFO] com.netflix.discovery.shared.resolver.aws.ConfigClusterResolver [restartedMain] Resolving eureka endpoints via configuration
2024-01-29 14:18:37,075 [INFO] com.netflix.discovery.DiscoveryClient [restartedMain] Disable delta property : false
2024-01-29 14:18:37,075 [INFO] com.netflix.discovery.DiscoveryClient [restartedMain] Single vip registry refresh property : null
2024-01-29 14:18:37,075 [INFO] com.netflix.discovery.DiscoveryClient [restartedMain] Force full registry fetch : false
2024-01-29 14:18:37,075 [INFO] com.netflix.discovery.DiscoveryClient [restartedMain] Application is null : false
2024-01-29 14:18:37,075 [INFO] com.netflix.discovery.DiscoveryClient [restartedMain] Registered Applications size is zero : true
2024-01-29 14:18:37,075 [INFO] com.netflix.discovery.DiscoveryClient [restartedMain] Application version is -1: true
2024-01-29 14:18:37,075 [INFO] com.netflix.discovery.DiscoveryClient [restartedMain] Getting all instance registry info from the eureka server
2024-01-29 14:18:37,087 [INFO] com.netflix.discovery.DiscoveryClient [restartedMain] The response status is 200
2024-01-29 14:18:37,088 [INFO] com.netflix.discovery.DiscoveryClient [restartedMain] Starting heartbeat executor: renew interval is: 30
2024-01-29 14:18:37,090 [INFO] com.netflix.discovery.InstanceInfoReplicator [restartedMain] InstanceInfoReplicator onDemand update allowed rate per min is 4
2024-01-29 14:18:37,091 [INFO] com.netflix.discovery.DiscoveryClient [restartedMain] Discovery Client initialized at timestamp 1706518117091 with initial instances count: 6
2024-01-29 14:18:37,101 [INFO] org.springframework.cloud.netflix.eureka.serviceregistry.EurekaServiceRegistry [restartedMain] Registering application DOCTOR-SERVICE with eureka with status UP
2024-01-29 14:18:37,101 [INFO] com.netflix.discovery.DiscoveryClient [restartedMain] Saw local status change event StatusChangeEvent [timestamp=1706518117101, current=UP, previous=STARTING]
2024-01-29 14:18:37,102 [INFO] com.netflix.discovery.DiscoveryClient [DiscoveryClient-InstanceInfoReplicator-0] DiscoveryClient_DOCTOR-SERVICE/LAPTOP-GFBQMQJH:doctor-service:8081: registering service...
2024-01-29 14:18:37,107 [INFO] org.springframework.boot.web.embedded.tomcat.TomcatWebServer [restartedMain] Tomcat started on port(s): 8081 (http) with context path ''
2024-01-29 14:18:37,108 [INFO] org.springframework.cloud.netflix.eureka.serviceregistry.EurekaAutoServiceRegistration [restartedMain] Updating port to 8081
2024-01-29 14:18:37,114 [INFO] com.netflix.discovery.DiscoveryClient [DiscoveryClient-InstanceInfoReplicator-0] DiscoveryClient_DOCTOR-SERVICE/LAPTOP-GFBQMQJH:doctor-service:8081 - registration status: 204
2024-01-29 14:18:37,199 [INFO] com.pms.doctor.service.DoctorServiceApplication [restartedMain] Started DoctorServiceApplication in 2.245 seconds (process running for 2993.096)
2024-01-29 14:18:37,201 [INFO] org.springframework.boot.devtools.autoconfigure.ConditionEvaluationDeltaLoggingListener [restartedMain] Condition evaluation unchanged
2024-01-29 14:18:43,499 [INFO] org.springframework.boot.devtools.autoconfigure.LocalDevToolsAutoConfiguration$RestartingClassPathChangeChangedEventListener [File Watcher] Restarting due to 1 class path change (0 additions, 0 deletions, 1 modification)
2024-01-29 14:18:43,499 [INFO] org.springframework.cloud.netflix.eureka.serviceregistry.EurekaServiceRegistry [Thread-67] Unregistering application DOCTOR-SERVICE with eureka with status DOWN
2024-01-29 14:18:43,500 [INFO] com.netflix.discovery.DiscoveryClient [Thread-67] Saw local status change event StatusChangeEvent [timestamp=1706518123500, current=DOWN, previous=UP]
2024-01-29 14:18:43,500 [INFO] com.netflix.discovery.DiscoveryClient [DiscoveryClient-InstanceInfoReplicator-0] DiscoveryClient_DOCTOR-SERVICE/LAPTOP-GFBQMQJH:doctor-service:8081: registering service...
2024-01-29 14:18:43,504 [INFO] com.netflix.discovery.DiscoveryClient [DiscoveryClient-InstanceInfoReplicator-0] DiscoveryClient_DOCTOR-SERVICE/LAPTOP-GFBQMQJH:doctor-service:8081 - registration status: 204
2024-01-29 14:18:43,510 [INFO] org.apache.catalina.core.StandardService [Thread-67] Stopping service [Tomcat]
2024-01-29 14:18:43,512 [WARN] org.apache.catalina.loader.WebappClassLoaderBase [Thread-67] The web application [ROOT] appears to have started a thread named [cluster-ClusterId{value='65b76663e015b9435929e740', description='null'}-localhost:27017] but has failed to stop it. This is very likely to create a memory leak. Stack trace of thread:
 java.base@17.0.7/sun.nio.ch.Net.poll(Native Method)
 java.base@17.0.7/sun.nio.ch.NioSocketImpl.park(NioSocketImpl.java:181)
 java.base@17.0.7/sun.nio.ch.NioSocketImpl.timedRead(NioSocketImpl.java:285)
 java.base@17.0.7/sun.nio.ch.NioSocketImpl.implRead(NioSocketImpl.java:309)
 java.base@17.0.7/sun.nio.ch.NioSocketImpl.read(NioSocketImpl.java:350)
 java.base@17.0.7/sun.nio.ch.NioSocketImpl$1.read(NioSocketImpl.java:803)
 java.base@17.0.7/java.net.Socket$SocketInputStream.read(Socket.java:966)
 app//com.mongodb.internal.connection.SocketStream.read(SocketStream.java:113)
 app//com.mongodb.internal.connection.SocketStream.read(SocketStream.java:138)
 app//com.mongodb.internal.connection.InternalStreamConnection.receiveResponseBuffers(InternalStreamConnection.java:716)
 app//com.mongodb.internal.connection.InternalStreamConnection.receiveMessageWithAdditionalTimeout(InternalStreamConnection.java:574)
 app//com.mongodb.internal.connection.InternalStreamConnection.receiveCommandMessageResponse(InternalStreamConnection.java:413)
 app//com.mongodb.internal.connection.InternalStreamConnection.receive(InternalStreamConnection.java:372)
 app//com.mongodb.internal.connection.DefaultServerMonitor$ServerMonitorRunnable.lookupServerDescription(DefaultServerMonitor.java:226)
 app//com.mongodb.internal.connection.DefaultServerMonitor$ServerMonitorRunnable.run(DefaultServerMonitor.java:158)
 java.base@17.0.7/java.lang.Thread.run(Thread.java:833)
2024-01-29 14:18:43,513 [WARN] org.apache.catalina.loader.WebappClassLoaderBase [Thread-67] The web application [ROOT] appears to have started a thread named [cluster-rtt-ClusterId{value='65b76663e015b9435929e740', description='null'}-localhost:27017] but has failed to stop it. This is very likely to create a memory leak. Stack trace of thread:
 java.base@17.0.7/java.lang.Thread.sleep(Native Method)
 app//com.mongodb.internal.connection.DefaultServerMonitor.waitForNext(DefaultServerMonitor.java:448)
 app//com.mongodb.internal.connection.DefaultServerMonitor.access$1500(DefaultServerMonitor.java:65)
 app//com.mongodb.internal.connection.DefaultServerMonitor$RoundTripTimeRunnable.run(DefaultServerMonitor.java:420)
 java.base@17.0.7/java.lang.Thread.run(Thread.java:833)
2024-01-29 14:18:43,514 [WARN] org.apache.catalina.loader.WebappClassLoaderBase [Thread-67] The web application [ROOT] appears to have started a thread named [MaintenanceTimer-13-thread-1] but has failed to stop it. This is very likely to create a memory leak. Stack trace of thread:
 java.base@17.0.7/jdk.internal.misc.Unsafe.park(Native Method)
 java.base@17.0.7/java.util.concurrent.locks.LockSupport.parkNanos(LockSupport.java:252)
 java.base@17.0.7/java.util.concurrent.locks.AbstractQueuedSynchronizer$ConditionObject.awaitNanos(AbstractQueuedSynchronizer.java:1672)
 java.base@17.0.7/java.util.concurrent.ScheduledThreadPoolExecutor$DelayedWorkQueue.take(ScheduledThreadPoolExecutor.java:1182)
 java.base@17.0.7/java.util.concurrent.ScheduledThreadPoolExecutor$DelayedWorkQueue.take(ScheduledThreadPoolExecutor.java:899)
 java.base@17.0.7/java.util.concurrent.ThreadPoolExecutor.getTask(ThreadPoolExecutor.java:1062)
 java.base@17.0.7/java.util.concurrent.ThreadPoolExecutor.runWorker(ThreadPoolExecutor.java:1122)
 java.base@17.0.7/java.util.concurrent.ThreadPoolExecutor$Worker.run(ThreadPoolExecutor.java:635)
 java.base@17.0.7/java.lang.Thread.run(Thread.java:833)
2024-01-29 14:18:43,517 [INFO] com.netflix.discovery.DiscoveryClient [Thread-67] Shutting down DiscoveryClient ...
2024-01-29 14:18:46,531 [INFO] com.netflix.discovery.DiscoveryClient [Thread-67] Unregistering ...
2024-01-29 14:18:46,534 [INFO] com.netflix.discovery.DiscoveryClient [Thread-67] DiscoveryClient_DOCTOR-SERVICE/LAPTOP-GFBQMQJH:doctor-service:8081 - deregister  status: 200
2024-01-29 14:18:46,539 [INFO] com.netflix.discovery.DiscoveryClient [Thread-67] Completed shut down of DiscoveryClient
2024-01-29 14:18:46,756 [INFO] com.pms.doctor.service.DoctorServiceApplication [restartedMain] Starting DoctorServiceApplication using Java 17.0.7 with PID 11216 (C:\Users\rahul\Desktop\PMS UPdate\Pharmacy-Management-System\Doctor-Service\Doctor-Service\target\classes started by rahul in C:\Users\rahul\Desktop\PMS UPdate\Pharmacy-Management-System\Doctor-Service\Doctor-Service)
2024-01-29 14:18:46,756 [INFO] com.pms.doctor.service.DoctorServiceApplication [restartedMain] No active profile set, falling back to 1 default profile: "default"
2024-01-29 14:18:47,017 [INFO] org.springframework.data.repository.config.RepositoryConfigurationDelegate [restartedMain] Bootstrapping Spring Data MongoDB repositories in DEFAULT mode.
2024-01-29 14:18:47,028 [INFO] org.springframework.data.repository.config.RepositoryConfigurationDelegate [restartedMain] Finished Spring Data repository scanning in 11 ms. Found 4 MongoDB repository interfaces.
2024-01-29 14:18:47,104 [INFO] org.springframework.cloud.context.scope.GenericScope [restartedMain] BeanFactory id=46cb0333-72b5-3c3a-9d41-0491bdaf997f
2024-01-29 14:18:47,251 [INFO] org.springframework.boot.web.embedded.tomcat.TomcatWebServer [restartedMain] Tomcat initialized with port(s): 8081 (http)
2024-01-29 14:18:47,252 [INFO] org.apache.catalina.core.StandardService [restartedMain] Starting service [Tomcat]
2024-01-29 14:18:47,252 [INFO] org.apache.catalina.core.StandardEngine [restartedMain] Starting Servlet engine: [Apache Tomcat/10.1.8]
2024-01-29 14:18:47,286 [INFO] org.apache.catalina.core.ContainerBase.[Tomcat].[localhost].[/] [restartedMain] Initializing Spring embedded WebApplicationContext
2024-01-29 14:18:47,286 [INFO] org.springframework.boot.web.servlet.context.ServletWebServerApplicationContext [restartedMain] Root WebApplicationContext: initialization completed in 529 ms
2024-01-29 14:18:47,478 [INFO] org.mongodb.driver.client [restartedMain] MongoClient with metadata {"driver": {"name": "mongo-java-driver|sync|spring-boot", "version": "4.8.2"}, "os": {"type": "Windows", "name": "Windows 11", "architecture": "amd64", "version": "10.0"}, "platform": "Java/Eclipse Adoptium/17.0.7+7"} created with settings MongoClientSettings{readPreference=primary, writeConcern=WriteConcern{w=null, wTimeout=null ms, journal=null}, retryWrites=true, retryReads=true, readConcern=ReadConcern{level=null}, credential=null, streamFactoryFactory=null, commandListeners=[io.micrometer.core.instrument.binder.mongodb.MongoMetricsCommandListener@1303018c], codecRegistry=ProvidersCodecRegistry{codecProviders=[ValueCodecProvider{}, BsonValueCodecProvider{}, DBRefCodecProvider{}, DBObjectCodecProvider{}, DocumentCodecProvider{}, CollectionCodecProvider{}, IterableCodecProvider{}, MapCodecProvider{}, GeoJsonCodecProvider{}, GridFSFileCodecProvider{}, Jsr310CodecProvider{}, JsonObjectCodecProvider{}, BsonCodecProvider{}, EnumCodecProvider{}, com.mongodb.Jep395RecordCodecProvider@a9532f3]}, clusterSettings={hosts=[localhost:27017], srvServiceName=mongodb, mode=SINGLE, requiredClusterType=UNKNOWN, requiredReplicaSetName='null', serverSelector='null', clusterListeners='[]', serverSelectionTimeout='30000 ms', localThreshold='30000 ms'}, socketSettings=SocketSettings{connectTimeoutMS=10000, readTimeoutMS=0, receiveBufferSize=0, sendBufferSize=0}, heartbeatSocketSettings=SocketSettings{connectTimeoutMS=10000, readTimeoutMS=10000, receiveBufferSize=0, sendBufferSize=0}, connectionPoolSettings=ConnectionPoolSettings{maxSize=100, minSize=0, maxWaitTimeMS=120000, maxConnectionLifeTimeMS=0, maxConnectionIdleTimeMS=0, maintenanceInitialDelayMS=0, maintenanceFrequencyMS=60000, connectionPoolListeners=[io.micrometer.core.instrument.binder.mongodb.MongoMetricsConnectionPoolListener@6e1756ce], maxConnecting=2}, serverSettings=ServerSettings{heartbeatFrequencyMS=10000, minHeartbeatFrequencyMS=500, serverListeners='[]', serverMonitorListeners='[]'}, sslSettings=SslSettings{enabled=false, invalidHostNameAllowed=false, context=null}, applicationName='null', compressorList=[], uuidRepresentation=JAVA_LEGACY, serverApi=null, autoEncryptionSettings=null, contextProvider=null}
2024-01-29 14:18:47,480 [INFO] org.mongodb.driver.cluster [cluster-ClusterId{value='65b7666fe015b9435929e741', description='null'}-localhost:27017] Monitor thread successfully connected to server with description ServerDescription{address=localhost:27017, type=STANDALONE, state=CONNECTED, ok=true, minWireVersion=0, maxWireVersion=17, maxDocumentSize=16777216, logicalSessionTimeoutMinutes=30, roundTripTimeNanos=1250300}
2024-01-29 14:18:47,604 [WARN] org.springframework.boot.devtools.autoconfigure.OptionalLiveReloadServer [restartedMain] Unable to start LiveReload server
2024-01-29 14:18:48,185 [INFO] org.springframework.boot.actuate.endpoint.web.EndpointLinksResolver [restartedMain] Exposing 1 endpoint(s) beneath base path '/actuator'
2024-01-29 14:18:48,220 [INFO] org.springframework.security.web.DefaultSecurityFilterChain [restartedMain] Will secure any request with [org.springframework.security.web.session.DisableEncodeUrlFilter@467346e1, org.springframework.security.web.context.request.async.WebAsyncManagerIntegrationFilter@60439f8e, org.springframework.security.web.context.SecurityContextHolderFilter@4769fc67, org.springframework.security.web.header.HeaderWriterFilter@1ac4a79e, org.springframework.web.filter.CorsFilter@4a56cfa7, org.springframework.security.web.authentication.logout.LogoutFilter@39fe5bc4, com.pms.doctor.service.Config.JwtAuthenticationFilter@2f4815b1, org.springframework.security.web.savedrequest.RequestCacheAwareFilter@75730e0e, org.springframework.security.web.servletapi.SecurityContextHolderAwareRequestFilter@10f064ee, org.springframework.security.web.authentication.AnonymousAuthenticationFilter@1ff52166, org.springframework.security.web.session.SessionManagementFilter@22c5b3f4, org.springframework.security.web.access.ExceptionTranslationFilter@dbb0abd, org.springframework.security.web.access.intercept.AuthorizationFilter@2e3a304]
2024-01-29 14:18:48,650 [INFO] org.springframework.cloud.netflix.eureka.config.DiscoveryClientOptionalArgsConfiguration [restartedMain] Eureka HTTP Client uses RestTemplate.
2024-01-29 14:18:48,703 [WARN] org.springframework.cloud.loadbalancer.config.LoadBalancerCacheAutoConfiguration$LoadBalancerCaffeineWarnLogger [restartedMain] Spring Cloud LoadBalancer is currently working with the default cache. While this cache implementation is useful for development and tests, it's recommended to use Caffeine cache in production.You can switch to using Caffeine cache, by adding it and org.springframework.cache.caffeine.CaffeineCacheManager to the classpath.
2024-01-29 14:18:48,723 [INFO] org.springframework.cloud.netflix.eureka.InstanceInfoFactory [restartedMain] Setting initial instance status as: STARTING
2024-01-29 14:18:48,726 [INFO] com.netflix.discovery.DiscoveryClient [restartedMain] Initializing Eureka in region us-east-1
2024-01-29 14:18:48,726 [INFO] com.netflix.discovery.shared.resolver.aws.ConfigClusterResolver [restartedMain] Resolving eureka endpoints via configuration
2024-01-29 14:18:48,727 [INFO] com.netflix.discovery.DiscoveryClient [restartedMain] Disable delta property : false
2024-01-29 14:18:48,727 [INFO] com.netflix.discovery.DiscoveryClient [restartedMain] Single vip registry refresh property : null
2024-01-29 14:18:48,727 [INFO] com.netflix.discovery.DiscoveryClient [restartedMain] Force full registry fetch : false
2024-01-29 14:18:48,727 [INFO] com.netflix.discovery.DiscoveryClient [restartedMain] Application is null : false
2024-01-29 14:18:48,727 [INFO] com.netflix.discovery.DiscoveryClient [restartedMain] Registered Applications size is zero : true
2024-01-29 14:18:48,727 [INFO] com.netflix.discovery.DiscoveryClient [restartedMain] Application version is -1: true
2024-01-29 14:18:48,727 [INFO] com.netflix.discovery.DiscoveryClient [restartedMain] Getting all instance registry info from the eureka server
2024-01-29 14:18:48,743 [INFO] com.netflix.discovery.DiscoveryClient [restartedMain] The response status is 200
2024-01-29 14:18:48,744 [INFO] com.netflix.discovery.DiscoveryClient [restartedMain] Starting heartbeat executor: renew interval is: 30
2024-01-29 14:18:48,744 [INFO] com.netflix.discovery.InstanceInfoReplicator [restartedMain] InstanceInfoReplicator onDemand update allowed rate per min is 4
2024-01-29 14:18:48,745 [INFO] com.netflix.discovery.DiscoveryClient [restartedMain] Discovery Client initialized at timestamp 1706518128745 with initial instances count: 6
2024-01-29 14:18:48,762 [INFO] org.springframework.cloud.netflix.eureka.serviceregistry.EurekaServiceRegistry [restartedMain] Registering application DOCTOR-SERVICE with eureka with status UP
2024-01-29 14:18:48,762 [INFO] com.netflix.discovery.DiscoveryClient [restartedMain] Saw local status change event StatusChangeEvent [timestamp=1706518128762, current=UP, previous=STARTING]
2024-01-29 14:18:48,762 [INFO] com.netflix.discovery.DiscoveryClient [DiscoveryClient-InstanceInfoReplicator-0] DiscoveryClient_DOCTOR-SERVICE/LAPTOP-GFBQMQJH:doctor-service:8081: registering service...
2024-01-29 14:18:48,767 [INFO] org.springframework.boot.web.embedded.tomcat.TomcatWebServer [restartedMain] Tomcat started on port(s): 8081 (http) with context path ''
2024-01-29 14:18:48,767 [INFO] org.springframework.cloud.netflix.eureka.serviceregistry.EurekaAutoServiceRegistration [restartedMain] Updating port to 8081
2024-01-29 14:18:48,776 [INFO] com.netflix.discovery.DiscoveryClient [DiscoveryClient-InstanceInfoReplicator-0] DiscoveryClient_DOCTOR-SERVICE/LAPTOP-GFBQMQJH:doctor-service:8081 - registration status: 204
2024-01-29 14:18:48,877 [INFO] com.pms.doctor.service.DoctorServiceApplication [restartedMain] Started DoctorServiceApplication in 2.221 seconds (process running for 3004.773)
2024-01-29 14:18:48,879 [INFO] org.springframework.boot.devtools.autoconfigure.ConditionEvaluationDeltaLoggingListener [restartedMain] Condition evaluation unchanged
2024-01-29 14:20:10,471 [INFO] org.springframework.boot.devtools.autoconfigure.LocalDevToolsAutoConfiguration$RestartingClassPathChangeChangedEventListener [File Watcher] Restarting due to 1 class path change (1 addition, 0 deletions, 0 modifications)
2024-01-29 14:20:10,471 [INFO] org.springframework.cloud.netflix.eureka.serviceregistry.EurekaServiceRegistry [Thread-73] Unregistering application DOCTOR-SERVICE with eureka with status DOWN
2024-01-29 14:20:10,471 [INFO] com.netflix.discovery.DiscoveryClient [Thread-73] Saw local status change event StatusChangeEvent [timestamp=1706518210471, current=DOWN, previous=UP]
2024-01-29 14:20:10,472 [INFO] com.netflix.discovery.DiscoveryClient [DiscoveryClient-InstanceInfoReplicator-0] DiscoveryClient_DOCTOR-SERVICE/LAPTOP-GFBQMQJH:doctor-service:8081: registering service...
2024-01-29 14:20:10,477 [INFO] com.netflix.discovery.DiscoveryClient [DiscoveryClient-InstanceInfoReplicator-0] DiscoveryClient_DOCTOR-SERVICE/LAPTOP-GFBQMQJH:doctor-service:8081 - registration status: 204
2024-01-29 14:20:10,482 [INFO] org.apache.catalina.core.StandardService [Thread-73] Stopping service [Tomcat]
2024-01-29 14:20:10,484 [WARN] org.apache.catalina.loader.WebappClassLoaderBase [Thread-73] The web application [ROOT] appears to have started a thread named [cluster-ClusterId{value='65b7666fe015b9435929e741', description='null'}-localhost:27017] but has failed to stop it. This is very likely to create a memory leak. Stack trace of thread:
 java.base@17.0.7/sun.nio.ch.Net.poll(Native Method)
 java.base@17.0.7/sun.nio.ch.NioSocketImpl.park(NioSocketImpl.java:181)
 java.base@17.0.7/sun.nio.ch.NioSocketImpl.timedRead(NioSocketImpl.java:285)
 java.base@17.0.7/sun.nio.ch.NioSocketImpl.implRead(NioSocketImpl.java:309)
 java.base@17.0.7/sun.nio.ch.NioSocketImpl.read(NioSocketImpl.java:350)
 java.base@17.0.7/sun.nio.ch.NioSocketImpl$1.read(NioSocketImpl.java:803)
 java.base@17.0.7/java.net.Socket$SocketInputStream.read(Socket.java:966)
 app//com.mongodb.internal.connection.SocketStream.read(SocketStream.java:113)
 app//com.mongodb.internal.connection.SocketStream.read(SocketStream.java:138)
 app//com.mongodb.internal.connection.InternalStreamConnection.receiveResponseBuffers(InternalStreamConnection.java:716)
 app//com.mongodb.internal.connection.InternalStreamConnection.receiveMessageWithAdditionalTimeout(InternalStreamConnection.java:574)
 app//com.mongodb.internal.connection.InternalStreamConnection.receiveCommandMessageResponse(InternalStreamConnection.java:413)
 app//com.mongodb.internal.connection.InternalStreamConnection.receive(InternalStreamConnection.java:372)
 app//com.mongodb.internal.connection.DefaultServerMonitor$ServerMonitorRunnable.lookupServerDescription(DefaultServerMonitor.java:226)
 app//com.mongodb.internal.connection.DefaultServerMonitor$ServerMonitorRunnable.run(DefaultServerMonitor.java:158)
 java.base@17.0.7/java.lang.Thread.run(Thread.java:833)
2024-01-29 14:20:10,484 [WARN] org.apache.catalina.loader.WebappClassLoaderBase [Thread-73] The web application [ROOT] appears to have started a thread named [cluster-rtt-ClusterId{value='65b7666fe015b9435929e741', description='null'}-localhost:27017] but has failed to stop it. This is very likely to create a memory leak. Stack trace of thread:
 java.base@17.0.7/java.lang.Thread.sleep(Native Method)
 app//com.mongodb.internal.connection.DefaultServerMonitor.waitForNext(DefaultServerMonitor.java:448)
 app//com.mongodb.internal.connection.DefaultServerMonitor.access$1500(DefaultServerMonitor.java:65)
 app//com.mongodb.internal.connection.DefaultServerMonitor$RoundTripTimeRunnable.run(DefaultServerMonitor.java:420)
 java.base@17.0.7/java.lang.Thread.run(Thread.java:833)
2024-01-29 14:20:10,485 [WARN] org.apache.catalina.loader.WebappClassLoaderBase [Thread-73] The web application [ROOT] appears to have started a thread named [MaintenanceTimer-14-thread-1] but has failed to stop it. This is very likely to create a memory leak. Stack trace of thread:
 java.base@17.0.7/jdk.internal.misc.Unsafe.park(Native Method)
 java.base@17.0.7/java.util.concurrent.locks.LockSupport.parkNanos(LockSupport.java:252)
 java.base@17.0.7/java.util.concurrent.locks.AbstractQueuedSynchronizer$ConditionObject.awaitNanos(AbstractQueuedSynchronizer.java:1672)
 java.base@17.0.7/java.util.concurrent.ScheduledThreadPoolExecutor$DelayedWorkQueue.take(ScheduledThreadPoolExecutor.java:1182)
 java.base@17.0.7/java.util.concurrent.ScheduledThreadPoolExecutor$DelayedWorkQueue.take(ScheduledThreadPoolExecutor.java:899)
 java.base@17.0.7/java.util.concurrent.ThreadPoolExecutor.getTask(ThreadPoolExecutor.java:1062)
 java.base@17.0.7/java.util.concurrent.ThreadPoolExecutor.runWorker(ThreadPoolExecutor.java:1122)
 java.base@17.0.7/java.util.concurrent.ThreadPoolExecutor$Worker.run(ThreadPoolExecutor.java:635)
 java.base@17.0.7/java.lang.Thread.run(Thread.java:833)
2024-01-29 14:20:10,488 [INFO] com.netflix.discovery.DiscoveryClient [Thread-73] Shutting down DiscoveryClient ...
2024-01-29 14:20:13,501 [INFO] com.netflix.discovery.DiscoveryClient [Thread-73] Unregistering ...
2024-01-29 14:20:13,504 [INFO] com.netflix.discovery.DiscoveryClient [Thread-73] DiscoveryClient_DOCTOR-SERVICE/LAPTOP-GFBQMQJH:doctor-service:8081 - deregister  status: 200
2024-01-29 14:20:13,507 [INFO] com.netflix.discovery.DiscoveryClient [Thread-73] Completed shut down of DiscoveryClient
2024-01-29 14:20:13,731 [INFO] com.pms.doctor.service.DoctorServiceApplication [restartedMain] Starting DoctorServiceApplication using Java 17.0.7 with PID 11216 (C:\Users\rahul\Desktop\PMS UPdate\Pharmacy-Management-System\Doctor-Service\Doctor-Service\target\classes started by rahul in C:\Users\rahul\Desktop\PMS UPdate\Pharmacy-Management-System\Doctor-Service\Doctor-Service)
2024-01-29 14:20:13,732 [INFO] com.pms.doctor.service.DoctorServiceApplication [restartedMain] No active profile set, falling back to 1 default profile: "default"
2024-01-29 14:20:14,017 [INFO] org.springframework.data.repository.config.RepositoryConfigurationDelegate [restartedMain] Bootstrapping Spring Data MongoDB repositories in DEFAULT mode.
2024-01-29 14:20:14,033 [INFO] org.springframework.data.repository.config.RepositoryConfigurationDelegate [restartedMain] Finished Spring Data repository scanning in 15 ms. Found 4 MongoDB repository interfaces.
2024-01-29 14:20:14,111 [INFO] org.springframework.cloud.context.scope.GenericScope [restartedMain] BeanFactory id=46cb0333-72b5-3c3a-9d41-0491bdaf997f
2024-01-29 14:20:14,263 [INFO] org.springframework.boot.web.embedded.tomcat.TomcatWebServer [restartedMain] Tomcat initialized with port(s): 8081 (http)
2024-01-29 14:20:14,263 [INFO] org.apache.catalina.core.StandardService [restartedMain] Starting service [Tomcat]
2024-01-29 14:20:14,264 [INFO] org.apache.catalina.core.StandardEngine [restartedMain] Starting Servlet engine: [Apache Tomcat/10.1.8]
2024-01-29 14:20:14,288 [INFO] org.apache.catalina.core.ContainerBase.[Tomcat].[localhost].[/] [restartedMain] Initializing Spring embedded WebApplicationContext
2024-01-29 14:20:14,288 [INFO] org.springframework.boot.web.servlet.context.ServletWebServerApplicationContext [restartedMain] Root WebApplicationContext: initialization completed in 555 ms
2024-01-29 14:20:14,450 [INFO] org.mongodb.driver.client [restartedMain] MongoClient with metadata {"driver": {"name": "mongo-java-driver|sync|spring-boot", "version": "4.8.2"}, "os": {"type": "Windows", "name": "Windows 11", "architecture": "amd64", "version": "10.0"}, "platform": "Java/Eclipse Adoptium/17.0.7+7"} created with settings MongoClientSettings{readPreference=primary, writeConcern=WriteConcern{w=null, wTimeout=null ms, journal=null}, retryWrites=true, retryReads=true, readConcern=ReadConcern{level=null}, credential=null, streamFactoryFactory=null, commandListeners=[io.micrometer.core.instrument.binder.mongodb.MongoMetricsCommandListener@773888cc], codecRegistry=ProvidersCodecRegistry{codecProviders=[ValueCodecProvider{}, BsonValueCodecProvider{}, DBRefCodecProvider{}, DBObjectCodecProvider{}, DocumentCodecProvider{}, CollectionCodecProvider{}, IterableCodecProvider{}, MapCodecProvider{}, GeoJsonCodecProvider{}, GridFSFileCodecProvider{}, Jsr310CodecProvider{}, JsonObjectCodecProvider{}, BsonCodecProvider{}, EnumCodecProvider{}, com.mongodb.Jep395RecordCodecProvider@a9532f3]}, clusterSettings={hosts=[localhost:27017], srvServiceName=mongodb, mode=SINGLE, requiredClusterType=UNKNOWN, requiredReplicaSetName='null', serverSelector='null', clusterListeners='[]', serverSelectionTimeout='30000 ms', localThreshold='30000 ms'}, socketSettings=SocketSettings{connectTimeoutMS=10000, readTimeoutMS=0, receiveBufferSize=0, sendBufferSize=0}, heartbeatSocketSettings=SocketSettings{connectTimeoutMS=10000, readTimeoutMS=10000, receiveBufferSize=0, sendBufferSize=0}, connectionPoolSettings=ConnectionPoolSettings{maxSize=100, minSize=0, maxWaitTimeMS=120000, maxConnectionLifeTimeMS=0, maxConnectionIdleTimeMS=0, maintenanceInitialDelayMS=0, maintenanceFrequencyMS=60000, connectionPoolListeners=[io.micrometer.core.instrument.binder.mongodb.MongoMetricsConnectionPoolListener@2bb7df37], maxConnecting=2}, serverSettings=ServerSettings{heartbeatFrequencyMS=10000, minHeartbeatFrequencyMS=500, serverListeners='[]', serverMonitorListeners='[]'}, sslSettings=SslSettings{enabled=false, invalidHostNameAllowed=false, context=null}, applicationName='null', compressorList=[], uuidRepresentation=JAVA_LEGACY, serverApi=null, autoEncryptionSettings=null, contextProvider=null}
2024-01-29 14:20:14,452 [INFO] org.mongodb.driver.cluster [cluster-ClusterId{value='65b766c6e015b9435929e742', description='null'}-localhost:27017] Monitor thread successfully connected to server with description ServerDescription{address=localhost:27017, type=STANDALONE, state=CONNECTED, ok=true, minWireVersion=0, maxWireVersion=17, maxDocumentSize=16777216, logicalSessionTimeoutMinutes=30, roundTripTimeNanos=1177900}
2024-01-29 14:20:14,582 [WARN] org.springframework.boot.devtools.autoconfigure.OptionalLiveReloadServer [restartedMain] Unable to start LiveReload server
2024-01-29 14:20:15,126 [INFO] org.springframework.boot.actuate.endpoint.web.EndpointLinksResolver [restartedMain] Exposing 1 endpoint(s) beneath base path '/actuator'
2024-01-29 14:20:15,161 [INFO] org.springframework.security.web.DefaultSecurityFilterChain [restartedMain] Will secure any request with [org.springframework.security.web.session.DisableEncodeUrlFilter@3fe94c0e, org.springframework.security.web.context.request.async.WebAsyncManagerIntegrationFilter@5c0adcba, org.springframework.security.web.context.SecurityContextHolderFilter@6eabf81c, org.springframework.security.web.header.HeaderWriterFilter@5ec13472, org.springframework.web.filter.CorsFilter@68bbc3e6, org.springframework.security.web.authentication.logout.LogoutFilter@52d781f4, com.pms.doctor.service.Config.JwtAuthenticationFilter@5a89366d, org.springframework.security.web.savedrequest.RequestCacheAwareFilter@4cdd4d79, org.springframework.security.web.servletapi.SecurityContextHolderAwareRequestFilter@481b3bab, org.springframework.security.web.authentication.AnonymousAuthenticationFilter@5b7e477c, org.springframework.security.web.session.SessionManagementFilter@2710eb1f, org.springframework.security.web.access.ExceptionTranslationFilter@6720b46a, org.springframework.security.web.access.intercept.AuthorizationFilter@33bc09f5]
2024-01-29 14:20:15,640 [INFO] org.springframework.cloud.netflix.eureka.config.DiscoveryClientOptionalArgsConfiguration [restartedMain] Eureka HTTP Client uses RestTemplate.
2024-01-29 14:20:15,693 [WARN] org.springframework.cloud.loadbalancer.config.LoadBalancerCacheAutoConfiguration$LoadBalancerCaffeineWarnLogger [restartedMain] Spring Cloud LoadBalancer is currently working with the default cache. While this cache implementation is useful for development and tests, it's recommended to use Caffeine cache in production.You can switch to using Caffeine cache, by adding it and org.springframework.cache.caffeine.CaffeineCacheManager to the classpath.
2024-01-29 14:20:15,713 [INFO] org.springframework.cloud.netflix.eureka.InstanceInfoFactory [restartedMain] Setting initial instance status as: STARTING
2024-01-29 14:20:15,717 [INFO] com.netflix.discovery.DiscoveryClient [restartedMain] Initializing Eureka in region us-east-1
2024-01-29 14:20:15,717 [INFO] com.netflix.discovery.shared.resolver.aws.ConfigClusterResolver [restartedMain] Resolving eureka endpoints via configuration
2024-01-29 14:20:15,718 [INFO] com.netflix.discovery.DiscoveryClient [restartedMain] Disable delta property : false
2024-01-29 14:20:15,718 [INFO] com.netflix.discovery.DiscoveryClient [restartedMain] Single vip registry refresh property : null
2024-01-29 14:20:15,718 [INFO] com.netflix.discovery.DiscoveryClient [restartedMain] Force full registry fetch : false
2024-01-29 14:20:15,718 [INFO] com.netflix.discovery.DiscoveryClient [restartedMain] Application is null : false
2024-01-29 14:20:15,718 [INFO] com.netflix.discovery.DiscoveryClient [restartedMain] Registered Applications size is zero : true
2024-01-29 14:20:15,718 [INFO] com.netflix.discovery.DiscoveryClient [restartedMain] Application version is -1: true
2024-01-29 14:20:15,718 [INFO] com.netflix.discovery.DiscoveryClient [restartedMain] Getting all instance registry info from the eureka server
2024-01-29 14:20:15,730 [INFO] com.netflix.discovery.DiscoveryClient [restartedMain] The response status is 200
2024-01-29 14:20:15,731 [INFO] com.netflix.discovery.DiscoveryClient [restartedMain] Starting heartbeat executor: renew interval is: 30
2024-01-29 14:20:15,732 [INFO] com.netflix.discovery.InstanceInfoReplicator [restartedMain] InstanceInfoReplicator onDemand update allowed rate per min is 4
2024-01-29 14:20:15,733 [INFO] com.netflix.discovery.DiscoveryClient [restartedMain] Discovery Client initialized at timestamp 1706518215733 with initial instances count: 6
2024-01-29 14:20:15,740 [INFO] org.springframework.cloud.netflix.eureka.serviceregistry.EurekaServiceRegistry [restartedMain] Registering application DOCTOR-SERVICE with eureka with status UP
2024-01-29 14:20:15,740 [INFO] com.netflix.discovery.DiscoveryClient [restartedMain] Saw local status change event StatusChangeEvent [timestamp=1706518215740, current=UP, previous=STARTING]
2024-01-29 14:20:15,740 [INFO] com.netflix.discovery.DiscoveryClient [DiscoveryClient-InstanceInfoReplicator-0] DiscoveryClient_DOCTOR-SERVICE/LAPTOP-GFBQMQJH:doctor-service:8081: registering service...
2024-01-29 14:20:15,752 [INFO] org.springframework.boot.web.embedded.tomcat.TomcatWebServer [restartedMain] Tomcat started on port(s): 8081 (http) with context path ''
2024-01-29 14:20:15,753 [INFO] org.springframework.cloud.netflix.eureka.serviceregistry.EurekaAutoServiceRegistration [restartedMain] Updating port to 8081
2024-01-29 14:20:15,759 [INFO] com.netflix.discovery.DiscoveryClient [DiscoveryClient-InstanceInfoReplicator-0] DiscoveryClient_DOCTOR-SERVICE/LAPTOP-GFBQMQJH:doctor-service:8081 - registration status: 204
2024-01-29 14:20:15,852 [INFO] com.pms.doctor.service.DoctorServiceApplication [restartedMain] Started DoctorServiceApplication in 2.228 seconds (process running for 3091.748)
2024-01-29 14:20:15,854 [INFO] org.springframework.boot.devtools.autoconfigure.ConditionEvaluationDeltaLoggingListener [restartedMain] Condition evaluation unchanged
2024-01-29 14:20:47,929 [INFO] org.springframework.boot.devtools.autoconfigure.LocalDevToolsAutoConfiguration$RestartingClassPathChangeChangedEventListener [File Watcher] Restarting due to 1 class path change (0 additions, 0 deletions, 1 modification)
2024-01-29 14:20:47,929 [INFO] org.springframework.cloud.netflix.eureka.serviceregistry.EurekaServiceRegistry [Thread-79] Unregistering application DOCTOR-SERVICE with eureka with status DOWN
2024-01-29 14:20:47,929 [INFO] com.netflix.discovery.DiscoveryClient [Thread-79] Saw local status change event StatusChangeEvent [timestamp=1706518247929, current=DOWN, previous=UP]
2024-01-29 14:20:47,930 [INFO] com.netflix.discovery.DiscoveryClient [DiscoveryClient-InstanceInfoReplicator-0] DiscoveryClient_DOCTOR-SERVICE/LAPTOP-GFBQMQJH:doctor-service:8081: registering service...
2024-01-29 14:20:47,934 [INFO] com.netflix.discovery.DiscoveryClient [DiscoveryClient-InstanceInfoReplicator-0] DiscoveryClient_DOCTOR-SERVICE/LAPTOP-GFBQMQJH:doctor-service:8081 - registration status: 204
2024-01-29 14:20:47,938 [INFO] org.apache.catalina.core.StandardService [Thread-79] Stopping service [Tomcat]
2024-01-29 14:20:47,941 [WARN] org.apache.catalina.loader.WebappClassLoaderBase [Thread-79] The web application [ROOT] appears to have started a thread named [cluster-ClusterId{value='65b766c6e015b9435929e742', description='null'}-localhost:27017] but has failed to stop it. This is very likely to create a memory leak. Stack trace of thread:
 java.base@17.0.7/sun.nio.ch.Net.poll(Native Method)
 java.base@17.0.7/sun.nio.ch.NioSocketImpl.park(NioSocketImpl.java:181)
 java.base@17.0.7/sun.nio.ch.NioSocketImpl.timedRead(NioSocketImpl.java:285)
 java.base@17.0.7/sun.nio.ch.NioSocketImpl.implRead(NioSocketImpl.java:309)
 java.base@17.0.7/sun.nio.ch.NioSocketImpl.read(NioSocketImpl.java:350)
 java.base@17.0.7/sun.nio.ch.NioSocketImpl$1.read(NioSocketImpl.java:803)
 java.base@17.0.7/java.net.Socket$SocketInputStream.read(Socket.java:966)
 app//com.mongodb.internal.connection.SocketStream.read(SocketStream.java:113)
 app//com.mongodb.internal.connection.SocketStream.read(SocketStream.java:138)
 app//com.mongodb.internal.connection.InternalStreamConnection.receiveResponseBuffers(InternalStreamConnection.java:716)
 app//com.mongodb.internal.connection.InternalStreamConnection.receiveMessageWithAdditionalTimeout(InternalStreamConnection.java:574)
 app//com.mongodb.internal.connection.InternalStreamConnection.receiveCommandMessageResponse(InternalStreamConnection.java:413)
 app//com.mongodb.internal.connection.InternalStreamConnection.receive(InternalStreamConnection.java:372)
 app//com.mongodb.internal.connection.DefaultServerMonitor$ServerMonitorRunnable.lookupServerDescription(DefaultServerMonitor.java:226)
 app//com.mongodb.internal.connection.DefaultServerMonitor$ServerMonitorRunnable.run(DefaultServerMonitor.java:158)
 java.base@17.0.7/java.lang.Thread.run(Thread.java:833)
2024-01-29 14:20:47,942 [WARN] org.apache.catalina.loader.WebappClassLoaderBase [Thread-79] The web application [ROOT] appears to have started a thread named [cluster-rtt-ClusterId{value='65b766c6e015b9435929e742', description='null'}-localhost:27017] but has failed to stop it. This is very likely to create a memory leak. Stack trace of thread:
 java.base@17.0.7/java.lang.Thread.sleep(Native Method)
 app//com.mongodb.internal.connection.DefaultServerMonitor.waitForNext(DefaultServerMonitor.java:448)
 app//com.mongodb.internal.connection.DefaultServerMonitor.access$1500(DefaultServerMonitor.java:65)
 app//com.mongodb.internal.connection.DefaultServerMonitor$RoundTripTimeRunnable.run(DefaultServerMonitor.java:420)
 java.base@17.0.7/java.lang.Thread.run(Thread.java:833)
2024-01-29 14:20:47,943 [WARN] org.apache.catalina.loader.WebappClassLoaderBase [Thread-79] The web application [ROOT] appears to have started a thread named [MaintenanceTimer-15-thread-1] but has failed to stop it. This is very likely to create a memory leak. Stack trace of thread:
 java.base@17.0.7/jdk.internal.misc.Unsafe.park(Native Method)
 java.base@17.0.7/java.util.concurrent.locks.LockSupport.parkNanos(LockSupport.java:252)
 java.base@17.0.7/java.util.concurrent.locks.AbstractQueuedSynchronizer$ConditionObject.awaitNanos(AbstractQueuedSynchronizer.java:1672)
 java.base@17.0.7/java.util.concurrent.ScheduledThreadPoolExecutor$DelayedWorkQueue.take(ScheduledThreadPoolExecutor.java:1182)
 java.base@17.0.7/java.util.concurrent.ScheduledThreadPoolExecutor$DelayedWorkQueue.take(ScheduledThreadPoolExecutor.java:899)
 java.base@17.0.7/java.util.concurrent.ThreadPoolExecutor.getTask(ThreadPoolExecutor.java:1062)
 java.base@17.0.7/java.util.concurrent.ThreadPoolExecutor.runWorker(ThreadPoolExecutor.java:1122)
 java.base@17.0.7/java.util.concurrent.ThreadPoolExecutor$Worker.run(ThreadPoolExecutor.java:635)
 java.base@17.0.7/java.lang.Thread.run(Thread.java:833)
2024-01-29 14:20:47,946 [INFO] com.netflix.discovery.DiscoveryClient [Thread-79] Shutting down DiscoveryClient ...
2024-01-29 14:20:50,958 [INFO] com.netflix.discovery.DiscoveryClient [Thread-79] Unregistering ...
2024-01-29 14:20:50,962 [INFO] com.netflix.discovery.DiscoveryClient [Thread-79] DiscoveryClient_DOCTOR-SERVICE/LAPTOP-GFBQMQJH:doctor-service:8081 - deregister  status: 200
2024-01-29 14:20:50,963 [INFO] com.netflix.discovery.DiscoveryClient [Thread-79] Completed shut down of DiscoveryClient
2024-01-29 14:20:51,213 [INFO] com.pms.doctor.service.DoctorServiceApplication [restartedMain] Starting DoctorServiceApplication using Java 17.0.7 with PID 11216 (C:\Users\rahul\Desktop\PMS UPdate\Pharmacy-Management-System\Doctor-Service\Doctor-Service\target\classes started by rahul in C:\Users\rahul\Desktop\PMS UPdate\Pharmacy-Management-System\Doctor-Service\Doctor-Service)
2024-01-29 14:20:51,214 [INFO] com.pms.doctor.service.DoctorServiceApplication [restartedMain] No active profile set, falling back to 1 default profile: "default"
2024-01-29 14:20:51,466 [INFO] org.springframework.data.repository.config.RepositoryConfigurationDelegate [restartedMain] Bootstrapping Spring Data MongoDB repositories in DEFAULT mode.
2024-01-29 14:20:51,480 [INFO] org.springframework.data.repository.config.RepositoryConfigurationDelegate [restartedMain] Finished Spring Data repository scanning in 14 ms. Found 5 MongoDB repository interfaces.
2024-01-29 14:20:51,544 [INFO] org.springframework.cloud.context.scope.GenericScope [restartedMain] BeanFactory id=d186ccb7-1c2f-33e8-8b3e-f826f07e5662
2024-01-29 14:20:51,671 [INFO] org.springframework.boot.web.embedded.tomcat.TomcatWebServer [restartedMain] Tomcat initialized with port(s): 8081 (http)
2024-01-29 14:20:51,671 [INFO] org.apache.catalina.core.StandardService [restartedMain] Starting service [Tomcat]
2024-01-29 14:20:51,672 [INFO] org.apache.catalina.core.StandardEngine [restartedMain] Starting Servlet engine: [Apache Tomcat/10.1.8]
2024-01-29 14:20:51,699 [INFO] org.apache.catalina.core.ContainerBase.[Tomcat].[localhost].[/] [restartedMain] Initializing Spring embedded WebApplicationContext
2024-01-29 14:20:51,700 [INFO] org.springframework.boot.web.servlet.context.ServletWebServerApplicationContext [restartedMain] Root WebApplicationContext: initialization completed in 484 ms
2024-01-29 14:20:51,866 [INFO] org.mongodb.driver.client [restartedMain] MongoClient with metadata {"driver": {"name": "mongo-java-driver|sync|spring-boot", "version": "4.8.2"}, "os": {"type": "Windows", "name": "Windows 11", "architecture": "amd64", "version": "10.0"}, "platform": "Java/Eclipse Adoptium/17.0.7+7"} created with settings MongoClientSettings{readPreference=primary, writeConcern=WriteConcern{w=null, wTimeout=null ms, journal=null}, retryWrites=true, retryReads=true, readConcern=ReadConcern{level=null}, credential=null, streamFactoryFactory=null, commandListeners=[io.micrometer.core.instrument.binder.mongodb.MongoMetricsCommandListener@54788ab1], codecRegistry=ProvidersCodecRegistry{codecProviders=[ValueCodecProvider{}, BsonValueCodecProvider{}, DBRefCodecProvider{}, DBObjectCodecProvider{}, DocumentCodecProvider{}, CollectionCodecProvider{}, IterableCodecProvider{}, MapCodecProvider{}, GeoJsonCodecProvider{}, GridFSFileCodecProvider{}, Jsr310CodecProvider{}, JsonObjectCodecProvider{}, BsonCodecProvider{}, EnumCodecProvider{}, com.mongodb.Jep395RecordCodecProvider@a9532f3]}, clusterSettings={hosts=[localhost:27017], srvServiceName=mongodb, mode=SINGLE, requiredClusterType=UNKNOWN, requiredReplicaSetName='null', serverSelector='null', clusterListeners='[]', serverSelectionTimeout='30000 ms', localThreshold='30000 ms'}, socketSettings=SocketSettings{connectTimeoutMS=10000, readTimeoutMS=0, receiveBufferSize=0, sendBufferSize=0}, heartbeatSocketSettings=SocketSettings{connectTimeoutMS=10000, readTimeoutMS=10000, receiveBufferSize=0, sendBufferSize=0}, connectionPoolSettings=ConnectionPoolSettings{maxSize=100, minSize=0, maxWaitTimeMS=120000, maxConnectionLifeTimeMS=0, maxConnectionIdleTimeMS=0, maintenanceInitialDelayMS=0, maintenanceFrequencyMS=60000, connectionPoolListeners=[io.micrometer.core.instrument.binder.mongodb.MongoMetricsConnectionPoolListener@51e77832], maxConnecting=2}, serverSettings=ServerSettings{heartbeatFrequencyMS=10000, minHeartbeatFrequencyMS=500, serverListeners='[]', serverMonitorListeners='[]'}, sslSettings=SslSettings{enabled=false, invalidHostNameAllowed=false, context=null}, applicationName='null', compressorList=[], uuidRepresentation=JAVA_LEGACY, serverApi=null, autoEncryptionSettings=null, contextProvider=null}
2024-01-29 14:20:51,868 [INFO] org.mongodb.driver.cluster [cluster-ClusterId{value='65b766ebe015b9435929e743', description='null'}-localhost:27017] Monitor thread successfully connected to server with description ServerDescription{address=localhost:27017, type=STANDALONE, state=CONNECTED, ok=true, minWireVersion=0, maxWireVersion=17, maxDocumentSize=16777216, logicalSessionTimeoutMinutes=30, roundTripTimeNanos=1052100}
2024-01-29 14:20:51,987 [WARN] org.springframework.boot.devtools.autoconfigure.OptionalLiveReloadServer [restartedMain] Unable to start LiveReload server
2024-01-29 14:20:52,512 [INFO] org.springframework.boot.actuate.endpoint.web.EndpointLinksResolver [restartedMain] Exposing 1 endpoint(s) beneath base path '/actuator'
2024-01-29 14:20:52,544 [INFO] org.springframework.security.web.DefaultSecurityFilterChain [restartedMain] Will secure any request with [org.springframework.security.web.session.DisableEncodeUrlFilter@6d2e2dfd, org.springframework.security.web.context.request.async.WebAsyncManagerIntegrationFilter@428522fe, org.springframework.security.web.context.SecurityContextHolderFilter@17dd9509, org.springframework.security.web.header.HeaderWriterFilter@2cfa28c4, org.springframework.web.filter.CorsFilter@5009fd9b, org.springframework.security.web.authentication.logout.LogoutFilter@695a24bb, com.pms.doctor.service.Config.JwtAuthenticationFilter@1a7b4e28, org.springframework.security.web.savedrequest.RequestCacheAwareFilter@2827dbbc, org.springframework.security.web.servletapi.SecurityContextHolderAwareRequestFilter@f263fb5, org.springframework.security.web.authentication.AnonymousAuthenticationFilter@31453aaa, org.springframework.security.web.session.SessionManagementFilter@70b212cf, org.springframework.security.web.access.ExceptionTranslationFilter@446d0d33, org.springframework.security.web.access.intercept.AuthorizationFilter@682da868]
2024-01-29 14:20:52,980 [INFO] org.springframework.cloud.netflix.eureka.config.DiscoveryClientOptionalArgsConfiguration [restartedMain] Eureka HTTP Client uses RestTemplate.
2024-01-29 14:20:53,026 [WARN] org.springframework.cloud.loadbalancer.config.LoadBalancerCacheAutoConfiguration$LoadBalancerCaffeineWarnLogger [restartedMain] Spring Cloud LoadBalancer is currently working with the default cache. While this cache implementation is useful for development and tests, it's recommended to use Caffeine cache in production.You can switch to using Caffeine cache, by adding it and org.springframework.cache.caffeine.CaffeineCacheManager to the classpath.
2024-01-29 14:20:53,046 [INFO] org.springframework.cloud.netflix.eureka.InstanceInfoFactory [restartedMain] Setting initial instance status as: STARTING
2024-01-29 14:20:53,050 [INFO] com.netflix.discovery.DiscoveryClient [restartedMain] Initializing Eureka in region us-east-1
2024-01-29 14:20:53,050 [INFO] com.netflix.discovery.shared.resolver.aws.ConfigClusterResolver [restartedMain] Resolving eureka endpoints via configuration
2024-01-29 14:20:53,051 [INFO] com.netflix.discovery.DiscoveryClient [restartedMain] Disable delta property : false
2024-01-29 14:20:53,051 [INFO] com.netflix.discovery.DiscoveryClient [restartedMain] Single vip registry refresh property : null
2024-01-29 14:20:53,051 [INFO] com.netflix.discovery.DiscoveryClient [restartedMain] Force full registry fetch : false
2024-01-29 14:20:53,051 [INFO] com.netflix.discovery.DiscoveryClient [restartedMain] Application is null : false
2024-01-29 14:20:53,051 [INFO] com.netflix.discovery.DiscoveryClient [restartedMain] Registered Applications size is zero : true
2024-01-29 14:20:53,051 [INFO] com.netflix.discovery.DiscoveryClient [restartedMain] Application version is -1: true
2024-01-29 14:20:53,051 [INFO] com.netflix.discovery.DiscoveryClient [restartedMain] Getting all instance registry info from the eureka server
2024-01-29 14:20:53,061 [INFO] com.netflix.discovery.DiscoveryClient [restartedMain] The response status is 200
2024-01-29 14:20:53,062 [INFO] com.netflix.discovery.DiscoveryClient [restartedMain] Starting heartbeat executor: renew interval is: 30
2024-01-29 14:20:53,062 [INFO] com.netflix.discovery.InstanceInfoReplicator [restartedMain] InstanceInfoReplicator onDemand update allowed rate per min is 4
2024-01-29 14:20:53,063 [INFO] com.netflix.discovery.DiscoveryClient [restartedMain] Discovery Client initialized at timestamp 1706518253063 with initial instances count: 6
2024-01-29 14:20:53,071 [INFO] org.springframework.cloud.netflix.eureka.serviceregistry.EurekaServiceRegistry [restartedMain] Registering application DOCTOR-SERVICE with eureka with status UP
2024-01-29 14:20:53,071 [INFO] com.netflix.discovery.DiscoveryClient [restartedMain] Saw local status change event StatusChangeEvent [timestamp=1706518253071, current=UP, previous=STARTING]
2024-01-29 14:20:53,071 [INFO] com.netflix.discovery.DiscoveryClient [DiscoveryClient-InstanceInfoReplicator-0] DiscoveryClient_DOCTOR-SERVICE/LAPTOP-GFBQMQJH:doctor-service:8081: registering service...
2024-01-29 14:20:53,076 [INFO] org.springframework.boot.web.embedded.tomcat.TomcatWebServer [restartedMain] Tomcat started on port(s): 8081 (http) with context path ''
2024-01-29 14:20:53,076 [INFO] org.springframework.cloud.netflix.eureka.serviceregistry.EurekaAutoServiceRegistration [restartedMain] Updating port to 8081
2024-01-29 14:20:53,081 [INFO] com.netflix.discovery.DiscoveryClient [DiscoveryClient-InstanceInfoReplicator-0] DiscoveryClient_DOCTOR-SERVICE/LAPTOP-GFBQMQJH:doctor-service:8081 - registration status: 204
2024-01-29 14:20:53,170 [INFO] com.pms.doctor.service.DoctorServiceApplication [restartedMain] Started DoctorServiceApplication in 2.07 seconds (process running for 3129.065)
2024-01-29 14:20:53,172 [INFO] org.springframework.boot.devtools.autoconfigure.ConditionEvaluationDeltaLoggingListener [restartedMain] Condition evaluation unchanged
2024-01-29 14:24:59,832 [INFO] org.springframework.boot.devtools.autoconfigure.LocalDevToolsAutoConfiguration$RestartingClassPathChangeChangedEventListener [File Watcher] Restarting due to 1 class path change (0 additions, 0 deletions, 1 modification)
2024-01-29 14:24:59,833 [INFO] org.springframework.cloud.netflix.eureka.serviceregistry.EurekaServiceRegistry [Thread-85] Unregistering application DOCTOR-SERVICE with eureka with status DOWN
2024-01-29 14:24:59,833 [INFO] com.netflix.discovery.DiscoveryClient [Thread-85] Saw local status change event StatusChangeEvent [timestamp=1706518499833, current=DOWN, previous=UP]
2024-01-29 14:24:59,833 [INFO] com.netflix.discovery.DiscoveryClient [DiscoveryClient-InstanceInfoReplicator-0] DiscoveryClient_DOCTOR-SERVICE/LAPTOP-GFBQMQJH:doctor-service:8081: registering service...
2024-01-29 14:24:59,837 [INFO] com.netflix.discovery.DiscoveryClient [DiscoveryClient-InstanceInfoReplicator-0] DiscoveryClient_DOCTOR-SERVICE/LAPTOP-GFBQMQJH:doctor-service:8081 - registration status: 204
2024-01-29 14:24:59,842 [INFO] org.apache.catalina.core.StandardService [Thread-85] Stopping service [Tomcat]
2024-01-29 14:24:59,845 [WARN] org.apache.catalina.loader.WebappClassLoaderBase [Thread-85] The web application [ROOT] appears to have started a thread named [cluster-ClusterId{value='65b766ebe015b9435929e743', description='null'}-localhost:27017] but has failed to stop it. This is very likely to create a memory leak. Stack trace of thread:
 java.base@17.0.7/sun.nio.ch.Net.poll(Native Method)
 java.base@17.0.7/sun.nio.ch.NioSocketImpl.park(NioSocketImpl.java:181)
 java.base@17.0.7/sun.nio.ch.NioSocketImpl.timedRead(NioSocketImpl.java:285)
 java.base@17.0.7/sun.nio.ch.NioSocketImpl.implRead(NioSocketImpl.java:309)
 java.base@17.0.7/sun.nio.ch.NioSocketImpl.read(NioSocketImpl.java:350)
 java.base@17.0.7/sun.nio.ch.NioSocketImpl$1.read(NioSocketImpl.java:803)
 java.base@17.0.7/java.net.Socket$SocketInputStream.read(Socket.java:966)
 app//com.mongodb.internal.connection.SocketStream.read(SocketStream.java:113)
 app//com.mongodb.internal.connection.SocketStream.read(SocketStream.java:138)
 app//com.mongodb.internal.connection.InternalStreamConnection.receiveResponseBuffers(InternalStreamConnection.java:716)
 app//com.mongodb.internal.connection.InternalStreamConnection.receiveMessageWithAdditionalTimeout(InternalStreamConnection.java:574)
 app//com.mongodb.internal.connection.InternalStreamConnection.receiveCommandMessageResponse(InternalStreamConnection.java:413)
 app//com.mongodb.internal.connection.InternalStreamConnection.receive(InternalStreamConnection.java:372)
 app//com.mongodb.internal.connection.DefaultServerMonitor$ServerMonitorRunnable.lookupServerDescription(DefaultServerMonitor.java:226)
 app//com.mongodb.internal.connection.DefaultServerMonitor$ServerMonitorRunnable.run(DefaultServerMonitor.java:158)
 java.base@17.0.7/java.lang.Thread.run(Thread.java:833)
2024-01-29 14:24:59,845 [WARN] org.apache.catalina.loader.WebappClassLoaderBase [Thread-85] The web application [ROOT] appears to have started a thread named [cluster-rtt-ClusterId{value='65b766ebe015b9435929e743', description='null'}-localhost:27017] but has failed to stop it. This is very likely to create a memory leak. Stack trace of thread:
 java.base@17.0.7/java.lang.Thread.sleep(Native Method)
 app//com.mongodb.internal.connection.DefaultServerMonitor.waitForNext(DefaultServerMonitor.java:448)
 app//com.mongodb.internal.connection.DefaultServerMonitor.access$1500(DefaultServerMonitor.java:65)
 app//com.mongodb.internal.connection.DefaultServerMonitor$RoundTripTimeRunnable.run(DefaultServerMonitor.java:420)
 java.base@17.0.7/java.lang.Thread.run(Thread.java:833)
2024-01-29 14:24:59,846 [WARN] org.apache.catalina.loader.WebappClassLoaderBase [Thread-85] The web application [ROOT] appears to have started a thread named [MaintenanceTimer-16-thread-1] but has failed to stop it. This is very likely to create a memory leak. Stack trace of thread:
 java.base@17.0.7/jdk.internal.misc.Unsafe.park(Native Method)
 java.base@17.0.7/java.util.concurrent.locks.LockSupport.parkNanos(LockSupport.java:252)
 java.base@17.0.7/java.util.concurrent.locks.AbstractQueuedSynchronizer$ConditionObject.awaitNanos(AbstractQueuedSynchronizer.java:1672)
 java.base@17.0.7/java.util.concurrent.ScheduledThreadPoolExecutor$DelayedWorkQueue.take(ScheduledThreadPoolExecutor.java:1182)
 java.base@17.0.7/java.util.concurrent.ScheduledThreadPoolExecutor$DelayedWorkQueue.take(ScheduledThreadPoolExecutor.java:899)
 java.base@17.0.7/java.util.concurrent.ThreadPoolExecutor.getTask(ThreadPoolExecutor.java:1062)
 java.base@17.0.7/java.util.concurrent.ThreadPoolExecutor.runWorker(ThreadPoolExecutor.java:1122)
 java.base@17.0.7/java.util.concurrent.ThreadPoolExecutor$Worker.run(ThreadPoolExecutor.java:635)
 java.base@17.0.7/java.lang.Thread.run(Thread.java:833)
2024-01-29 14:24:59,849 [INFO] com.netflix.discovery.DiscoveryClient [Thread-85] Shutting down DiscoveryClient ...
2024-01-29 14:25:02,862 [INFO] com.netflix.discovery.DiscoveryClient [Thread-85] Unregistering ...
2024-01-29 14:25:02,865 [INFO] com.netflix.discovery.DiscoveryClient [Thread-85] DiscoveryClient_DOCTOR-SERVICE/LAPTOP-GFBQMQJH:doctor-service:8081 - deregister  status: 200
2024-01-29 14:25:02,867 [INFO] com.netflix.discovery.DiscoveryClient [Thread-85] Completed shut down of DiscoveryClient
2024-01-29 14:25:03,114 [INFO] com.pms.doctor.service.DoctorServiceApplication [restartedMain] Starting DoctorServiceApplication using Java 17.0.7 with PID 11216 (C:\Users\rahul\Desktop\PMS UPdate\Pharmacy-Management-System\Doctor-Service\Doctor-Service\target\classes started by rahul in C:\Users\rahul\Desktop\PMS UPdate\Pharmacy-Management-System\Doctor-Service\Doctor-Service)
2024-01-29 14:25:03,114 [INFO] com.pms.doctor.service.DoctorServiceApplication [restartedMain] No active profile set, falling back to 1 default profile: "default"
2024-01-29 14:25:03,403 [INFO] org.springframework.data.repository.config.RepositoryConfigurationDelegate [restartedMain] Bootstrapping Spring Data MongoDB repositories in DEFAULT mode.
2024-01-29 14:25:03,417 [INFO] org.springframework.data.repository.config.RepositoryConfigurationDelegate [restartedMain] Finished Spring Data repository scanning in 13 ms. Found 5 MongoDB repository interfaces.
2024-01-29 14:25:03,483 [INFO] org.springframework.cloud.context.scope.GenericScope [restartedMain] BeanFactory id=d186ccb7-1c2f-33e8-8b3e-f826f07e5662
2024-01-29 14:25:03,635 [INFO] org.springframework.boot.web.embedded.tomcat.TomcatWebServer [restartedMain] Tomcat initialized with port(s): 8081 (http)
2024-01-29 14:25:03,636 [INFO] org.apache.catalina.core.StandardService [restartedMain] Starting service [Tomcat]
2024-01-29 14:25:03,636 [INFO] org.apache.catalina.core.StandardEngine [restartedMain] Starting Servlet engine: [Apache Tomcat/10.1.8]
2024-01-29 14:25:03,667 [INFO] org.apache.catalina.core.ContainerBase.[Tomcat].[localhost].[/] [restartedMain] Initializing Spring embedded WebApplicationContext
2024-01-29 14:25:03,667 [INFO] org.springframework.boot.web.servlet.context.ServletWebServerApplicationContext [restartedMain] Root WebApplicationContext: initialization completed in 551 ms
2024-01-29 14:25:03,876 [INFO] org.mongodb.driver.client [restartedMain] MongoClient with metadata {"driver": {"name": "mongo-java-driver|sync|spring-boot", "version": "4.8.2"}, "os": {"type": "Windows", "name": "Windows 11", "architecture": "amd64", "version": "10.0"}, "platform": "Java/Eclipse Adoptium/17.0.7+7"} created with settings MongoClientSettings{readPreference=primary, writeConcern=WriteConcern{w=null, wTimeout=null ms, journal=null}, retryWrites=true, retryReads=true, readConcern=ReadConcern{level=null}, credential=null, streamFactoryFactory=null, commandListeners=[io.micrometer.core.instrument.binder.mongodb.MongoMetricsCommandListener@72f0916b], codecRegistry=ProvidersCodecRegistry{codecProviders=[ValueCodecProvider{}, BsonValueCodecProvider{}, DBRefCodecProvider{}, DBObjectCodecProvider{}, DocumentCodecProvider{}, CollectionCodecProvider{}, IterableCodecProvider{}, MapCodecProvider{}, GeoJsonCodecProvider{}, GridFSFileCodecProvider{}, Jsr310CodecProvider{}, JsonObjectCodecProvider{}, BsonCodecProvider{}, EnumCodecProvider{}, com.mongodb.Jep395RecordCodecProvider@a9532f3]}, clusterSettings={hosts=[localhost:27017], srvServiceName=mongodb, mode=SINGLE, requiredClusterType=UNKNOWN, requiredReplicaSetName='null', serverSelector='null', clusterListeners='[]', serverSelectionTimeout='30000 ms', localThreshold='30000 ms'}, socketSettings=SocketSettings{connectTimeoutMS=10000, readTimeoutMS=0, receiveBufferSize=0, sendBufferSize=0}, heartbeatSocketSettings=SocketSettings{connectTimeoutMS=10000, readTimeoutMS=10000, receiveBufferSize=0, sendBufferSize=0}, connectionPoolSettings=ConnectionPoolSettings{maxSize=100, minSize=0, maxWaitTimeMS=120000, maxConnectionLifeTimeMS=0, maxConnectionIdleTimeMS=0, maintenanceInitialDelayMS=0, maintenanceFrequencyMS=60000, connectionPoolListeners=[io.micrometer.core.instrument.binder.mongodb.MongoMetricsConnectionPoolListener@33e12dd3], maxConnecting=2}, serverSettings=ServerSettings{heartbeatFrequencyMS=10000, minHeartbeatFrequencyMS=500, serverListeners='[]', serverMonitorListeners='[]'}, sslSettings=SslSettings{enabled=false, invalidHostNameAllowed=false, context=null}, applicationName='null', compressorList=[], uuidRepresentation=JAVA_LEGACY, serverApi=null, autoEncryptionSettings=null, contextProvider=null}
2024-01-29 14:25:03,879 [INFO] org.mongodb.driver.cluster [cluster-ClusterId{value='65b767e7e015b9435929e744', description='null'}-localhost:27017] Monitor thread successfully connected to server with description ServerDescription{address=localhost:27017, type=STANDALONE, state=CONNECTED, ok=true, minWireVersion=0, maxWireVersion=17, maxDocumentSize=16777216, logicalSessionTimeoutMinutes=30, roundTripTimeNanos=1178300}
2024-01-29 14:25:03,997 [WARN] org.springframework.boot.devtools.autoconfigure.OptionalLiveReloadServer [restartedMain] Unable to start LiveReload server
2024-01-29 14:25:04,567 [INFO] org.springframework.boot.actuate.endpoint.web.EndpointLinksResolver [restartedMain] Exposing 1 endpoint(s) beneath base path '/actuator'
2024-01-29 14:25:04,598 [INFO] org.springframework.security.web.DefaultSecurityFilterChain [restartedMain] Will secure any request with [org.springframework.security.web.session.DisableEncodeUrlFilter@4c90f048, org.springframework.security.web.context.request.async.WebAsyncManagerIntegrationFilter@4871e46e, org.springframework.security.web.context.SecurityContextHolderFilter@1168b3fe, org.springframework.security.web.header.HeaderWriterFilter@3323796c, org.springframework.web.filter.CorsFilter@3d4031b6, org.springframework.security.web.authentication.logout.LogoutFilter@1107a2d3, com.pms.doctor.service.Config.JwtAuthenticationFilter@1f2776d1, org.springframework.security.web.savedrequest.RequestCacheAwareFilter@6eb4d4f0, org.springframework.security.web.servletapi.SecurityContextHolderAwareRequestFilter@d0a2acc, org.springframework.security.web.authentication.AnonymousAuthenticationFilter@746f744d, org.springframework.security.web.session.SessionManagementFilter@1233522c, org.springframework.security.web.access.ExceptionTranslationFilter@616c8568, org.springframework.security.web.access.intercept.AuthorizationFilter@15cf7af6]
2024-01-29 14:25:05,077 [INFO] org.springframework.cloud.netflix.eureka.config.DiscoveryClientOptionalArgsConfiguration [restartedMain] Eureka HTTP Client uses RestTemplate.
2024-01-29 14:25:05,138 [WARN] org.springframework.cloud.loadbalancer.config.LoadBalancerCacheAutoConfiguration$LoadBalancerCaffeineWarnLogger [restartedMain] Spring Cloud LoadBalancer is currently working with the default cache. While this cache implementation is useful for development and tests, it's recommended to use Caffeine cache in production.You can switch to using Caffeine cache, by adding it and org.springframework.cache.caffeine.CaffeineCacheManager to the classpath.
2024-01-29 14:25:05,168 [INFO] org.springframework.cloud.netflix.eureka.InstanceInfoFactory [restartedMain] Setting initial instance status as: STARTING
2024-01-29 14:25:05,173 [INFO] com.netflix.discovery.DiscoveryClient [restartedMain] Initializing Eureka in region us-east-1
2024-01-29 14:25:05,173 [INFO] com.netflix.discovery.shared.resolver.aws.ConfigClusterResolver [restartedMain] Resolving eureka endpoints via configuration
2024-01-29 14:25:05,174 [INFO] com.netflix.discovery.DiscoveryClient [restartedMain] Disable delta property : false
2024-01-29 14:25:05,174 [INFO] com.netflix.discovery.DiscoveryClient [restartedMain] Single vip registry refresh property : null
2024-01-29 14:25:05,174 [INFO] com.netflix.discovery.DiscoveryClient [restartedMain] Force full registry fetch : false
2024-01-29 14:25:05,174 [INFO] com.netflix.discovery.DiscoveryClient [restartedMain] Application is null : false
2024-01-29 14:25:05,174 [INFO] com.netflix.discovery.DiscoveryClient [restartedMain] Registered Applications size is zero : true
2024-01-29 14:25:05,174 [INFO] com.netflix.discovery.DiscoveryClient [restartedMain] Application version is -1: true
2024-01-29 14:25:05,174 [INFO] com.netflix.discovery.DiscoveryClient [restartedMain] Getting all instance registry info from the eureka server
2024-01-29 14:25:05,185 [INFO] com.netflix.discovery.DiscoveryClient [restartedMain] The response status is 200
2024-01-29 14:25:05,185 [INFO] com.netflix.discovery.DiscoveryClient [restartedMain] Starting heartbeat executor: renew interval is: 30
2024-01-29 14:25:05,186 [INFO] com.netflix.discovery.InstanceInfoReplicator [restartedMain] InstanceInfoReplicator onDemand update allowed rate per min is 4
2024-01-29 14:25:05,187 [INFO] com.netflix.discovery.DiscoveryClient [restartedMain] Discovery Client initialized at timestamp 1706518505187 with initial instances count: 6
2024-01-29 14:25:05,197 [INFO] org.springframework.cloud.netflix.eureka.serviceregistry.EurekaServiceRegistry [restartedMain] Registering application DOCTOR-SERVICE with eureka with status UP
2024-01-29 14:25:05,197 [INFO] com.netflix.discovery.DiscoveryClient [restartedMain] Saw local status change event StatusChangeEvent [timestamp=1706518505197, current=UP, previous=STARTING]
2024-01-29 14:25:05,197 [INFO] com.netflix.discovery.DiscoveryClient [DiscoveryClient-InstanceInfoReplicator-0] DiscoveryClient_DOCTOR-SERVICE/LAPTOP-GFBQMQJH:doctor-service:8081: registering service...
2024-01-29 14:25:05,201 [INFO] org.springframework.boot.web.embedded.tomcat.TomcatWebServer [restartedMain] Tomcat started on port(s): 8081 (http) with context path ''
2024-01-29 14:25:05,201 [INFO] org.springframework.cloud.netflix.eureka.serviceregistry.EurekaAutoServiceRegistration [restartedMain] Updating port to 8081
2024-01-29 14:25:05,207 [INFO] com.netflix.discovery.DiscoveryClient [DiscoveryClient-InstanceInfoReplicator-0] DiscoveryClient_DOCTOR-SERVICE/LAPTOP-GFBQMQJH:doctor-service:8081 - registration status: 204
2024-01-29 14:25:05,292 [INFO] com.pms.doctor.service.DoctorServiceApplication [restartedMain] Started DoctorServiceApplication in 2.287 seconds (process running for 3381.188)
2024-01-29 14:25:05,294 [INFO] org.springframework.boot.devtools.autoconfigure.ConditionEvaluationDeltaLoggingListener [restartedMain] Condition evaluation unchanged
2024-01-29 14:25:52,830 [INFO] org.springframework.boot.devtools.autoconfigure.LocalDevToolsAutoConfiguration$RestartingClassPathChangeChangedEventListener [File Watcher] Restarting due to 2 class path changes (0 additions, 0 deletions, 2 modifications)
2024-01-29 14:25:52,830 [INFO] org.springframework.cloud.netflix.eureka.serviceregistry.EurekaServiceRegistry [Thread-91] Unregistering application DOCTOR-SERVICE with eureka with status DOWN
2024-01-29 14:25:52,830 [INFO] com.netflix.discovery.DiscoveryClient [Thread-91] Saw local status change event StatusChangeEvent [timestamp=1706518552830, current=DOWN, previous=UP]
2024-01-29 14:25:52,831 [INFO] com.netflix.discovery.DiscoveryClient [DiscoveryClient-InstanceInfoReplicator-0] DiscoveryClient_DOCTOR-SERVICE/LAPTOP-GFBQMQJH:doctor-service:8081: registering service...
2024-01-29 14:25:52,835 [INFO] com.netflix.discovery.DiscoveryClient [DiscoveryClient-InstanceInfoReplicator-0] DiscoveryClient_DOCTOR-SERVICE/LAPTOP-GFBQMQJH:doctor-service:8081 - registration status: 204
2024-01-29 14:25:52,840 [INFO] org.apache.catalina.core.StandardService [Thread-91] Stopping service [Tomcat]
2024-01-29 14:25:52,842 [WARN] org.apache.catalina.loader.WebappClassLoaderBase [Thread-91] The web application [ROOT] appears to have started a thread named [cluster-ClusterId{value='65b767e7e015b9435929e744', description='null'}-localhost:27017] but has failed to stop it. This is very likely to create a memory leak. Stack trace of thread:
 java.base@17.0.7/sun.nio.ch.Net.poll(Native Method)
 java.base@17.0.7/sun.nio.ch.NioSocketImpl.park(NioSocketImpl.java:181)
 java.base@17.0.7/sun.nio.ch.NioSocketImpl.timedRead(NioSocketImpl.java:285)
 java.base@17.0.7/sun.nio.ch.NioSocketImpl.implRead(NioSocketImpl.java:309)
 java.base@17.0.7/sun.nio.ch.NioSocketImpl.read(NioSocketImpl.java:350)
 java.base@17.0.7/sun.nio.ch.NioSocketImpl$1.read(NioSocketImpl.java:803)
 java.base@17.0.7/java.net.Socket$SocketInputStream.read(Socket.java:966)
 app//com.mongodb.internal.connection.SocketStream.read(SocketStream.java:113)
 app//com.mongodb.internal.connection.SocketStream.read(SocketStream.java:138)
 app//com.mongodb.internal.connection.InternalStreamConnection.receiveResponseBuffers(InternalStreamConnection.java:716)
 app//com.mongodb.internal.connection.InternalStreamConnection.receiveMessageWithAdditionalTimeout(InternalStreamConnection.java:574)
 app//com.mongodb.internal.connection.InternalStreamConnection.receiveCommandMessageResponse(InternalStreamConnection.java:413)
 app//com.mongodb.internal.connection.InternalStreamConnection.receive(InternalStreamConnection.java:372)
 app//com.mongodb.internal.connection.DefaultServerMonitor$ServerMonitorRunnable.lookupServerDescription(DefaultServerMonitor.java:226)
 app//com.mongodb.internal.connection.DefaultServerMonitor$ServerMonitorRunnable.run(DefaultServerMonitor.java:158)
 java.base@17.0.7/java.lang.Thread.run(Thread.java:833)
2024-01-29 14:25:52,842 [WARN] org.apache.catalina.loader.WebappClassLoaderBase [Thread-91] The web application [ROOT] appears to have started a thread named [cluster-rtt-ClusterId{value='65b767e7e015b9435929e744', description='null'}-localhost:27017] but has failed to stop it. This is very likely to create a memory leak. Stack trace of thread:
 java.base@17.0.7/java.lang.Thread.sleep(Native Method)
 app//com.mongodb.internal.connection.DefaultServerMonitor.waitForNext(DefaultServerMonitor.java:448)
 app//com.mongodb.internal.connection.DefaultServerMonitor.access$1500(DefaultServerMonitor.java:65)
 app//com.mongodb.internal.connection.DefaultServerMonitor$RoundTripTimeRunnable.run(DefaultServerMonitor.java:420)
 java.base@17.0.7/java.lang.Thread.run(Thread.java:833)
2024-01-29 14:25:52,843 [WARN] org.apache.catalina.loader.WebappClassLoaderBase [Thread-91] The web application [ROOT] appears to have started a thread named [MaintenanceTimer-17-thread-1] but has failed to stop it. This is very likely to create a memory leak. Stack trace of thread:
 java.base@17.0.7/jdk.internal.misc.Unsafe.park(Native Method)
 java.base@17.0.7/java.util.concurrent.locks.LockSupport.parkNanos(LockSupport.java:252)
 java.base@17.0.7/java.util.concurrent.locks.AbstractQueuedSynchronizer$ConditionObject.awaitNanos(AbstractQueuedSynchronizer.java:1672)
 java.base@17.0.7/java.util.concurrent.ScheduledThreadPoolExecutor$DelayedWorkQueue.take(ScheduledThreadPoolExecutor.java:1182)
 java.base@17.0.7/java.util.concurrent.ScheduledThreadPoolExecutor$DelayedWorkQueue.take(ScheduledThreadPoolExecutor.java:899)
 java.base@17.0.7/java.util.concurrent.ThreadPoolExecutor.getTask(ThreadPoolExecutor.java:1062)
 java.base@17.0.7/java.util.concurrent.ThreadPoolExecutor.runWorker(ThreadPoolExecutor.java:1122)
 java.base@17.0.7/java.util.concurrent.ThreadPoolExecutor$Worker.run(ThreadPoolExecutor.java:635)
 java.base@17.0.7/java.lang.Thread.run(Thread.java:833)
2024-01-29 14:25:52,847 [INFO] com.netflix.discovery.DiscoveryClient [Thread-91] Shutting down DiscoveryClient ...
2024-01-29 14:25:55,853 [INFO] com.netflix.discovery.DiscoveryClient [Thread-91] Unregistering ...
2024-01-29 14:25:55,855 [INFO] com.netflix.discovery.DiscoveryClient [Thread-91] DiscoveryClient_DOCTOR-SERVICE/LAPTOP-GFBQMQJH:doctor-service:8081 - deregister  status: 200
2024-01-29 14:25:55,859 [INFO] com.netflix.discovery.DiscoveryClient [Thread-91] Completed shut down of DiscoveryClient
2024-01-29 14:25:56,107 [INFO] com.pms.doctor.service.DoctorServiceApplication [restartedMain] Starting DoctorServiceApplication using Java 17.0.7 with PID 11216 (C:\Users\rahul\Desktop\PMS UPdate\Pharmacy-Management-System\Doctor-Service\Doctor-Service\target\classes started by rahul in C:\Users\rahul\Desktop\PMS UPdate\Pharmacy-Management-System\Doctor-Service\Doctor-Service)
2024-01-29 14:25:56,107 [INFO] com.pms.doctor.service.DoctorServiceApplication [restartedMain] No active profile set, falling back to 1 default profile: "default"
2024-01-29 14:25:56,385 [INFO] org.springframework.data.repository.config.RepositoryConfigurationDelegate [restartedMain] Bootstrapping Spring Data MongoDB repositories in DEFAULT mode.
2024-01-29 14:25:56,398 [INFO] org.springframework.data.repository.config.RepositoryConfigurationDelegate [restartedMain] Finished Spring Data repository scanning in 12 ms. Found 5 MongoDB repository interfaces.
2024-01-29 14:25:56,455 [INFO] org.springframework.cloud.context.scope.GenericScope [restartedMain] BeanFactory id=d186ccb7-1c2f-33e8-8b3e-f826f07e5662
2024-01-29 14:25:56,579 [INFO] org.springframework.boot.web.embedded.tomcat.TomcatWebServer [restartedMain] Tomcat initialized with port(s): 8081 (http)
2024-01-29 14:25:56,579 [INFO] org.apache.catalina.core.StandardService [restartedMain] Starting service [Tomcat]
2024-01-29 14:25:56,579 [INFO] org.apache.catalina.core.StandardEngine [restartedMain] Starting Servlet engine: [Apache Tomcat/10.1.8]
2024-01-29 14:25:56,605 [INFO] org.apache.catalina.core.ContainerBase.[Tomcat].[localhost].[/] [restartedMain] Initializing Spring embedded WebApplicationContext
2024-01-29 14:25:56,605 [INFO] org.springframework.boot.web.servlet.context.ServletWebServerApplicationContext [restartedMain] Root WebApplicationContext: initialization completed in 497 ms
2024-01-29 14:25:56,770 [INFO] org.mongodb.driver.client [restartedMain] MongoClient with metadata {"driver": {"name": "mongo-java-driver|sync|spring-boot", "version": "4.8.2"}, "os": {"type": "Windows", "name": "Windows 11", "architecture": "amd64", "version": "10.0"}, "platform": "Java/Eclipse Adoptium/17.0.7+7"} created with settings MongoClientSettings{readPreference=primary, writeConcern=WriteConcern{w=null, wTimeout=null ms, journal=null}, retryWrites=true, retryReads=true, readConcern=ReadConcern{level=null}, credential=null, streamFactoryFactory=null, commandListeners=[io.micrometer.core.instrument.binder.mongodb.MongoMetricsCommandListener@75a5423c], codecRegistry=ProvidersCodecRegistry{codecProviders=[ValueCodecProvider{}, BsonValueCodecProvider{}, DBRefCodecProvider{}, DBObjectCodecProvider{}, DocumentCodecProvider{}, CollectionCodecProvider{}, IterableCodecProvider{}, MapCodecProvider{}, GeoJsonCodecProvider{}, GridFSFileCodecProvider{}, Jsr310CodecProvider{}, JsonObjectCodecProvider{}, BsonCodecProvider{}, EnumCodecProvider{}, com.mongodb.Jep395RecordCodecProvider@a9532f3]}, clusterSettings={hosts=[localhost:27017], srvServiceName=mongodb, mode=SINGLE, requiredClusterType=UNKNOWN, requiredReplicaSetName='null', serverSelector='null', clusterListeners='[]', serverSelectionTimeout='30000 ms', localThreshold='30000 ms'}, socketSettings=SocketSettings{connectTimeoutMS=10000, readTimeoutMS=0, receiveBufferSize=0, sendBufferSize=0}, heartbeatSocketSettings=SocketSettings{connectTimeoutMS=10000, readTimeoutMS=10000, receiveBufferSize=0, sendBufferSize=0}, connectionPoolSettings=ConnectionPoolSettings{maxSize=100, minSize=0, maxWaitTimeMS=120000, maxConnectionLifeTimeMS=0, maxConnectionIdleTimeMS=0, maintenanceInitialDelayMS=0, maintenanceFrequencyMS=60000, connectionPoolListeners=[io.micrometer.core.instrument.binder.mongodb.MongoMetricsConnectionPoolListener@72f16c01], maxConnecting=2}, serverSettings=ServerSettings{heartbeatFrequencyMS=10000, minHeartbeatFrequencyMS=500, serverListeners='[]', serverMonitorListeners='[]'}, sslSettings=SslSettings{enabled=false, invalidHostNameAllowed=false, context=null}, applicationName='null', compressorList=[], uuidRepresentation=JAVA_LEGACY, serverApi=null, autoEncryptionSettings=null, contextProvider=null}
2024-01-29 14:25:56,772 [INFO] org.mongodb.driver.cluster [cluster-ClusterId{value='65b7681ce015b9435929e745', description='null'}-localhost:27017] Monitor thread successfully connected to server with description ServerDescription{address=localhost:27017, type=STANDALONE, state=CONNECTED, ok=true, minWireVersion=0, maxWireVersion=17, maxDocumentSize=16777216, logicalSessionTimeoutMinutes=30, roundTripTimeNanos=1167100}
2024-01-29 14:25:56,888 [WARN] org.springframework.boot.devtools.autoconfigure.OptionalLiveReloadServer [restartedMain] Unable to start LiveReload server
2024-01-29 14:25:57,442 [INFO] org.springframework.boot.actuate.endpoint.web.EndpointLinksResolver [restartedMain] Exposing 1 endpoint(s) beneath base path '/actuator'
2024-01-29 14:25:57,483 [INFO] org.springframework.security.web.DefaultSecurityFilterChain [restartedMain] Will secure any request with [org.springframework.security.web.session.DisableEncodeUrlFilter@5166d416, org.springframework.security.web.context.request.async.WebAsyncManagerIntegrationFilter@616d947c, org.springframework.security.web.context.SecurityContextHolderFilter@dec27ee, org.springframework.security.web.header.HeaderWriterFilter@783836a, org.springframework.web.filter.CorsFilter@593b99f1, org.springframework.security.web.authentication.logout.LogoutFilter@2b7228ba, com.pms.doctor.service.Config.JwtAuthenticationFilter@7b6101b7, org.springframework.security.web.savedrequest.RequestCacheAwareFilter@42e0b42f, org.springframework.security.web.servletapi.SecurityContextHolderAwareRequestFilter@1502d4d0, org.springframework.security.web.authentication.AnonymousAuthenticationFilter@55dde64d, org.springframework.security.web.session.SessionManagementFilter@4a458ea8, org.springframework.security.web.access.ExceptionTranslationFilter@6cb03a9a, org.springframework.security.web.access.intercept.AuthorizationFilter@2532594b]
2024-01-29 14:25:57,909 [INFO] org.springframework.cloud.netflix.eureka.config.DiscoveryClientOptionalArgsConfiguration [restartedMain] Eureka HTTP Client uses RestTemplate.
2024-01-29 14:25:57,957 [WARN] org.springframework.cloud.loadbalancer.config.LoadBalancerCacheAutoConfiguration$LoadBalancerCaffeineWarnLogger [restartedMain] Spring Cloud LoadBalancer is currently working with the default cache. While this cache implementation is useful for development and tests, it's recommended to use Caffeine cache in production.You can switch to using Caffeine cache, by adding it and org.springframework.cache.caffeine.CaffeineCacheManager to the classpath.
2024-01-29 14:25:57,975 [INFO] org.springframework.cloud.netflix.eureka.InstanceInfoFactory [restartedMain] Setting initial instance status as: STARTING
2024-01-29 14:25:57,978 [INFO] com.netflix.discovery.DiscoveryClient [restartedMain] Initializing Eureka in region us-east-1
2024-01-29 14:25:57,979 [INFO] com.netflix.discovery.shared.resolver.aws.ConfigClusterResolver [restartedMain] Resolving eureka endpoints via configuration
2024-01-29 14:25:57,979 [INFO] com.netflix.discovery.DiscoveryClient [restartedMain] Disable delta property : false
2024-01-29 14:25:57,979 [INFO] com.netflix.discovery.DiscoveryClient [restartedMain] Single vip registry refresh property : null
2024-01-29 14:25:57,979 [INFO] com.netflix.discovery.DiscoveryClient [restartedMain] Force full registry fetch : false
2024-01-29 14:25:57,979 [INFO] com.netflix.discovery.DiscoveryClient [restartedMain] Application is null : false
2024-01-29 14:25:57,979 [INFO] com.netflix.discovery.DiscoveryClient [restartedMain] Registered Applications size is zero : true
2024-01-29 14:25:57,979 [INFO] com.netflix.discovery.DiscoveryClient [restartedMain] Application version is -1: true
2024-01-29 14:25:57,979 [INFO] com.netflix.discovery.DiscoveryClient [restartedMain] Getting all instance registry info from the eureka server
2024-01-29 14:25:57,990 [INFO] com.netflix.discovery.DiscoveryClient [restartedMain] The response status is 200
2024-01-29 14:25:57,991 [INFO] com.netflix.discovery.DiscoveryClient [restartedMain] Starting heartbeat executor: renew interval is: 30
2024-01-29 14:25:57,991 [INFO] com.netflix.discovery.InstanceInfoReplicator [restartedMain] InstanceInfoReplicator onDemand update allowed rate per min is 4
2024-01-29 14:25:57,992 [INFO] com.netflix.discovery.DiscoveryClient [restartedMain] Discovery Client initialized at timestamp 1706518557992 with initial instances count: 6
2024-01-29 14:25:58,000 [INFO] org.springframework.cloud.netflix.eureka.serviceregistry.EurekaServiceRegistry [restartedMain] Registering application DOCTOR-SERVICE with eureka with status UP
2024-01-29 14:25:58,000 [INFO] com.netflix.discovery.DiscoveryClient [restartedMain] Saw local status change event StatusChangeEvent [timestamp=1706518558000, current=UP, previous=STARTING]
2024-01-29 14:25:58,000 [INFO] com.netflix.discovery.DiscoveryClient [DiscoveryClient-InstanceInfoReplicator-0] DiscoveryClient_DOCTOR-SERVICE/LAPTOP-GFBQMQJH:doctor-service:8081: registering service...
2024-01-29 14:25:58,004 [INFO] org.springframework.boot.web.embedded.tomcat.TomcatWebServer [restartedMain] Tomcat started on port(s): 8081 (http) with context path ''
2024-01-29 14:25:58,004 [INFO] org.springframework.cloud.netflix.eureka.serviceregistry.EurekaAutoServiceRegistration [restartedMain] Updating port to 8081
2024-01-29 14:25:58,012 [INFO] com.netflix.discovery.DiscoveryClient [DiscoveryClient-InstanceInfoReplicator-0] DiscoveryClient_DOCTOR-SERVICE/LAPTOP-GFBQMQJH:doctor-service:8081 - registration status: 204
2024-01-29 14:25:58,104 [INFO] com.pms.doctor.service.DoctorServiceApplication [restartedMain] Started DoctorServiceApplication in 2.105 seconds (process running for 3434.0)
2024-01-29 14:25:58,106 [INFO] org.springframework.boot.devtools.autoconfigure.ConditionEvaluationDeltaLoggingListener [restartedMain] Condition evaluation unchanged
2024-01-29 14:30:57,994 [INFO] com.netflix.discovery.shared.resolver.aws.ConfigClusterResolver [AsyncResolver-bootstrap-executor-0] Resolving eureka endpoints via configuration
2024-01-29 14:35:27,160 [INFO] org.apache.catalina.core.ContainerBase.[Tomcat].[localhost].[/] [http-nio-8081-exec-1] Initializing Spring DispatcherServlet 'dispatcherServlet'
2024-01-29 14:35:27,160 [INFO] org.springframework.web.servlet.DispatcherServlet [http-nio-8081-exec-1] Initializing Servlet 'dispatcherServlet'
2024-01-29 14:35:27,162 [INFO] org.springframework.web.servlet.DispatcherServlet [http-nio-8081-exec-1] Completed initialization in 2 ms
2024-01-29 14:35:27,163 [INFO] org.springframework.web.filter.OncePerRequestFilter [http-nio-8081-exec-1]  Header :  null
2024-01-29 14:35:27,163 [INFO] org.springframework.web.filter.OncePerRequestFilter [http-nio-8081-exec-1] Invalid Header Value !! 
2024-01-29 14:35:42,352 [INFO] org.springframework.web.filter.OncePerRequestFilter [http-nio-8081-exec-3]  Header :  null
2024-01-29 14:35:42,352 [INFO] org.springframework.web.filter.OncePerRequestFilter [http-nio-8081-exec-3] Invalid Header Value !! 
2024-01-29 14:35:42,558 [INFO] org.springframework.web.filter.OncePerRequestFilter [http-nio-8081-exec-4]  Header :  Bearer eyJhbGciOiJIUzUxMiJ9.eyJzdWIiOiJqYWRoYXZjb2NAZ21haWwuY29tIiwiaWF0IjoxNzA2NTE5MTQyLCJleHAiOjE3MDY1MzcxNDJ9.EcjmRGzY5hGYWNOcM2dnpO2w-twy9Agp563EWos1yg0e4G7-KbMcWAynLpWvhA0-DJM0klbDjRbqA_qJR3oLCg
2024-01-29 14:35:42,584 [INFO] org.springframework.web.filter.OncePerRequestFilter [http-nio-8081-exec-5]  Header :  Bearer eyJhbGciOiJIUzUxMiJ9.eyJzdWIiOiJqYWRoYXZjb2NAZ21haWwuY29tIiwiaWF0IjoxNzA2NTE5MTQyLCJleHAiOjE3MDY1MzcxNDJ9.EcjmRGzY5hGYWNOcM2dnpO2w-twy9Agp563EWos1yg0e4G7-KbMcWAynLpWvhA0-DJM0klbDjRbqA_qJR3oLCg
2024-01-29 14:35:42,619 [INFO] org.springframework.web.filter.OncePerRequestFilter [http-nio-8081-exec-7]  Header :  Bearer eyJhbGciOiJIUzUxMiJ9.eyJzdWIiOiJqYWRoYXZjb2NAZ21haWwuY29tIiwiaWF0IjoxNzA2NTE5MTQyLCJleHAiOjE3MDY1MzcxNDJ9.EcjmRGzY5hGYWNOcM2dnpO2w-twy9Agp563EWos1yg0e4G7-KbMcWAynLpWvhA0-DJM0klbDjRbqA_qJR3oLCg
2024-01-29 14:35:42,641 [INFO] org.springframework.web.filter.OncePerRequestFilter [http-nio-8081-exec-6]  Header :  Bearer eyJhbGciOiJIUzUxMiJ9.eyJzdWIiOiJqYWRoYXZjb2NAZ21haWwuY29tIiwiaWF0IjoxNzA2NTE5MTQyLCJleHAiOjE3MDY1MzcxNDJ9.EcjmRGzY5hGYWNOcM2dnpO2w-twy9Agp563EWos1yg0e4G7-KbMcWAynLpWvhA0-DJM0klbDjRbqA_qJR3oLCg
2024-01-29 14:35:42,651 [INFO] org.springframework.web.filter.OncePerRequestFilter [http-nio-8081-exec-8]  Header :  Bearer eyJhbGciOiJIUzUxMiJ9.eyJzdWIiOiJqYWRoYXZjb2NAZ21haWwuY29tIiwiaWF0IjoxNzA2NTE5MTQyLCJleHAiOjE3MDY1MzcxNDJ9.EcjmRGzY5hGYWNOcM2dnpO2w-twy9Agp563EWos1yg0e4G7-KbMcWAynLpWvhA0-DJM0klbDjRbqA_qJR3oLCg
2024-01-29 14:35:42,679 [INFO] org.springframework.web.filter.OncePerRequestFilter [http-nio-8081-exec-9]  Header :  Bearer eyJhbGciOiJIUzUxMiJ9.eyJzdWIiOiJqYWRoYXZjb2NAZ21haWwuY29tIiwiaWF0IjoxNzA2NTE5MTQyLCJleHAiOjE3MDY1MzcxNDJ9.EcjmRGzY5hGYWNOcM2dnpO2w-twy9Agp563EWos1yg0e4G7-KbMcWAynLpWvhA0-DJM0klbDjRbqA_qJR3oLCg
2024-01-29 14:35:48,879 [INFO] org.springframework.web.filter.OncePerRequestFilter [http-nio-8081-exec-10]  Header :  Bearer eyJhbGciOiJIUzUxMiJ9.eyJzdWIiOiJqYWRoYXZjb2NAZ21haWwuY29tIiwiaWF0IjoxNzA2NTE5MTQyLCJleHAiOjE3MDY1MzcxNDJ9.EcjmRGzY5hGYWNOcM2dnpO2w-twy9Agp563EWos1yg0e4G7-KbMcWAynLpWvhA0-DJM0klbDjRbqA_qJR3oLCg
2024-01-29 14:35:48,926 [INFO] org.springframework.web.filter.OncePerRequestFilter [http-nio-8081-exec-1]  Header :  Bearer eyJhbGciOiJIUzUxMiJ9.eyJzdWIiOiJqYWRoYXZjb2NAZ21haWwuY29tIiwiaWF0IjoxNzA2NTE5MTQyLCJleHAiOjE3MDY1MzcxNDJ9.EcjmRGzY5hGYWNOcM2dnpO2w-twy9Agp563EWos1yg0e4G7-KbMcWAynLpWvhA0-DJM0klbDjRbqA_qJR3oLCg
2024-01-29 14:35:50,107 [INFO] org.springframework.web.filter.OncePerRequestFilter [http-nio-8081-exec-2]  Header :  Bearer eyJhbGciOiJIUzUxMiJ9.eyJzdWIiOiJqYWRoYXZjb2NAZ21haWwuY29tIiwiaWF0IjoxNzA2NTE5MTQyLCJleHAiOjE3MDY1MzcxNDJ9.EcjmRGzY5hGYWNOcM2dnpO2w-twy9Agp563EWos1yg0e4G7-KbMcWAynLpWvhA0-DJM0klbDjRbqA_qJR3oLCg
2024-01-29 14:35:50,129 [INFO] org.springframework.web.filter.OncePerRequestFilter [http-nio-8081-exec-3]  Header :  Bearer eyJhbGciOiJIUzUxMiJ9.eyJzdWIiOiJqYWRoYXZjb2NAZ21haWwuY29tIiwiaWF0IjoxNzA2NTE5MTQyLCJleHAiOjE3MDY1MzcxNDJ9.EcjmRGzY5hGYWNOcM2dnpO2w-twy9Agp563EWos1yg0e4G7-KbMcWAynLpWvhA0-DJM0klbDjRbqA_qJR3oLCg
2024-01-29 14:35:50,138 [INFO] org.springframework.web.filter.OncePerRequestFilter [http-nio-8081-exec-4]  Header :  Bearer eyJhbGciOiJIUzUxMiJ9.eyJzdWIiOiJqYWRoYXZjb2NAZ21haWwuY29tIiwiaWF0IjoxNzA2NTE5MTQyLCJleHAiOjE3MDY1MzcxNDJ9.EcjmRGzY5hGYWNOcM2dnpO2w-twy9Agp563EWos1yg0e4G7-KbMcWAynLpWvhA0-DJM0klbDjRbqA_qJR3oLCg
2024-01-29 14:35:50,156 [INFO] org.springframework.web.filter.OncePerRequestFilter [http-nio-8081-exec-5]  Header :  Bearer eyJhbGciOiJIUzUxMiJ9.eyJzdWIiOiJqYWRoYXZjb2NAZ21haWwuY29tIiwiaWF0IjoxNzA2NTE5MTQyLCJleHAiOjE3MDY1MzcxNDJ9.EcjmRGzY5hGYWNOcM2dnpO2w-twy9Agp563EWos1yg0e4G7-KbMcWAynLpWvhA0-DJM0klbDjRbqA_qJR3oLCg
2024-01-29 14:35:50,207 [INFO] org.springframework.web.filter.OncePerRequestFilter [http-nio-8081-exec-7]  Header :  Bearer eyJhbGciOiJIUzUxMiJ9.eyJzdWIiOiJqYWRoYXZjb2NAZ21haWwuY29tIiwiaWF0IjoxNzA2NTE5MTQyLCJleHAiOjE3MDY1MzcxNDJ9.EcjmRGzY5hGYWNOcM2dnpO2w-twy9Agp563EWos1yg0e4G7-KbMcWAynLpWvhA0-DJM0klbDjRbqA_qJR3oLCg
2024-01-29 14:35:50,231 [INFO] org.springframework.web.filter.OncePerRequestFilter [http-nio-8081-exec-6]  Header :  Bearer eyJhbGciOiJIUzUxMiJ9.eyJzdWIiOiJqYWRoYXZjb2NAZ21haWwuY29tIiwiaWF0IjoxNzA2NTE5MTQyLCJleHAiOjE3MDY1MzcxNDJ9.EcjmRGzY5hGYWNOcM2dnpO2w-twy9Agp563EWos1yg0e4G7-KbMcWAynLpWvhA0-DJM0klbDjRbqA_qJR3oLCg
2024-01-29 14:35:58,004 [INFO] com.netflix.discovery.shared.resolver.aws.ConfigClusterResolver [AsyncResolver-bootstrap-executor-0] Resolving eureka endpoints via configuration
2024-01-29 14:36:25,513 [INFO] org.springframework.web.filter.OncePerRequestFilter [http-nio-8081-exec-8]  Header :  Bearer eyJhbGciOiJIUzUxMiJ9.eyJzdWIiOiJqYWRoYXZjb2NAZ21haWwuY29tIiwiaWF0IjoxNzA2NTE5MTQyLCJleHAiOjE3MDY1MzcxNDJ9.EcjmRGzY5hGYWNOcM2dnpO2w-twy9Agp563EWos1yg0e4G7-KbMcWAynLpWvhA0-DJM0klbDjRbqA_qJR3oLCg
2024-01-29 14:36:25,608 [INFO] org.springframework.web.filter.OncePerRequestFilter [http-nio-8081-exec-9]  Header :  Bearer eyJhbGciOiJIUzUxMiJ9.eyJzdWIiOiJqYWRoYXZjb2NAZ21haWwuY29tIiwiaWF0IjoxNzA2NTE5MTQyLCJleHAiOjE3MDY1MzcxNDJ9.EcjmRGzY5hGYWNOcM2dnpO2w-twy9Agp563EWos1yg0e4G7-KbMcWAynLpWvhA0-DJM0klbDjRbqA_qJR3oLCg
2024-01-29 14:36:31,736 [INFO] org.springframework.web.filter.OncePerRequestFilter [http-nio-8081-exec-10]  Header :  Bearer eyJhbGciOiJIUzUxMiJ9.eyJzdWIiOiJqYWRoYXZjb2NAZ21haWwuY29tIiwiaWF0IjoxNzA2NTE5MTQyLCJleHAiOjE3MDY1MzcxNDJ9.EcjmRGzY5hGYWNOcM2dnpO2w-twy9Agp563EWos1yg0e4G7-KbMcWAynLpWvhA0-DJM0klbDjRbqA_qJR3oLCg
2024-01-29 14:36:31,761 [INFO] org.springframework.web.filter.OncePerRequestFilter [http-nio-8081-exec-1]  Header :  Bearer eyJhbGciOiJIUzUxMiJ9.eyJzdWIiOiJqYWRoYXZjb2NAZ21haWwuY29tIiwiaWF0IjoxNzA2NTE5MTQyLCJleHAiOjE3MDY1MzcxNDJ9.EcjmRGzY5hGYWNOcM2dnpO2w-twy9Agp563EWos1yg0e4G7-KbMcWAynLpWvhA0-DJM0klbDjRbqA_qJR3oLCg
2024-01-29 14:36:31,768 [INFO] org.springframework.web.filter.OncePerRequestFilter [http-nio-8081-exec-2]  Header :  Bearer eyJhbGciOiJIUzUxMiJ9.eyJzdWIiOiJqYWRoYXZjb2NAZ21haWwuY29tIiwiaWF0IjoxNzA2NTE5MTQyLCJleHAiOjE3MDY1MzcxNDJ9.EcjmRGzY5hGYWNOcM2dnpO2w-twy9Agp563EWos1yg0e4G7-KbMcWAynLpWvhA0-DJM0klbDjRbqA_qJR3oLCg
2024-01-29 14:36:31,785 [INFO] org.springframework.web.filter.OncePerRequestFilter [http-nio-8081-exec-3]  Header :  Bearer eyJhbGciOiJIUzUxMiJ9.eyJzdWIiOiJqYWRoYXZjb2NAZ21haWwuY29tIiwiaWF0IjoxNzA2NTE5MTQyLCJleHAiOjE3MDY1MzcxNDJ9.EcjmRGzY5hGYWNOcM2dnpO2w-twy9Agp563EWos1yg0e4G7-KbMcWAynLpWvhA0-DJM0klbDjRbqA_qJR3oLCg
2024-01-29 14:36:31,793 [INFO] org.springframework.web.filter.OncePerRequestFilter [http-nio-8081-exec-4]  Header :  Bearer eyJhbGciOiJIUzUxMiJ9.eyJzdWIiOiJqYWRoYXZjb2NAZ21haWwuY29tIiwiaWF0IjoxNzA2NTE5MTQyLCJleHAiOjE3MDY1MzcxNDJ9.EcjmRGzY5hGYWNOcM2dnpO2w-twy9Agp563EWos1yg0e4G7-KbMcWAynLpWvhA0-DJM0klbDjRbqA_qJR3oLCg
2024-01-29 14:36:31,814 [INFO] org.springframework.web.filter.OncePerRequestFilter [http-nio-8081-exec-5]  Header :  Bearer eyJhbGciOiJIUzUxMiJ9.eyJzdWIiOiJqYWRoYXZjb2NAZ21haWwuY29tIiwiaWF0IjoxNzA2NTE5MTQyLCJleHAiOjE3MDY1MzcxNDJ9.EcjmRGzY5hGYWNOcM2dnpO2w-twy9Agp563EWos1yg0e4G7-KbMcWAynLpWvhA0-DJM0klbDjRbqA_qJR3oLCg
2024-01-29 14:40:58,007 [INFO] com.netflix.discovery.shared.resolver.aws.ConfigClusterResolver [AsyncResolver-bootstrap-executor-0] Resolving eureka endpoints via configuration
2024-01-29 14:40:58,635 [INFO] org.springframework.boot.devtools.autoconfigure.LocalDevToolsAutoConfiguration$RestartingClassPathChangeChangedEventListener [File Watcher] Restarting due to 1 class path change (1 addition, 0 deletions, 0 modifications)
2024-01-29 14:40:58,635 [INFO] org.springframework.cloud.netflix.eureka.serviceregistry.EurekaServiceRegistry [Thread-97] Unregistering application DOCTOR-SERVICE with eureka with status DOWN
2024-01-29 14:40:58,636 [INFO] com.netflix.discovery.DiscoveryClient [Thread-97] Saw local status change event StatusChangeEvent [timestamp=1706519458636, current=DOWN, previous=UP]
2024-01-29 14:40:58,636 [INFO] com.netflix.discovery.DiscoveryClient [DiscoveryClient-InstanceInfoReplicator-0] DiscoveryClient_DOCTOR-SERVICE/LAPTOP-GFBQMQJH:doctor-service:8081: registering service...
2024-01-29 14:40:58,639 [INFO] com.netflix.discovery.DiscoveryClient [DiscoveryClient-InstanceInfoReplicator-0] DiscoveryClient_DOCTOR-SERVICE/LAPTOP-GFBQMQJH:doctor-service:8081 - registration status: 204
2024-01-29 14:40:58,644 [INFO] org.apache.catalina.core.StandardService [Thread-97] Stopping service [Tomcat]
2024-01-29 14:40:58,645 [INFO] org.apache.catalina.core.ContainerBase.[Tomcat].[localhost].[/] [Thread-97] Destroying Spring FrameworkServlet 'dispatcherServlet'
2024-01-29 14:40:58,647 [WARN] org.apache.catalina.loader.WebappClassLoaderBase [Thread-97] The web application [ROOT] appears to have started a thread named [cluster-ClusterId{value='65b7681ce015b9435929e745', description='null'}-localhost:27017] but has failed to stop it. This is very likely to create a memory leak. Stack trace of thread:
 java.base@17.0.7/sun.nio.ch.Net.poll(Native Method)
 java.base@17.0.7/sun.nio.ch.NioSocketImpl.park(NioSocketImpl.java:181)
 java.base@17.0.7/sun.nio.ch.NioSocketImpl.timedRead(NioSocketImpl.java:285)
 java.base@17.0.7/sun.nio.ch.NioSocketImpl.implRead(NioSocketImpl.java:309)
 java.base@17.0.7/sun.nio.ch.NioSocketImpl.read(NioSocketImpl.java:350)
 java.base@17.0.7/sun.nio.ch.NioSocketImpl$1.read(NioSocketImpl.java:803)
 java.base@17.0.7/java.net.Socket$SocketInputStream.read(Socket.java:966)
 app//com.mongodb.internal.connection.SocketStream.read(SocketStream.java:113)
 app//com.mongodb.internal.connection.SocketStream.read(SocketStream.java:138)
 app//com.mongodb.internal.connection.InternalStreamConnection.receiveResponseBuffers(InternalStreamConnection.java:716)
 app//com.mongodb.internal.connection.InternalStreamConnection.receiveMessageWithAdditionalTimeout(InternalStreamConnection.java:574)
 app//com.mongodb.internal.connection.InternalStreamConnection.receiveCommandMessageResponse(InternalStreamConnection.java:413)
 app//com.mongodb.internal.connection.InternalStreamConnection.receive(InternalStreamConnection.java:372)
 app//com.mongodb.internal.connection.DefaultServerMonitor$ServerMonitorRunnable.lookupServerDescription(DefaultServerMonitor.java:226)
 app//com.mongodb.internal.connection.DefaultServerMonitor$ServerMonitorRunnable.run(DefaultServerMonitor.java:158)
 java.base@17.0.7/java.lang.Thread.run(Thread.java:833)
2024-01-29 14:40:58,647 [WARN] org.apache.catalina.loader.WebappClassLoaderBase [Thread-97] The web application [ROOT] appears to have started a thread named [cluster-rtt-ClusterId{value='65b7681ce015b9435929e745', description='null'}-localhost:27017] but has failed to stop it. This is very likely to create a memory leak. Stack trace of thread:
 java.base@17.0.7/java.lang.Thread.sleep(Native Method)
 app//com.mongodb.internal.connection.DefaultServerMonitor.waitForNext(DefaultServerMonitor.java:448)
 app//com.mongodb.internal.connection.DefaultServerMonitor.access$1500(DefaultServerMonitor.java:65)
 app//com.mongodb.internal.connection.DefaultServerMonitor$RoundTripTimeRunnable.run(DefaultServerMonitor.java:420)
 java.base@17.0.7/java.lang.Thread.run(Thread.java:833)
2024-01-29 14:40:58,648 [WARN] org.apache.catalina.loader.WebappClassLoaderBase [Thread-97] The web application [ROOT] appears to have started a thread named [MaintenanceTimer-18-thread-1] but has failed to stop it. This is very likely to create a memory leak. Stack trace of thread:
 java.base@17.0.7/jdk.internal.misc.Unsafe.park(Native Method)
 java.base@17.0.7/java.util.concurrent.locks.LockSupport.parkNanos(LockSupport.java:252)
 java.base@17.0.7/java.util.concurrent.locks.AbstractQueuedSynchronizer$ConditionObject.awaitNanos(AbstractQueuedSynchronizer.java:1672)
 java.base@17.0.7/java.util.concurrent.ScheduledThreadPoolExecutor$DelayedWorkQueue.take(ScheduledThreadPoolExecutor.java:1182)
 java.base@17.0.7/java.util.concurrent.ScheduledThreadPoolExecutor$DelayedWorkQueue.take(ScheduledThreadPoolExecutor.java:899)
 java.base@17.0.7/java.util.concurrent.ThreadPoolExecutor.getTask(ThreadPoolExecutor.java:1062)
 java.base@17.0.7/java.util.concurrent.ThreadPoolExecutor.runWorker(ThreadPoolExecutor.java:1122)
 java.base@17.0.7/java.util.concurrent.ThreadPoolExecutor$Worker.run(ThreadPoolExecutor.java:635)
 java.base@17.0.7/java.lang.Thread.run(Thread.java:833)
2024-01-29 14:40:58,649 [WARN] org.apache.catalina.loader.WebappClassLoaderBase [Thread-97] The web application [ROOT] appears to have started a thread named [pool-158-thread-1] but has failed to stop it. This is very likely to create a memory leak. Stack trace of thread:
 java.base@17.0.7/jdk.internal.misc.Unsafe.park(Native Method)
 java.base@17.0.7/java.util.concurrent.locks.LockSupport.park(LockSupport.java:341)
 java.base@17.0.7/java.util.concurrent.locks.AbstractQueuedSynchronizer$ConditionNode.block(AbstractQueuedSynchronizer.java:506)
 java.base@17.0.7/java.util.concurrent.ForkJoinPool.unmanagedBlock(ForkJoinPool.java:3463)
 java.base@17.0.7/java.util.concurrent.ForkJoinPool.managedBlock(ForkJoinPool.java:3434)
 java.base@17.0.7/java.util.concurrent.locks.AbstractQueuedSynchronizer$ConditionObject.await(AbstractQueuedSynchronizer.java:1623)
 java.base@17.0.7/java.util.concurrent.ScheduledThreadPoolExecutor$DelayedWorkQueue.take(ScheduledThreadPoolExecutor.java:1170)
 java.base@17.0.7/java.util.concurrent.ScheduledThreadPoolExecutor$DelayedWorkQueue.take(ScheduledThreadPoolExecutor.java:899)
 java.base@17.0.7/java.util.concurrent.ThreadPoolExecutor.getTask(ThreadPoolExecutor.java:1062)
 java.base@17.0.7/java.util.concurrent.ThreadPoolExecutor.runWorker(ThreadPoolExecutor.java:1122)
 java.base@17.0.7/java.util.concurrent.ThreadPoolExecutor$Worker.run(ThreadPoolExecutor.java:635)
 java.base@17.0.7/java.lang.Thread.run(Thread.java:833)
2024-01-29 14:40:58,653 [INFO] com.netflix.discovery.DiscoveryClient [Thread-97] Shutting down DiscoveryClient ...
2024-01-29 14:41:01,655 [INFO] com.netflix.discovery.DiscoveryClient [Thread-97] Unregistering ...
2024-01-29 14:41:01,659 [INFO] com.netflix.discovery.DiscoveryClient [Thread-97] DiscoveryClient_DOCTOR-SERVICE/LAPTOP-GFBQMQJH:doctor-service:8081 - deregister  status: 200
2024-01-29 14:41:01,661 [INFO] com.netflix.discovery.DiscoveryClient [Thread-97] Completed shut down of DiscoveryClient
2024-01-29 14:41:01,916 [INFO] com.pms.doctor.service.DoctorServiceApplication [restartedMain] Starting DoctorServiceApplication using Java 17.0.7 with PID 11216 (C:\Users\rahul\Desktop\PMS UPdate\Pharmacy-Management-System\Doctor-Service\Doctor-Service\target\classes started by rahul in C:\Users\rahul\Desktop\PMS UPdate\Pharmacy-Management-System\Doctor-Service\Doctor-Service)
2024-01-29 14:41:01,917 [INFO] com.pms.doctor.service.DoctorServiceApplication [restartedMain] No active profile set, falling back to 1 default profile: "default"
2024-01-29 14:41:02,189 [INFO] org.springframework.data.repository.config.RepositoryConfigurationDelegate [restartedMain] Bootstrapping Spring Data MongoDB repositories in DEFAULT mode.
2024-01-29 14:41:02,202 [INFO] org.springframework.data.repository.config.RepositoryConfigurationDelegate [restartedMain] Finished Spring Data repository scanning in 12 ms. Found 5 MongoDB repository interfaces.
2024-01-29 14:41:02,275 [INFO] org.springframework.cloud.context.scope.GenericScope [restartedMain] BeanFactory id=d186ccb7-1c2f-33e8-8b3e-f826f07e5662
2024-01-29 14:41:02,400 [INFO] org.springframework.boot.web.embedded.tomcat.TomcatWebServer [restartedMain] Tomcat initialized with port(s): 8081 (http)
2024-01-29 14:41:02,401 [INFO] org.apache.catalina.core.StandardService [restartedMain] Starting service [Tomcat]
2024-01-29 14:41:02,401 [INFO] org.apache.catalina.core.StandardEngine [restartedMain] Starting Servlet engine: [Apache Tomcat/10.1.8]
2024-01-29 14:41:02,427 [INFO] org.apache.catalina.core.ContainerBase.[Tomcat].[localhost].[/] [restartedMain] Initializing Spring embedded WebApplicationContext
2024-01-29 14:41:02,427 [INFO] org.springframework.boot.web.servlet.context.ServletWebServerApplicationContext [restartedMain] Root WebApplicationContext: initialization completed in 509 ms
2024-01-29 14:41:02,593 [INFO] org.mongodb.driver.client [restartedMain] MongoClient with metadata {"driver": {"name": "mongo-java-driver|sync|spring-boot", "version": "4.8.2"}, "os": {"type": "Windows", "name": "Windows 11", "architecture": "amd64", "version": "10.0"}, "platform": "Java/Eclipse Adoptium/17.0.7+7"} created with settings MongoClientSettings{readPreference=primary, writeConcern=WriteConcern{w=null, wTimeout=null ms, journal=null}, retryWrites=true, retryReads=true, readConcern=ReadConcern{level=null}, credential=null, streamFactoryFactory=null, commandListeners=[io.micrometer.core.instrument.binder.mongodb.MongoMetricsCommandListener@1bf66d86], codecRegistry=ProvidersCodecRegistry{codecProviders=[ValueCodecProvider{}, BsonValueCodecProvider{}, DBRefCodecProvider{}, DBObjectCodecProvider{}, DocumentCodecProvider{}, CollectionCodecProvider{}, IterableCodecProvider{}, MapCodecProvider{}, GeoJsonCodecProvider{}, GridFSFileCodecProvider{}, Jsr310CodecProvider{}, JsonObjectCodecProvider{}, BsonCodecProvider{}, EnumCodecProvider{}, com.mongodb.Jep395RecordCodecProvider@a9532f3]}, clusterSettings={hosts=[localhost:27017], srvServiceName=mongodb, mode=SINGLE, requiredClusterType=UNKNOWN, requiredReplicaSetName='null', serverSelector='null', clusterListeners='[]', serverSelectionTimeout='30000 ms', localThreshold='30000 ms'}, socketSettings=SocketSettings{connectTimeoutMS=10000, readTimeoutMS=0, receiveBufferSize=0, sendBufferSize=0}, heartbeatSocketSettings=SocketSettings{connectTimeoutMS=10000, readTimeoutMS=10000, receiveBufferSize=0, sendBufferSize=0}, connectionPoolSettings=ConnectionPoolSettings{maxSize=100, minSize=0, maxWaitTimeMS=120000, maxConnectionLifeTimeMS=0, maxConnectionIdleTimeMS=0, maintenanceInitialDelayMS=0, maintenanceFrequencyMS=60000, connectionPoolListeners=[io.micrometer.core.instrument.binder.mongodb.MongoMetricsConnectionPoolListener@60de5ca], maxConnecting=2}, serverSettings=ServerSettings{heartbeatFrequencyMS=10000, minHeartbeatFrequencyMS=500, serverListeners='[]', serverMonitorListeners='[]'}, sslSettings=SslSettings{enabled=false, invalidHostNameAllowed=false, context=null}, applicationName='null', compressorList=[], uuidRepresentation=JAVA_LEGACY, serverApi=null, autoEncryptionSettings=null, contextProvider=null}
2024-01-29 14:41:02,596 [INFO] org.mongodb.driver.cluster [cluster-ClusterId{value='65b76ba6e015b9435929e747', description='null'}-localhost:27017] Monitor thread successfully connected to server with description ServerDescription{address=localhost:27017, type=STANDALONE, state=CONNECTED, ok=true, minWireVersion=0, maxWireVersion=17, maxDocumentSize=16777216, logicalSessionTimeoutMinutes=30, roundTripTimeNanos=1095700}
2024-01-29 14:41:02,709 [WARN] org.springframework.boot.devtools.autoconfigure.OptionalLiveReloadServer [restartedMain] Unable to start LiveReload server
2024-01-29 14:41:03,240 [INFO] org.springframework.boot.actuate.endpoint.web.EndpointLinksResolver [restartedMain] Exposing 1 endpoint(s) beneath base path '/actuator'
2024-01-29 14:41:03,273 [INFO] org.springframework.security.web.DefaultSecurityFilterChain [restartedMain] Will secure any request with [org.springframework.security.web.session.DisableEncodeUrlFilter@3e165937, org.springframework.security.web.context.request.async.WebAsyncManagerIntegrationFilter@291f0a1a, org.springframework.security.web.context.SecurityContextHolderFilter@1daddaf4, org.springframework.security.web.header.HeaderWriterFilter@43ccccdf, org.springframework.web.filter.CorsFilter@557fb106, org.springframework.security.web.authentication.logout.LogoutFilter@2ec288d6, com.pms.doctor.service.Config.JwtAuthenticationFilter@3c2059fe, org.springframework.security.web.savedrequest.RequestCacheAwareFilter@347303e8, org.springframework.security.web.servletapi.SecurityContextHolderAwareRequestFilter@7a8bac71, org.springframework.security.web.authentication.AnonymousAuthenticationFilter@27606766, org.springframework.security.web.session.SessionManagementFilter@3a1a97f1, org.springframework.security.web.access.ExceptionTranslationFilter@301e33ac, org.springframework.security.web.access.intercept.AuthorizationFilter@6c4dac7c]
2024-01-29 14:41:03,693 [INFO] org.springframework.cloud.netflix.eureka.config.DiscoveryClientOptionalArgsConfiguration [restartedMain] Eureka HTTP Client uses RestTemplate.
2024-01-29 14:41:03,742 [WARN] org.springframework.cloud.loadbalancer.config.LoadBalancerCacheAutoConfiguration$LoadBalancerCaffeineWarnLogger [restartedMain] Spring Cloud LoadBalancer is currently working with the default cache. While this cache implementation is useful for development and tests, it's recommended to use Caffeine cache in production.You can switch to using Caffeine cache, by adding it and org.springframework.cache.caffeine.CaffeineCacheManager to the classpath.
2024-01-29 14:41:03,759 [INFO] org.springframework.cloud.netflix.eureka.InstanceInfoFactory [restartedMain] Setting initial instance status as: STARTING
2024-01-29 14:41:03,762 [INFO] com.netflix.discovery.DiscoveryClient [restartedMain] Initializing Eureka in region us-east-1
2024-01-29 14:41:03,763 [INFO] com.netflix.discovery.shared.resolver.aws.ConfigClusterResolver [restartedMain] Resolving eureka endpoints via configuration
2024-01-29 14:41:03,763 [INFO] com.netflix.discovery.DiscoveryClient [restartedMain] Disable delta property : false
2024-01-29 14:41:03,763 [INFO] com.netflix.discovery.DiscoveryClient [restartedMain] Single vip registry refresh property : null
2024-01-29 14:41:03,764 [INFO] com.netflix.discovery.DiscoveryClient [restartedMain] Force full registry fetch : false
2024-01-29 14:41:03,764 [INFO] com.netflix.discovery.DiscoveryClient [restartedMain] Application is null : false
2024-01-29 14:41:03,764 [INFO] com.netflix.discovery.DiscoveryClient [restartedMain] Registered Applications size is zero : true
2024-01-29 14:41:03,764 [INFO] com.netflix.discovery.DiscoveryClient [restartedMain] Application version is -1: true
2024-01-29 14:41:03,764 [INFO] com.netflix.discovery.DiscoveryClient [restartedMain] Getting all instance registry info from the eureka server
2024-01-29 14:41:03,775 [INFO] com.netflix.discovery.DiscoveryClient [restartedMain] The response status is 200
2024-01-29 14:41:03,776 [INFO] com.netflix.discovery.DiscoveryClient [restartedMain] Starting heartbeat executor: renew interval is: 30
2024-01-29 14:41:03,777 [INFO] com.netflix.discovery.InstanceInfoReplicator [restartedMain] InstanceInfoReplicator onDemand update allowed rate per min is 4
2024-01-29 14:41:03,777 [INFO] com.netflix.discovery.DiscoveryClient [restartedMain] Discovery Client initialized at timestamp 1706519463777 with initial instances count: 6
2024-01-29 14:41:03,786 [INFO] org.springframework.cloud.netflix.eureka.serviceregistry.EurekaServiceRegistry [restartedMain] Registering application DOCTOR-SERVICE with eureka with status UP
2024-01-29 14:41:03,786 [INFO] com.netflix.discovery.DiscoveryClient [restartedMain] Saw local status change event StatusChangeEvent [timestamp=1706519463786, current=UP, previous=STARTING]
2024-01-29 14:41:03,786 [INFO] com.netflix.discovery.DiscoveryClient [DiscoveryClient-InstanceInfoReplicator-0] DiscoveryClient_DOCTOR-SERVICE/LAPTOP-GFBQMQJH:doctor-service:8081: registering service...
2024-01-29 14:41:03,790 [INFO] org.springframework.boot.web.embedded.tomcat.TomcatWebServer [restartedMain] Tomcat started on port(s): 8081 (http) with context path ''
2024-01-29 14:41:03,790 [INFO] org.springframework.cloud.netflix.eureka.serviceregistry.EurekaAutoServiceRegistration [restartedMain] Updating port to 8081
2024-01-29 14:41:03,797 [INFO] com.netflix.discovery.DiscoveryClient [DiscoveryClient-InstanceInfoReplicator-0] DiscoveryClient_DOCTOR-SERVICE/LAPTOP-GFBQMQJH:doctor-service:8081 - registration status: 204
2024-01-29 14:41:03,889 [INFO] com.pms.doctor.service.DoctorServiceApplication [restartedMain] Started DoctorServiceApplication in 2.076 seconds (process running for 4339.785)
2024-01-29 14:41:03,891 [INFO] org.springframework.boot.devtools.autoconfigure.ConditionEvaluationDeltaLoggingListener [restartedMain] Condition evaluation unchanged
2024-01-29 14:42:56,528 [INFO] org.springframework.boot.devtools.autoconfigure.LocalDevToolsAutoConfiguration$RestartingClassPathChangeChangedEventListener [File Watcher] Restarting due to 1 class path change (0 additions, 0 deletions, 1 modification)
2024-01-29 14:42:56,528 [INFO] org.springframework.cloud.netflix.eureka.serviceregistry.EurekaServiceRegistry [Thread-103] Unregistering application DOCTOR-SERVICE with eureka with status DOWN
2024-01-29 14:42:56,529 [INFO] com.netflix.discovery.DiscoveryClient [Thread-103] Saw local status change event StatusChangeEvent [timestamp=1706519576528, current=DOWN, previous=UP]
2024-01-29 14:42:56,529 [INFO] com.netflix.discovery.DiscoveryClient [DiscoveryClient-InstanceInfoReplicator-0] DiscoveryClient_DOCTOR-SERVICE/LAPTOP-GFBQMQJH:doctor-service:8081: registering service...
2024-01-29 14:42:56,532 [INFO] com.netflix.discovery.DiscoveryClient [DiscoveryClient-InstanceInfoReplicator-0] DiscoveryClient_DOCTOR-SERVICE/LAPTOP-GFBQMQJH:doctor-service:8081 - registration status: 204
2024-01-29 14:42:56,537 [INFO] org.apache.catalina.core.StandardService [Thread-103] Stopping service [Tomcat]
2024-01-29 14:42:56,540 [WARN] org.apache.catalina.loader.WebappClassLoaderBase [Thread-103] The web application [ROOT] appears to have started a thread named [cluster-ClusterId{value='65b76ba6e015b9435929e747', description='null'}-localhost:27017] but has failed to stop it. This is very likely to create a memory leak. Stack trace of thread:
 java.base@17.0.7/sun.nio.ch.Net.poll(Native Method)
 java.base@17.0.7/sun.nio.ch.NioSocketImpl.park(NioSocketImpl.java:181)
 java.base@17.0.7/sun.nio.ch.NioSocketImpl.timedRead(NioSocketImpl.java:285)
 java.base@17.0.7/sun.nio.ch.NioSocketImpl.implRead(NioSocketImpl.java:309)
 java.base@17.0.7/sun.nio.ch.NioSocketImpl.read(NioSocketImpl.java:350)
 java.base@17.0.7/sun.nio.ch.NioSocketImpl$1.read(NioSocketImpl.java:803)
 java.base@17.0.7/java.net.Socket$SocketInputStream.read(Socket.java:966)
 app//com.mongodb.internal.connection.SocketStream.read(SocketStream.java:113)
 app//com.mongodb.internal.connection.SocketStream.read(SocketStream.java:138)
 app//com.mongodb.internal.connection.InternalStreamConnection.receiveResponseBuffers(InternalStreamConnection.java:716)
 app//com.mongodb.internal.connection.InternalStreamConnection.receiveMessageWithAdditionalTimeout(InternalStreamConnection.java:574)
 app//com.mongodb.internal.connection.InternalStreamConnection.receiveCommandMessageResponse(InternalStreamConnection.java:413)
 app//com.mongodb.internal.connection.InternalStreamConnection.receive(InternalStreamConnection.java:372)
 app//com.mongodb.internal.connection.DefaultServerMonitor$ServerMonitorRunnable.lookupServerDescription(DefaultServerMonitor.java:226)
 app//com.mongodb.internal.connection.DefaultServerMonitor$ServerMonitorRunnable.run(DefaultServerMonitor.java:158)
 java.base@17.0.7/java.lang.Thread.run(Thread.java:833)
2024-01-29 14:42:56,540 [WARN] org.apache.catalina.loader.WebappClassLoaderBase [Thread-103] The web application [ROOT] appears to have started a thread named [cluster-rtt-ClusterId{value='65b76ba6e015b9435929e747', description='null'}-localhost:27017] but has failed to stop it. This is very likely to create a memory leak. Stack trace of thread:
 java.base@17.0.7/java.lang.Thread.sleep(Native Method)
 app//com.mongodb.internal.connection.DefaultServerMonitor.waitForNext(DefaultServerMonitor.java:448)
 app//com.mongodb.internal.connection.DefaultServerMonitor.access$1500(DefaultServerMonitor.java:65)
 app//com.mongodb.internal.connection.DefaultServerMonitor$RoundTripTimeRunnable.run(DefaultServerMonitor.java:420)
 java.base@17.0.7/java.lang.Thread.run(Thread.java:833)
2024-01-29 14:42:56,541 [WARN] org.apache.catalina.loader.WebappClassLoaderBase [Thread-103] The web application [ROOT] appears to have started a thread named [MaintenanceTimer-19-thread-1] but has failed to stop it. This is very likely to create a memory leak. Stack trace of thread:
 java.base@17.0.7/jdk.internal.misc.Unsafe.park(Native Method)
 java.base@17.0.7/java.util.concurrent.locks.LockSupport.parkNanos(LockSupport.java:252)
 java.base@17.0.7/java.util.concurrent.locks.AbstractQueuedSynchronizer$ConditionObject.awaitNanos(AbstractQueuedSynchronizer.java:1672)
 java.base@17.0.7/java.util.concurrent.ScheduledThreadPoolExecutor$DelayedWorkQueue.take(ScheduledThreadPoolExecutor.java:1182)
 java.base@17.0.7/java.util.concurrent.ScheduledThreadPoolExecutor$DelayedWorkQueue.take(ScheduledThreadPoolExecutor.java:899)
 java.base@17.0.7/java.util.concurrent.ThreadPoolExecutor.getTask(ThreadPoolExecutor.java:1062)
 java.base@17.0.7/java.util.concurrent.ThreadPoolExecutor.runWorker(ThreadPoolExecutor.java:1122)
 java.base@17.0.7/java.util.concurrent.ThreadPoolExecutor$Worker.run(ThreadPoolExecutor.java:635)
 java.base@17.0.7/java.lang.Thread.run(Thread.java:833)
2024-01-29 14:42:56,545 [INFO] com.netflix.discovery.DiscoveryClient [Thread-103] Shutting down DiscoveryClient ...
2024-01-29 14:42:59,551 [INFO] com.netflix.discovery.DiscoveryClient [Thread-103] Unregistering ...
2024-01-29 14:42:59,554 [INFO] com.netflix.discovery.DiscoveryClient [Thread-103] DiscoveryClient_DOCTOR-SERVICE/LAPTOP-GFBQMQJH:doctor-service:8081 - deregister  status: 200
2024-01-29 14:42:59,555 [INFO] com.netflix.discovery.DiscoveryClient [Thread-103] Completed shut down of DiscoveryClient
2024-01-29 14:42:59,842 [INFO] com.pms.doctor.service.DoctorServiceApplication [restartedMain] Starting DoctorServiceApplication using Java 17.0.7 with PID 11216 (C:\Users\rahul\Desktop\PMS UPdate\Pharmacy-Management-System\Doctor-Service\Doctor-Service\target\classes started by rahul in C:\Users\rahul\Desktop\PMS UPdate\Pharmacy-Management-System\Doctor-Service\Doctor-Service)
2024-01-29 14:42:59,843 [INFO] com.pms.doctor.service.DoctorServiceApplication [restartedMain] No active profile set, falling back to 1 default profile: "default"
2024-01-29 14:43:00,109 [INFO] org.springframework.data.repository.config.RepositoryConfigurationDelegate [restartedMain] Bootstrapping Spring Data MongoDB repositories in DEFAULT mode.
2024-01-29 14:43:00,128 [INFO] org.springframework.data.repository.config.RepositoryConfigurationDelegate [restartedMain] Finished Spring Data repository scanning in 17 ms. Found 5 MongoDB repository interfaces.
2024-01-29 14:43:00,196 [INFO] org.springframework.cloud.context.scope.GenericScope [restartedMain] BeanFactory id=d186ccb7-1c2f-33e8-8b3e-f826f07e5662
2024-01-29 14:43:00,308 [INFO] org.springframework.boot.web.embedded.tomcat.TomcatWebServer [restartedMain] Tomcat initialized with port(s): 8081 (http)
2024-01-29 14:43:00,308 [INFO] org.apache.catalina.core.StandardService [restartedMain] Starting service [Tomcat]
2024-01-29 14:43:00,308 [INFO] org.apache.catalina.core.StandardEngine [restartedMain] Starting Servlet engine: [Apache Tomcat/10.1.8]
2024-01-29 14:43:00,338 [INFO] org.apache.catalina.core.ContainerBase.[Tomcat].[localhost].[/] [restartedMain] Initializing Spring embedded WebApplicationContext
2024-01-29 14:43:00,338 [INFO] org.springframework.boot.web.servlet.context.ServletWebServerApplicationContext [restartedMain] Root WebApplicationContext: initialization completed in 494 ms
2024-01-29 14:43:00,501 [INFO] org.mongodb.driver.client [restartedMain] MongoClient with metadata {"driver": {"name": "mongo-java-driver|sync|spring-boot", "version": "4.8.2"}, "os": {"type": "Windows", "name": "Windows 11", "architecture": "amd64", "version": "10.0"}, "platform": "Java/Eclipse Adoptium/17.0.7+7"} created with settings MongoClientSettings{readPreference=primary, writeConcern=WriteConcern{w=null, wTimeout=null ms, journal=null}, retryWrites=true, retryReads=true, readConcern=ReadConcern{level=null}, credential=null, streamFactoryFactory=null, commandListeners=[io.micrometer.core.instrument.binder.mongodb.MongoMetricsCommandListener@52eaddb9], codecRegistry=ProvidersCodecRegistry{codecProviders=[ValueCodecProvider{}, BsonValueCodecProvider{}, DBRefCodecProvider{}, DBObjectCodecProvider{}, DocumentCodecProvider{}, CollectionCodecProvider{}, IterableCodecProvider{}, MapCodecProvider{}, GeoJsonCodecProvider{}, GridFSFileCodecProvider{}, Jsr310CodecProvider{}, JsonObjectCodecProvider{}, BsonCodecProvider{}, EnumCodecProvider{}, com.mongodb.Jep395RecordCodecProvider@a9532f3]}, clusterSettings={hosts=[localhost:27017], srvServiceName=mongodb, mode=SINGLE, requiredClusterType=UNKNOWN, requiredReplicaSetName='null', serverSelector='null', clusterListeners='[]', serverSelectionTimeout='30000 ms', localThreshold='30000 ms'}, socketSettings=SocketSettings{connectTimeoutMS=10000, readTimeoutMS=0, receiveBufferSize=0, sendBufferSize=0}, heartbeatSocketSettings=SocketSettings{connectTimeoutMS=10000, readTimeoutMS=10000, receiveBufferSize=0, sendBufferSize=0}, connectionPoolSettings=ConnectionPoolSettings{maxSize=100, minSize=0, maxWaitTimeMS=120000, maxConnectionLifeTimeMS=0, maxConnectionIdleTimeMS=0, maintenanceInitialDelayMS=0, maintenanceFrequencyMS=60000, connectionPoolListeners=[io.micrometer.core.instrument.binder.mongodb.MongoMetricsConnectionPoolListener@6dea5299], maxConnecting=2}, serverSettings=ServerSettings{heartbeatFrequencyMS=10000, minHeartbeatFrequencyMS=500, serverListeners='[]', serverMonitorListeners='[]'}, sslSettings=SslSettings{enabled=false, invalidHostNameAllowed=false, context=null}, applicationName='null', compressorList=[], uuidRepresentation=JAVA_LEGACY, serverApi=null, autoEncryptionSettings=null, contextProvider=null}
2024-01-29 14:43:00,503 [INFO] org.mongodb.driver.cluster [cluster-ClusterId{value='65b76c1ce015b9435929e748', description='null'}-localhost:27017] Monitor thread successfully connected to server with description ServerDescription{address=localhost:27017, type=STANDALONE, state=CONNECTED, ok=true, minWireVersion=0, maxWireVersion=17, maxDocumentSize=16777216, logicalSessionTimeoutMinutes=30, roundTripTimeNanos=1155000}
2024-01-29 14:43:00,631 [WARN] org.springframework.boot.devtools.autoconfigure.OptionalLiveReloadServer [restartedMain] Unable to start LiveReload server
2024-01-29 14:43:01,187 [INFO] org.springframework.boot.actuate.endpoint.web.EndpointLinksResolver [restartedMain] Exposing 1 endpoint(s) beneath base path '/actuator'
2024-01-29 14:43:01,219 [INFO] org.springframework.security.web.DefaultSecurityFilterChain [restartedMain] Will secure any request with [org.springframework.security.web.session.DisableEncodeUrlFilter@1721fec5, org.springframework.security.web.context.request.async.WebAsyncManagerIntegrationFilter@77f4a06f, org.springframework.security.web.context.SecurityContextHolderFilter@659eb75f, org.springframework.security.web.header.HeaderWriterFilter@2dd2153d, org.springframework.web.filter.CorsFilter@20d02c5d, org.springframework.security.web.authentication.logout.LogoutFilter@40686fea, com.pms.doctor.service.Config.JwtAuthenticationFilter@72f0864f, org.springframework.security.web.savedrequest.RequestCacheAwareFilter@30067998, org.springframework.security.web.servletapi.SecurityContextHolderAwareRequestFilter@7729d33c, org.springframework.security.web.authentication.AnonymousAuthenticationFilter@6592a782, org.springframework.security.web.session.SessionManagementFilter@43b44c09, org.springframework.security.web.access.ExceptionTranslationFilter@3f2ae82, org.springframework.security.web.access.intercept.AuthorizationFilter@57279458]
2024-01-29 14:43:01,641 [INFO] org.springframework.cloud.netflix.eureka.config.DiscoveryClientOptionalArgsConfiguration [restartedMain] Eureka HTTP Client uses RestTemplate.
2024-01-29 14:43:01,689 [WARN] org.springframework.cloud.loadbalancer.config.LoadBalancerCacheAutoConfiguration$LoadBalancerCaffeineWarnLogger [restartedMain] Spring Cloud LoadBalancer is currently working with the default cache. While this cache implementation is useful for development and tests, it's recommended to use Caffeine cache in production.You can switch to using Caffeine cache, by adding it and org.springframework.cache.caffeine.CaffeineCacheManager to the classpath.
2024-01-29 14:43:01,707 [INFO] org.springframework.cloud.netflix.eureka.InstanceInfoFactory [restartedMain] Setting initial instance status as: STARTING
2024-01-29 14:43:01,710 [INFO] com.netflix.discovery.DiscoveryClient [restartedMain] Initializing Eureka in region us-east-1
2024-01-29 14:43:01,710 [INFO] com.netflix.discovery.shared.resolver.aws.ConfigClusterResolver [restartedMain] Resolving eureka endpoints via configuration
2024-01-29 14:43:01,711 [INFO] com.netflix.discovery.DiscoveryClient [restartedMain] Disable delta property : false
2024-01-29 14:43:01,711 [INFO] com.netflix.discovery.DiscoveryClient [restartedMain] Single vip registry refresh property : null
2024-01-29 14:43:01,711 [INFO] com.netflix.discovery.DiscoveryClient [restartedMain] Force full registry fetch : false
2024-01-29 14:43:01,711 [INFO] com.netflix.discovery.DiscoveryClient [restartedMain] Application is null : false
2024-01-29 14:43:01,711 [INFO] com.netflix.discovery.DiscoveryClient [restartedMain] Registered Applications size is zero : true
2024-01-29 14:43:01,711 [INFO] com.netflix.discovery.DiscoveryClient [restartedMain] Application version is -1: true
2024-01-29 14:43:01,711 [INFO] com.netflix.discovery.DiscoveryClient [restartedMain] Getting all instance registry info from the eureka server
2024-01-29 14:43:01,720 [INFO] com.netflix.discovery.DiscoveryClient [restartedMain] The response status is 200
2024-01-29 14:43:01,721 [INFO] com.netflix.discovery.DiscoveryClient [restartedMain] Starting heartbeat executor: renew interval is: 30
2024-01-29 14:43:01,722 [INFO] com.netflix.discovery.InstanceInfoReplicator [restartedMain] InstanceInfoReplicator onDemand update allowed rate per min is 4
2024-01-29 14:43:01,723 [INFO] com.netflix.discovery.DiscoveryClient [restartedMain] Discovery Client initialized at timestamp 1706519581723 with initial instances count: 5
2024-01-29 14:43:01,730 [INFO] org.springframework.cloud.netflix.eureka.serviceregistry.EurekaServiceRegistry [restartedMain] Registering application DOCTOR-SERVICE with eureka with status UP
2024-01-29 14:43:01,730 [INFO] com.netflix.discovery.DiscoveryClient [restartedMain] Saw local status change event StatusChangeEvent [timestamp=1706519581730, current=UP, previous=STARTING]
2024-01-29 14:43:01,730 [INFO] com.netflix.discovery.DiscoveryClient [DiscoveryClient-InstanceInfoReplicator-0] DiscoveryClient_DOCTOR-SERVICE/LAPTOP-GFBQMQJH:doctor-service:8081: registering service...
2024-01-29 14:43:01,733 [INFO] org.springframework.boot.web.embedded.tomcat.TomcatWebServer [restartedMain] Tomcat started on port(s): 8081 (http) with context path ''
2024-01-29 14:43:01,734 [INFO] org.springframework.cloud.netflix.eureka.serviceregistry.EurekaAutoServiceRegistration [restartedMain] Updating port to 8081
2024-01-29 14:43:01,738 [INFO] com.netflix.discovery.DiscoveryClient [DiscoveryClient-InstanceInfoReplicator-0] DiscoveryClient_DOCTOR-SERVICE/LAPTOP-GFBQMQJH:doctor-service:8081 - registration status: 204
2024-01-29 14:43:01,820 [INFO] com.pms.doctor.service.DoctorServiceApplication [restartedMain] Started DoctorServiceApplication in 2.084 seconds (process running for 4457.716)
2024-01-29 14:43:01,822 [INFO] org.springframework.boot.devtools.autoconfigure.ConditionEvaluationDeltaLoggingListener [restartedMain] Condition evaluation unchanged
2024-01-29 14:43:32,931 [INFO] org.springframework.boot.devtools.autoconfigure.LocalDevToolsAutoConfiguration$RestartingClassPathChangeChangedEventListener [File Watcher] Restarting due to 1 class path change (1 addition, 0 deletions, 0 modifications)
2024-01-29 14:43:32,932 [INFO] org.springframework.cloud.netflix.eureka.serviceregistry.EurekaServiceRegistry [Thread-109] Unregistering application DOCTOR-SERVICE with eureka with status DOWN
2024-01-29 14:43:32,932 [INFO] com.netflix.discovery.DiscoveryClient [Thread-109] Saw local status change event StatusChangeEvent [timestamp=1706519612932, current=DOWN, previous=UP]
2024-01-29 14:43:32,932 [INFO] com.netflix.discovery.DiscoveryClient [DiscoveryClient-InstanceInfoReplicator-0] DiscoveryClient_DOCTOR-SERVICE/LAPTOP-GFBQMQJH:doctor-service:8081: registering service...
2024-01-29 14:43:32,935 [INFO] com.netflix.discovery.DiscoveryClient [DiscoveryClient-InstanceInfoReplicator-0] DiscoveryClient_DOCTOR-SERVICE/LAPTOP-GFBQMQJH:doctor-service:8081 - registration status: 204
2024-01-29 14:43:32,941 [INFO] org.apache.catalina.core.StandardService [Thread-109] Stopping service [Tomcat]
2024-01-29 14:43:32,943 [WARN] org.apache.catalina.loader.WebappClassLoaderBase [Thread-109] The web application [ROOT] appears to have started a thread named [cluster-ClusterId{value='65b76c1ce015b9435929e748', description='null'}-localhost:27017] but has failed to stop it. This is very likely to create a memory leak. Stack trace of thread:
 java.base@17.0.7/sun.nio.ch.Net.poll(Native Method)
 java.base@17.0.7/sun.nio.ch.NioSocketImpl.park(NioSocketImpl.java:181)
 java.base@17.0.7/sun.nio.ch.NioSocketImpl.timedRead(NioSocketImpl.java:285)
 java.base@17.0.7/sun.nio.ch.NioSocketImpl.implRead(NioSocketImpl.java:309)
 java.base@17.0.7/sun.nio.ch.NioSocketImpl.read(NioSocketImpl.java:350)
 java.base@17.0.7/sun.nio.ch.NioSocketImpl$1.read(NioSocketImpl.java:803)
 java.base@17.0.7/java.net.Socket$SocketInputStream.read(Socket.java:966)
 app//com.mongodb.internal.connection.SocketStream.read(SocketStream.java:113)
 app//com.mongodb.internal.connection.SocketStream.read(SocketStream.java:138)
 app//com.mongodb.internal.connection.InternalStreamConnection.receiveResponseBuffers(InternalStreamConnection.java:716)
 app//com.mongodb.internal.connection.InternalStreamConnection.receiveMessageWithAdditionalTimeout(InternalStreamConnection.java:574)
 app//com.mongodb.internal.connection.InternalStreamConnection.receiveCommandMessageResponse(InternalStreamConnection.java:413)
 app//com.mongodb.internal.connection.InternalStreamConnection.receive(InternalStreamConnection.java:372)
 app//com.mongodb.internal.connection.DefaultServerMonitor$ServerMonitorRunnable.lookupServerDescription(DefaultServerMonitor.java:226)
 app//com.mongodb.internal.connection.DefaultServerMonitor$ServerMonitorRunnable.run(DefaultServerMonitor.java:158)
 java.base@17.0.7/java.lang.Thread.run(Thread.java:833)
2024-01-29 14:43:32,944 [WARN] org.apache.catalina.loader.WebappClassLoaderBase [Thread-109] The web application [ROOT] appears to have started a thread named [cluster-rtt-ClusterId{value='65b76c1ce015b9435929e748', description='null'}-localhost:27017] but has failed to stop it. This is very likely to create a memory leak. Stack trace of thread:
 java.base@17.0.7/java.lang.Thread.sleep(Native Method)
 app//com.mongodb.internal.connection.DefaultServerMonitor.waitForNext(DefaultServerMonitor.java:448)
 app//com.mongodb.internal.connection.DefaultServerMonitor.access$1500(DefaultServerMonitor.java:65)
 app//com.mongodb.internal.connection.DefaultServerMonitor$RoundTripTimeRunnable.run(DefaultServerMonitor.java:420)
 java.base@17.0.7/java.lang.Thread.run(Thread.java:833)
2024-01-29 14:43:32,944 [WARN] org.apache.catalina.loader.WebappClassLoaderBase [Thread-109] The web application [ROOT] appears to have started a thread named [MaintenanceTimer-20-thread-1] but has failed to stop it. This is very likely to create a memory leak. Stack trace of thread:
 java.base@17.0.7/jdk.internal.misc.Unsafe.park(Native Method)
 java.base@17.0.7/java.util.concurrent.locks.LockSupport.parkNanos(LockSupport.java:252)
 java.base@17.0.7/java.util.concurrent.locks.AbstractQueuedSynchronizer$ConditionObject.awaitNanos(AbstractQueuedSynchronizer.java:1672)
 java.base@17.0.7/java.util.concurrent.ScheduledThreadPoolExecutor$DelayedWorkQueue.take(ScheduledThreadPoolExecutor.java:1182)
 java.base@17.0.7/java.util.concurrent.ScheduledThreadPoolExecutor$DelayedWorkQueue.take(ScheduledThreadPoolExecutor.java:899)
 java.base@17.0.7/java.util.concurrent.ThreadPoolExecutor.getTask(ThreadPoolExecutor.java:1062)
 java.base@17.0.7/java.util.concurrent.ThreadPoolExecutor.runWorker(ThreadPoolExecutor.java:1122)
 java.base@17.0.7/java.util.concurrent.ThreadPoolExecutor$Worker.run(ThreadPoolExecutor.java:635)
 java.base@17.0.7/java.lang.Thread.run(Thread.java:833)
2024-01-29 14:43:32,947 [INFO] com.netflix.discovery.DiscoveryClient [Thread-109] Shutting down DiscoveryClient ...
2024-01-29 14:43:35,950 [INFO] com.netflix.discovery.DiscoveryClient [Thread-109] Unregistering ...
2024-01-29 14:43:35,953 [INFO] com.netflix.discovery.DiscoveryClient [Thread-109] DiscoveryClient_DOCTOR-SERVICE/LAPTOP-GFBQMQJH:doctor-service:8081 - deregister  status: 200
2024-01-29 14:43:35,955 [INFO] com.netflix.discovery.DiscoveryClient [Thread-109] Completed shut down of DiscoveryClient
2024-01-29 14:43:36,276 [INFO] com.pms.doctor.service.DoctorServiceApplication [restartedMain] Starting DoctorServiceApplication using Java 17.0.7 with PID 11216 (C:\Users\rahul\Desktop\PMS UPdate\Pharmacy-Management-System\Doctor-Service\Doctor-Service\target\classes started by rahul in C:\Users\rahul\Desktop\PMS UPdate\Pharmacy-Management-System\Doctor-Service\Doctor-Service)
2024-01-29 14:43:36,276 [INFO] com.pms.doctor.service.DoctorServiceApplication [restartedMain] No active profile set, falling back to 1 default profile: "default"
2024-01-29 14:43:36,558 [INFO] org.springframework.data.repository.config.RepositoryConfigurationDelegate [restartedMain] Bootstrapping Spring Data MongoDB repositories in DEFAULT mode.
2024-01-29 14:43:36,575 [INFO] org.springframework.data.repository.config.RepositoryConfigurationDelegate [restartedMain] Finished Spring Data repository scanning in 16 ms. Found 5 MongoDB repository interfaces.
2024-01-29 14:43:36,655 [INFO] org.springframework.cloud.context.scope.GenericScope [restartedMain] BeanFactory id=d186ccb7-1c2f-33e8-8b3e-f826f07e5662
2024-01-29 14:43:36,788 [INFO] org.springframework.boot.web.embedded.tomcat.TomcatWebServer [restartedMain] Tomcat initialized with port(s): 8081 (http)
2024-01-29 14:43:36,788 [INFO] org.apache.catalina.core.StandardService [restartedMain] Starting service [Tomcat]
2024-01-29 14:43:36,788 [INFO] org.apache.catalina.core.StandardEngine [restartedMain] Starting Servlet engine: [Apache Tomcat/10.1.8]
2024-01-29 14:43:36,816 [INFO] org.apache.catalina.core.ContainerBase.[Tomcat].[localhost].[/] [restartedMain] Initializing Spring embedded WebApplicationContext
2024-01-29 14:43:36,816 [INFO] org.springframework.boot.web.servlet.context.ServletWebServerApplicationContext [restartedMain] Root WebApplicationContext: initialization completed in 538 ms
2024-01-29 14:43:36,996 [INFO] org.mongodb.driver.client [restartedMain] MongoClient with metadata {"driver": {"name": "mongo-java-driver|sync|spring-boot", "version": "4.8.2"}, "os": {"type": "Windows", "name": "Windows 11", "architecture": "amd64", "version": "10.0"}, "platform": "Java/Eclipse Adoptium/17.0.7+7"} created with settings MongoClientSettings{readPreference=primary, writeConcern=WriteConcern{w=null, wTimeout=null ms, journal=null}, retryWrites=true, retryReads=true, readConcern=ReadConcern{level=null}, credential=null, streamFactoryFactory=null, commandListeners=[io.micrometer.core.instrument.binder.mongodb.MongoMetricsCommandListener@3e5de358], codecRegistry=ProvidersCodecRegistry{codecProviders=[ValueCodecProvider{}, BsonValueCodecProvider{}, DBRefCodecProvider{}, DBObjectCodecProvider{}, DocumentCodecProvider{}, CollectionCodecProvider{}, IterableCodecProvider{}, MapCodecProvider{}, GeoJsonCodecProvider{}, GridFSFileCodecProvider{}, Jsr310CodecProvider{}, JsonObjectCodecProvider{}, BsonCodecProvider{}, EnumCodecProvider{}, com.mongodb.Jep395RecordCodecProvider@a9532f3]}, clusterSettings={hosts=[localhost:27017], srvServiceName=mongodb, mode=SINGLE, requiredClusterType=UNKNOWN, requiredReplicaSetName='null', serverSelector='null', clusterListeners='[]', serverSelectionTimeout='30000 ms', localThreshold='30000 ms'}, socketSettings=SocketSettings{connectTimeoutMS=10000, readTimeoutMS=0, receiveBufferSize=0, sendBufferSize=0}, heartbeatSocketSettings=SocketSettings{connectTimeoutMS=10000, readTimeoutMS=10000, receiveBufferSize=0, sendBufferSize=0}, connectionPoolSettings=ConnectionPoolSettings{maxSize=100, minSize=0, maxWaitTimeMS=120000, maxConnectionLifeTimeMS=0, maxConnectionIdleTimeMS=0, maintenanceInitialDelayMS=0, maintenanceFrequencyMS=60000, connectionPoolListeners=[io.micrometer.core.instrument.binder.mongodb.MongoMetricsConnectionPoolListener@38201cbd], maxConnecting=2}, serverSettings=ServerSettings{heartbeatFrequencyMS=10000, minHeartbeatFrequencyMS=500, serverListeners='[]', serverMonitorListeners='[]'}, sslSettings=SslSettings{enabled=false, invalidHostNameAllowed=false, context=null}, applicationName='null', compressorList=[], uuidRepresentation=JAVA_LEGACY, serverApi=null, autoEncryptionSettings=null, contextProvider=null}
2024-01-29 14:43:37,001 [INFO] org.mongodb.driver.cluster [cluster-ClusterId{value='65b76c40e015b9435929e749', description='null'}-localhost:27017] Monitor thread successfully connected to server with description ServerDescription{address=localhost:27017, type=STANDALONE, state=CONNECTED, ok=true, minWireVersion=0, maxWireVersion=17, maxDocumentSize=16777216, logicalSessionTimeoutMinutes=30, roundTripTimeNanos=4913700}
2024-01-29 14:43:37,116 [WARN] org.springframework.boot.devtools.autoconfigure.OptionalLiveReloadServer [restartedMain] Unable to start LiveReload server
2024-01-29 14:43:37,655 [INFO] org.springframework.boot.actuate.endpoint.web.EndpointLinksResolver [restartedMain] Exposing 1 endpoint(s) beneath base path '/actuator'
2024-01-29 14:43:37,689 [INFO] org.springframework.security.web.DefaultSecurityFilterChain [restartedMain] Will secure any request with [org.springframework.security.web.session.DisableEncodeUrlFilter@5ec9947f, org.springframework.security.web.context.request.async.WebAsyncManagerIntegrationFilter@7061e471, org.springframework.security.web.context.SecurityContextHolderFilter@34746b6c, org.springframework.security.web.header.HeaderWriterFilter@58e3a47d, org.springframework.web.filter.CorsFilter@3c940d26, org.springframework.security.web.authentication.logout.LogoutFilter@6aa80872, com.pms.doctor.service.Config.JwtAuthenticationFilter@3ba6787a, org.springframework.security.web.savedrequest.RequestCacheAwareFilter@12a97bc8, org.springframework.security.web.servletapi.SecurityContextHolderAwareRequestFilter@38a71e39, org.springframework.security.web.authentication.AnonymousAuthenticationFilter@7964a863, org.springframework.security.web.session.SessionManagementFilter@515b012a, org.springframework.security.web.access.ExceptionTranslationFilter@123da5f9, org.springframework.security.web.access.intercept.AuthorizationFilter@1772a2da]
2024-01-29 14:43:38,121 [INFO] org.springframework.cloud.netflix.eureka.config.DiscoveryClientOptionalArgsConfiguration [restartedMain] Eureka HTTP Client uses RestTemplate.
2024-01-29 14:43:38,168 [WARN] org.springframework.cloud.loadbalancer.config.LoadBalancerCacheAutoConfiguration$LoadBalancerCaffeineWarnLogger [restartedMain] Spring Cloud LoadBalancer is currently working with the default cache. While this cache implementation is useful for development and tests, it's recommended to use Caffeine cache in production.You can switch to using Caffeine cache, by adding it and org.springframework.cache.caffeine.CaffeineCacheManager to the classpath.
2024-01-29 14:43:38,188 [INFO] org.springframework.cloud.netflix.eureka.InstanceInfoFactory [restartedMain] Setting initial instance status as: STARTING
2024-01-29 14:43:38,191 [INFO] com.netflix.discovery.DiscoveryClient [restartedMain] Initializing Eureka in region us-east-1
2024-01-29 14:43:38,192 [INFO] com.netflix.discovery.shared.resolver.aws.ConfigClusterResolver [restartedMain] Resolving eureka endpoints via configuration
2024-01-29 14:43:38,192 [INFO] com.netflix.discovery.DiscoveryClient [restartedMain] Disable delta property : false
2024-01-29 14:43:38,192 [INFO] com.netflix.discovery.DiscoveryClient [restartedMain] Single vip registry refresh property : null
2024-01-29 14:43:38,192 [INFO] com.netflix.discovery.DiscoveryClient [restartedMain] Force full registry fetch : false
2024-01-29 14:43:38,192 [INFO] com.netflix.discovery.DiscoveryClient [restartedMain] Application is null : false
2024-01-29 14:43:38,192 [INFO] com.netflix.discovery.DiscoveryClient [restartedMain] Registered Applications size is zero : true
2024-01-29 14:43:38,192 [INFO] com.netflix.discovery.DiscoveryClient [restartedMain] Application version is -1: true
2024-01-29 14:43:38,192 [INFO] com.netflix.discovery.DiscoveryClient [restartedMain] Getting all instance registry info from the eureka server
2024-01-29 14:43:38,203 [INFO] com.netflix.discovery.DiscoveryClient [restartedMain] The response status is 200
2024-01-29 14:43:38,203 [INFO] com.netflix.discovery.DiscoveryClient [restartedMain] Starting heartbeat executor: renew interval is: 30
2024-01-29 14:43:38,204 [INFO] com.netflix.discovery.InstanceInfoReplicator [restartedMain] InstanceInfoReplicator onDemand update allowed rate per min is 4
2024-01-29 14:43:38,205 [INFO] com.netflix.discovery.DiscoveryClient [restartedMain] Discovery Client initialized at timestamp 1706519618205 with initial instances count: 6
2024-01-29 14:43:38,212 [INFO] org.springframework.cloud.netflix.eureka.serviceregistry.EurekaServiceRegistry [restartedMain] Registering application DOCTOR-SERVICE with eureka with status UP
2024-01-29 14:43:38,212 [INFO] com.netflix.discovery.DiscoveryClient [restartedMain] Saw local status change event StatusChangeEvent [timestamp=1706519618212, current=UP, previous=STARTING]
2024-01-29 14:43:38,213 [INFO] com.netflix.discovery.DiscoveryClient [DiscoveryClient-InstanceInfoReplicator-0] DiscoveryClient_DOCTOR-SERVICE/LAPTOP-GFBQMQJH:doctor-service:8081: registering service...
2024-01-29 14:43:38,217 [INFO] org.springframework.boot.web.embedded.tomcat.TomcatWebServer [restartedMain] Tomcat started on port(s): 8081 (http) with context path ''
2024-01-29 14:43:38,217 [INFO] org.springframework.cloud.netflix.eureka.serviceregistry.EurekaAutoServiceRegistration [restartedMain] Updating port to 8081
2024-01-29 14:43:38,222 [INFO] com.netflix.discovery.DiscoveryClient [DiscoveryClient-InstanceInfoReplicator-0] DiscoveryClient_DOCTOR-SERVICE/LAPTOP-GFBQMQJH:doctor-service:8081 - registration status: 204
2024-01-29 14:43:38,305 [INFO] com.pms.doctor.service.DoctorServiceApplication [restartedMain] Started DoctorServiceApplication in 2.193 seconds (process running for 4494.202)
2024-01-29 14:43:38,307 [INFO] org.springframework.boot.devtools.autoconfigure.ConditionEvaluationDeltaLoggingListener [restartedMain] Condition evaluation unchanged
2024-01-29 14:48:38,194 [INFO] com.netflix.discovery.shared.resolver.aws.ConfigClusterResolver [AsyncResolver-bootstrap-executor-0] Resolving eureka endpoints via configuration
2024-01-29 14:49:33,519 [INFO] org.springframework.boot.devtools.autoconfigure.LocalDevToolsAutoConfiguration$RestartingClassPathChangeChangedEventListener [File Watcher] Restarting due to 1 class path change (0 additions, 0 deletions, 1 modification)
2024-01-29 14:49:33,520 [INFO] org.springframework.cloud.netflix.eureka.serviceregistry.EurekaServiceRegistry [Thread-115] Unregistering application DOCTOR-SERVICE with eureka with status DOWN
2024-01-29 14:49:33,520 [INFO] com.netflix.discovery.DiscoveryClient [Thread-115] Saw local status change event StatusChangeEvent [timestamp=1706519973520, current=DOWN, previous=UP]
2024-01-29 14:49:33,520 [INFO] com.netflix.discovery.DiscoveryClient [DiscoveryClient-InstanceInfoReplicator-0] DiscoveryClient_DOCTOR-SERVICE/LAPTOP-GFBQMQJH:doctor-service:8081: registering service...
2024-01-29 14:49:33,524 [INFO] com.netflix.discovery.DiscoveryClient [DiscoveryClient-InstanceInfoReplicator-0] DiscoveryClient_DOCTOR-SERVICE/LAPTOP-GFBQMQJH:doctor-service:8081 - registration status: 204
2024-01-29 14:49:33,530 [INFO] org.apache.catalina.core.StandardService [Thread-115] Stopping service [Tomcat]
2024-01-29 14:49:33,532 [WARN] org.apache.catalina.loader.WebappClassLoaderBase [Thread-115] The web application [ROOT] appears to have started a thread named [cluster-ClusterId{value='65b76c40e015b9435929e749', description='null'}-localhost:27017] but has failed to stop it. This is very likely to create a memory leak. Stack trace of thread:
 java.base@17.0.7/sun.nio.ch.Net.poll(Native Method)
 java.base@17.0.7/sun.nio.ch.NioSocketImpl.park(NioSocketImpl.java:181)
 java.base@17.0.7/sun.nio.ch.NioSocketImpl.timedRead(NioSocketImpl.java:285)
 java.base@17.0.7/sun.nio.ch.NioSocketImpl.implRead(NioSocketImpl.java:309)
 java.base@17.0.7/sun.nio.ch.NioSocketImpl.read(NioSocketImpl.java:350)
 java.base@17.0.7/sun.nio.ch.NioSocketImpl$1.read(NioSocketImpl.java:803)
 java.base@17.0.7/java.net.Socket$SocketInputStream.read(Socket.java:966)
 app//com.mongodb.internal.connection.SocketStream.read(SocketStream.java:113)
 app//com.mongodb.internal.connection.SocketStream.read(SocketStream.java:138)
 app//com.mongodb.internal.connection.InternalStreamConnection.receiveResponseBuffers(InternalStreamConnection.java:716)
 app//com.mongodb.internal.connection.InternalStreamConnection.receiveMessageWithAdditionalTimeout(InternalStreamConnection.java:574)
 app//com.mongodb.internal.connection.InternalStreamConnection.receiveCommandMessageResponse(InternalStreamConnection.java:413)
 app//com.mongodb.internal.connection.InternalStreamConnection.receive(InternalStreamConnection.java:372)
 app//com.mongodb.internal.connection.DefaultServerMonitor$ServerMonitorRunnable.lookupServerDescription(DefaultServerMonitor.java:226)
 app//com.mongodb.internal.connection.DefaultServerMonitor$ServerMonitorRunnable.run(DefaultServerMonitor.java:158)
 java.base@17.0.7/java.lang.Thread.run(Thread.java:833)
2024-01-29 14:49:33,533 [WARN] org.apache.catalina.loader.WebappClassLoaderBase [Thread-115] The web application [ROOT] appears to have started a thread named [cluster-rtt-ClusterId{value='65b76c40e015b9435929e749', description='null'}-localhost:27017] but has failed to stop it. This is very likely to create a memory leak. Stack trace of thread:
 java.base@17.0.7/java.lang.Thread.sleep(Native Method)
 app//com.mongodb.internal.connection.DefaultServerMonitor.waitForNext(DefaultServerMonitor.java:448)
 app//com.mongodb.internal.connection.DefaultServerMonitor.access$1500(DefaultServerMonitor.java:65)
 app//com.mongodb.internal.connection.DefaultServerMonitor$RoundTripTimeRunnable.run(DefaultServerMonitor.java:420)
 java.base@17.0.7/java.lang.Thread.run(Thread.java:833)
2024-01-29 14:49:33,533 [WARN] org.apache.catalina.loader.WebappClassLoaderBase [Thread-115] The web application [ROOT] appears to have started a thread named [MaintenanceTimer-21-thread-1] but has failed to stop it. This is very likely to create a memory leak. Stack trace of thread:
 java.base@17.0.7/jdk.internal.misc.Unsafe.park(Native Method)
 java.base@17.0.7/java.util.concurrent.locks.LockSupport.parkNanos(LockSupport.java:252)
 java.base@17.0.7/java.util.concurrent.locks.AbstractQueuedSynchronizer$ConditionObject.awaitNanos(AbstractQueuedSynchronizer.java:1672)
 java.base@17.0.7/java.util.concurrent.ScheduledThreadPoolExecutor$DelayedWorkQueue.take(ScheduledThreadPoolExecutor.java:1182)
 java.base@17.0.7/java.util.concurrent.ScheduledThreadPoolExecutor$DelayedWorkQueue.take(ScheduledThreadPoolExecutor.java:899)
 java.base@17.0.7/java.util.concurrent.ThreadPoolExecutor.getTask(ThreadPoolExecutor.java:1062)
 java.base@17.0.7/java.util.concurrent.ThreadPoolExecutor.runWorker(ThreadPoolExecutor.java:1122)
 java.base@17.0.7/java.util.concurrent.ThreadPoolExecutor$Worker.run(ThreadPoolExecutor.java:635)
 java.base@17.0.7/java.lang.Thread.run(Thread.java:833)
2024-01-29 14:49:33,537 [INFO] com.netflix.discovery.DiscoveryClient [Thread-115] Shutting down DiscoveryClient ...
2024-01-29 14:49:36,550 [INFO] com.netflix.discovery.DiscoveryClient [Thread-115] Unregistering ...
2024-01-29 14:49:36,553 [INFO] com.netflix.discovery.DiscoveryClient [Thread-115] DiscoveryClient_DOCTOR-SERVICE/LAPTOP-GFBQMQJH:doctor-service:8081 - deregister  status: 200
2024-01-29 14:49:36,555 [INFO] com.netflix.discovery.DiscoveryClient [Thread-115] Completed shut down of DiscoveryClient
2024-01-29 14:49:36,827 [INFO] com.pms.doctor.service.DoctorServiceApplication [restartedMain] Starting DoctorServiceApplication using Java 17.0.7 with PID 11216 (C:\Users\rahul\Desktop\PMS UPdate\Pharmacy-Management-System\Doctor-Service\Doctor-Service\target\classes started by rahul in C:\Users\rahul\Desktop\PMS UPdate\Pharmacy-Management-System\Doctor-Service\Doctor-Service)
2024-01-29 14:49:36,827 [INFO] com.pms.doctor.service.DoctorServiceApplication [restartedMain] No active profile set, falling back to 1 default profile: "default"
2024-01-29 14:49:37,091 [INFO] org.springframework.data.repository.config.RepositoryConfigurationDelegate [restartedMain] Bootstrapping Spring Data MongoDB repositories in DEFAULT mode.
2024-01-29 14:49:37,106 [INFO] org.springframework.data.repository.config.RepositoryConfigurationDelegate [restartedMain] Finished Spring Data repository scanning in 14 ms. Found 5 MongoDB repository interfaces.
2024-01-29 14:49:37,165 [INFO] org.springframework.cloud.context.scope.GenericScope [restartedMain] BeanFactory id=d186ccb7-1c2f-33e8-8b3e-f826f07e5662
2024-01-29 14:49:37,269 [INFO] org.springframework.boot.web.embedded.tomcat.TomcatWebServer [restartedMain] Tomcat initialized with port(s): 8081 (http)
2024-01-29 14:49:37,270 [INFO] org.apache.catalina.core.StandardService [restartedMain] Starting service [Tomcat]
2024-01-29 14:49:37,270 [INFO] org.apache.catalina.core.StandardEngine [restartedMain] Starting Servlet engine: [Apache Tomcat/10.1.8]
2024-01-29 14:49:37,295 [INFO] org.apache.catalina.core.ContainerBase.[Tomcat].[localhost].[/] [restartedMain] Initializing Spring embedded WebApplicationContext
2024-01-29 14:49:37,295 [INFO] org.springframework.boot.web.servlet.context.ServletWebServerApplicationContext [restartedMain] Root WebApplicationContext: initialization completed in 467 ms
2024-01-29 14:49:37,463 [INFO] org.mongodb.driver.client [restartedMain] MongoClient with metadata {"driver": {"name": "mongo-java-driver|sync|spring-boot", "version": "4.8.2"}, "os": {"type": "Windows", "name": "Windows 11", "architecture": "amd64", "version": "10.0"}, "platform": "Java/Eclipse Adoptium/17.0.7+7"} created with settings MongoClientSettings{readPreference=primary, writeConcern=WriteConcern{w=null, wTimeout=null ms, journal=null}, retryWrites=true, retryReads=true, readConcern=ReadConcern{level=null}, credential=null, streamFactoryFactory=null, commandListeners=[io.micrometer.core.instrument.binder.mongodb.MongoMetricsCommandListener@4ae16155], codecRegistry=ProvidersCodecRegistry{codecProviders=[ValueCodecProvider{}, BsonValueCodecProvider{}, DBRefCodecProvider{}, DBObjectCodecProvider{}, DocumentCodecProvider{}, CollectionCodecProvider{}, IterableCodecProvider{}, MapCodecProvider{}, GeoJsonCodecProvider{}, GridFSFileCodecProvider{}, Jsr310CodecProvider{}, JsonObjectCodecProvider{}, BsonCodecProvider{}, EnumCodecProvider{}, com.mongodb.Jep395RecordCodecProvider@a9532f3]}, clusterSettings={hosts=[localhost:27017], srvServiceName=mongodb, mode=SINGLE, requiredClusterType=UNKNOWN, requiredReplicaSetName='null', serverSelector='null', clusterListeners='[]', serverSelectionTimeout='30000 ms', localThreshold='30000 ms'}, socketSettings=SocketSettings{connectTimeoutMS=10000, readTimeoutMS=0, receiveBufferSize=0, sendBufferSize=0}, heartbeatSocketSettings=SocketSettings{connectTimeoutMS=10000, readTimeoutMS=10000, receiveBufferSize=0, sendBufferSize=0}, connectionPoolSettings=ConnectionPoolSettings{maxSize=100, minSize=0, maxWaitTimeMS=120000, maxConnectionLifeTimeMS=0, maxConnectionIdleTimeMS=0, maintenanceInitialDelayMS=0, maintenanceFrequencyMS=60000, connectionPoolListeners=[io.micrometer.core.instrument.binder.mongodb.MongoMetricsConnectionPoolListener@3fb01357], maxConnecting=2}, serverSettings=ServerSettings{heartbeatFrequencyMS=10000, minHeartbeatFrequencyMS=500, serverListeners='[]', serverMonitorListeners='[]'}, sslSettings=SslSettings{enabled=false, invalidHostNameAllowed=false, context=null}, applicationName='null', compressorList=[], uuidRepresentation=JAVA_LEGACY, serverApi=null, autoEncryptionSettings=null, contextProvider=null}
2024-01-29 14:49:37,465 [INFO] org.mongodb.driver.cluster [cluster-ClusterId{value='65b76da9e015b9435929e74a', description='null'}-localhost:27017] Monitor thread successfully connected to server with description ServerDescription{address=localhost:27017, type=STANDALONE, state=CONNECTED, ok=true, minWireVersion=0, maxWireVersion=17, maxDocumentSize=16777216, logicalSessionTimeoutMinutes=30, roundTripTimeNanos=1106900}
2024-01-29 14:49:37,578 [WARN] org.springframework.boot.devtools.autoconfigure.OptionalLiveReloadServer [restartedMain] Unable to start LiveReload server
2024-01-29 14:49:38,126 [INFO] org.springframework.boot.actuate.endpoint.web.EndpointLinksResolver [restartedMain] Exposing 1 endpoint(s) beneath base path '/actuator'
2024-01-29 14:49:38,167 [INFO] org.springframework.security.web.DefaultSecurityFilterChain [restartedMain] Will secure any request with [org.springframework.security.web.session.DisableEncodeUrlFilter@1c849644, org.springframework.security.web.context.request.async.WebAsyncManagerIntegrationFilter@5b6fc916, org.springframework.security.web.context.SecurityContextHolderFilter@1691d37d, org.springframework.security.web.header.HeaderWriterFilter@655dd33c, org.springframework.web.filter.CorsFilter@6cdab48, org.springframework.security.web.authentication.logout.LogoutFilter@2b035ff, com.pms.doctor.service.Config.JwtAuthenticationFilter@1edfb816, org.springframework.security.web.savedrequest.RequestCacheAwareFilter@677be476, org.springframework.security.web.servletapi.SecurityContextHolderAwareRequestFilter@298d7991, org.springframework.security.web.authentication.AnonymousAuthenticationFilter@556a3a5a, org.springframework.security.web.session.SessionManagementFilter@2569bf14, org.springframework.security.web.access.ExceptionTranslationFilter@2ab01440, org.springframework.security.web.access.intercept.AuthorizationFilter@6d29d84]
2024-01-29 14:49:38,596 [INFO] org.springframework.cloud.netflix.eureka.config.DiscoveryClientOptionalArgsConfiguration [restartedMain] Eureka HTTP Client uses RestTemplate.
2024-01-29 14:49:38,645 [WARN] org.springframework.cloud.loadbalancer.config.LoadBalancerCacheAutoConfiguration$LoadBalancerCaffeineWarnLogger [restartedMain] Spring Cloud LoadBalancer is currently working with the default cache. While this cache implementation is useful for development and tests, it's recommended to use Caffeine cache in production.You can switch to using Caffeine cache, by adding it and org.springframework.cache.caffeine.CaffeineCacheManager to the classpath.
2024-01-29 14:49:38,663 [INFO] org.springframework.cloud.netflix.eureka.InstanceInfoFactory [restartedMain] Setting initial instance status as: STARTING
2024-01-29 14:49:38,666 [INFO] com.netflix.discovery.DiscoveryClient [restartedMain] Initializing Eureka in region us-east-1
2024-01-29 14:49:38,667 [INFO] com.netflix.discovery.shared.resolver.aws.ConfigClusterResolver [restartedMain] Resolving eureka endpoints via configuration
2024-01-29 14:49:38,668 [INFO] com.netflix.discovery.DiscoveryClient [restartedMain] Disable delta property : false
2024-01-29 14:49:38,668 [INFO] com.netflix.discovery.DiscoveryClient [restartedMain] Single vip registry refresh property : null
2024-01-29 14:49:38,668 [INFO] com.netflix.discovery.DiscoveryClient [restartedMain] Force full registry fetch : false
2024-01-29 14:49:38,668 [INFO] com.netflix.discovery.DiscoveryClient [restartedMain] Application is null : false
2024-01-29 14:49:38,668 [INFO] com.netflix.discovery.DiscoveryClient [restartedMain] Registered Applications size is zero : true
2024-01-29 14:49:38,668 [INFO] com.netflix.discovery.DiscoveryClient [restartedMain] Application version is -1: true
2024-01-29 14:49:38,668 [INFO] com.netflix.discovery.DiscoveryClient [restartedMain] Getting all instance registry info from the eureka server
2024-01-29 14:49:38,677 [INFO] com.netflix.discovery.DiscoveryClient [restartedMain] The response status is 200
2024-01-29 14:49:38,678 [INFO] com.netflix.discovery.DiscoveryClient [restartedMain] Starting heartbeat executor: renew interval is: 30
2024-01-29 14:49:38,679 [INFO] com.netflix.discovery.InstanceInfoReplicator [restartedMain] InstanceInfoReplicator onDemand update allowed rate per min is 4
2024-01-29 14:49:38,680 [INFO] com.netflix.discovery.DiscoveryClient [restartedMain] Discovery Client initialized at timestamp 1706519978680 with initial instances count: 6
2024-01-29 14:49:38,689 [INFO] org.springframework.cloud.netflix.eureka.serviceregistry.EurekaServiceRegistry [restartedMain] Registering application DOCTOR-SERVICE with eureka with status UP
2024-01-29 14:49:38,689 [INFO] com.netflix.discovery.DiscoveryClient [restartedMain] Saw local status change event StatusChangeEvent [timestamp=1706519978689, current=UP, previous=STARTING]
2024-01-29 14:49:38,689 [INFO] com.netflix.discovery.DiscoveryClient [DiscoveryClient-InstanceInfoReplicator-0] DiscoveryClient_DOCTOR-SERVICE/LAPTOP-GFBQMQJH:doctor-service:8081: registering service...
2024-01-29 14:49:38,693 [INFO] org.springframework.boot.web.embedded.tomcat.TomcatWebServer [restartedMain] Tomcat started on port(s): 8081 (http) with context path ''
2024-01-29 14:49:38,693 [INFO] org.springframework.cloud.netflix.eureka.serviceregistry.EurekaAutoServiceRegistration [restartedMain] Updating port to 8081
2024-01-29 14:49:38,697 [INFO] com.netflix.discovery.DiscoveryClient [DiscoveryClient-InstanceInfoReplicator-0] DiscoveryClient_DOCTOR-SERVICE/LAPTOP-GFBQMQJH:doctor-service:8081 - registration status: 204
2024-01-29 14:49:38,792 [INFO] com.pms.doctor.service.DoctorServiceApplication [restartedMain] Started DoctorServiceApplication in 2.07 seconds (process running for 4854.688)
2024-01-29 14:49:38,794 [INFO] org.springframework.boot.devtools.autoconfigure.ConditionEvaluationDeltaLoggingListener [restartedMain] Condition evaluation unchanged
2024-01-29 14:54:38,671 [INFO] com.netflix.discovery.shared.resolver.aws.ConfigClusterResolver [AsyncResolver-bootstrap-executor-0] Resolving eureka endpoints via configuration
2024-01-29 14:55:41,447 [INFO] org.springframework.boot.devtools.autoconfigure.LocalDevToolsAutoConfiguration$RestartingClassPathChangeChangedEventListener [File Watcher] Restarting due to 1 class path change (0 additions, 0 deletions, 1 modification)
2024-01-29 14:55:41,447 [INFO] org.springframework.cloud.netflix.eureka.serviceregistry.EurekaServiceRegistry [Thread-121] Unregistering application DOCTOR-SERVICE with eureka with status DOWN
2024-01-29 14:55:41,448 [INFO] com.netflix.discovery.DiscoveryClient [Thread-121] Saw local status change event StatusChangeEvent [timestamp=1706520341448, current=DOWN, previous=UP]
2024-01-29 14:55:41,448 [INFO] com.netflix.discovery.DiscoveryClient [DiscoveryClient-InstanceInfoReplicator-0] DiscoveryClient_DOCTOR-SERVICE/LAPTOP-GFBQMQJH:doctor-service:8081: registering service...
2024-01-29 14:55:41,452 [INFO] com.netflix.discovery.DiscoveryClient [DiscoveryClient-InstanceInfoReplicator-0] DiscoveryClient_DOCTOR-SERVICE/LAPTOP-GFBQMQJH:doctor-service:8081 - registration status: 204
2024-01-29 14:55:41,460 [INFO] org.apache.catalina.core.StandardService [Thread-121] Stopping service [Tomcat]
2024-01-29 14:55:41,462 [WARN] org.apache.catalina.loader.WebappClassLoaderBase [Thread-121] The web application [ROOT] appears to have started a thread named [cluster-ClusterId{value='65b76da9e015b9435929e74a', description='null'}-localhost:27017] but has failed to stop it. This is very likely to create a memory leak. Stack trace of thread:
 java.base@17.0.7/sun.nio.ch.Net.poll(Native Method)
 java.base@17.0.7/sun.nio.ch.NioSocketImpl.park(NioSocketImpl.java:181)
 java.base@17.0.7/sun.nio.ch.NioSocketImpl.timedRead(NioSocketImpl.java:285)
 java.base@17.0.7/sun.nio.ch.NioSocketImpl.implRead(NioSocketImpl.java:309)
 java.base@17.0.7/sun.nio.ch.NioSocketImpl.read(NioSocketImpl.java:350)
 java.base@17.0.7/sun.nio.ch.NioSocketImpl$1.read(NioSocketImpl.java:803)
 java.base@17.0.7/java.net.Socket$SocketInputStream.read(Socket.java:966)
 app//com.mongodb.internal.connection.SocketStream.read(SocketStream.java:113)
 app//com.mongodb.internal.connection.SocketStream.read(SocketStream.java:138)
 app//com.mongodb.internal.connection.InternalStreamConnection.receiveResponseBuffers(InternalStreamConnection.java:716)
 app//com.mongodb.internal.connection.InternalStreamConnection.receiveMessageWithAdditionalTimeout(InternalStreamConnection.java:574)
 app//com.mongodb.internal.connection.InternalStreamConnection.receiveCommandMessageResponse(InternalStreamConnection.java:413)
 app//com.mongodb.internal.connection.InternalStreamConnection.receive(InternalStreamConnection.java:372)
 app//com.mongodb.internal.connection.DefaultServerMonitor$ServerMonitorRunnable.lookupServerDescription(DefaultServerMonitor.java:226)
 app//com.mongodb.internal.connection.DefaultServerMonitor$ServerMonitorRunnable.run(DefaultServerMonitor.java:158)
 java.base@17.0.7/java.lang.Thread.run(Thread.java:833)
2024-01-29 14:55:41,462 [WARN] org.apache.catalina.loader.WebappClassLoaderBase [Thread-121] The web application [ROOT] appears to have started a thread named [cluster-rtt-ClusterId{value='65b76da9e015b9435929e74a', description='null'}-localhost:27017] but has failed to stop it. This is very likely to create a memory leak. Stack trace of thread:
 java.base@17.0.7/java.lang.Thread.sleep(Native Method)
 app//com.mongodb.internal.connection.DefaultServerMonitor.waitForNext(DefaultServerMonitor.java:448)
 app//com.mongodb.internal.connection.DefaultServerMonitor.access$1500(DefaultServerMonitor.java:65)
 app//com.mongodb.internal.connection.DefaultServerMonitor$RoundTripTimeRunnable.run(DefaultServerMonitor.java:420)
 java.base@17.0.7/java.lang.Thread.run(Thread.java:833)
2024-01-29 14:55:41,463 [WARN] org.apache.catalina.loader.WebappClassLoaderBase [Thread-121] The web application [ROOT] appears to have started a thread named [MaintenanceTimer-22-thread-1] but has failed to stop it. This is very likely to create a memory leak. Stack trace of thread:
 java.base@17.0.7/jdk.internal.misc.Unsafe.park(Native Method)
 java.base@17.0.7/java.util.concurrent.locks.LockSupport.parkNanos(LockSupport.java:252)
 java.base@17.0.7/java.util.concurrent.locks.AbstractQueuedSynchronizer$ConditionObject.awaitNanos(AbstractQueuedSynchronizer.java:1672)
 java.base@17.0.7/java.util.concurrent.ScheduledThreadPoolExecutor$DelayedWorkQueue.take(ScheduledThreadPoolExecutor.java:1182)
 java.base@17.0.7/java.util.concurrent.ScheduledThreadPoolExecutor$DelayedWorkQueue.take(ScheduledThreadPoolExecutor.java:899)
 java.base@17.0.7/java.util.concurrent.ThreadPoolExecutor.getTask(ThreadPoolExecutor.java:1062)
 java.base@17.0.7/java.util.concurrent.ThreadPoolExecutor.runWorker(ThreadPoolExecutor.java:1122)
 java.base@17.0.7/java.util.concurrent.ThreadPoolExecutor$Worker.run(ThreadPoolExecutor.java:635)
 java.base@17.0.7/java.lang.Thread.run(Thread.java:833)
2024-01-29 14:55:41,466 [INFO] com.netflix.discovery.DiscoveryClient [Thread-121] Shutting down DiscoveryClient ...
2024-01-29 14:55:44,469 [INFO] com.netflix.discovery.DiscoveryClient [Thread-121] Unregistering ...
2024-01-29 14:55:44,472 [INFO] com.netflix.discovery.DiscoveryClient [Thread-121] DiscoveryClient_DOCTOR-SERVICE/LAPTOP-GFBQMQJH:doctor-service:8081 - deregister  status: 200
2024-01-29 14:55:44,474 [INFO] com.netflix.discovery.DiscoveryClient [Thread-121] Completed shut down of DiscoveryClient
2024-01-29 14:55:44,809 [INFO] com.pms.doctor.service.DoctorServiceApplication [restartedMain] Starting DoctorServiceApplication using Java 17.0.7 with PID 11216 (C:\Users\rahul\Desktop\PMS UPdate\Pharmacy-Management-System\Doctor-Service\Doctor-Service\target\classes started by rahul in C:\Users\rahul\Desktop\PMS UPdate\Pharmacy-Management-System\Doctor-Service\Doctor-Service)
2024-01-29 14:55:44,809 [INFO] com.pms.doctor.service.DoctorServiceApplication [restartedMain] No active profile set, falling back to 1 default profile: "default"
2024-01-29 14:55:45,255 [INFO] org.springframework.data.repository.config.RepositoryConfigurationDelegate [restartedMain] Bootstrapping Spring Data MongoDB repositories in DEFAULT mode.
2024-01-29 14:55:45,270 [INFO] org.springframework.data.repository.config.RepositoryConfigurationDelegate [restartedMain] Finished Spring Data repository scanning in 14 ms. Found 5 MongoDB repository interfaces.
2024-01-29 14:55:45,382 [INFO] org.springframework.cloud.context.scope.GenericScope [restartedMain] BeanFactory id=d186ccb7-1c2f-33e8-8b3e-f826f07e5662
2024-01-29 14:55:45,537 [INFO] org.springframework.boot.web.embedded.tomcat.TomcatWebServer [restartedMain] Tomcat initialized with port(s): 8081 (http)
2024-01-29 14:55:45,537 [INFO] org.apache.catalina.core.StandardService [restartedMain] Starting service [Tomcat]
2024-01-29 14:55:45,537 [INFO] org.apache.catalina.core.StandardEngine [restartedMain] Starting Servlet engine: [Apache Tomcat/10.1.8]
2024-01-29 14:55:45,568 [INFO] org.apache.catalina.core.ContainerBase.[Tomcat].[localhost].[/] [restartedMain] Initializing Spring embedded WebApplicationContext
2024-01-29 14:55:45,568 [INFO] org.springframework.boot.web.servlet.context.ServletWebServerApplicationContext [restartedMain] Root WebApplicationContext: initialization completed in 757 ms
2024-01-29 14:55:45,808 [INFO] org.mongodb.driver.client [restartedMain] MongoClient with metadata {"driver": {"name": "mongo-java-driver|sync|spring-boot", "version": "4.8.2"}, "os": {"type": "Windows", "name": "Windows 11", "architecture": "amd64", "version": "10.0"}, "platform": "Java/Eclipse Adoptium/17.0.7+7"} created with settings MongoClientSettings{readPreference=primary, writeConcern=WriteConcern{w=null, wTimeout=null ms, journal=null}, retryWrites=true, retryReads=true, readConcern=ReadConcern{level=null}, credential=null, streamFactoryFactory=null, commandListeners=[io.micrometer.core.instrument.binder.mongodb.MongoMetricsCommandListener@63c2db36], codecRegistry=ProvidersCodecRegistry{codecProviders=[ValueCodecProvider{}, BsonValueCodecProvider{}, DBRefCodecProvider{}, DBObjectCodecProvider{}, DocumentCodecProvider{}, CollectionCodecProvider{}, IterableCodecProvider{}, MapCodecProvider{}, GeoJsonCodecProvider{}, GridFSFileCodecProvider{}, Jsr310CodecProvider{}, JsonObjectCodecProvider{}, BsonCodecProvider{}, EnumCodecProvider{}, com.mongodb.Jep395RecordCodecProvider@a9532f3]}, clusterSettings={hosts=[localhost:27017], srvServiceName=mongodb, mode=SINGLE, requiredClusterType=UNKNOWN, requiredReplicaSetName='null', serverSelector='null', clusterListeners='[]', serverSelectionTimeout='30000 ms', localThreshold='30000 ms'}, socketSettings=SocketSettings{connectTimeoutMS=10000, readTimeoutMS=0, receiveBufferSize=0, sendBufferSize=0}, heartbeatSocketSettings=SocketSettings{connectTimeoutMS=10000, readTimeoutMS=10000, receiveBufferSize=0, sendBufferSize=0}, connectionPoolSettings=ConnectionPoolSettings{maxSize=100, minSize=0, maxWaitTimeMS=120000, maxConnectionLifeTimeMS=0, maxConnectionIdleTimeMS=0, maintenanceInitialDelayMS=0, maintenanceFrequencyMS=60000, connectionPoolListeners=[io.micrometer.core.instrument.binder.mongodb.MongoMetricsConnectionPoolListener@c6fa719], maxConnecting=2}, serverSettings=ServerSettings{heartbeatFrequencyMS=10000, minHeartbeatFrequencyMS=500, serverListeners='[]', serverMonitorListeners='[]'}, sslSettings=SslSettings{enabled=false, invalidHostNameAllowed=false, context=null}, applicationName='null', compressorList=[], uuidRepresentation=JAVA_LEGACY, serverApi=null, autoEncryptionSettings=null, contextProvider=null}
2024-01-29 14:55:45,810 [INFO] org.mongodb.driver.cluster [cluster-ClusterId{value='65b76f19e015b9435929e74b', description='null'}-localhost:27017] Monitor thread successfully connected to server with description ServerDescription{address=localhost:27017, type=STANDALONE, state=CONNECTED, ok=true, minWireVersion=0, maxWireVersion=17, maxDocumentSize=16777216, logicalSessionTimeoutMinutes=30, roundTripTimeNanos=1386000}
2024-01-29 14:55:45,988 [WARN] org.springframework.boot.devtools.autoconfigure.OptionalLiveReloadServer [restartedMain] Unable to start LiveReload server
2024-01-29 14:55:46,673 [INFO] org.springframework.boot.actuate.endpoint.web.EndpointLinksResolver [restartedMain] Exposing 1 endpoint(s) beneath base path '/actuator'
2024-01-29 14:55:46,717 [INFO] org.springframework.security.web.DefaultSecurityFilterChain [restartedMain] Will secure any request with [org.springframework.security.web.session.DisableEncodeUrlFilter@7e16494b, org.springframework.security.web.context.request.async.WebAsyncManagerIntegrationFilter@13eda05e, org.springframework.security.web.context.SecurityContextHolderFilter@3750781c, org.springframework.security.web.header.HeaderWriterFilter@246b6e3a, org.springframework.web.filter.CorsFilter@7a25645a, org.springframework.security.web.authentication.logout.LogoutFilter@76045830, com.pms.doctor.service.Config.JwtAuthenticationFilter@60254ebe, org.springframework.security.web.savedrequest.RequestCacheAwareFilter@11e7b22f, org.springframework.security.web.servletapi.SecurityContextHolderAwareRequestFilter@6a86d6a, org.springframework.security.web.authentication.AnonymousAuthenticationFilter@4a6542ea, org.springframework.security.web.session.SessionManagementFilter@21aa7648, org.springframework.security.web.access.ExceptionTranslationFilter@a43216, org.springframework.security.web.access.intercept.AuthorizationFilter@3881dbdb]
2024-01-29 14:55:47,277 [INFO] org.springframework.cloud.netflix.eureka.config.DiscoveryClientOptionalArgsConfiguration [restartedMain] Eureka HTTP Client uses RestTemplate.
2024-01-29 14:55:47,335 [WARN] org.springframework.cloud.loadbalancer.config.LoadBalancerCacheAutoConfiguration$LoadBalancerCaffeineWarnLogger [restartedMain] Spring Cloud LoadBalancer is currently working with the default cache. While this cache implementation is useful for development and tests, it's recommended to use Caffeine cache in production.You can switch to using Caffeine cache, by adding it and org.springframework.cache.caffeine.CaffeineCacheManager to the classpath.
2024-01-29 14:55:47,354 [INFO] org.springframework.cloud.netflix.eureka.InstanceInfoFactory [restartedMain] Setting initial instance status as: STARTING
2024-01-29 14:55:47,358 [INFO] com.netflix.discovery.DiscoveryClient [restartedMain] Initializing Eureka in region us-east-1
2024-01-29 14:55:47,358 [INFO] com.netflix.discovery.shared.resolver.aws.ConfigClusterResolver [restartedMain] Resolving eureka endpoints via configuration
2024-01-29 14:55:47,359 [INFO] com.netflix.discovery.DiscoveryClient [restartedMain] Disable delta property : false
2024-01-29 14:55:47,360 [INFO] com.netflix.discovery.DiscoveryClient [restartedMain] Single vip registry refresh property : null
2024-01-29 14:55:47,360 [INFO] com.netflix.discovery.DiscoveryClient [restartedMain] Force full registry fetch : false
2024-01-29 14:55:47,360 [INFO] com.netflix.discovery.DiscoveryClient [restartedMain] Application is null : false
2024-01-29 14:55:47,360 [INFO] com.netflix.discovery.DiscoveryClient [restartedMain] Registered Applications size is zero : true
2024-01-29 14:55:47,360 [INFO] com.netflix.discovery.DiscoveryClient [restartedMain] Application version is -1: true
2024-01-29 14:55:47,360 [INFO] com.netflix.discovery.DiscoveryClient [restartedMain] Getting all instance registry info from the eureka server
2024-01-29 14:55:47,370 [INFO] com.netflix.discovery.DiscoveryClient [restartedMain] The response status is 200
2024-01-29 14:55:47,371 [INFO] com.netflix.discovery.DiscoveryClient [restartedMain] Starting heartbeat executor: renew interval is: 30
2024-01-29 14:55:47,371 [INFO] com.netflix.discovery.InstanceInfoReplicator [restartedMain] InstanceInfoReplicator onDemand update allowed rate per min is 4
2024-01-29 14:55:47,372 [INFO] com.netflix.discovery.DiscoveryClient [restartedMain] Discovery Client initialized at timestamp 1706520347372 with initial instances count: 6
2024-01-29 14:55:47,382 [INFO] org.springframework.cloud.netflix.eureka.serviceregistry.EurekaServiceRegistry [restartedMain] Registering application DOCTOR-SERVICE with eureka with status UP
2024-01-29 14:55:47,382 [INFO] com.netflix.discovery.DiscoveryClient [restartedMain] Saw local status change event StatusChangeEvent [timestamp=1706520347382, current=UP, previous=STARTING]
2024-01-29 14:55:47,382 [INFO] com.netflix.discovery.DiscoveryClient [DiscoveryClient-InstanceInfoReplicator-0] DiscoveryClient_DOCTOR-SERVICE/LAPTOP-GFBQMQJH:doctor-service:8081: registering service...
2024-01-29 14:55:47,385 [INFO] org.springframework.boot.web.embedded.tomcat.TomcatWebServer [restartedMain] Tomcat started on port(s): 8081 (http) with context path ''
2024-01-29 14:55:47,385 [INFO] org.springframework.cloud.netflix.eureka.serviceregistry.EurekaAutoServiceRegistration [restartedMain] Updating port to 8081
2024-01-29 14:55:47,391 [INFO] com.netflix.discovery.DiscoveryClient [DiscoveryClient-InstanceInfoReplicator-0] DiscoveryClient_DOCTOR-SERVICE/LAPTOP-GFBQMQJH:doctor-service:8081 - registration status: 204
2024-01-29 14:55:47,478 [INFO] com.pms.doctor.service.DoctorServiceApplication [restartedMain] Started DoctorServiceApplication in 2.806 seconds (process running for 5223.374)
2024-01-29 14:55:47,480 [INFO] org.springframework.boot.devtools.autoconfigure.ConditionEvaluationDeltaLoggingListener [restartedMain] Condition evaluation unchanged
2024-01-29 14:56:13,361 [INFO] org.springframework.boot.devtools.autoconfigure.LocalDevToolsAutoConfiguration$RestartingClassPathChangeChangedEventListener [File Watcher] Restarting due to 1 class path change (0 additions, 0 deletions, 1 modification)
2024-01-29 14:56:13,361 [INFO] org.springframework.cloud.netflix.eureka.serviceregistry.EurekaServiceRegistry [Thread-127] Unregistering application DOCTOR-SERVICE with eureka with status DOWN
2024-01-29 14:56:13,361 [INFO] com.netflix.discovery.DiscoveryClient [Thread-127] Saw local status change event StatusChangeEvent [timestamp=1706520373361, current=DOWN, previous=UP]
2024-01-29 14:56:13,362 [INFO] com.netflix.discovery.DiscoveryClient [DiscoveryClient-InstanceInfoReplicator-0] DiscoveryClient_DOCTOR-SERVICE/LAPTOP-GFBQMQJH:doctor-service:8081: registering service...
2024-01-29 14:56:13,366 [INFO] com.netflix.discovery.DiscoveryClient [DiscoveryClient-InstanceInfoReplicator-0] DiscoveryClient_DOCTOR-SERVICE/LAPTOP-GFBQMQJH:doctor-service:8081 - registration status: 204
2024-01-29 14:56:13,370 [INFO] org.apache.catalina.core.StandardService [Thread-127] Stopping service [Tomcat]
2024-01-29 14:56:13,372 [WARN] org.apache.catalina.loader.WebappClassLoaderBase [Thread-127] The web application [ROOT] appears to have started a thread named [cluster-ClusterId{value='65b76f19e015b9435929e74b', description='null'}-localhost:27017] but has failed to stop it. This is very likely to create a memory leak. Stack trace of thread:
 java.base@17.0.7/sun.nio.ch.Net.poll(Native Method)
 java.base@17.0.7/sun.nio.ch.NioSocketImpl.park(NioSocketImpl.java:181)
 java.base@17.0.7/sun.nio.ch.NioSocketImpl.timedRead(NioSocketImpl.java:285)
 java.base@17.0.7/sun.nio.ch.NioSocketImpl.implRead(NioSocketImpl.java:309)
 java.base@17.0.7/sun.nio.ch.NioSocketImpl.read(NioSocketImpl.java:350)
 java.base@17.0.7/sun.nio.ch.NioSocketImpl$1.read(NioSocketImpl.java:803)
 java.base@17.0.7/java.net.Socket$SocketInputStream.read(Socket.java:966)
 app//com.mongodb.internal.connection.SocketStream.read(SocketStream.java:113)
 app//com.mongodb.internal.connection.SocketStream.read(SocketStream.java:138)
 app//com.mongodb.internal.connection.InternalStreamConnection.receiveResponseBuffers(InternalStreamConnection.java:716)
 app//com.mongodb.internal.connection.InternalStreamConnection.receiveMessageWithAdditionalTimeout(InternalStreamConnection.java:574)
 app//com.mongodb.internal.connection.InternalStreamConnection.receiveCommandMessageResponse(InternalStreamConnection.java:413)
 app//com.mongodb.internal.connection.InternalStreamConnection.receive(InternalStreamConnection.java:372)
 app//com.mongodb.internal.connection.DefaultServerMonitor$ServerMonitorRunnable.lookupServerDescription(DefaultServerMonitor.java:226)
 app//com.mongodb.internal.connection.DefaultServerMonitor$ServerMonitorRunnable.run(DefaultServerMonitor.java:158)
 java.base@17.0.7/java.lang.Thread.run(Thread.java:833)
2024-01-29 14:56:13,373 [WARN] org.apache.catalina.loader.WebappClassLoaderBase [Thread-127] The web application [ROOT] appears to have started a thread named [cluster-rtt-ClusterId{value='65b76f19e015b9435929e74b', description='null'}-localhost:27017] but has failed to stop it. This is very likely to create a memory leak. Stack trace of thread:
 java.base@17.0.7/java.lang.Thread.sleep(Native Method)
 app//com.mongodb.internal.connection.DefaultServerMonitor.waitForNext(DefaultServerMonitor.java:448)
 app//com.mongodb.internal.connection.DefaultServerMonitor.access$1500(DefaultServerMonitor.java:65)
 app//com.mongodb.internal.connection.DefaultServerMonitor$RoundTripTimeRunnable.run(DefaultServerMonitor.java:420)
 java.base@17.0.7/java.lang.Thread.run(Thread.java:833)
2024-01-29 14:56:13,374 [WARN] org.apache.catalina.loader.WebappClassLoaderBase [Thread-127] The web application [ROOT] appears to have started a thread named [MaintenanceTimer-23-thread-1] but has failed to stop it. This is very likely to create a memory leak. Stack trace of thread:
 java.base@17.0.7/jdk.internal.misc.Unsafe.park(Native Method)
 java.base@17.0.7/java.util.concurrent.locks.LockSupport.parkNanos(LockSupport.java:252)
 java.base@17.0.7/java.util.concurrent.locks.AbstractQueuedSynchronizer$ConditionObject.awaitNanos(AbstractQueuedSynchronizer.java:1672)
 java.base@17.0.7/java.util.concurrent.ScheduledThreadPoolExecutor$DelayedWorkQueue.take(ScheduledThreadPoolExecutor.java:1182)
 java.base@17.0.7/java.util.concurrent.ScheduledThreadPoolExecutor$DelayedWorkQueue.take(ScheduledThreadPoolExecutor.java:899)
 java.base@17.0.7/java.util.concurrent.ThreadPoolExecutor.getTask(ThreadPoolExecutor.java:1062)
 java.base@17.0.7/java.util.concurrent.ThreadPoolExecutor.runWorker(ThreadPoolExecutor.java:1122)
 java.base@17.0.7/java.util.concurrent.ThreadPoolExecutor$Worker.run(ThreadPoolExecutor.java:635)
 java.base@17.0.7/java.lang.Thread.run(Thread.java:833)
2024-01-29 14:56:13,376 [INFO] com.netflix.discovery.DiscoveryClient [Thread-127] Shutting down DiscoveryClient ...
2024-01-29 14:56:16,390 [INFO] com.netflix.discovery.DiscoveryClient [Thread-127] Unregistering ...
2024-01-29 14:56:16,393 [INFO] com.netflix.discovery.DiscoveryClient [Thread-127] DiscoveryClient_DOCTOR-SERVICE/LAPTOP-GFBQMQJH:doctor-service:8081 - deregister  status: 200
2024-01-29 14:56:16,396 [INFO] com.netflix.discovery.DiscoveryClient [Thread-127] Completed shut down of DiscoveryClient
2024-01-29 14:56:16,730 [INFO] com.pms.doctor.service.DoctorServiceApplication [restartedMain] Starting DoctorServiceApplication using Java 17.0.7 with PID 11216 (C:\Users\rahul\Desktop\PMS UPdate\Pharmacy-Management-System\Doctor-Service\Doctor-Service\target\classes started by rahul in C:\Users\rahul\Desktop\PMS UPdate\Pharmacy-Management-System\Doctor-Service\Doctor-Service)
2024-01-29 14:56:16,731 [INFO] com.pms.doctor.service.DoctorServiceApplication [restartedMain] No active profile set, falling back to 1 default profile: "default"
2024-01-29 14:56:16,983 [INFO] org.springframework.data.repository.config.RepositoryConfigurationDelegate [restartedMain] Bootstrapping Spring Data MongoDB repositories in DEFAULT mode.
2024-01-29 14:56:16,996 [INFO] org.springframework.data.repository.config.RepositoryConfigurationDelegate [restartedMain] Finished Spring Data repository scanning in 13 ms. Found 5 MongoDB repository interfaces.
2024-01-29 14:56:17,060 [INFO] org.springframework.cloud.context.scope.GenericScope [restartedMain] BeanFactory id=d186ccb7-1c2f-33e8-8b3e-f826f07e5662
2024-01-29 14:56:17,163 [INFO] org.springframework.boot.web.embedded.tomcat.TomcatWebServer [restartedMain] Tomcat initialized with port(s): 8081 (http)
2024-01-29 14:56:17,164 [INFO] org.apache.catalina.core.StandardService [restartedMain] Starting service [Tomcat]
2024-01-29 14:56:17,164 [INFO] org.apache.catalina.core.StandardEngine [restartedMain] Starting Servlet engine: [Apache Tomcat/10.1.8]
2024-01-29 14:56:17,190 [INFO] org.apache.catalina.core.ContainerBase.[Tomcat].[localhost].[/] [restartedMain] Initializing Spring embedded WebApplicationContext
2024-01-29 14:56:17,190 [INFO] org.springframework.boot.web.servlet.context.ServletWebServerApplicationContext [restartedMain] Root WebApplicationContext: initialization completed in 458 ms
2024-01-29 14:56:17,364 [INFO] org.mongodb.driver.client [restartedMain] MongoClient with metadata {"driver": {"name": "mongo-java-driver|sync|spring-boot", "version": "4.8.2"}, "os": {"type": "Windows", "name": "Windows 11", "architecture": "amd64", "version": "10.0"}, "platform": "Java/Eclipse Adoptium/17.0.7+7"} created with settings MongoClientSettings{readPreference=primary, writeConcern=WriteConcern{w=null, wTimeout=null ms, journal=null}, retryWrites=true, retryReads=true, readConcern=ReadConcern{level=null}, credential=null, streamFactoryFactory=null, commandListeners=[io.micrometer.core.instrument.binder.mongodb.MongoMetricsCommandListener@12b50270], codecRegistry=ProvidersCodecRegistry{codecProviders=[ValueCodecProvider{}, BsonValueCodecProvider{}, DBRefCodecProvider{}, DBObjectCodecProvider{}, DocumentCodecProvider{}, CollectionCodecProvider{}, IterableCodecProvider{}, MapCodecProvider{}, GeoJsonCodecProvider{}, GridFSFileCodecProvider{}, Jsr310CodecProvider{}, JsonObjectCodecProvider{}, BsonCodecProvider{}, EnumCodecProvider{}, com.mongodb.Jep395RecordCodecProvider@a9532f3]}, clusterSettings={hosts=[localhost:27017], srvServiceName=mongodb, mode=SINGLE, requiredClusterType=UNKNOWN, requiredReplicaSetName='null', serverSelector='null', clusterListeners='[]', serverSelectionTimeout='30000 ms', localThreshold='30000 ms'}, socketSettings=SocketSettings{connectTimeoutMS=10000, readTimeoutMS=0, receiveBufferSize=0, sendBufferSize=0}, heartbeatSocketSettings=SocketSettings{connectTimeoutMS=10000, readTimeoutMS=10000, receiveBufferSize=0, sendBufferSize=0}, connectionPoolSettings=ConnectionPoolSettings{maxSize=100, minSize=0, maxWaitTimeMS=120000, maxConnectionLifeTimeMS=0, maxConnectionIdleTimeMS=0, maintenanceInitialDelayMS=0, maintenanceFrequencyMS=60000, connectionPoolListeners=[io.micrometer.core.instrument.binder.mongodb.MongoMetricsConnectionPoolListener@56fb590c], maxConnecting=2}, serverSettings=ServerSettings{heartbeatFrequencyMS=10000, minHeartbeatFrequencyMS=500, serverListeners='[]', serverMonitorListeners='[]'}, sslSettings=SslSettings{enabled=false, invalidHostNameAllowed=false, context=null}, applicationName='null', compressorList=[], uuidRepresentation=JAVA_LEGACY, serverApi=null, autoEncryptionSettings=null, contextProvider=null}
2024-01-29 14:56:17,366 [INFO] org.mongodb.driver.cluster [cluster-ClusterId{value='65b76f39e015b9435929e74c', description='null'}-localhost:27017] Monitor thread successfully connected to server with description ServerDescription{address=localhost:27017, type=STANDALONE, state=CONNECTED, ok=true, minWireVersion=0, maxWireVersion=17, maxDocumentSize=16777216, logicalSessionTimeoutMinutes=30, roundTripTimeNanos=1070700}
2024-01-29 14:56:17,488 [WARN] org.springframework.boot.devtools.autoconfigure.OptionalLiveReloadServer [restartedMain] Unable to start LiveReload server
2024-01-29 14:56:18,019 [INFO] org.springframework.boot.actuate.endpoint.web.EndpointLinksResolver [restartedMain] Exposing 1 endpoint(s) beneath base path '/actuator'
2024-01-29 14:56:18,053 [INFO] org.springframework.security.web.DefaultSecurityFilterChain [restartedMain] Will secure any request with [org.springframework.security.web.session.DisableEncodeUrlFilter@5db24cee, org.springframework.security.web.context.request.async.WebAsyncManagerIntegrationFilter@74c084ad, org.springframework.security.web.context.SecurityContextHolderFilter@ddab96d, org.springframework.security.web.header.HeaderWriterFilter@5e5ca561, org.springframework.web.filter.CorsFilter@2e0506f4, org.springframework.security.web.authentication.logout.LogoutFilter@293e04b8, com.pms.doctor.service.Config.JwtAuthenticationFilter@54ecbfbb, org.springframework.security.web.savedrequest.RequestCacheAwareFilter@bfbeda7, org.springframework.security.web.servletapi.SecurityContextHolderAwareRequestFilter@6eef2160, org.springframework.security.web.authentication.AnonymousAuthenticationFilter@5ebbdfd4, org.springframework.security.web.session.SessionManagementFilter@72386dd1, org.springframework.security.web.access.ExceptionTranslationFilter@52a84563, org.springframework.security.web.access.intercept.AuthorizationFilter@35ff1c3c]
2024-01-29 14:56:18,472 [INFO] org.springframework.cloud.netflix.eureka.config.DiscoveryClientOptionalArgsConfiguration [restartedMain] Eureka HTTP Client uses RestTemplate.
2024-01-29 14:56:18,520 [WARN] org.springframework.cloud.loadbalancer.config.LoadBalancerCacheAutoConfiguration$LoadBalancerCaffeineWarnLogger [restartedMain] Spring Cloud LoadBalancer is currently working with the default cache. While this cache implementation is useful for development and tests, it's recommended to use Caffeine cache in production.You can switch to using Caffeine cache, by adding it and org.springframework.cache.caffeine.CaffeineCacheManager to the classpath.
2024-01-29 14:56:18,545 [INFO] org.springframework.cloud.netflix.eureka.InstanceInfoFactory [restartedMain] Setting initial instance status as: STARTING
2024-01-29 14:56:18,549 [INFO] com.netflix.discovery.DiscoveryClient [restartedMain] Initializing Eureka in region us-east-1
2024-01-29 14:56:18,549 [INFO] com.netflix.discovery.shared.resolver.aws.ConfigClusterResolver [restartedMain] Resolving eureka endpoints via configuration
2024-01-29 14:56:18,549 [INFO] com.netflix.discovery.DiscoveryClient [restartedMain] Disable delta property : false
2024-01-29 14:56:18,549 [INFO] com.netflix.discovery.DiscoveryClient [restartedMain] Single vip registry refresh property : null
2024-01-29 14:56:18,550 [INFO] com.netflix.discovery.DiscoveryClient [restartedMain] Force full registry fetch : false
2024-01-29 14:56:18,550 [INFO] com.netflix.discovery.DiscoveryClient [restartedMain] Application is null : false
2024-01-29 14:56:18,550 [INFO] com.netflix.discovery.DiscoveryClient [restartedMain] Registered Applications size is zero : true
2024-01-29 14:56:18,550 [INFO] com.netflix.discovery.DiscoveryClient [restartedMain] Application version is -1: true
2024-01-29 14:56:18,550 [INFO] com.netflix.discovery.DiscoveryClient [restartedMain] Getting all instance registry info from the eureka server
2024-01-29 14:56:18,559 [INFO] com.netflix.discovery.DiscoveryClient [restartedMain] The response status is 200
2024-01-29 14:56:18,560 [INFO] com.netflix.discovery.DiscoveryClient [restartedMain] Starting heartbeat executor: renew interval is: 30
2024-01-29 14:56:18,560 [INFO] com.netflix.discovery.InstanceInfoReplicator [restartedMain] InstanceInfoReplicator onDemand update allowed rate per min is 4
2024-01-29 14:56:18,561 [INFO] com.netflix.discovery.DiscoveryClient [restartedMain] Discovery Client initialized at timestamp 1706520378561 with initial instances count: 6
2024-01-29 14:56:18,569 [INFO] org.springframework.cloud.netflix.eureka.serviceregistry.EurekaServiceRegistry [restartedMain] Registering application DOCTOR-SERVICE with eureka with status UP
2024-01-29 14:56:18,569 [INFO] com.netflix.discovery.DiscoveryClient [restartedMain] Saw local status change event StatusChangeEvent [timestamp=1706520378569, current=UP, previous=STARTING]
2024-01-29 14:56:18,569 [INFO] com.netflix.discovery.DiscoveryClient [DiscoveryClient-InstanceInfoReplicator-0] DiscoveryClient_DOCTOR-SERVICE/LAPTOP-GFBQMQJH:doctor-service:8081: registering service...
2024-01-29 14:56:18,572 [INFO] org.springframework.boot.web.embedded.tomcat.TomcatWebServer [restartedMain] Tomcat started on port(s): 8081 (http) with context path ''
2024-01-29 14:56:18,572 [INFO] org.springframework.cloud.netflix.eureka.serviceregistry.EurekaAutoServiceRegistration [restartedMain] Updating port to 8081
2024-01-29 14:56:18,576 [INFO] com.netflix.discovery.DiscoveryClient [DiscoveryClient-InstanceInfoReplicator-0] DiscoveryClient_DOCTOR-SERVICE/LAPTOP-GFBQMQJH:doctor-service:8081 - registration status: 204
2024-01-29 14:56:18,664 [INFO] com.pms.doctor.service.DoctorServiceApplication [restartedMain] Started DoctorServiceApplication in 2.092 seconds (process running for 5254.56)
2024-01-29 14:56:18,666 [INFO] org.springframework.boot.devtools.autoconfigure.ConditionEvaluationDeltaLoggingListener [restartedMain] Condition evaluation unchanged
2024-01-29 15:01:18,556 [INFO] com.netflix.discovery.shared.resolver.aws.ConfigClusterResolver [AsyncResolver-bootstrap-executor-0] Resolving eureka endpoints via configuration
2024-01-29 15:03:00,990 [INFO] org.springframework.boot.devtools.autoconfigure.LocalDevToolsAutoConfiguration$RestartingClassPathChangeChangedEventListener [File Watcher] Restarting due to 1 class path change (0 additions, 0 deletions, 1 modification)
2024-01-29 15:03:00,991 [INFO] org.springframework.cloud.netflix.eureka.serviceregistry.EurekaServiceRegistry [Thread-133] Unregistering application DOCTOR-SERVICE with eureka with status DOWN
2024-01-29 15:03:00,991 [INFO] com.netflix.discovery.DiscoveryClient [Thread-133] Saw local status change event StatusChangeEvent [timestamp=1706520780991, current=DOWN, previous=UP]
2024-01-29 15:03:00,991 [INFO] com.netflix.discovery.DiscoveryClient [DiscoveryClient-InstanceInfoReplicator-0] DiscoveryClient_DOCTOR-SERVICE/LAPTOP-GFBQMQJH:doctor-service:8081: registering service...
2024-01-29 15:03:00,994 [INFO] com.netflix.discovery.DiscoveryClient [DiscoveryClient-InstanceInfoReplicator-0] DiscoveryClient_DOCTOR-SERVICE/LAPTOP-GFBQMQJH:doctor-service:8081 - registration status: 204
2024-01-29 15:03:01,000 [INFO] org.apache.catalina.core.StandardService [Thread-133] Stopping service [Tomcat]
2024-01-29 15:03:01,002 [WARN] org.apache.catalina.loader.WebappClassLoaderBase [Thread-133] The web application [ROOT] appears to have started a thread named [cluster-ClusterId{value='65b76f39e015b9435929e74c', description='null'}-localhost:27017] but has failed to stop it. This is very likely to create a memory leak. Stack trace of thread:
 java.base@17.0.7/sun.nio.ch.Net.poll(Native Method)
 java.base@17.0.7/sun.nio.ch.NioSocketImpl.park(NioSocketImpl.java:181)
 java.base@17.0.7/sun.nio.ch.NioSocketImpl.timedRead(NioSocketImpl.java:285)
 java.base@17.0.7/sun.nio.ch.NioSocketImpl.implRead(NioSocketImpl.java:309)
 java.base@17.0.7/sun.nio.ch.NioSocketImpl.read(NioSocketImpl.java:350)
 java.base@17.0.7/sun.nio.ch.NioSocketImpl$1.read(NioSocketImpl.java:803)
 java.base@17.0.7/java.net.Socket$SocketInputStream.read(Socket.java:966)
 app//com.mongodb.internal.connection.SocketStream.read(SocketStream.java:113)
 app//com.mongodb.internal.connection.SocketStream.read(SocketStream.java:138)
 app//com.mongodb.internal.connection.InternalStreamConnection.receiveResponseBuffers(InternalStreamConnection.java:716)
 app//com.mongodb.internal.connection.InternalStreamConnection.receiveMessageWithAdditionalTimeout(InternalStreamConnection.java:574)
 app//com.mongodb.internal.connection.InternalStreamConnection.receiveCommandMessageResponse(InternalStreamConnection.java:413)
 app//com.mongodb.internal.connection.InternalStreamConnection.receive(InternalStreamConnection.java:372)
 app//com.mongodb.internal.connection.DefaultServerMonitor$ServerMonitorRunnable.lookupServerDescription(DefaultServerMonitor.java:226)
 app//com.mongodb.internal.connection.DefaultServerMonitor$ServerMonitorRunnable.run(DefaultServerMonitor.java:158)
 java.base@17.0.7/java.lang.Thread.run(Thread.java:833)
2024-01-29 15:03:01,004 [WARN] org.apache.catalina.loader.WebappClassLoaderBase [Thread-133] The web application [ROOT] appears to have started a thread named [cluster-rtt-ClusterId{value='65b76f39e015b9435929e74c', description='null'}-localhost:27017] but has failed to stop it. This is very likely to create a memory leak. Stack trace of thread:
 java.base@17.0.7/java.lang.Thread.sleep(Native Method)
 app//com.mongodb.internal.connection.DefaultServerMonitor.waitForNext(DefaultServerMonitor.java:448)
 app//com.mongodb.internal.connection.DefaultServerMonitor.access$1500(DefaultServerMonitor.java:65)
 app//com.mongodb.internal.connection.DefaultServerMonitor$RoundTripTimeRunnable.run(DefaultServerMonitor.java:420)
 java.base@17.0.7/java.lang.Thread.run(Thread.java:833)
2024-01-29 15:03:01,004 [WARN] org.apache.catalina.loader.WebappClassLoaderBase [Thread-133] The web application [ROOT] appears to have started a thread named [MaintenanceTimer-24-thread-1] but has failed to stop it. This is very likely to create a memory leak. Stack trace of thread:
 java.base@17.0.7/jdk.internal.misc.Unsafe.park(Native Method)
 java.base@17.0.7/java.util.concurrent.locks.LockSupport.parkNanos(LockSupport.java:252)
 java.base@17.0.7/java.util.concurrent.locks.AbstractQueuedSynchronizer$ConditionObject.awaitNanos(AbstractQueuedSynchronizer.java:1672)
 java.base@17.0.7/java.util.concurrent.ScheduledThreadPoolExecutor$DelayedWorkQueue.take(ScheduledThreadPoolExecutor.java:1182)
 java.base@17.0.7/java.util.concurrent.ScheduledThreadPoolExecutor$DelayedWorkQueue.take(ScheduledThreadPoolExecutor.java:899)
 java.base@17.0.7/java.util.concurrent.ThreadPoolExecutor.getTask(ThreadPoolExecutor.java:1062)
 java.base@17.0.7/java.util.concurrent.ThreadPoolExecutor.runWorker(ThreadPoolExecutor.java:1122)
 java.base@17.0.7/java.util.concurrent.ThreadPoolExecutor$Worker.run(ThreadPoolExecutor.java:635)
 java.base@17.0.7/java.lang.Thread.run(Thread.java:833)
2024-01-29 15:03:01,008 [INFO] com.netflix.discovery.DiscoveryClient [Thread-133] Shutting down DiscoveryClient ...
2024-01-29 15:03:04,013 [INFO] com.netflix.discovery.DiscoveryClient [Thread-133] Unregistering ...
2024-01-29 15:03:04,016 [INFO] com.netflix.discovery.DiscoveryClient [Thread-133] DiscoveryClient_DOCTOR-SERVICE/LAPTOP-GFBQMQJH:doctor-service:8081 - deregister  status: 200
2024-01-29 15:03:04,017 [INFO] com.netflix.discovery.DiscoveryClient [Thread-133] Completed shut down of DiscoveryClient
2024-01-29 15:03:04,296 [INFO] com.pms.doctor.service.DoctorServiceApplication [restartedMain] Starting DoctorServiceApplication using Java 17.0.7 with PID 11216 (C:\Users\rahul\Desktop\PMS UPdate\Pharmacy-Management-System\Doctor-Service\Doctor-Service\target\classes started by rahul in C:\Users\rahul\Desktop\PMS UPdate\Pharmacy-Management-System\Doctor-Service\Doctor-Service)
2024-01-29 15:03:04,296 [INFO] com.pms.doctor.service.DoctorServiceApplication [restartedMain] No active profile set, falling back to 1 default profile: "default"
2024-01-29 15:03:04,562 [INFO] org.springframework.data.repository.config.RepositoryConfigurationDelegate [restartedMain] Bootstrapping Spring Data MongoDB repositories in DEFAULT mode.
2024-01-29 15:03:04,576 [INFO] org.springframework.data.repository.config.RepositoryConfigurationDelegate [restartedMain] Finished Spring Data repository scanning in 13 ms. Found 5 MongoDB repository interfaces.
2024-01-29 15:03:04,635 [INFO] org.springframework.cloud.context.scope.GenericScope [restartedMain] BeanFactory id=d186ccb7-1c2f-33e8-8b3e-f826f07e5662
2024-01-29 15:03:04,752 [INFO] org.springframework.boot.web.embedded.tomcat.TomcatWebServer [restartedMain] Tomcat initialized with port(s): 8081 (http)
2024-01-29 15:03:04,752 [INFO] org.apache.catalina.core.StandardService [restartedMain] Starting service [Tomcat]
2024-01-29 15:03:04,752 [INFO] org.apache.catalina.core.StandardEngine [restartedMain] Starting Servlet engine: [Apache Tomcat/10.1.8]
2024-01-29 15:03:04,777 [INFO] org.apache.catalina.core.ContainerBase.[Tomcat].[localhost].[/] [restartedMain] Initializing Spring embedded WebApplicationContext
2024-01-29 15:03:04,777 [INFO] org.springframework.boot.web.servlet.context.ServletWebServerApplicationContext [restartedMain] Root WebApplicationContext: initialization completed in 479 ms
2024-01-29 15:03:04,942 [INFO] org.mongodb.driver.client [restartedMain] MongoClient with metadata {"driver": {"name": "mongo-java-driver|sync|spring-boot", "version": "4.8.2"}, "os": {"type": "Windows", "name": "Windows 11", "architecture": "amd64", "version": "10.0"}, "platform": "Java/Eclipse Adoptium/17.0.7+7"} created with settings MongoClientSettings{readPreference=primary, writeConcern=WriteConcern{w=null, wTimeout=null ms, journal=null}, retryWrites=true, retryReads=true, readConcern=ReadConcern{level=null}, credential=null, streamFactoryFactory=null, commandListeners=[io.micrometer.core.instrument.binder.mongodb.MongoMetricsCommandListener@7d49c79c], codecRegistry=ProvidersCodecRegistry{codecProviders=[ValueCodecProvider{}, BsonValueCodecProvider{}, DBRefCodecProvider{}, DBObjectCodecProvider{}, DocumentCodecProvider{}, CollectionCodecProvider{}, IterableCodecProvider{}, MapCodecProvider{}, GeoJsonCodecProvider{}, GridFSFileCodecProvider{}, Jsr310CodecProvider{}, JsonObjectCodecProvider{}, BsonCodecProvider{}, EnumCodecProvider{}, com.mongodb.Jep395RecordCodecProvider@a9532f3]}, clusterSettings={hosts=[localhost:27017], srvServiceName=mongodb, mode=SINGLE, requiredClusterType=UNKNOWN, requiredReplicaSetName='null', serverSelector='null', clusterListeners='[]', serverSelectionTimeout='30000 ms', localThreshold='30000 ms'}, socketSettings=SocketSettings{connectTimeoutMS=10000, readTimeoutMS=0, receiveBufferSize=0, sendBufferSize=0}, heartbeatSocketSettings=SocketSettings{connectTimeoutMS=10000, readTimeoutMS=10000, receiveBufferSize=0, sendBufferSize=0}, connectionPoolSettings=ConnectionPoolSettings{maxSize=100, minSize=0, maxWaitTimeMS=120000, maxConnectionLifeTimeMS=0, maxConnectionIdleTimeMS=0, maintenanceInitialDelayMS=0, maintenanceFrequencyMS=60000, connectionPoolListeners=[io.micrometer.core.instrument.binder.mongodb.MongoMetricsConnectionPoolListener@36749f80], maxConnecting=2}, serverSettings=ServerSettings{heartbeatFrequencyMS=10000, minHeartbeatFrequencyMS=500, serverListeners='[]', serverMonitorListeners='[]'}, sslSettings=SslSettings{enabled=false, invalidHostNameAllowed=false, context=null}, applicationName='null', compressorList=[], uuidRepresentation=JAVA_LEGACY, serverApi=null, autoEncryptionSettings=null, contextProvider=null}
2024-01-29 15:03:04,944 [INFO] org.mongodb.driver.cluster [cluster-ClusterId{value='65b770d0e015b9435929e74d', description='null'}-localhost:27017] Monitor thread successfully connected to server with description ServerDescription{address=localhost:27017, type=STANDALONE, state=CONNECTED, ok=true, minWireVersion=0, maxWireVersion=17, maxDocumentSize=16777216, logicalSessionTimeoutMinutes=30, roundTripTimeNanos=1164800}
2024-01-29 15:03:05,062 [WARN] org.springframework.boot.devtools.autoconfigure.OptionalLiveReloadServer [restartedMain] Unable to start LiveReload server
2024-01-29 15:03:05,114 [WARN] org.springframework.boot.web.servlet.context.AnnotationConfigServletWebServerApplicationContext [restartedMain] Exception encountered during context initialization - cancelling refresh attempt: org.springframework.beans.factory.UnsatisfiedDependencyException: Error creating bean with name 'doctorController': Unsatisfied dependency expressed through field 'doctorEmailVerifiaction': No qualifying bean of type 'com.pms.doctor.service.Impl.doctorEmailVerificationServiceImpl' available: expected at least 1 bean which qualifies as autowire candidate. Dependency annotations: {@org.springframework.beans.factory.annotation.Autowired(required=true)}
2024-01-29 15:03:05,115 [INFO] org.apache.catalina.core.StandardService [restartedMain] Stopping service [Tomcat]
2024-01-29 15:03:05,127 [INFO] org.springframework.boot.autoconfigure.logging.ConditionEvaluationReportLogger [restartedMain] 

Error starting ApplicationContext. To display the condition evaluation report re-run your application with 'debug' enabled.
2024-01-29 15:03:05,240 [ERROR] org.springframework.boot.diagnostics.LoggingFailureAnalysisReporter [restartedMain] 

***************************
APPLICATION FAILED TO START
***************************

Description:

Field doctorEmailVerifiaction in com.pms.doctor.service.Controller.doctorController required a bean of type 'com.pms.doctor.service.Impl.doctorEmailVerificationServiceImpl' that could not be found.

The injection point has the following annotations:
	- @org.springframework.beans.factory.annotation.Autowired(required=true)


Action:

Consider defining a bean of type 'com.pms.doctor.service.Impl.doctorEmailVerificationServiceImpl' in your configuration.

2024-01-29 15:04:50,928 [INFO] com.pms.doctor.service.DoctorServiceApplication [restartedMain] Starting DoctorServiceApplication using Java 17.0.7 with PID 11216 (C:\Users\rahul\Desktop\PMS UPdate\Pharmacy-Management-System\Doctor-Service\Doctor-Service\target\classes started by rahul in C:\Users\rahul\Desktop\PMS UPdate\Pharmacy-Management-System\Doctor-Service\Doctor-Service)
2024-01-29 15:04:50,928 [INFO] com.pms.doctor.service.DoctorServiceApplication [restartedMain] No active profile set, falling back to 1 default profile: "default"
2024-01-29 15:04:51,189 [INFO] org.springframework.data.repository.config.RepositoryConfigurationDelegate [restartedMain] Bootstrapping Spring Data MongoDB repositories in DEFAULT mode.
2024-01-29 15:04:51,204 [INFO] org.springframework.data.repository.config.RepositoryConfigurationDelegate [restartedMain] Finished Spring Data repository scanning in 14 ms. Found 5 MongoDB repository interfaces.
2024-01-29 15:04:51,258 [INFO] org.springframework.cloud.context.scope.GenericScope [restartedMain] BeanFactory id=d186ccb7-1c2f-33e8-8b3e-f826f07e5662
2024-01-29 15:04:51,369 [INFO] org.springframework.boot.web.embedded.tomcat.TomcatWebServer [restartedMain] Tomcat initialized with port(s): 8081 (http)
2024-01-29 15:04:51,371 [INFO] org.apache.catalina.core.StandardService [restartedMain] Starting service [Tomcat]
2024-01-29 15:04:51,371 [INFO] org.apache.catalina.core.StandardEngine [restartedMain] Starting Servlet engine: [Apache Tomcat/10.1.8]
2024-01-29 15:04:51,396 [INFO] org.apache.catalina.core.ContainerBase.[Tomcat-1].[localhost].[/] [restartedMain] Initializing Spring embedded WebApplicationContext
2024-01-29 15:04:51,396 [INFO] org.springframework.boot.web.servlet.context.ServletWebServerApplicationContext [restartedMain] Root WebApplicationContext: initialization completed in 466 ms
2024-01-29 15:04:51,558 [INFO] org.mongodb.driver.client [restartedMain] MongoClient with metadata {"driver": {"name": "mongo-java-driver|sync|spring-boot", "version": "4.8.2"}, "os": {"type": "Windows", "name": "Windows 11", "architecture": "amd64", "version": "10.0"}, "platform": "Java/Eclipse Adoptium/17.0.7+7"} created with settings MongoClientSettings{readPreference=primary, writeConcern=WriteConcern{w=null, wTimeout=null ms, journal=null}, retryWrites=true, retryReads=true, readConcern=ReadConcern{level=null}, credential=null, streamFactoryFactory=null, commandListeners=[io.micrometer.core.instrument.binder.mongodb.MongoMetricsCommandListener@15dbfe05], codecRegistry=ProvidersCodecRegistry{codecProviders=[ValueCodecProvider{}, BsonValueCodecProvider{}, DBRefCodecProvider{}, DBObjectCodecProvider{}, DocumentCodecProvider{}, CollectionCodecProvider{}, IterableCodecProvider{}, MapCodecProvider{}, GeoJsonCodecProvider{}, GridFSFileCodecProvider{}, Jsr310CodecProvider{}, JsonObjectCodecProvider{}, BsonCodecProvider{}, EnumCodecProvider{}, com.mongodb.Jep395RecordCodecProvider@a9532f3]}, clusterSettings={hosts=[localhost:27017], srvServiceName=mongodb, mode=SINGLE, requiredClusterType=UNKNOWN, requiredReplicaSetName='null', serverSelector='null', clusterListeners='[]', serverSelectionTimeout='30000 ms', localThreshold='30000 ms'}, socketSettings=SocketSettings{connectTimeoutMS=10000, readTimeoutMS=0, receiveBufferSize=0, sendBufferSize=0}, heartbeatSocketSettings=SocketSettings{connectTimeoutMS=10000, readTimeoutMS=10000, receiveBufferSize=0, sendBufferSize=0}, connectionPoolSettings=ConnectionPoolSettings{maxSize=100, minSize=0, maxWaitTimeMS=120000, maxConnectionLifeTimeMS=0, maxConnectionIdleTimeMS=0, maintenanceInitialDelayMS=0, maintenanceFrequencyMS=60000, connectionPoolListeners=[io.micrometer.core.instrument.binder.mongodb.MongoMetricsConnectionPoolListener@6913a4c], maxConnecting=2}, serverSettings=ServerSettings{heartbeatFrequencyMS=10000, minHeartbeatFrequencyMS=500, serverListeners='[]', serverMonitorListeners='[]'}, sslSettings=SslSettings{enabled=false, invalidHostNameAllowed=false, context=null}, applicationName='null', compressorList=[], uuidRepresentation=JAVA_LEGACY, serverApi=null, autoEncryptionSettings=null, contextProvider=null}
2024-01-29 15:04:51,560 [INFO] org.mongodb.driver.cluster [cluster-ClusterId{value='65b7713be015b9435929e74e', description='null'}-localhost:27017] Monitor thread successfully connected to server with description ServerDescription{address=localhost:27017, type=STANDALONE, state=CONNECTED, ok=true, minWireVersion=0, maxWireVersion=17, maxDocumentSize=16777216, logicalSessionTimeoutMinutes=30, roundTripTimeNanos=1040400}
2024-01-29 15:04:51,690 [WARN] org.springframework.boot.devtools.autoconfigure.OptionalLiveReloadServer [restartedMain] Unable to start LiveReload server
2024-01-29 15:04:51,742 [WARN] org.springframework.boot.web.servlet.context.AnnotationConfigServletWebServerApplicationContext [restartedMain] Exception encountered during context initialization - cancelling refresh attempt: org.springframework.beans.factory.UnsatisfiedDependencyException: Error creating bean with name 'doctorController': Unsatisfied dependency expressed through field 'doctorEmailVerifiaction': No qualifying bean of type 'com.pms.doctor.service.Impl.doctorEmailVerificationServiceImpl' available: expected at least 1 bean which qualifies as autowire candidate. Dependency annotations: {@org.springframework.beans.factory.annotation.Autowired(required=true)}
2024-01-29 15:04:51,743 [INFO] org.apache.catalina.core.StandardService [restartedMain] Stopping service [Tomcat]
2024-01-29 15:04:51,753 [INFO] org.springframework.boot.autoconfigure.logging.ConditionEvaluationReportLogger [restartedMain] 

Error starting ApplicationContext. To display the condition evaluation report re-run your application with 'debug' enabled.
2024-01-29 15:04:51,760 [ERROR] org.springframework.boot.diagnostics.LoggingFailureAnalysisReporter [restartedMain] 

***************************
APPLICATION FAILED TO START
***************************

Description:

Field doctorEmailVerifiaction in com.pms.doctor.service.Controller.doctorController required a bean of type 'com.pms.doctor.service.Impl.doctorEmailVerificationServiceImpl' that could not be found.

The injection point has the following annotations:
	- @org.springframework.beans.factory.annotation.Autowired(required=true)


Action:

Consider defining a bean of type 'com.pms.doctor.service.Impl.doctorEmailVerificationServiceImpl' in your configuration.

2024-01-29 15:08:17,058 [INFO] com.pms.doctor.service.DoctorServiceApplication [restartedMain] Starting DoctorServiceApplication using Java 17.0.7 with PID 18616 (C:\Users\rahul\Desktop\PMS UPdate\Pharmacy-Management-System\Doctor-Service\Doctor-Service\target\classes started by rahul in C:\Users\rahul\Desktop\PMS UPdate\Pharmacy-Management-System\Doctor-Service\Doctor-Service)
2024-01-29 15:08:17,064 [INFO] com.pms.doctor.service.DoctorServiceApplication [restartedMain] No active profile set, falling back to 1 default profile: "default"
2024-01-29 15:08:17,188 [INFO] org.springframework.boot.devtools.env.DevToolsPropertyDefaultsPostProcessor [restartedMain] Devtools property defaults active! Set 'spring.devtools.add-properties' to 'false' to disable
2024-01-29 15:08:17,188 [INFO] org.springframework.boot.devtools.env.DevToolsPropertyDefaultsPostProcessor [restartedMain] For additional web related logging consider setting the 'logging.level.web' property to 'DEBUG'
2024-01-29 15:08:19,288 [INFO] org.springframework.data.repository.config.RepositoryConfigurationDelegate [restartedMain] Bootstrapping Spring Data MongoDB repositories in DEFAULT mode.
2024-01-29 15:08:19,550 [INFO] org.springframework.data.repository.config.RepositoryConfigurationDelegate [restartedMain] Finished Spring Data repository scanning in 252 ms. Found 5 MongoDB repository interfaces.
2024-01-29 15:08:20,231 [INFO] org.springframework.cloud.context.scope.GenericScope [restartedMain] BeanFactory id=d186ccb7-1c2f-33e8-8b3e-f826f07e5662
2024-01-29 15:08:21,816 [INFO] org.springframework.boot.web.embedded.tomcat.TomcatWebServer [restartedMain] Tomcat initialized with port(s): 8081 (http)
2024-01-29 15:08:21,836 [INFO] org.apache.catalina.core.StandardService [restartedMain] Starting service [Tomcat]
2024-01-29 15:08:21,836 [INFO] org.apache.catalina.core.StandardEngine [restartedMain] Starting Servlet engine: [Apache Tomcat/10.1.8]
2024-01-29 15:08:21,973 [INFO] org.apache.catalina.core.ContainerBase.[Tomcat].[localhost].[/] [restartedMain] Initializing Spring embedded WebApplicationContext
2024-01-29 15:08:21,973 [INFO] org.springframework.boot.web.servlet.context.ServletWebServerApplicationContext [restartedMain] Root WebApplicationContext: initialization completed in 4784 ms
2024-01-29 15:08:22,854 [INFO] org.mongodb.driver.client [restartedMain] MongoClient with metadata {"driver": {"name": "mongo-java-driver|sync|spring-boot", "version": "4.8.2"}, "os": {"type": "Windows", "name": "Windows 11", "architecture": "amd64", "version": "10.0"}, "platform": "Java/Eclipse Adoptium/17.0.7+7"} created with settings MongoClientSettings{readPreference=primary, writeConcern=WriteConcern{w=null, wTimeout=null ms, journal=null}, retryWrites=true, retryReads=true, readConcern=ReadConcern{level=null}, credential=null, streamFactoryFactory=null, commandListeners=[io.micrometer.core.instrument.binder.mongodb.MongoMetricsCommandListener@6992728c], codecRegistry=ProvidersCodecRegistry{codecProviders=[ValueCodecProvider{}, BsonValueCodecProvider{}, DBRefCodecProvider{}, DBObjectCodecProvider{}, DocumentCodecProvider{}, CollectionCodecProvider{}, IterableCodecProvider{}, MapCodecProvider{}, GeoJsonCodecProvider{}, GridFSFileCodecProvider{}, Jsr310CodecProvider{}, JsonObjectCodecProvider{}, BsonCodecProvider{}, EnumCodecProvider{}, com.mongodb.Jep395RecordCodecProvider@6ede67b9]}, clusterSettings={hosts=[localhost:27017], srvServiceName=mongodb, mode=SINGLE, requiredClusterType=UNKNOWN, requiredReplicaSetName='null', serverSelector='null', clusterListeners='[]', serverSelectionTimeout='30000 ms', localThreshold='30000 ms'}, socketSettings=SocketSettings{connectTimeoutMS=10000, readTimeoutMS=0, receiveBufferSize=0, sendBufferSize=0}, heartbeatSocketSettings=SocketSettings{connectTimeoutMS=10000, readTimeoutMS=10000, receiveBufferSize=0, sendBufferSize=0}, connectionPoolSettings=ConnectionPoolSettings{maxSize=100, minSize=0, maxWaitTimeMS=120000, maxConnectionLifeTimeMS=0, maxConnectionIdleTimeMS=0, maintenanceInitialDelayMS=0, maintenanceFrequencyMS=60000, connectionPoolListeners=[io.micrometer.core.instrument.binder.mongodb.MongoMetricsConnectionPoolListener@59ef7833], maxConnecting=2}, serverSettings=ServerSettings{heartbeatFrequencyMS=10000, minHeartbeatFrequencyMS=500, serverListeners='[]', serverMonitorListeners='[]'}, sslSettings=SslSettings{enabled=false, invalidHostNameAllowed=false, context=null}, applicationName='null', compressorList=[], uuidRepresentation=JAVA_LEGACY, serverApi=null, autoEncryptionSettings=null, contextProvider=null}
2024-01-29 15:08:22,890 [INFO] org.mongodb.driver.cluster [cluster-ClusterId{value='65b7720ea852001dd78c3a6e', description='null'}-localhost:27017] Monitor thread successfully connected to server with description ServerDescription{address=localhost:27017, type=STANDALONE, state=CONNECTED, ok=true, minWireVersion=0, maxWireVersion=17, maxDocumentSize=16777216, logicalSessionTimeoutMinutes=30, roundTripTimeNanos=35134500}
2024-01-29 15:08:23,744 [WARN] org.springframework.boot.devtools.autoconfigure.OptionalLiveReloadServer [restartedMain] Unable to start LiveReload server
2024-01-29 15:08:23,978 [WARN] org.springframework.boot.web.servlet.context.AnnotationConfigServletWebServerApplicationContext [restartedMain] Exception encountered during context initialization - cancelling refresh attempt: org.springframework.beans.factory.UnsatisfiedDependencyException: Error creating bean with name 'doctorController': Unsatisfied dependency expressed through field 'doctorEmailVerifiaction': No qualifying bean of type 'com.pms.doctor.service.Impl.doctorEmailVerificationServiceImpl' available: expected at least 1 bean which qualifies as autowire candidate. Dependency annotations: {@org.springframework.beans.factory.annotation.Autowired(required=true)}
2024-01-29 15:08:23,986 [INFO] org.apache.catalina.core.StandardService [restartedMain] Stopping service [Tomcat]
2024-01-29 15:08:23,996 [WARN] org.apache.catalina.loader.WebappClassLoaderBase [restartedMain] The web application [ROOT] appears to have started a thread named [BufferPoolPruner-1-thread-1] but has failed to stop it. This is very likely to create a memory leak. Stack trace of thread:
 java.base@17.0.7/jdk.internal.misc.Unsafe.park(Native Method)
 java.base@17.0.7/java.util.concurrent.locks.LockSupport.parkNanos(LockSupport.java:252)
 java.base@17.0.7/java.util.concurrent.locks.AbstractQueuedSynchronizer$ConditionObject.awaitNanos(AbstractQueuedSynchronizer.java:1672)
 java.base@17.0.7/java.util.concurrent.ScheduledThreadPoolExecutor$DelayedWorkQueue.take(ScheduledThreadPoolExecutor.java:1182)
 java.base@17.0.7/java.util.concurrent.ScheduledThreadPoolExecutor$DelayedWorkQueue.take(ScheduledThreadPoolExecutor.java:899)
 java.base@17.0.7/java.util.concurrent.ThreadPoolExecutor.getTask(ThreadPoolExecutor.java:1062)
 java.base@17.0.7/java.util.concurrent.ThreadPoolExecutor.runWorker(ThreadPoolExecutor.java:1122)
 java.base@17.0.7/java.util.concurrent.ThreadPoolExecutor$Worker.run(ThreadPoolExecutor.java:635)
 java.base@17.0.7/java.lang.Thread.run(Thread.java:833)
2024-01-29 15:08:24,031 [INFO] org.springframework.boot.autoconfigure.logging.ConditionEvaluationReportLogger [restartedMain] 

Error starting ApplicationContext. To display the condition evaluation report re-run your application with 'debug' enabled.
2024-01-29 15:08:24,100 [ERROR] org.springframework.boot.diagnostics.LoggingFailureAnalysisReporter [restartedMain] 

***************************
APPLICATION FAILED TO START
***************************

Description:

Field doctorEmailVerifiaction in com.pms.doctor.service.Controller.doctorController required a bean of type 'com.pms.doctor.service.Impl.doctorEmailVerificationServiceImpl' that could not be found.

The injection point has the following annotations:
	- @org.springframework.beans.factory.annotation.Autowired(required=true)


Action:

Consider defining a bean of type 'com.pms.doctor.service.Impl.doctorEmailVerificationServiceImpl' in your configuration.

2024-01-29 15:09:50,554 [INFO] com.pms.doctor.service.DoctorServiceApplication [restartedMain] Starting DoctorServiceApplication using Java 17.0.7 with PID 11216 (C:\Users\rahul\Desktop\PMS UPdate\Pharmacy-Management-System\Doctor-Service\Doctor-Service\target\classes started by rahul in C:\Users\rahul\Desktop\PMS UPdate\Pharmacy-Management-System\Doctor-Service\Doctor-Service)
2024-01-29 15:09:50,555 [INFO] com.pms.doctor.service.DoctorServiceApplication [restartedMain] No active profile set, falling back to 1 default profile: "default"
2024-01-29 15:09:50,808 [INFO] org.springframework.data.repository.config.RepositoryConfigurationDelegate [restartedMain] Bootstrapping Spring Data MongoDB repositories in DEFAULT mode.
2024-01-29 15:09:50,821 [INFO] org.springframework.data.repository.config.RepositoryConfigurationDelegate [restartedMain] Finished Spring Data repository scanning in 12 ms. Found 5 MongoDB repository interfaces.
2024-01-29 15:09:50,874 [INFO] org.springframework.cloud.context.scope.GenericScope [restartedMain] BeanFactory id=87d25be0-8995-3ff0-bdb4-231150cf91b1
2024-01-29 15:09:50,982 [INFO] org.springframework.boot.web.embedded.tomcat.TomcatWebServer [restartedMain] Tomcat initialized with port(s): 8081 (http)
2024-01-29 15:09:50,983 [INFO] org.apache.catalina.core.StandardService [restartedMain] Starting service [Tomcat]
2024-01-29 15:09:50,983 [INFO] org.apache.catalina.core.StandardEngine [restartedMain] Starting Servlet engine: [Apache Tomcat/10.1.8]
2024-01-29 15:09:51,015 [INFO] org.apache.catalina.core.ContainerBase.[Tomcat-2].[localhost].[/] [restartedMain] Initializing Spring embedded WebApplicationContext
2024-01-29 15:09:51,015 [INFO] org.springframework.boot.web.servlet.context.ServletWebServerApplicationContext [restartedMain] Root WebApplicationContext: initialization completed in 459 ms
2024-01-29 15:09:51,179 [INFO] org.mongodb.driver.client [restartedMain] MongoClient with metadata {"driver": {"name": "mongo-java-driver|sync|spring-boot", "version": "4.8.2"}, "os": {"type": "Windows", "name": "Windows 11", "architecture": "amd64", "version": "10.0"}, "platform": "Java/Eclipse Adoptium/17.0.7+7"} created with settings MongoClientSettings{readPreference=primary, writeConcern=WriteConcern{w=null, wTimeout=null ms, journal=null}, retryWrites=true, retryReads=true, readConcern=ReadConcern{level=null}, credential=null, streamFactoryFactory=null, commandListeners=[io.micrometer.core.instrument.binder.mongodb.MongoMetricsCommandListener@1f261703], codecRegistry=ProvidersCodecRegistry{codecProviders=[ValueCodecProvider{}, BsonValueCodecProvider{}, DBRefCodecProvider{}, DBObjectCodecProvider{}, DocumentCodecProvider{}, CollectionCodecProvider{}, IterableCodecProvider{}, MapCodecProvider{}, GeoJsonCodecProvider{}, GridFSFileCodecProvider{}, Jsr310CodecProvider{}, JsonObjectCodecProvider{}, BsonCodecProvider{}, EnumCodecProvider{}, com.mongodb.Jep395RecordCodecProvider@a9532f3]}, clusterSettings={hosts=[localhost:27017], srvServiceName=mongodb, mode=SINGLE, requiredClusterType=UNKNOWN, requiredReplicaSetName='null', serverSelector='null', clusterListeners='[]', serverSelectionTimeout='30000 ms', localThreshold='30000 ms'}, socketSettings=SocketSettings{connectTimeoutMS=10000, readTimeoutMS=0, receiveBufferSize=0, sendBufferSize=0}, heartbeatSocketSettings=SocketSettings{connectTimeoutMS=10000, readTimeoutMS=10000, receiveBufferSize=0, sendBufferSize=0}, connectionPoolSettings=ConnectionPoolSettings{maxSize=100, minSize=0, maxWaitTimeMS=120000, maxConnectionLifeTimeMS=0, maxConnectionIdleTimeMS=0, maintenanceInitialDelayMS=0, maintenanceFrequencyMS=60000, connectionPoolListeners=[io.micrometer.core.instrument.binder.mongodb.MongoMetricsConnectionPoolListener@8e2c585], maxConnecting=2}, serverSettings=ServerSettings{heartbeatFrequencyMS=10000, minHeartbeatFrequencyMS=500, serverListeners='[]', serverMonitorListeners='[]'}, sslSettings=SslSettings{enabled=false, invalidHostNameAllowed=false, context=null}, applicationName='null', compressorList=[], uuidRepresentation=JAVA_LEGACY, serverApi=null, autoEncryptionSettings=null, contextProvider=null}
2024-01-29 15:09:51,181 [INFO] org.mongodb.driver.cluster [cluster-ClusterId{value='65b77267e015b9435929e74f', description='null'}-localhost:27017] Monitor thread successfully connected to server with description ServerDescription{address=localhost:27017, type=STANDALONE, state=CONNECTED, ok=true, minWireVersion=0, maxWireVersion=17, maxDocumentSize=16777216, logicalSessionTimeoutMinutes=30, roundTripTimeNanos=1197600}
2024-01-29 15:09:51,296 [WARN] org.springframework.boot.devtools.autoconfigure.OptionalLiveReloadServer [restartedMain] Unable to start LiveReload server
2024-01-29 15:09:51,834 [INFO] org.springframework.boot.actuate.endpoint.web.EndpointLinksResolver [restartedMain] Exposing 1 endpoint(s) beneath base path '/actuator'
2024-01-29 15:09:51,865 [INFO] org.springframework.security.web.DefaultSecurityFilterChain [restartedMain] Will secure any request with [org.springframework.security.web.session.DisableEncodeUrlFilter@648ec15e, org.springframework.security.web.context.request.async.WebAsyncManagerIntegrationFilter@36815432, org.springframework.security.web.context.SecurityContextHolderFilter@49823db, org.springframework.security.web.header.HeaderWriterFilter@5b743657, org.springframework.web.filter.CorsFilter@2c331c4f, org.springframework.security.web.authentication.logout.LogoutFilter@38a9f268, com.pms.doctor.service.Config.JwtAuthenticationFilter@14378ae5, org.springframework.security.web.savedrequest.RequestCacheAwareFilter@4c37786a, org.springframework.security.web.servletapi.SecurityContextHolderAwareRequestFilter@3202b95d, org.springframework.security.web.authentication.AnonymousAuthenticationFilter@7931bebd, org.springframework.security.web.session.SessionManagementFilter@2967e5a8, org.springframework.security.web.access.ExceptionTranslationFilter@43c4547b, org.springframework.security.web.access.intercept.AuthorizationFilter@7770b5e2]
2024-01-29 15:09:52,284 [INFO] org.springframework.cloud.netflix.eureka.config.DiscoveryClientOptionalArgsConfiguration [restartedMain] Eureka HTTP Client uses RestTemplate.
2024-01-29 15:09:52,332 [WARN] org.springframework.cloud.loadbalancer.config.LoadBalancerCacheAutoConfiguration$LoadBalancerCaffeineWarnLogger [restartedMain] Spring Cloud LoadBalancer is currently working with the default cache. While this cache implementation is useful for development and tests, it's recommended to use Caffeine cache in production.You can switch to using Caffeine cache, by adding it and org.springframework.cache.caffeine.CaffeineCacheManager to the classpath.
2024-01-29 15:09:52,351 [INFO] org.springframework.cloud.netflix.eureka.InstanceInfoFactory [restartedMain] Setting initial instance status as: STARTING
2024-01-29 15:09:52,354 [INFO] com.netflix.discovery.DiscoveryClient [restartedMain] Initializing Eureka in region us-east-1
2024-01-29 15:09:52,354 [INFO] com.netflix.discovery.shared.resolver.aws.ConfigClusterResolver [restartedMain] Resolving eureka endpoints via configuration
2024-01-29 15:09:52,354 [INFO] com.netflix.discovery.DiscoveryClient [restartedMain] Disable delta property : false
2024-01-29 15:09:52,354 [INFO] com.netflix.discovery.DiscoveryClient [restartedMain] Single vip registry refresh property : null
2024-01-29 15:09:52,354 [INFO] com.netflix.discovery.DiscoveryClient [restartedMain] Force full registry fetch : false
2024-01-29 15:09:52,354 [INFO] com.netflix.discovery.DiscoveryClient [restartedMain] Application is null : false
2024-01-29 15:09:52,354 [INFO] com.netflix.discovery.DiscoveryClient [restartedMain] Registered Applications size is zero : true
2024-01-29 15:09:52,354 [INFO] com.netflix.discovery.DiscoveryClient [restartedMain] Application version is -1: true
2024-01-29 15:09:52,354 [INFO] com.netflix.discovery.DiscoveryClient [restartedMain] Getting all instance registry info from the eureka server
2024-01-29 15:09:52,366 [INFO] com.netflix.discovery.DiscoveryClient [restartedMain] The response status is 200
2024-01-29 15:09:52,366 [INFO] com.netflix.discovery.DiscoveryClient [restartedMain] Starting heartbeat executor: renew interval is: 30
2024-01-29 15:09:52,366 [INFO] com.netflix.discovery.InstanceInfoReplicator [restartedMain] InstanceInfoReplicator onDemand update allowed rate per min is 4
2024-01-29 15:09:52,367 [INFO] com.netflix.discovery.DiscoveryClient [restartedMain] Discovery Client initialized at timestamp 1706521192367 with initial instances count: 5
2024-01-29 15:09:52,374 [INFO] org.springframework.cloud.netflix.eureka.serviceregistry.EurekaServiceRegistry [restartedMain] Registering application DOCTOR-SERVICE with eureka with status UP
2024-01-29 15:09:52,374 [INFO] com.netflix.discovery.DiscoveryClient [restartedMain] Saw local status change event StatusChangeEvent [timestamp=1706521192374, current=UP, previous=STARTING]
2024-01-29 15:09:52,376 [INFO] com.netflix.discovery.DiscoveryClient [DiscoveryClient-InstanceInfoReplicator-0] DiscoveryClient_DOCTOR-SERVICE/LAPTOP-GFBQMQJH:doctor-service:8081: registering service...
2024-01-29 15:09:52,380 [INFO] org.springframework.boot.web.embedded.tomcat.TomcatWebServer [restartedMain] Tomcat started on port(s): 8081 (http) with context path ''
2024-01-29 15:09:52,380 [INFO] org.springframework.cloud.netflix.eureka.serviceregistry.EurekaAutoServiceRegistration [restartedMain] Updating port to 8081
2024-01-29 15:09:52,386 [INFO] com.netflix.discovery.DiscoveryClient [DiscoveryClient-InstanceInfoReplicator-0] DiscoveryClient_DOCTOR-SERVICE/LAPTOP-GFBQMQJH:doctor-service:8081 - registration status: 204
2024-01-29 15:09:52,473 [INFO] com.pms.doctor.service.DoctorServiceApplication [restartedMain] Started DoctorServiceApplication in 2.023 seconds (process running for 6068.369)
2024-01-29 15:09:52,475 [INFO] org.springframework.boot.devtools.autoconfigure.ConditionEvaluationDeltaLoggingListener [restartedMain] Condition evaluation unchanged
2024-01-29 15:10:57,548 [INFO] org.springframework.boot.devtools.autoconfigure.LocalDevToolsAutoConfiguration$RestartingClassPathChangeChangedEventListener [File Watcher] Restarting due to 58 class path changes (0 additions, 0 deletions, 58 modifications)
2024-01-29 15:10:57,548 [INFO] org.springframework.cloud.netflix.eureka.serviceregistry.EurekaServiceRegistry [Thread-139] Unregistering application DOCTOR-SERVICE with eureka with status DOWN
2024-01-29 15:10:57,548 [INFO] com.netflix.discovery.DiscoveryClient [Thread-139] Saw local status change event StatusChangeEvent [timestamp=1706521257548, current=DOWN, previous=UP]
2024-01-29 15:10:57,549 [INFO] com.netflix.discovery.DiscoveryClient [DiscoveryClient-InstanceInfoReplicator-0] DiscoveryClient_DOCTOR-SERVICE/LAPTOP-GFBQMQJH:doctor-service:8081: registering service...
2024-01-29 15:10:57,552 [INFO] com.netflix.discovery.DiscoveryClient [DiscoveryClient-InstanceInfoReplicator-0] DiscoveryClient_DOCTOR-SERVICE/LAPTOP-GFBQMQJH:doctor-service:8081 - registration status: 204
2024-01-29 15:10:57,557 [INFO] org.apache.catalina.core.StandardService [Thread-139] Stopping service [Tomcat]
2024-01-29 15:10:57,559 [WARN] org.apache.catalina.loader.WebappClassLoaderBase [Thread-139] The web application [ROOT] appears to have started a thread named [cluster-ClusterId{value='65b77267e015b9435929e74f', description='null'}-localhost:27017] but has failed to stop it. This is very likely to create a memory leak. Stack trace of thread:
 java.base@17.0.7/sun.nio.ch.Net.poll(Native Method)
 java.base@17.0.7/sun.nio.ch.NioSocketImpl.park(NioSocketImpl.java:181)
 java.base@17.0.7/sun.nio.ch.NioSocketImpl.timedRead(NioSocketImpl.java:285)
 java.base@17.0.7/sun.nio.ch.NioSocketImpl.implRead(NioSocketImpl.java:309)
 java.base@17.0.7/sun.nio.ch.NioSocketImpl.read(NioSocketImpl.java:350)
 java.base@17.0.7/sun.nio.ch.NioSocketImpl$1.read(NioSocketImpl.java:803)
 java.base@17.0.7/java.net.Socket$SocketInputStream.read(Socket.java:966)
 app//com.mongodb.internal.connection.SocketStream.read(SocketStream.java:113)
 app//com.mongodb.internal.connection.SocketStream.read(SocketStream.java:138)
 app//com.mongodb.internal.connection.InternalStreamConnection.receiveResponseBuffers(InternalStreamConnection.java:716)
 app//com.mongodb.internal.connection.InternalStreamConnection.receiveMessageWithAdditionalTimeout(InternalStreamConnection.java:574)
 app//com.mongodb.internal.connection.InternalStreamConnection.receiveCommandMessageResponse(InternalStreamConnection.java:413)
 app//com.mongodb.internal.connection.InternalStreamConnection.receive(InternalStreamConnection.java:372)
 app//com.mongodb.internal.connection.DefaultServerMonitor$ServerMonitorRunnable.lookupServerDescription(DefaultServerMonitor.java:226)
 app//com.mongodb.internal.connection.DefaultServerMonitor$ServerMonitorRunnable.run(DefaultServerMonitor.java:158)
 java.base@17.0.7/java.lang.Thread.run(Thread.java:833)
2024-01-29 15:10:57,559 [WARN] org.apache.catalina.loader.WebappClassLoaderBase [Thread-139] The web application [ROOT] appears to have started a thread named [cluster-rtt-ClusterId{value='65b77267e015b9435929e74f', description='null'}-localhost:27017] but has failed to stop it. This is very likely to create a memory leak. Stack trace of thread:
 java.base@17.0.7/java.lang.Thread.sleep(Native Method)
 app//com.mongodb.internal.connection.DefaultServerMonitor.waitForNext(DefaultServerMonitor.java:448)
 app//com.mongodb.internal.connection.DefaultServerMonitor.access$1500(DefaultServerMonitor.java:65)
 app//com.mongodb.internal.connection.DefaultServerMonitor$RoundTripTimeRunnable.run(DefaultServerMonitor.java:420)
 java.base@17.0.7/java.lang.Thread.run(Thread.java:833)
2024-01-29 15:10:57,560 [WARN] org.apache.catalina.loader.WebappClassLoaderBase [Thread-139] The web application [ROOT] appears to have started a thread named [MaintenanceTimer-27-thread-1] but has failed to stop it. This is very likely to create a memory leak. Stack trace of thread:
 java.base@17.0.7/jdk.internal.misc.Unsafe.park(Native Method)
 java.base@17.0.7/java.util.concurrent.locks.LockSupport.parkNanos(LockSupport.java:252)
 java.base@17.0.7/java.util.concurrent.locks.AbstractQueuedSynchronizer$ConditionObject.awaitNanos(AbstractQueuedSynchronizer.java:1672)
 java.base@17.0.7/java.util.concurrent.ScheduledThreadPoolExecutor$DelayedWorkQueue.take(ScheduledThreadPoolExecutor.java:1182)
 java.base@17.0.7/java.util.concurrent.ScheduledThreadPoolExecutor$DelayedWorkQueue.take(ScheduledThreadPoolExecutor.java:899)
 java.base@17.0.7/java.util.concurrent.ThreadPoolExecutor.getTask(ThreadPoolExecutor.java:1062)
 java.base@17.0.7/java.util.concurrent.ThreadPoolExecutor.runWorker(ThreadPoolExecutor.java:1122)
 java.base@17.0.7/java.util.concurrent.ThreadPoolExecutor$Worker.run(ThreadPoolExecutor.java:635)
 java.base@17.0.7/java.lang.Thread.run(Thread.java:833)
2024-01-29 15:10:57,564 [INFO] com.netflix.discovery.DiscoveryClient [Thread-139] Shutting down DiscoveryClient ...
2024-01-29 15:11:00,573 [INFO] com.netflix.discovery.DiscoveryClient [Thread-139] Unregistering ...
2024-01-29 15:11:00,577 [INFO] com.netflix.discovery.DiscoveryClient [Thread-139] DiscoveryClient_DOCTOR-SERVICE/LAPTOP-GFBQMQJH:doctor-service:8081 - deregister  status: 200
2024-01-29 15:11:00,579 [INFO] com.netflix.discovery.DiscoveryClient [Thread-139] Completed shut down of DiscoveryClient
2024-01-29 15:11:00,914 [INFO] com.pms.doctor.service.DoctorServiceApplication [restartedMain] Starting DoctorServiceApplication using Java 17.0.7 with PID 11216 (C:\Users\rahul\Desktop\PMS UPdate\Pharmacy-Management-System\Doctor-Service\Doctor-Service\target\classes started by rahul in C:\Users\rahul\Desktop\PMS UPdate\Pharmacy-Management-System\Doctor-Service\Doctor-Service)
2024-01-29 15:11:00,914 [INFO] com.pms.doctor.service.DoctorServiceApplication [restartedMain] No active profile set, falling back to 1 default profile: "default"
2024-01-29 15:11:01,179 [INFO] org.springframework.data.repository.config.RepositoryConfigurationDelegate [restartedMain] Bootstrapping Spring Data MongoDB repositories in DEFAULT mode.
2024-01-29 15:11:01,196 [INFO] org.springframework.data.repository.config.RepositoryConfigurationDelegate [restartedMain] Finished Spring Data repository scanning in 16 ms. Found 5 MongoDB repository interfaces.
2024-01-29 15:11:01,270 [INFO] org.springframework.cloud.context.scope.GenericScope [restartedMain] BeanFactory id=87d25be0-8995-3ff0-bdb4-231150cf91b1
2024-01-29 15:11:01,378 [INFO] org.springframework.boot.web.embedded.tomcat.TomcatWebServer [restartedMain] Tomcat initialized with port(s): 8081 (http)
2024-01-29 15:11:01,378 [INFO] org.apache.catalina.core.StandardService [restartedMain] Starting service [Tomcat]
2024-01-29 15:11:01,378 [INFO] org.apache.catalina.core.StandardEngine [restartedMain] Starting Servlet engine: [Apache Tomcat/10.1.8]
2024-01-29 15:11:01,402 [INFO] org.apache.catalina.core.ContainerBase.[Tomcat-2].[localhost].[/] [restartedMain] Initializing Spring embedded WebApplicationContext
2024-01-29 15:11:01,402 [INFO] org.springframework.boot.web.servlet.context.ServletWebServerApplicationContext [restartedMain] Root WebApplicationContext: initialization completed in 487 ms
2024-01-29 15:11:01,570 [INFO] org.mongodb.driver.client [restartedMain] MongoClient with metadata {"driver": {"name": "mongo-java-driver|sync|spring-boot", "version": "4.8.2"}, "os": {"type": "Windows", "name": "Windows 11", "architecture": "amd64", "version": "10.0"}, "platform": "Java/Eclipse Adoptium/17.0.7+7"} created with settings MongoClientSettings{readPreference=primary, writeConcern=WriteConcern{w=null, wTimeout=null ms, journal=null}, retryWrites=true, retryReads=true, readConcern=ReadConcern{level=null}, credential=null, streamFactoryFactory=null, commandListeners=[io.micrometer.core.instrument.binder.mongodb.MongoMetricsCommandListener@5b6dc56f], codecRegistry=ProvidersCodecRegistry{codecProviders=[ValueCodecProvider{}, BsonValueCodecProvider{}, DBRefCodecProvider{}, DBObjectCodecProvider{}, DocumentCodecProvider{}, CollectionCodecProvider{}, IterableCodecProvider{}, MapCodecProvider{}, GeoJsonCodecProvider{}, GridFSFileCodecProvider{}, Jsr310CodecProvider{}, JsonObjectCodecProvider{}, BsonCodecProvider{}, EnumCodecProvider{}, com.mongodb.Jep395RecordCodecProvider@a9532f3]}, clusterSettings={hosts=[localhost:27017], srvServiceName=mongodb, mode=SINGLE, requiredClusterType=UNKNOWN, requiredReplicaSetName='null', serverSelector='null', clusterListeners='[]', serverSelectionTimeout='30000 ms', localThreshold='30000 ms'}, socketSettings=SocketSettings{connectTimeoutMS=10000, readTimeoutMS=0, receiveBufferSize=0, sendBufferSize=0}, heartbeatSocketSettings=SocketSettings{connectTimeoutMS=10000, readTimeoutMS=10000, receiveBufferSize=0, sendBufferSize=0}, connectionPoolSettings=ConnectionPoolSettings{maxSize=100, minSize=0, maxWaitTimeMS=120000, maxConnectionLifeTimeMS=0, maxConnectionIdleTimeMS=0, maintenanceInitialDelayMS=0, maintenanceFrequencyMS=60000, connectionPoolListeners=[io.micrometer.core.instrument.binder.mongodb.MongoMetricsConnectionPoolListener@45f94f32], maxConnecting=2}, serverSettings=ServerSettings{heartbeatFrequencyMS=10000, minHeartbeatFrequencyMS=500, serverListeners='[]', serverMonitorListeners='[]'}, sslSettings=SslSettings{enabled=false, invalidHostNameAllowed=false, context=null}, applicationName='null', compressorList=[], uuidRepresentation=JAVA_LEGACY, serverApi=null, autoEncryptionSettings=null, contextProvider=null}
2024-01-29 15:11:01,573 [INFO] org.mongodb.driver.cluster [cluster-ClusterId{value='65b772ade015b9435929e750', description='null'}-localhost:27017] Monitor thread successfully connected to server with description ServerDescription{address=localhost:27017, type=STANDALONE, state=CONNECTED, ok=true, minWireVersion=0, maxWireVersion=17, maxDocumentSize=16777216, logicalSessionTimeoutMinutes=30, roundTripTimeNanos=1283700}
2024-01-29 15:11:01,683 [WARN] org.springframework.boot.devtools.autoconfigure.OptionalLiveReloadServer [restartedMain] Unable to start LiveReload server
2024-01-29 15:11:02,208 [INFO] org.springframework.boot.actuate.endpoint.web.EndpointLinksResolver [restartedMain] Exposing 1 endpoint(s) beneath base path '/actuator'
2024-01-29 15:11:02,240 [INFO] org.springframework.security.web.DefaultSecurityFilterChain [restartedMain] Will secure any request with [org.springframework.security.web.session.DisableEncodeUrlFilter@450c10dc, org.springframework.security.web.context.request.async.WebAsyncManagerIntegrationFilter@36df5f77, org.springframework.security.web.context.SecurityContextHolderFilter@53e2b3d5, org.springframework.security.web.header.HeaderWriterFilter@3dcaa6, org.springframework.web.filter.CorsFilter@1ae241a, org.springframework.security.web.authentication.logout.LogoutFilter@21a0cb6b, com.pms.doctor.service.Config.JwtAuthenticationFilter@25e34790, org.springframework.security.web.savedrequest.RequestCacheAwareFilter@3a417eab, org.springframework.security.web.servletapi.SecurityContextHolderAwareRequestFilter@2746903, org.springframework.security.web.authentication.AnonymousAuthenticationFilter@13ff416, org.springframework.security.web.session.SessionManagementFilter@56704a86, org.springframework.security.web.access.ExceptionTranslationFilter@74c00562, org.springframework.security.web.access.intercept.AuthorizationFilter@6cf40b69]
2024-01-29 15:11:02,666 [INFO] org.springframework.cloud.netflix.eureka.config.DiscoveryClientOptionalArgsConfiguration [restartedMain] Eureka HTTP Client uses RestTemplate.
2024-01-29 15:11:02,721 [WARN] org.springframework.cloud.loadbalancer.config.LoadBalancerCacheAutoConfiguration$LoadBalancerCaffeineWarnLogger [restartedMain] Spring Cloud LoadBalancer is currently working with the default cache. While this cache implementation is useful for development and tests, it's recommended to use Caffeine cache in production.You can switch to using Caffeine cache, by adding it and org.springframework.cache.caffeine.CaffeineCacheManager to the classpath.
2024-01-29 15:11:02,742 [INFO] org.springframework.cloud.netflix.eureka.InstanceInfoFactory [restartedMain] Setting initial instance status as: STARTING
2024-01-29 15:11:02,746 [INFO] com.netflix.discovery.DiscoveryClient [restartedMain] Initializing Eureka in region us-east-1
2024-01-29 15:11:02,746 [INFO] com.netflix.discovery.shared.resolver.aws.ConfigClusterResolver [restartedMain] Resolving eureka endpoints via configuration
2024-01-29 15:11:02,747 [INFO] com.netflix.discovery.DiscoveryClient [restartedMain] Disable delta property : false
2024-01-29 15:11:02,747 [INFO] com.netflix.discovery.DiscoveryClient [restartedMain] Single vip registry refresh property : null
2024-01-29 15:11:02,747 [INFO] com.netflix.discovery.DiscoveryClient [restartedMain] Force full registry fetch : false
2024-01-29 15:11:02,747 [INFO] com.netflix.discovery.DiscoveryClient [restartedMain] Application is null : false
2024-01-29 15:11:02,747 [INFO] com.netflix.discovery.DiscoveryClient [restartedMain] Registered Applications size is zero : true
2024-01-29 15:11:02,747 [INFO] com.netflix.discovery.DiscoveryClient [restartedMain] Application version is -1: true
2024-01-29 15:11:02,747 [INFO] com.netflix.discovery.DiscoveryClient [restartedMain] Getting all instance registry info from the eureka server
2024-01-29 15:11:02,756 [INFO] com.netflix.discovery.DiscoveryClient [restartedMain] The response status is 200
2024-01-29 15:11:02,756 [INFO] com.netflix.discovery.DiscoveryClient [restartedMain] Starting heartbeat executor: renew interval is: 30
2024-01-29 15:11:02,757 [INFO] com.netflix.discovery.InstanceInfoReplicator [restartedMain] InstanceInfoReplicator onDemand update allowed rate per min is 4
2024-01-29 15:11:02,757 [INFO] com.netflix.discovery.DiscoveryClient [restartedMain] Discovery Client initialized at timestamp 1706521262757 with initial instances count: 5
2024-01-29 15:11:02,764 [INFO] org.springframework.cloud.netflix.eureka.serviceregistry.EurekaServiceRegistry [restartedMain] Registering application DOCTOR-SERVICE with eureka with status UP
2024-01-29 15:11:02,764 [INFO] com.netflix.discovery.DiscoveryClient [restartedMain] Saw local status change event StatusChangeEvent [timestamp=1706521262764, current=UP, previous=STARTING]
2024-01-29 15:11:02,764 [INFO] com.netflix.discovery.DiscoveryClient [DiscoveryClient-InstanceInfoReplicator-0] DiscoveryClient_DOCTOR-SERVICE/LAPTOP-GFBQMQJH:doctor-service:8081: registering service...
2024-01-29 15:11:02,770 [INFO] org.springframework.boot.web.embedded.tomcat.TomcatWebServer [restartedMain] Tomcat started on port(s): 8081 (http) with context path ''
2024-01-29 15:11:02,770 [INFO] org.springframework.cloud.netflix.eureka.serviceregistry.EurekaAutoServiceRegistration [restartedMain] Updating port to 8081
2024-01-29 15:11:02,774 [INFO] com.netflix.discovery.DiscoveryClient [DiscoveryClient-InstanceInfoReplicator-0] DiscoveryClient_DOCTOR-SERVICE/LAPTOP-GFBQMQJH:doctor-service:8081 - registration status: 204
2024-01-29 15:11:02,861 [INFO] com.pms.doctor.service.DoctorServiceApplication [restartedMain] Started DoctorServiceApplication in 2.056 seconds (process running for 6138.757)
2024-01-29 15:11:02,863 [INFO] org.springframework.boot.devtools.autoconfigure.ConditionEvaluationDeltaLoggingListener [restartedMain] Condition evaluation unchanged
2024-01-29 15:11:06,118 [INFO] org.springframework.boot.devtools.autoconfigure.LocalDevToolsAutoConfiguration$RestartingClassPathChangeChangedEventListener [File Watcher] Restarting due to 1 class path change (0 additions, 0 deletions, 1 modification)
2024-01-29 15:11:06,119 [INFO] org.springframework.cloud.netflix.eureka.serviceregistry.EurekaServiceRegistry [Thread-153] Unregistering application DOCTOR-SERVICE with eureka with status DOWN
2024-01-29 15:11:06,119 [INFO] com.netflix.discovery.DiscoveryClient [Thread-153] Saw local status change event StatusChangeEvent [timestamp=1706521266119, current=DOWN, previous=UP]
2024-01-29 15:11:06,120 [INFO] com.netflix.discovery.DiscoveryClient [DiscoveryClient-InstanceInfoReplicator-0] DiscoveryClient_DOCTOR-SERVICE/LAPTOP-GFBQMQJH:doctor-service:8081: registering service...
2024-01-29 15:11:06,125 [INFO] com.netflix.discovery.DiscoveryClient [DiscoveryClient-InstanceInfoReplicator-0] DiscoveryClient_DOCTOR-SERVICE/LAPTOP-GFBQMQJH:doctor-service:8081 - registration status: 204
2024-01-29 15:11:06,134 [INFO] org.apache.catalina.core.StandardService [Thread-153] Stopping service [Tomcat]
2024-01-29 15:11:06,139 [WARN] org.apache.catalina.loader.WebappClassLoaderBase [Thread-153] The web application [ROOT] appears to have started a thread named [cluster-ClusterId{value='65b772ade015b9435929e750', description='null'}-localhost:27017] but has failed to stop it. This is very likely to create a memory leak. Stack trace of thread:
 java.base@17.0.7/sun.nio.ch.Net.poll(Native Method)
 java.base@17.0.7/sun.nio.ch.NioSocketImpl.park(NioSocketImpl.java:181)
 java.base@17.0.7/sun.nio.ch.NioSocketImpl.timedRead(NioSocketImpl.java:285)
 java.base@17.0.7/sun.nio.ch.NioSocketImpl.implRead(NioSocketImpl.java:309)
 java.base@17.0.7/sun.nio.ch.NioSocketImpl.read(NioSocketImpl.java:350)
 java.base@17.0.7/sun.nio.ch.NioSocketImpl$1.read(NioSocketImpl.java:803)
 java.base@17.0.7/java.net.Socket$SocketInputStream.read(Socket.java:966)
 app//com.mongodb.internal.connection.SocketStream.read(SocketStream.java:113)
 app//com.mongodb.internal.connection.SocketStream.read(SocketStream.java:138)
 app//com.mongodb.internal.connection.InternalStreamConnection.receiveResponseBuffers(InternalStreamConnection.java:716)
 app//com.mongodb.internal.connection.InternalStreamConnection.receiveMessageWithAdditionalTimeout(InternalStreamConnection.java:574)
 app//com.mongodb.internal.connection.InternalStreamConnection.receiveCommandMessageResponse(InternalStreamConnection.java:413)
 app//com.mongodb.internal.connection.InternalStreamConnection.receive(InternalStreamConnection.java:372)
 app//com.mongodb.internal.connection.DefaultServerMonitor$ServerMonitorRunnable.lookupServerDescription(DefaultServerMonitor.java:226)
 app//com.mongodb.internal.connection.DefaultServerMonitor$ServerMonitorRunnable.run(DefaultServerMonitor.java:158)
 java.base@17.0.7/java.lang.Thread.run(Thread.java:833)
2024-01-29 15:11:06,141 [WARN] org.apache.catalina.loader.WebappClassLoaderBase [Thread-153] The web application [ROOT] appears to have started a thread named [cluster-rtt-ClusterId{value='65b772ade015b9435929e750', description='null'}-localhost:27017] but has failed to stop it. This is very likely to create a memory leak. Stack trace of thread:
 java.base@17.0.7/java.lang.Thread.sleep(Native Method)
 app//com.mongodb.internal.connection.DefaultServerMonitor.waitForNext(DefaultServerMonitor.java:448)
 app//com.mongodb.internal.connection.DefaultServerMonitor.access$1500(DefaultServerMonitor.java:65)
 app//com.mongodb.internal.connection.DefaultServerMonitor$RoundTripTimeRunnable.run(DefaultServerMonitor.java:420)
 java.base@17.0.7/java.lang.Thread.run(Thread.java:833)
2024-01-29 15:11:06,142 [WARN] org.apache.catalina.loader.WebappClassLoaderBase [Thread-153] The web application [ROOT] appears to have started a thread named [MaintenanceTimer-28-thread-1] but has failed to stop it. This is very likely to create a memory leak. Stack trace of thread:
 java.base@17.0.7/jdk.internal.misc.Unsafe.park(Native Method)
 java.base@17.0.7/java.util.concurrent.locks.LockSupport.parkNanos(LockSupport.java:252)
 java.base@17.0.7/java.util.concurrent.locks.AbstractQueuedSynchronizer$ConditionObject.awaitNanos(AbstractQueuedSynchronizer.java:1672)
 java.base@17.0.7/java.util.concurrent.ScheduledThreadPoolExecutor$DelayedWorkQueue.take(ScheduledThreadPoolExecutor.java:1182)
 java.base@17.0.7/java.util.concurrent.ScheduledThreadPoolExecutor$DelayedWorkQueue.take(ScheduledThreadPoolExecutor.java:899)
 java.base@17.0.7/java.util.concurrent.ThreadPoolExecutor.getTask(ThreadPoolExecutor.java:1062)
 java.base@17.0.7/java.util.concurrent.ThreadPoolExecutor.runWorker(ThreadPoolExecutor.java:1122)
 java.base@17.0.7/java.util.concurrent.ThreadPoolExecutor$Worker.run(ThreadPoolExecutor.java:635)
 java.base@17.0.7/java.lang.Thread.run(Thread.java:833)
2024-01-29 15:11:06,147 [INFO] com.netflix.discovery.DiscoveryClient [Thread-153] Shutting down DiscoveryClient ...
2024-01-29 15:11:08,284 [INFO] com.pms.doctor.service.DoctorServiceApplication [restartedMain] Starting DoctorServiceApplication using Java 17.0.7 with PID 3040 (C:\Users\rahul\Desktop\PMS UPdate\Pharmacy-Management-System\Doctor-Service\Doctor-Service\target\classes started by rahul in C:\Users\rahul\Desktop\PMS UPdate\Pharmacy-Management-System\Doctor-Service\Doctor-Service)
2024-01-29 15:11:08,290 [INFO] com.pms.doctor.service.DoctorServiceApplication [restartedMain] No active profile set, falling back to 1 default profile: "default"
2024-01-29 15:11:08,383 [INFO] org.springframework.boot.devtools.env.DevToolsPropertyDefaultsPostProcessor [restartedMain] Devtools property defaults active! Set 'spring.devtools.add-properties' to 'false' to disable
2024-01-29 15:11:08,383 [INFO] org.springframework.boot.devtools.env.DevToolsPropertyDefaultsPostProcessor [restartedMain] For additional web related logging consider setting the 'logging.level.web' property to 'DEBUG'
2024-01-29 15:11:09,156 [INFO] com.netflix.discovery.DiscoveryClient [Thread-153] Unregistering ...
2024-01-29 15:11:09,160 [INFO] com.netflix.discovery.DiscoveryClient [Thread-153] DiscoveryClient_DOCTOR-SERVICE/LAPTOP-GFBQMQJH:doctor-service:8081 - deregister  status: 200
2024-01-29 15:11:09,162 [INFO] com.netflix.discovery.DiscoveryClient [Thread-153] Completed shut down of DiscoveryClient
2024-01-29 15:11:09,507 [INFO] com.pms.doctor.service.DoctorServiceApplication [restartedMain] Starting DoctorServiceApplication using Java 17.0.7 with PID 11216 (C:\Users\rahul\Desktop\PMS UPdate\Pharmacy-Management-System\Doctor-Service\Doctor-Service\target\classes started by rahul in C:\Users\rahul\Desktop\PMS UPdate\Pharmacy-Management-System\Doctor-Service\Doctor-Service)
2024-01-29 15:11:09,508 [INFO] com.pms.doctor.service.DoctorServiceApplication [restartedMain] No active profile set, falling back to 1 default profile: "default"
2024-01-29 15:11:09,934 [INFO] org.springframework.data.repository.config.RepositoryConfigurationDelegate [restartedMain] Bootstrapping Spring Data MongoDB repositories in DEFAULT mode.
2024-01-29 15:11:09,958 [INFO] org.springframework.data.repository.config.RepositoryConfigurationDelegate [restartedMain] Finished Spring Data repository scanning in 23 ms. Found 5 MongoDB repository interfaces.
2024-01-29 15:11:10,091 [INFO] org.springframework.cloud.context.scope.GenericScope [restartedMain] BeanFactory id=87d25be0-8995-3ff0-bdb4-231150cf91b1
2024-01-29 15:11:10,294 [INFO] org.springframework.boot.web.embedded.tomcat.TomcatWebServer [restartedMain] Tomcat initialized with port(s): 8081 (http)
2024-01-29 15:11:10,294 [INFO] org.apache.catalina.core.StandardService [restartedMain] Starting service [Tomcat]
2024-01-29 15:11:10,296 [INFO] org.apache.catalina.core.StandardEngine [restartedMain] Starting Servlet engine: [Apache Tomcat/10.1.8]
2024-01-29 15:11:10,340 [INFO] org.apache.catalina.core.ContainerBase.[Tomcat-2].[localhost].[/] [restartedMain] Initializing Spring embedded WebApplicationContext
2024-01-29 15:11:10,340 [INFO] org.springframework.boot.web.servlet.context.ServletWebServerApplicationContext [restartedMain] Root WebApplicationContext: initialization completed in 830 ms
2024-01-29 15:11:10,707 [INFO] org.springframework.data.repository.config.RepositoryConfigurationDelegate [restartedMain] Bootstrapping Spring Data MongoDB repositories in DEFAULT mode.
2024-01-29 15:11:10,734 [INFO] org.mongodb.driver.client [restartedMain] MongoClient with metadata {"driver": {"name": "mongo-java-driver|sync|spring-boot", "version": "4.8.2"}, "os": {"type": "Windows", "name": "Windows 11", "architecture": "amd64", "version": "10.0"}, "platform": "Java/Eclipse Adoptium/17.0.7+7"} created with settings MongoClientSettings{readPreference=primary, writeConcern=WriteConcern{w=null, wTimeout=null ms, journal=null}, retryWrites=true, retryReads=true, readConcern=ReadConcern{level=null}, credential=null, streamFactoryFactory=null, commandListeners=[io.micrometer.core.instrument.binder.mongodb.MongoMetricsCommandListener@7721c22d], codecRegistry=ProvidersCodecRegistry{codecProviders=[ValueCodecProvider{}, BsonValueCodecProvider{}, DBRefCodecProvider{}, DBObjectCodecProvider{}, DocumentCodecProvider{}, CollectionCodecProvider{}, IterableCodecProvider{}, MapCodecProvider{}, GeoJsonCodecProvider{}, GridFSFileCodecProvider{}, Jsr310CodecProvider{}, JsonObjectCodecProvider{}, BsonCodecProvider{}, EnumCodecProvider{}, com.mongodb.Jep395RecordCodecProvider@a9532f3]}, clusterSettings={hosts=[localhost:27017], srvServiceName=mongodb, mode=SINGLE, requiredClusterType=UNKNOWN, requiredReplicaSetName='null', serverSelector='null', clusterListeners='[]', serverSelectionTimeout='30000 ms', localThreshold='30000 ms'}, socketSettings=SocketSettings{connectTimeoutMS=10000, readTimeoutMS=0, receiveBufferSize=0, sendBufferSize=0}, heartbeatSocketSettings=SocketSettings{connectTimeoutMS=10000, readTimeoutMS=10000, receiveBufferSize=0, sendBufferSize=0}, connectionPoolSettings=ConnectionPoolSettings{maxSize=100, minSize=0, maxWaitTimeMS=120000, maxConnectionLifeTimeMS=0, maxConnectionIdleTimeMS=0, maintenanceInitialDelayMS=0, maintenanceFrequencyMS=60000, connectionPoolListeners=[io.micrometer.core.instrument.binder.mongodb.MongoMetricsConnectionPoolListener@1d9ec09c], maxConnecting=2}, serverSettings=ServerSettings{heartbeatFrequencyMS=10000, minHeartbeatFrequencyMS=500, serverListeners='[]', serverMonitorListeners='[]'}, sslSettings=SslSettings{enabled=false, invalidHostNameAllowed=false, context=null}, applicationName='null', compressorList=[], uuidRepresentation=JAVA_LEGACY, serverApi=null, autoEncryptionSettings=null, contextProvider=null}
2024-01-29 15:11:10,739 [INFO] org.mongodb.driver.cluster [cluster-ClusterId{value='65b772b6e015b9435929e751', description='null'}-localhost:27017] Monitor thread successfully connected to server with description ServerDescription{address=localhost:27017, type=STANDALONE, state=CONNECTED, ok=true, minWireVersion=0, maxWireVersion=17, maxDocumentSize=16777216, logicalSessionTimeoutMinutes=30, roundTripTimeNanos=1150800}
2024-01-29 15:11:10,950 [WARN] org.springframework.boot.devtools.autoconfigure.OptionalLiveReloadServer [restartedMain] Unable to start LiveReload server
2024-01-29 15:11:11,044 [INFO] org.springframework.data.repository.config.RepositoryConfigurationDelegate [restartedMain] Finished Spring Data repository scanning in 327 ms. Found 5 MongoDB repository interfaces.
2024-01-29 15:11:11,797 [INFO] org.springframework.cloud.context.scope.GenericScope [restartedMain] BeanFactory id=87d25be0-8995-3ff0-bdb4-231150cf91b1
2024-01-29 15:11:11,965 [INFO] org.springframework.boot.actuate.endpoint.web.EndpointLinksResolver [restartedMain] Exposing 1 endpoint(s) beneath base path '/actuator'
2024-01-29 15:11:12,017 [INFO] org.springframework.security.web.DefaultSecurityFilterChain [restartedMain] Will secure any request with [org.springframework.security.web.session.DisableEncodeUrlFilter@26e1550c, org.springframework.security.web.context.request.async.WebAsyncManagerIntegrationFilter@5be505de, org.springframework.security.web.context.SecurityContextHolderFilter@43cceb64, org.springframework.security.web.header.HeaderWriterFilter@4c19e278, org.springframework.web.filter.CorsFilter@6db8f95a, org.springframework.security.web.authentication.logout.LogoutFilter@18bea136, com.pms.doctor.service.Config.JwtAuthenticationFilter@6a786f22, org.springframework.security.web.savedrequest.RequestCacheAwareFilter@56f24d23, org.springframework.security.web.servletapi.SecurityContextHolderAwareRequestFilter@308eb736, org.springframework.security.web.authentication.AnonymousAuthenticationFilter@5feae8fd, org.springframework.security.web.session.SessionManagementFilter@12f3c703, org.springframework.security.web.access.ExceptionTranslationFilter@103c0bcc, org.springframework.security.web.access.intercept.AuthorizationFilter@2220c77b]
2024-01-29 15:11:12,745 [INFO] org.springframework.cloud.netflix.eureka.config.DiscoveryClientOptionalArgsConfiguration [restartedMain] Eureka HTTP Client uses RestTemplate.
2024-01-29 15:11:12,834 [WARN] org.springframework.cloud.loadbalancer.config.LoadBalancerCacheAutoConfiguration$LoadBalancerCaffeineWarnLogger [restartedMain] Spring Cloud LoadBalancer is currently working with the default cache. While this cache implementation is useful for development and tests, it's recommended to use Caffeine cache in production.You can switch to using Caffeine cache, by adding it and org.springframework.cache.caffeine.CaffeineCacheManager to the classpath.
2024-01-29 15:11:12,870 [INFO] org.springframework.cloud.netflix.eureka.InstanceInfoFactory [restartedMain] Setting initial instance status as: STARTING
2024-01-29 15:11:12,876 [INFO] com.netflix.discovery.DiscoveryClient [restartedMain] Initializing Eureka in region us-east-1
2024-01-29 15:11:12,876 [INFO] com.netflix.discovery.shared.resolver.aws.ConfigClusterResolver [restartedMain] Resolving eureka endpoints via configuration
2024-01-29 15:11:12,877 [INFO] com.netflix.discovery.DiscoveryClient [restartedMain] Disable delta property : false
2024-01-29 15:11:12,877 [INFO] com.netflix.discovery.DiscoveryClient [restartedMain] Single vip registry refresh property : null
2024-01-29 15:11:12,877 [INFO] com.netflix.discovery.DiscoveryClient [restartedMain] Force full registry fetch : false
2024-01-29 15:11:12,877 [INFO] com.netflix.discovery.DiscoveryClient [restartedMain] Application is null : false
2024-01-29 15:11:12,877 [INFO] com.netflix.discovery.DiscoveryClient [restartedMain] Registered Applications size is zero : true
2024-01-29 15:11:12,877 [INFO] com.netflix.discovery.DiscoveryClient [restartedMain] Application version is -1: true
2024-01-29 15:11:12,877 [INFO] com.netflix.discovery.DiscoveryClient [restartedMain] Getting all instance registry info from the eureka server
2024-01-29 15:11:12,895 [INFO] com.netflix.discovery.DiscoveryClient [restartedMain] The response status is 200
2024-01-29 15:11:12,896 [INFO] com.netflix.discovery.DiscoveryClient [restartedMain] Starting heartbeat executor: renew interval is: 30
2024-01-29 15:11:12,896 [INFO] com.netflix.discovery.InstanceInfoReplicator [restartedMain] InstanceInfoReplicator onDemand update allowed rate per min is 4
2024-01-29 15:11:12,898 [INFO] com.netflix.discovery.DiscoveryClient [restartedMain] Discovery Client initialized at timestamp 1706521272897 with initial instances count: 5
2024-01-29 15:11:12,910 [INFO] org.springframework.cloud.netflix.eureka.serviceregistry.EurekaServiceRegistry [restartedMain] Registering application DOCTOR-SERVICE with eureka with status UP
2024-01-29 15:11:12,911 [INFO] com.netflix.discovery.DiscoveryClient [restartedMain] Saw local status change event StatusChangeEvent [timestamp=1706521272911, current=UP, previous=STARTING]
2024-01-29 15:11:12,911 [INFO] com.netflix.discovery.DiscoveryClient [DiscoveryClient-InstanceInfoReplicator-0] DiscoveryClient_DOCTOR-SERVICE/LAPTOP-GFBQMQJH:doctor-service:8081: registering service...
2024-01-29 15:11:12,915 [INFO] org.springframework.boot.web.embedded.tomcat.TomcatWebServer [restartedMain] Tomcat started on port(s): 8081 (http) with context path ''
2024-01-29 15:11:12,915 [INFO] org.springframework.cloud.netflix.eureka.serviceregistry.EurekaAutoServiceRegistration [restartedMain] Updating port to 8081
2024-01-29 15:11:12,924 [INFO] com.netflix.discovery.DiscoveryClient [DiscoveryClient-InstanceInfoReplicator-0] DiscoveryClient_DOCTOR-SERVICE/LAPTOP-GFBQMQJH:doctor-service:8081 - registration status: 204
2024-01-29 15:11:13,049 [INFO] com.pms.doctor.service.DoctorServiceApplication [restartedMain] Started DoctorServiceApplication in 3.675 seconds (process running for 6148.944)
2024-01-29 15:11:13,051 [INFO] org.springframework.boot.devtools.autoconfigure.ConditionEvaluationDeltaLoggingListener [restartedMain] Condition evaluation unchanged
2024-01-29 15:11:13,606 [INFO] org.springframework.boot.web.embedded.tomcat.TomcatWebServer [restartedMain] Tomcat initialized with port(s): 8081 (http)
2024-01-29 15:11:13,624 [INFO] org.apache.catalina.core.StandardService [restartedMain] Starting service [Tomcat]
2024-01-29 15:11:13,626 [INFO] org.apache.catalina.core.StandardEngine [restartedMain] Starting Servlet engine: [Apache Tomcat/10.1.8]
2024-01-29 15:11:13,782 [INFO] org.apache.catalina.core.ContainerBase.[Tomcat].[localhost].[/] [restartedMain] Initializing Spring embedded WebApplicationContext
2024-01-29 15:11:13,783 [INFO] org.springframework.boot.web.servlet.context.ServletWebServerApplicationContext [restartedMain] Root WebApplicationContext: initialization completed in 5399 ms
2024-01-29 15:11:14,599 [INFO] org.mongodb.driver.client [restartedMain] MongoClient with metadata {"driver": {"name": "mongo-java-driver|sync|spring-boot", "version": "4.8.2"}, "os": {"type": "Windows", "name": "Windows 11", "architecture": "amd64", "version": "10.0"}, "platform": "Java/Eclipse Adoptium/17.0.7+7"} created with settings MongoClientSettings{readPreference=primary, writeConcern=WriteConcern{w=null, wTimeout=null ms, journal=null}, retryWrites=true, retryReads=true, readConcern=ReadConcern{level=null}, credential=null, streamFactoryFactory=null, commandListeners=[io.micrometer.core.instrument.binder.mongodb.MongoMetricsCommandListener@1f29af88], codecRegistry=ProvidersCodecRegistry{codecProviders=[ValueCodecProvider{}, BsonValueCodecProvider{}, DBRefCodecProvider{}, DBObjectCodecProvider{}, DocumentCodecProvider{}, CollectionCodecProvider{}, IterableCodecProvider{}, MapCodecProvider{}, GeoJsonCodecProvider{}, GridFSFileCodecProvider{}, Jsr310CodecProvider{}, JsonObjectCodecProvider{}, BsonCodecProvider{}, EnumCodecProvider{}, com.mongodb.Jep395RecordCodecProvider@66643186]}, clusterSettings={hosts=[localhost:27017], srvServiceName=mongodb, mode=SINGLE, requiredClusterType=UNKNOWN, requiredReplicaSetName='null', serverSelector='null', clusterListeners='[]', serverSelectionTimeout='30000 ms', localThreshold='30000 ms'}, socketSettings=SocketSettings{connectTimeoutMS=10000, readTimeoutMS=0, receiveBufferSize=0, sendBufferSize=0}, heartbeatSocketSettings=SocketSettings{connectTimeoutMS=10000, readTimeoutMS=10000, receiveBufferSize=0, sendBufferSize=0}, connectionPoolSettings=ConnectionPoolSettings{maxSize=100, minSize=0, maxWaitTimeMS=120000, maxConnectionLifeTimeMS=0, maxConnectionIdleTimeMS=0, maintenanceInitialDelayMS=0, maintenanceFrequencyMS=60000, connectionPoolListeners=[io.micrometer.core.instrument.binder.mongodb.MongoMetricsConnectionPoolListener@10be6189], maxConnecting=2}, serverSettings=ServerSettings{heartbeatFrequencyMS=10000, minHeartbeatFrequencyMS=500, serverListeners='[]', serverMonitorListeners='[]'}, sslSettings=SslSettings{enabled=false, invalidHostNameAllowed=false, context=null}, applicationName='null', compressorList=[], uuidRepresentation=JAVA_LEGACY, serverApi=null, autoEncryptionSettings=null, contextProvider=null}
2024-01-29 15:11:14,623 [INFO] org.mongodb.driver.cluster [cluster-ClusterId{value='65b772ba922a8f115a0fb02f', description='null'}-localhost:27017] Monitor thread successfully connected to server with description ServerDescription{address=localhost:27017, type=STANDALONE, state=CONNECTED, ok=true, minWireVersion=0, maxWireVersion=17, maxDocumentSize=16777216, logicalSessionTimeoutMinutes=30, roundTripTimeNanos=51577000}
2024-01-29 15:11:15,418 [WARN] org.springframework.boot.devtools.autoconfigure.OptionalLiveReloadServer [restartedMain] Unable to start LiveReload server
2024-01-29 15:11:17,808 [INFO] org.springframework.boot.actuate.endpoint.web.EndpointLinksResolver [restartedMain] Exposing 1 endpoint(s) beneath base path '/actuator'
2024-01-29 15:11:17,927 [INFO] org.springframework.security.web.DefaultSecurityFilterChain [restartedMain] Will secure any request with [org.springframework.security.web.session.DisableEncodeUrlFilter@2fb582f9, org.springframework.security.web.context.request.async.WebAsyncManagerIntegrationFilter@71d2fc7e, org.springframework.security.web.context.SecurityContextHolderFilter@14276507, org.springframework.security.web.header.HeaderWriterFilter@9ce9036, org.springframework.web.filter.CorsFilter@2f3e1ada, org.springframework.security.web.authentication.logout.LogoutFilter@280a8060, com.pms.doctor.service.Config.JwtAuthenticationFilter@3f056204, org.springframework.security.web.savedrequest.RequestCacheAwareFilter@66ff8e50, org.springframework.security.web.servletapi.SecurityContextHolderAwareRequestFilter@72028c9f, org.springframework.security.web.authentication.AnonymousAuthenticationFilter@56c72c24, org.springframework.security.web.session.SessionManagementFilter@678c9cf1, org.springframework.security.web.access.ExceptionTranslationFilter@2e57e843, org.springframework.security.web.access.intercept.AuthorizationFilter@915bc87]
2024-01-29 15:11:19,449 [INFO] org.springframework.cloud.netflix.eureka.config.DiscoveryClientOptionalArgsConfiguration [restartedMain] Eureka HTTP Client uses RestTemplate.
2024-01-29 15:11:19,621 [WARN] org.springframework.cloud.loadbalancer.config.LoadBalancerCacheAutoConfiguration$LoadBalancerCaffeineWarnLogger [restartedMain] Spring Cloud LoadBalancer is currently working with the default cache. While this cache implementation is useful for development and tests, it's recommended to use Caffeine cache in production.You can switch to using Caffeine cache, by adding it and org.springframework.cache.caffeine.CaffeineCacheManager to the classpath.
2024-01-29 15:11:19,719 [INFO] org.springframework.cloud.netflix.eureka.InstanceInfoFactory [restartedMain] Setting initial instance status as: STARTING
2024-01-29 15:11:19,918 [INFO] com.netflix.discovery.DiscoveryClient [restartedMain] Initializing Eureka in region us-east-1
2024-01-29 15:11:19,931 [INFO] com.netflix.discovery.shared.resolver.aws.ConfigClusterResolver [restartedMain] Resolving eureka endpoints via configuration
2024-01-29 15:11:19,989 [INFO] com.netflix.discovery.DiscoveryClient [restartedMain] Disable delta property : false
2024-01-29 15:11:19,990 [INFO] com.netflix.discovery.DiscoveryClient [restartedMain] Single vip registry refresh property : null
2024-01-29 15:11:19,990 [INFO] com.netflix.discovery.DiscoveryClient [restartedMain] Force full registry fetch : false
2024-01-29 15:11:19,990 [INFO] com.netflix.discovery.DiscoveryClient [restartedMain] Application is null : false
2024-01-29 15:11:19,990 [INFO] com.netflix.discovery.DiscoveryClient [restartedMain] Registered Applications size is zero : true
2024-01-29 15:11:19,990 [INFO] com.netflix.discovery.DiscoveryClient [restartedMain] Application version is -1: true
2024-01-29 15:11:19,990 [INFO] com.netflix.discovery.DiscoveryClient [restartedMain] Getting all instance registry info from the eureka server
2024-01-29 15:11:20,695 [INFO] com.netflix.discovery.DiscoveryClient [restartedMain] The response status is 200
2024-01-29 15:11:20,699 [INFO] com.netflix.discovery.DiscoveryClient [restartedMain] Starting heartbeat executor: renew interval is: 30
2024-01-29 15:11:20,704 [INFO] com.netflix.discovery.InstanceInfoReplicator [restartedMain] InstanceInfoReplicator onDemand update allowed rate per min is 4
2024-01-29 15:11:20,713 [INFO] com.netflix.discovery.DiscoveryClient [restartedMain] Discovery Client initialized at timestamp 1706521280711 with initial instances count: 5
2024-01-29 15:11:20,729 [INFO] org.springframework.cloud.netflix.eureka.serviceregistry.EurekaServiceRegistry [restartedMain] Registering application DOCTOR-SERVICE with eureka with status UP
2024-01-29 15:11:20,730 [INFO] com.netflix.discovery.DiscoveryClient [restartedMain] Saw local status change event StatusChangeEvent [timestamp=1706521280730, current=UP, previous=STARTING]
2024-01-29 15:11:20,733 [INFO] com.netflix.discovery.DiscoveryClient [DiscoveryClient-InstanceInfoReplicator-0] DiscoveryClient_DOCTOR-SERVICE/LAPTOP-GFBQMQJH:doctor-service:8081: registering service...
2024-01-29 15:11:20,742 [WARN] org.springframework.boot.web.servlet.context.AnnotationConfigServletWebServerApplicationContext [restartedMain] Exception encountered during context initialization - cancelling refresh attempt: org.springframework.context.ApplicationContextException: Failed to start bean 'webServerStartStop'
2024-01-29 15:11:20,771 [INFO] com.netflix.discovery.DiscoveryClient [restartedMain] Shutting down DiscoveryClient ...
2024-01-29 15:11:20,809 [INFO] com.netflix.discovery.DiscoveryClient [DiscoveryClient-InstanceInfoReplicator-0] DiscoveryClient_DOCTOR-SERVICE/LAPTOP-GFBQMQJH:doctor-service:8081 - registration status: 204
2024-01-29 15:11:20,812 [INFO] com.netflix.discovery.DiscoveryClient [restartedMain] Unregistering ...
2024-01-29 15:11:20,819 [INFO] com.netflix.discovery.DiscoveryClient [restartedMain] DiscoveryClient_DOCTOR-SERVICE/LAPTOP-GFBQMQJH:doctor-service:8081 - deregister  status: 200
2024-01-29 15:11:20,829 [INFO] com.netflix.discovery.DiscoveryClient [restartedMain] Completed shut down of DiscoveryClient
2024-01-29 15:11:20,836 [INFO] org.apache.catalina.core.StandardService [restartedMain] Stopping service [Tomcat]
2024-01-29 15:11:20,846 [WARN] org.apache.catalina.loader.WebappClassLoaderBase [restartedMain] The web application [ROOT] appears to have started a thread named [BufferPoolPruner-1-thread-1] but has failed to stop it. This is very likely to create a memory leak. Stack trace of thread:
 java.base@17.0.7/jdk.internal.misc.Unsafe.park(Native Method)
 java.base@17.0.7/java.util.concurrent.locks.LockSupport.parkNanos(LockSupport.java:252)
 java.base@17.0.7/java.util.concurrent.locks.AbstractQueuedSynchronizer$ConditionObject.awaitNanos(AbstractQueuedSynchronizer.java:1672)
 java.base@17.0.7/java.util.concurrent.ScheduledThreadPoolExecutor$DelayedWorkQueue.take(ScheduledThreadPoolExecutor.java:1182)
 java.base@17.0.7/java.util.concurrent.ScheduledThreadPoolExecutor$DelayedWorkQueue.take(ScheduledThreadPoolExecutor.java:899)
 java.base@17.0.7/java.util.concurrent.ThreadPoolExecutor.getTask(ThreadPoolExecutor.java:1062)
 java.base@17.0.7/java.util.concurrent.ThreadPoolExecutor.runWorker(ThreadPoolExecutor.java:1122)
 java.base@17.0.7/java.util.concurrent.ThreadPoolExecutor$Worker.run(ThreadPoolExecutor.java:635)
 java.base@17.0.7/java.lang.Thread.run(Thread.java:833)
2024-01-29 15:11:20,929 [INFO] org.springframework.boot.autoconfigure.logging.ConditionEvaluationReportLogger [restartedMain] 

Error starting ApplicationContext. To display the condition evaluation report re-run your application with 'debug' enabled.
2024-01-29 15:11:20,996 [ERROR] org.springframework.boot.diagnostics.LoggingFailureAnalysisReporter [restartedMain] 

***************************
APPLICATION FAILED TO START
***************************

Description:

Web server failed to start. Port 8081 was already in use.

Action:

Identify and stop the process that's listening on port 8081 or configure this application to listen on another port.

2024-01-29 15:11:40,687 [INFO] org.apache.catalina.core.ContainerBase.[Tomcat-2].[localhost].[/] [http-nio-8081-exec-2] Initializing Spring DispatcherServlet 'dispatcherServlet'
2024-01-29 15:11:40,688 [INFO] org.springframework.web.servlet.DispatcherServlet [http-nio-8081-exec-2] Initializing Servlet 'dispatcherServlet'
2024-01-29 15:11:40,689 [INFO] org.springframework.web.servlet.DispatcherServlet [http-nio-8081-exec-2] Completed initialization in 1 ms
2024-01-29 15:11:40,690 [INFO] org.springframework.web.filter.OncePerRequestFilter [http-nio-8081-exec-2]  Header :  null
2024-01-29 15:11:40,690 [INFO] org.springframework.web.filter.OncePerRequestFilter [http-nio-8081-exec-2] Invalid Header Value !! 
2024-01-29 15:11:42,926 [INFO] com.netflix.discovery.DiscoveryClient [DiscoveryClient-HeartbeatExecutor-0] DiscoveryClient_DOCTOR-SERVICE/LAPTOP-GFBQMQJH:doctor-service:8081 - Re-registering apps/DOCTOR-SERVICE
2024-01-29 15:11:42,926 [INFO] com.netflix.discovery.DiscoveryClient [DiscoveryClient-HeartbeatExecutor-0] DiscoveryClient_DOCTOR-SERVICE/LAPTOP-GFBQMQJH:doctor-service:8081: registering service...
2024-01-29 15:11:42,927 [INFO] com.netflix.discovery.DiscoveryClient [DiscoveryClient-InstanceInfoReplicator-0] DiscoveryClient_DOCTOR-SERVICE/LAPTOP-GFBQMQJH:doctor-service:8081: registering service...
2024-01-29 15:11:42,929 [INFO] com.netflix.discovery.DiscoveryClient [DiscoveryClient-HeartbeatExecutor-0] DiscoveryClient_DOCTOR-SERVICE/LAPTOP-GFBQMQJH:doctor-service:8081 - registration status: 204
2024-01-29 15:11:42,930 [INFO] com.netflix.discovery.DiscoveryClient [DiscoveryClient-InstanceInfoReplicator-0] DiscoveryClient_DOCTOR-SERVICE/LAPTOP-GFBQMQJH:doctor-service:8081 - registration status: 204
2024-01-29 15:11:54,731 [INFO] org.springframework.web.filter.OncePerRequestFilter [http-nio-8081-exec-5]  Header :  Bearer eyJhbGciOiJIUzUxMiJ9.eyJzdWIiOiJqYWRoYXZjb2NAZ21haWwuY29tIiwiaWF0IjoxNzA2NTIxMzAwLCJleHAiOjE3MDY1MzkzMDB9.Fh8axaixy-mIG2ZLe9lQQswfRyj93VPn-4nOGENsjBl-ppelYlhVayJ2Bt6HCljBNAPx42cHO0vK0tw4soxIrw
2024-01-29 15:13:51,060 [INFO] org.springframework.boot.devtools.autoconfigure.LocalDevToolsAutoConfiguration$RestartingClassPathChangeChangedEventListener [File Watcher] Restarting due to 1 class path change (0 additions, 0 deletions, 1 modification)
2024-01-29 15:13:51,061 [INFO] org.springframework.cloud.netflix.eureka.serviceregistry.EurekaServiceRegistry [Thread-159] Unregistering application DOCTOR-SERVICE with eureka with status DOWN
2024-01-29 15:13:51,061 [INFO] com.netflix.discovery.DiscoveryClient [Thread-159] Saw local status change event StatusChangeEvent [timestamp=1706521431061, current=DOWN, previous=UP]
2024-01-29 15:13:51,061 [INFO] com.netflix.discovery.DiscoveryClient [DiscoveryClient-InstanceInfoReplicator-0] DiscoveryClient_DOCTOR-SERVICE/LAPTOP-GFBQMQJH:doctor-service:8081: registering service...
2024-01-29 15:13:51,064 [INFO] com.netflix.discovery.DiscoveryClient [DiscoveryClient-InstanceInfoReplicator-0] DiscoveryClient_DOCTOR-SERVICE/LAPTOP-GFBQMQJH:doctor-service:8081 - registration status: 204
2024-01-29 15:13:51,069 [INFO] org.apache.catalina.core.StandardService [Thread-159] Stopping service [Tomcat]
2024-01-29 15:13:51,069 [INFO] org.apache.catalina.core.ContainerBase.[Tomcat-2].[localhost].[/] [Thread-159] Destroying Spring FrameworkServlet 'dispatcherServlet'
2024-01-29 15:13:51,071 [WARN] org.apache.catalina.loader.WebappClassLoaderBase [Thread-159] The web application [ROOT] appears to have started a thread named [cluster-ClusterId{value='65b772b6e015b9435929e751', description='null'}-localhost:27017] but has failed to stop it. This is very likely to create a memory leak. Stack trace of thread:
 java.base@17.0.7/sun.nio.ch.Net.poll(Native Method)
 java.base@17.0.7/sun.nio.ch.NioSocketImpl.park(NioSocketImpl.java:181)
 java.base@17.0.7/sun.nio.ch.NioSocketImpl.timedRead(NioSocketImpl.java:285)
 java.base@17.0.7/sun.nio.ch.NioSocketImpl.implRead(NioSocketImpl.java:309)
 java.base@17.0.7/sun.nio.ch.NioSocketImpl.read(NioSocketImpl.java:350)
 java.base@17.0.7/sun.nio.ch.NioSocketImpl$1.read(NioSocketImpl.java:803)
 java.base@17.0.7/java.net.Socket$SocketInputStream.read(Socket.java:966)
 app//com.mongodb.internal.connection.SocketStream.read(SocketStream.java:113)
 app//com.mongodb.internal.connection.SocketStream.read(SocketStream.java:138)
 app//com.mongodb.internal.connection.InternalStreamConnection.receiveResponseBuffers(InternalStreamConnection.java:716)
 app//com.mongodb.internal.connection.InternalStreamConnection.receiveMessageWithAdditionalTimeout(InternalStreamConnection.java:574)
 app//com.mongodb.internal.connection.InternalStreamConnection.receiveCommandMessageResponse(InternalStreamConnection.java:413)
 app//com.mongodb.internal.connection.InternalStreamConnection.receive(InternalStreamConnection.java:372)
 app//com.mongodb.internal.connection.DefaultServerMonitor$ServerMonitorRunnable.lookupServerDescription(DefaultServerMonitor.java:226)
 app//com.mongodb.internal.connection.DefaultServerMonitor$ServerMonitorRunnable.run(DefaultServerMonitor.java:158)
 java.base@17.0.7/java.lang.Thread.run(Thread.java:833)
2024-01-29 15:13:51,071 [WARN] org.apache.catalina.loader.WebappClassLoaderBase [Thread-159] The web application [ROOT] appears to have started a thread named [cluster-rtt-ClusterId{value='65b772b6e015b9435929e751', description='null'}-localhost:27017] but has failed to stop it. This is very likely to create a memory leak. Stack trace of thread:
 java.base@17.0.7/java.lang.Thread.sleep(Native Method)
 app//com.mongodb.internal.connection.DefaultServerMonitor.waitForNext(DefaultServerMonitor.java:448)
 app//com.mongodb.internal.connection.DefaultServerMonitor.access$1500(DefaultServerMonitor.java:65)
 app//com.mongodb.internal.connection.DefaultServerMonitor$RoundTripTimeRunnable.run(DefaultServerMonitor.java:420)
 java.base@17.0.7/java.lang.Thread.run(Thread.java:833)
2024-01-29 15:13:51,072 [WARN] org.apache.catalina.loader.WebappClassLoaderBase [Thread-159] The web application [ROOT] appears to have started a thread named [MaintenanceTimer-29-thread-1] but has failed to stop it. This is very likely to create a memory leak. Stack trace of thread:
 java.base@17.0.7/jdk.internal.misc.Unsafe.park(Native Method)
 java.base@17.0.7/java.util.concurrent.locks.LockSupport.parkNanos(LockSupport.java:252)
 java.base@17.0.7/java.util.concurrent.locks.AbstractQueuedSynchronizer$ConditionObject.awaitNanos(AbstractQueuedSynchronizer.java:1672)
 java.base@17.0.7/java.util.concurrent.ScheduledThreadPoolExecutor$DelayedWorkQueue.take(ScheduledThreadPoolExecutor.java:1182)
 java.base@17.0.7/java.util.concurrent.ScheduledThreadPoolExecutor$DelayedWorkQueue.take(ScheduledThreadPoolExecutor.java:899)
 java.base@17.0.7/java.util.concurrent.ThreadPoolExecutor.getTask(ThreadPoolExecutor.java:1062)
 java.base@17.0.7/java.util.concurrent.ThreadPoolExecutor.runWorker(ThreadPoolExecutor.java:1122)
 java.base@17.0.7/java.util.concurrent.ThreadPoolExecutor$Worker.run(ThreadPoolExecutor.java:635)
 java.base@17.0.7/java.lang.Thread.run(Thread.java:833)
2024-01-29 15:13:51,076 [INFO] com.netflix.discovery.DiscoveryClient [Thread-159] Shutting down DiscoveryClient ...
2024-01-29 15:13:54,083 [INFO] com.netflix.discovery.DiscoveryClient [Thread-159] Unregistering ...
2024-01-29 15:13:54,086 [INFO] com.netflix.discovery.DiscoveryClient [Thread-159] DiscoveryClient_DOCTOR-SERVICE/LAPTOP-GFBQMQJH:doctor-service:8081 - deregister  status: 200
2024-01-29 15:13:54,088 [INFO] com.netflix.discovery.DiscoveryClient [Thread-159] Completed shut down of DiscoveryClient
2024-01-29 15:13:54,392 [INFO] com.pms.doctor.service.DoctorServiceApplication [restartedMain] Starting DoctorServiceApplication using Java 17.0.7 with PID 11216 (C:\Users\rahul\Desktop\PMS UPdate\Pharmacy-Management-System\Doctor-Service\Doctor-Service\target\classes started by rahul in C:\Users\rahul\Desktop\PMS UPdate\Pharmacy-Management-System\Doctor-Service\Doctor-Service)
2024-01-29 15:13:54,392 [INFO] com.pms.doctor.service.DoctorServiceApplication [restartedMain] No active profile set, falling back to 1 default profile: "default"
2024-01-29 15:13:54,643 [INFO] org.springframework.data.repository.config.RepositoryConfigurationDelegate [restartedMain] Bootstrapping Spring Data MongoDB repositories in DEFAULT mode.
2024-01-29 15:13:54,657 [INFO] org.springframework.data.repository.config.RepositoryConfigurationDelegate [restartedMain] Finished Spring Data repository scanning in 13 ms. Found 5 MongoDB repository interfaces.
2024-01-29 15:13:54,723 [INFO] org.springframework.cloud.context.scope.GenericScope [restartedMain] BeanFactory id=87d25be0-8995-3ff0-bdb4-231150cf91b1
2024-01-29 15:13:54,864 [INFO] org.springframework.boot.web.embedded.tomcat.TomcatWebServer [restartedMain] Tomcat initialized with port(s): 8081 (http)
2024-01-29 15:13:54,864 [INFO] org.apache.catalina.core.StandardService [restartedMain] Starting service [Tomcat]
2024-01-29 15:13:54,864 [INFO] org.apache.catalina.core.StandardEngine [restartedMain] Starting Servlet engine: [Apache Tomcat/10.1.8]
2024-01-29 15:13:54,891 [INFO] org.apache.catalina.core.ContainerBase.[Tomcat-2].[localhost].[/] [restartedMain] Initializing Spring embedded WebApplicationContext
2024-01-29 15:13:54,891 [INFO] org.springframework.boot.web.servlet.context.ServletWebServerApplicationContext [restartedMain] Root WebApplicationContext: initialization completed in 498 ms
2024-01-29 15:13:55,067 [INFO] org.mongodb.driver.client [restartedMain] MongoClient with metadata {"driver": {"name": "mongo-java-driver|sync|spring-boot", "version": "4.8.2"}, "os": {"type": "Windows", "name": "Windows 11", "architecture": "amd64", "version": "10.0"}, "platform": "Java/Eclipse Adoptium/17.0.7+7"} created with settings MongoClientSettings{readPreference=primary, writeConcern=WriteConcern{w=null, wTimeout=null ms, journal=null}, retryWrites=true, retryReads=true, readConcern=ReadConcern{level=null}, credential=null, streamFactoryFactory=null, commandListeners=[io.micrometer.core.instrument.binder.mongodb.MongoMetricsCommandListener@2c06188e], codecRegistry=ProvidersCodecRegistry{codecProviders=[ValueCodecProvider{}, BsonValueCodecProvider{}, DBRefCodecProvider{}, DBObjectCodecProvider{}, DocumentCodecProvider{}, CollectionCodecProvider{}, IterableCodecProvider{}, MapCodecProvider{}, GeoJsonCodecProvider{}, GridFSFileCodecProvider{}, Jsr310CodecProvider{}, JsonObjectCodecProvider{}, BsonCodecProvider{}, EnumCodecProvider{}, com.mongodb.Jep395RecordCodecProvider@a9532f3]}, clusterSettings={hosts=[localhost:27017], srvServiceName=mongodb, mode=SINGLE, requiredClusterType=UNKNOWN, requiredReplicaSetName='null', serverSelector='null', clusterListeners='[]', serverSelectionTimeout='30000 ms', localThreshold='30000 ms'}, socketSettings=SocketSettings{connectTimeoutMS=10000, readTimeoutMS=0, receiveBufferSize=0, sendBufferSize=0}, heartbeatSocketSettings=SocketSettings{connectTimeoutMS=10000, readTimeoutMS=10000, receiveBufferSize=0, sendBufferSize=0}, connectionPoolSettings=ConnectionPoolSettings{maxSize=100, minSize=0, maxWaitTimeMS=120000, maxConnectionLifeTimeMS=0, maxConnectionIdleTimeMS=0, maintenanceInitialDelayMS=0, maintenanceFrequencyMS=60000, connectionPoolListeners=[io.micrometer.core.instrument.binder.mongodb.MongoMetricsConnectionPoolListener@4fea786b], maxConnecting=2}, serverSettings=ServerSettings{heartbeatFrequencyMS=10000, minHeartbeatFrequencyMS=500, serverListeners='[]', serverMonitorListeners='[]'}, sslSettings=SslSettings{enabled=false, invalidHostNameAllowed=false, context=null}, applicationName='null', compressorList=[], uuidRepresentation=JAVA_LEGACY, serverApi=null, autoEncryptionSettings=null, contextProvider=null}
2024-01-29 15:13:55,076 [INFO] org.mongodb.driver.cluster [cluster-ClusterId{value='65b7735be015b9435929e752', description='null'}-localhost:27017] Monitor thread successfully connected to server with description ServerDescription{address=localhost:27017, type=STANDALONE, state=CONNECTED, ok=true, minWireVersion=0, maxWireVersion=17, maxDocumentSize=16777216, logicalSessionTimeoutMinutes=30, roundTripTimeNanos=7912600}
2024-01-29 15:13:55,194 [WARN] org.springframework.boot.devtools.autoconfigure.OptionalLiveReloadServer [restartedMain] Unable to start LiveReload server
2024-01-29 15:13:55,727 [INFO] org.springframework.boot.actuate.endpoint.web.EndpointLinksResolver [restartedMain] Exposing 1 endpoint(s) beneath base path '/actuator'
2024-01-29 15:13:55,758 [INFO] org.springframework.security.web.DefaultSecurityFilterChain [restartedMain] Will secure any request with [org.springframework.security.web.session.DisableEncodeUrlFilter@4956c9d9, org.springframework.security.web.context.request.async.WebAsyncManagerIntegrationFilter@1750e57, org.springframework.security.web.context.SecurityContextHolderFilter@762f2312, org.springframework.security.web.header.HeaderWriterFilter@47cbf5e5, org.springframework.web.filter.CorsFilter@42b41e97, org.springframework.security.web.authentication.logout.LogoutFilter@2087e33d, com.pms.doctor.service.Config.JwtAuthenticationFilter@32e94024, org.springframework.security.web.savedrequest.RequestCacheAwareFilter@7ffd5c12, org.springframework.security.web.servletapi.SecurityContextHolderAwareRequestFilter@6d414789, org.springframework.security.web.authentication.AnonymousAuthenticationFilter@43b07285, org.springframework.security.web.session.SessionManagementFilter@41a72183, org.springframework.security.web.access.ExceptionTranslationFilter@65bb5303, org.springframework.security.web.access.intercept.AuthorizationFilter@6c6be3e6]
2024-01-29 15:13:56,171 [INFO] org.springframework.cloud.netflix.eureka.config.DiscoveryClientOptionalArgsConfiguration [restartedMain] Eureka HTTP Client uses RestTemplate.
2024-01-29 15:13:56,216 [WARN] org.springframework.cloud.loadbalancer.config.LoadBalancerCacheAutoConfiguration$LoadBalancerCaffeineWarnLogger [restartedMain] Spring Cloud LoadBalancer is currently working with the default cache. While this cache implementation is useful for development and tests, it's recommended to use Caffeine cache in production.You can switch to using Caffeine cache, by adding it and org.springframework.cache.caffeine.CaffeineCacheManager to the classpath.
2024-01-29 15:13:56,233 [INFO] org.springframework.cloud.netflix.eureka.InstanceInfoFactory [restartedMain] Setting initial instance status as: STARTING
2024-01-29 15:13:56,236 [INFO] com.netflix.discovery.DiscoveryClient [restartedMain] Initializing Eureka in region us-east-1
2024-01-29 15:13:56,236 [INFO] com.netflix.discovery.shared.resolver.aws.ConfigClusterResolver [restartedMain] Resolving eureka endpoints via configuration
2024-01-29 15:13:56,237 [INFO] com.netflix.discovery.DiscoveryClient [restartedMain] Disable delta property : false
2024-01-29 15:13:56,237 [INFO] com.netflix.discovery.DiscoveryClient [restartedMain] Single vip registry refresh property : null
2024-01-29 15:13:56,237 [INFO] com.netflix.discovery.DiscoveryClient [restartedMain] Force full registry fetch : false
2024-01-29 15:13:56,237 [INFO] com.netflix.discovery.DiscoveryClient [restartedMain] Application is null : false
2024-01-29 15:13:56,237 [INFO] com.netflix.discovery.DiscoveryClient [restartedMain] Registered Applications size is zero : true
2024-01-29 15:13:56,237 [INFO] com.netflix.discovery.DiscoveryClient [restartedMain] Application version is -1: true
2024-01-29 15:13:56,237 [INFO] com.netflix.discovery.DiscoveryClient [restartedMain] Getting all instance registry info from the eureka server
2024-01-29 15:13:56,244 [INFO] com.netflix.discovery.DiscoveryClient [restartedMain] The response status is 200
2024-01-29 15:13:56,246 [INFO] com.netflix.discovery.DiscoveryClient [restartedMain] Starting heartbeat executor: renew interval is: 30
2024-01-29 15:13:56,246 [INFO] com.netflix.discovery.InstanceInfoReplicator [restartedMain] InstanceInfoReplicator onDemand update allowed rate per min is 4
2024-01-29 15:13:56,247 [INFO] com.netflix.discovery.DiscoveryClient [restartedMain] Discovery Client initialized at timestamp 1706521436247 with initial instances count: 6
2024-01-29 15:13:56,256 [INFO] org.springframework.cloud.netflix.eureka.serviceregistry.EurekaServiceRegistry [restartedMain] Registering application DOCTOR-SERVICE with eureka with status UP
2024-01-29 15:13:56,256 [INFO] com.netflix.discovery.DiscoveryClient [restartedMain] Saw local status change event StatusChangeEvent [timestamp=1706521436256, current=UP, previous=STARTING]
2024-01-29 15:13:56,256 [INFO] com.netflix.discovery.DiscoveryClient [DiscoveryClient-InstanceInfoReplicator-0] DiscoveryClient_DOCTOR-SERVICE/LAPTOP-GFBQMQJH:doctor-service:8081: registering service...
2024-01-29 15:13:56,259 [INFO] org.springframework.boot.web.embedded.tomcat.TomcatWebServer [restartedMain] Tomcat started on port(s): 8081 (http) with context path ''
2024-01-29 15:13:56,259 [INFO] org.springframework.cloud.netflix.eureka.serviceregistry.EurekaAutoServiceRegistration [restartedMain] Updating port to 8081
2024-01-29 15:13:56,264 [INFO] com.netflix.discovery.DiscoveryClient [DiscoveryClient-InstanceInfoReplicator-0] DiscoveryClient_DOCTOR-SERVICE/LAPTOP-GFBQMQJH:doctor-service:8081 - registration status: 204
2024-01-29 15:13:56,353 [INFO] com.pms.doctor.service.DoctorServiceApplication [restartedMain] Started DoctorServiceApplication in 2.066 seconds (process running for 6312.249)
2024-01-29 15:13:56,356 [INFO] org.springframework.boot.devtools.autoconfigure.ConditionEvaluationDeltaLoggingListener [restartedMain] Condition evaluation unchanged
2024-01-29 15:14:03,742 [INFO] org.apache.catalina.core.ContainerBase.[Tomcat-2].[localhost].[/] [http-nio-8081-exec-2] Initializing Spring DispatcherServlet 'dispatcherServlet'
2024-01-29 15:14:03,742 [INFO] org.springframework.web.servlet.DispatcherServlet [http-nio-8081-exec-2] Initializing Servlet 'dispatcherServlet'
2024-01-29 15:14:03,743 [INFO] org.springframework.web.servlet.DispatcherServlet [http-nio-8081-exec-2] Completed initialization in 1 ms
2024-01-29 15:14:03,744 [INFO] org.springframework.web.filter.OncePerRequestFilter [http-nio-8081-exec-2]  Header :  Bearer eyJhbGciOiJIUzUxMiJ9.eyJzdWIiOiJqYWRoYXZjb2NAZ21haWwuY29tIiwiaWF0IjoxNzA2NTIxMzAwLCJleHAiOjE3MDY1MzkzMDB9.Fh8axaixy-mIG2ZLe9lQQswfRyj93VPn-4nOGENsjBl-ppelYlhVayJ2Bt6HCljBNAPx42cHO0vK0tw4soxIrw
2024-01-29 15:15:40,997 [INFO] org.springframework.web.filter.OncePerRequestFilter [http-nio-8081-exec-5]  Header :  Bearer eyJhbGciOiJIUzUxMiJ9.eyJzdWIiOiJqYWRoYXZjb2NAZ21haWwuY29tIiwiaWF0IjoxNzA2NTIxMzAwLCJleHAiOjE3MDY1MzkzMDB9.Fh8axaixy-mIG2ZLe9lQQswfRyj93VPn-4nOGENsjBl-ppelYlhVayJ2Bt6HCljBNAPx42cHO0vK0tw4soxIrw
2024-01-29 15:18:50,071 [INFO] org.springframework.web.filter.OncePerRequestFilter [http-nio-8081-exec-8]  Header :  null
2024-01-29 15:18:50,071 [INFO] org.springframework.web.filter.OncePerRequestFilter [http-nio-8081-exec-8] Invalid Header Value !! 
2024-01-29 15:18:50,282 [INFO] org.springframework.web.filter.OncePerRequestFilter [http-nio-8081-exec-9]  Header :  Bearer eyJhbGciOiJIUzUxMiJ9.eyJzdWIiOiJteXNlbGZmb3IxMDJAZ21haWwuY29tIiwiaWF0IjoxNzA2NTIxNzMwLCJleHAiOjE3MDY1Mzk3MzB9.sQVr3nJQQoOxbOQSET8jpt_6MKbKHkj5uVw8_y03dagIOIqTauzNDreiFR736P9ja09fUzNgafCxA8Nn3sV0ow
2024-01-29 15:18:50,304 [INFO] org.springframework.web.filter.OncePerRequestFilter [http-nio-8081-exec-10]  Header :  Bearer eyJhbGciOiJIUzUxMiJ9.eyJzdWIiOiJteXNlbGZmb3IxMDJAZ21haWwuY29tIiwiaWF0IjoxNzA2NTIxNzMwLCJleHAiOjE3MDY1Mzk3MzB9.sQVr3nJQQoOxbOQSET8jpt_6MKbKHkj5uVw8_y03dagIOIqTauzNDreiFR736P9ja09fUzNgafCxA8Nn3sV0ow
2024-01-29 15:18:50,316 [INFO] org.springframework.web.filter.OncePerRequestFilter [http-nio-8081-exec-1]  Header :  Bearer eyJhbGciOiJIUzUxMiJ9.eyJzdWIiOiJteXNlbGZmb3IxMDJAZ21haWwuY29tIiwiaWF0IjoxNzA2NTIxNzMwLCJleHAiOjE3MDY1Mzk3MzB9.sQVr3nJQQoOxbOQSET8jpt_6MKbKHkj5uVw8_y03dagIOIqTauzNDreiFR736P9ja09fUzNgafCxA8Nn3sV0ow
2024-01-29 15:18:50,335 [INFO] org.springframework.web.filter.OncePerRequestFilter [http-nio-8081-exec-2]  Header :  Bearer eyJhbGciOiJIUzUxMiJ9.eyJzdWIiOiJteXNlbGZmb3IxMDJAZ21haWwuY29tIiwiaWF0IjoxNzA2NTIxNzMwLCJleHAiOjE3MDY1Mzk3MzB9.sQVr3nJQQoOxbOQSET8jpt_6MKbKHkj5uVw8_y03dagIOIqTauzNDreiFR736P9ja09fUzNgafCxA8Nn3sV0ow
2024-01-29 15:18:50,361 [INFO] org.springframework.web.filter.OncePerRequestFilter [http-nio-8081-exec-3]  Header :  Bearer eyJhbGciOiJIUzUxMiJ9.eyJzdWIiOiJteXNlbGZmb3IxMDJAZ21haWwuY29tIiwiaWF0IjoxNzA2NTIxNzMwLCJleHAiOjE3MDY1Mzk3MzB9.sQVr3nJQQoOxbOQSET8jpt_6MKbKHkj5uVw8_y03dagIOIqTauzNDreiFR736P9ja09fUzNgafCxA8Nn3sV0ow
2024-01-29 15:18:50,378 [INFO] org.springframework.web.filter.OncePerRequestFilter [http-nio-8081-exec-4]  Header :  Bearer eyJhbGciOiJIUzUxMiJ9.eyJzdWIiOiJteXNlbGZmb3IxMDJAZ21haWwuY29tIiwiaWF0IjoxNzA2NTIxNzMwLCJleHAiOjE3MDY1Mzk3MzB9.sQVr3nJQQoOxbOQSET8jpt_6MKbKHkj5uVw8_y03dagIOIqTauzNDreiFR736P9ja09fUzNgafCxA8Nn3sV0ow
2024-01-29 15:18:56,241 [INFO] com.netflix.discovery.shared.resolver.aws.ConfigClusterResolver [AsyncResolver-bootstrap-executor-0] Resolving eureka endpoints via configuration
2024-01-29 15:20:15,296 [INFO] org.springframework.web.filter.OncePerRequestFilter [http-nio-8081-exec-8]  Header :  Bearer eyJhbGciOiJIUzUxMiJ9.eyJzdWIiOiJteXNlbGZmb3IxMDJAZ21haWwuY29tIiwiaWF0IjoxNzA2NTIxNzMwLCJleHAiOjE3MDY1Mzk3MzB9.sQVr3nJQQoOxbOQSET8jpt_6MKbKHkj5uVw8_y03dagIOIqTauzNDreiFR736P9ja09fUzNgafCxA8Nn3sV0ow
2024-01-29 15:20:15,297 [INFO] org.springframework.web.filter.OncePerRequestFilter [http-nio-8081-exec-9]  Header :  Bearer eyJhbGciOiJIUzUxMiJ9.eyJzdWIiOiJteXNlbGZmb3IxMDJAZ21haWwuY29tIiwiaWF0IjoxNzA2NTIxNzMwLCJleHAiOjE3MDY1Mzk3MzB9.sQVr3nJQQoOxbOQSET8jpt_6MKbKHkj5uVw8_y03dagIOIqTauzNDreiFR736P9ja09fUzNgafCxA8Nn3sV0ow
2024-01-29 15:20:15,314 [INFO] org.springframework.web.filter.OncePerRequestFilter [http-nio-8081-exec-10]  Header :  Bearer eyJhbGciOiJIUzUxMiJ9.eyJzdWIiOiJteXNlbGZmb3IxMDJAZ21haWwuY29tIiwiaWF0IjoxNzA2NTIxNzMwLCJleHAiOjE3MDY1Mzk3MzB9.sQVr3nJQQoOxbOQSET8jpt_6MKbKHkj5uVw8_y03dagIOIqTauzNDreiFR736P9ja09fUzNgafCxA8Nn3sV0ow
2024-01-29 15:20:15,325 [INFO] org.springframework.web.filter.OncePerRequestFilter [http-nio-8081-exec-1]  Header :  Bearer eyJhbGciOiJIUzUxMiJ9.eyJzdWIiOiJteXNlbGZmb3IxMDJAZ21haWwuY29tIiwiaWF0IjoxNzA2NTIxNzMwLCJleHAiOjE3MDY1Mzk3MzB9.sQVr3nJQQoOxbOQSET8jpt_6MKbKHkj5uVw8_y03dagIOIqTauzNDreiFR736P9ja09fUzNgafCxA8Nn3sV0ow
2024-01-29 15:20:15,347 [INFO] org.springframework.web.filter.OncePerRequestFilter [http-nio-8081-exec-2]  Header :  Bearer eyJhbGciOiJIUzUxMiJ9.eyJzdWIiOiJteXNlbGZmb3IxMDJAZ21haWwuY29tIiwiaWF0IjoxNzA2NTIxNzMwLCJleHAiOjE3MDY1Mzk3MzB9.sQVr3nJQQoOxbOQSET8jpt_6MKbKHkj5uVw8_y03dagIOIqTauzNDreiFR736P9ja09fUzNgafCxA8Nn3sV0ow
2024-01-29 15:20:15,363 [INFO] org.springframework.web.filter.OncePerRequestFilter [http-nio-8081-exec-3]  Header :  Bearer eyJhbGciOiJIUzUxMiJ9.eyJzdWIiOiJteXNlbGZmb3IxMDJAZ21haWwuY29tIiwiaWF0IjoxNzA2NTIxNzMwLCJleHAiOjE3MDY1Mzk3MzB9.sQVr3nJQQoOxbOQSET8jpt_6MKbKHkj5uVw8_y03dagIOIqTauzNDreiFR736P9ja09fUzNgafCxA8Nn3sV0ow
2024-01-29 15:20:15,374 [INFO] org.springframework.web.filter.OncePerRequestFilter [http-nio-8081-exec-4]  Header :  Bearer eyJhbGciOiJIUzUxMiJ9.eyJzdWIiOiJteXNlbGZmb3IxMDJAZ21haWwuY29tIiwiaWF0IjoxNzA2NTIxNzMwLCJleHAiOjE3MDY1Mzk3MzB9.sQVr3nJQQoOxbOQSET8jpt_6MKbKHkj5uVw8_y03dagIOIqTauzNDreiFR736P9ja09fUzNgafCxA8Nn3sV0ow
2024-01-29 15:20:15,391 [INFO] org.springframework.web.filter.OncePerRequestFilter [http-nio-8081-exec-7]  Header :  Bearer eyJhbGciOiJIUzUxMiJ9.eyJzdWIiOiJteXNlbGZmb3IxMDJAZ21haWwuY29tIiwiaWF0IjoxNzA2NTIxNzMwLCJleHAiOjE3MDY1Mzk3MzB9.sQVr3nJQQoOxbOQSET8jpt_6MKbKHkj5uVw8_y03dagIOIqTauzNDreiFR736P9ja09fUzNgafCxA8Nn3sV0ow
2024-01-29 15:20:19,269 [INFO] org.springframework.web.filter.OncePerRequestFilter [http-nio-8081-exec-5]  Header :  Bearer eyJhbGciOiJIUzUxMiJ9.eyJzdWIiOiJteXNlbGZmb3IxMDJAZ21haWwuY29tIiwiaWF0IjoxNzA2NTIxNzMwLCJleHAiOjE3MDY1Mzk3MzB9.sQVr3nJQQoOxbOQSET8jpt_6MKbKHkj5uVw8_y03dagIOIqTauzNDreiFR736P9ja09fUzNgafCxA8Nn3sV0ow
2024-01-29 15:20:42,478 [INFO] org.springframework.web.filter.OncePerRequestFilter [http-nio-8081-exec-9]  Header :  null
2024-01-29 15:20:42,478 [INFO] org.springframework.web.filter.OncePerRequestFilter [http-nio-8081-exec-9] Invalid Header Value !! 
2024-01-29 15:20:42,642 [INFO] org.springframework.web.filter.OncePerRequestFilter [http-nio-8081-exec-8]  Header :  Bearer eyJhbGciOiJIUzUxMiJ9.eyJzdWIiOiJteXNlbGZmb3IxMDJAZ21haWwuY29tIiwiaWF0IjoxNzA2NTIxODQyLCJleHAiOjE3MDY1Mzk4NDJ9.bb8raYZ4xC4cQQOWgyIL9oGzrAvQ4K758IIYp89tRaVU-aoBcHR-Zs_om18kGusamrdlFXLyuiNAz4e7FQWKOQ
2024-01-29 15:20:42,717 [INFO] org.springframework.web.filter.OncePerRequestFilter [http-nio-8081-exec-10]  Header :  Bearer eyJhbGciOiJIUzUxMiJ9.eyJzdWIiOiJteXNlbGZmb3IxMDJAZ21haWwuY29tIiwiaWF0IjoxNzA2NTIxODQyLCJleHAiOjE3MDY1Mzk4NDJ9.bb8raYZ4xC4cQQOWgyIL9oGzrAvQ4K758IIYp89tRaVU-aoBcHR-Zs_om18kGusamrdlFXLyuiNAz4e7FQWKOQ
2024-01-29 15:20:42,764 [INFO] org.springframework.web.filter.OncePerRequestFilter [http-nio-8081-exec-1]  Header :  Bearer eyJhbGciOiJIUzUxMiJ9.eyJzdWIiOiJteXNlbGZmb3IxMDJAZ21haWwuY29tIiwiaWF0IjoxNzA2NTIxODQyLCJleHAiOjE3MDY1Mzk4NDJ9.bb8raYZ4xC4cQQOWgyIL9oGzrAvQ4K758IIYp89tRaVU-aoBcHR-Zs_om18kGusamrdlFXLyuiNAz4e7FQWKOQ
2024-01-29 15:20:42,784 [INFO] org.springframework.web.filter.OncePerRequestFilter [http-nio-8081-exec-2]  Header :  Bearer eyJhbGciOiJIUzUxMiJ9.eyJzdWIiOiJteXNlbGZmb3IxMDJAZ21haWwuY29tIiwiaWF0IjoxNzA2NTIxODQyLCJleHAiOjE3MDY1Mzk4NDJ9.bb8raYZ4xC4cQQOWgyIL9oGzrAvQ4K758IIYp89tRaVU-aoBcHR-Zs_om18kGusamrdlFXLyuiNAz4e7FQWKOQ
2024-01-29 15:20:42,791 [INFO] org.springframework.web.filter.OncePerRequestFilter [http-nio-8081-exec-3]  Header :  Bearer eyJhbGciOiJIUzUxMiJ9.eyJzdWIiOiJteXNlbGZmb3IxMDJAZ21haWwuY29tIiwiaWF0IjoxNzA2NTIxODQyLCJleHAiOjE3MDY1Mzk4NDJ9.bb8raYZ4xC4cQQOWgyIL9oGzrAvQ4K758IIYp89tRaVU-aoBcHR-Zs_om18kGusamrdlFXLyuiNAz4e7FQWKOQ
2024-01-29 15:20:42,808 [INFO] org.springframework.web.filter.OncePerRequestFilter [http-nio-8081-exec-4]  Header :  Bearer eyJhbGciOiJIUzUxMiJ9.eyJzdWIiOiJteXNlbGZmb3IxMDJAZ21haWwuY29tIiwiaWF0IjoxNzA2NTIxODQyLCJleHAiOjE3MDY1Mzk4NDJ9.bb8raYZ4xC4cQQOWgyIL9oGzrAvQ4K758IIYp89tRaVU-aoBcHR-Zs_om18kGusamrdlFXLyuiNAz4e7FQWKOQ
2024-01-29 15:20:52,860 [INFO] org.springframework.web.filter.OncePerRequestFilter [http-nio-8081-exec-5]  Header :  Bearer eyJhbGciOiJIUzUxMiJ9.eyJzdWIiOiJteXNlbGZmb3IxMDJAZ21haWwuY29tIiwiaWF0IjoxNzA2NTIxODQyLCJleHAiOjE3MDY1Mzk4NDJ9.bb8raYZ4xC4cQQOWgyIL9oGzrAvQ4K758IIYp89tRaVU-aoBcHR-Zs_om18kGusamrdlFXLyuiNAz4e7FQWKOQ
2024-01-29 15:20:52,867 [INFO] org.springframework.web.filter.OncePerRequestFilter [http-nio-8081-exec-7]  Header :  Bearer eyJhbGciOiJIUzUxMiJ9.eyJzdWIiOiJteXNlbGZmb3IxMDJAZ21haWwuY29tIiwiaWF0IjoxNzA2NTIxODQyLCJleHAiOjE3MDY1Mzk4NDJ9.bb8raYZ4xC4cQQOWgyIL9oGzrAvQ4K758IIYp89tRaVU-aoBcHR-Zs_om18kGusamrdlFXLyuiNAz4e7FQWKOQ
2024-01-29 15:20:52,901 [INFO] org.springframework.web.filter.OncePerRequestFilter [http-nio-8081-exec-7]  Header :  Bearer eyJhbGciOiJIUzUxMiJ9.eyJzdWIiOiJteXNlbGZmb3IxMDJAZ21haWwuY29tIiwiaWF0IjoxNzA2NTIxODQyLCJleHAiOjE3MDY1Mzk4NDJ9.bb8raYZ4xC4cQQOWgyIL9oGzrAvQ4K758IIYp89tRaVU-aoBcHR-Zs_om18kGusamrdlFXLyuiNAz4e7FQWKOQ
2024-01-29 15:20:52,920 [INFO] org.springframework.web.filter.OncePerRequestFilter [http-nio-8081-exec-9]  Header :  Bearer eyJhbGciOiJIUzUxMiJ9.eyJzdWIiOiJteXNlbGZmb3IxMDJAZ21haWwuY29tIiwiaWF0IjoxNzA2NTIxODQyLCJleHAiOjE3MDY1Mzk4NDJ9.bb8raYZ4xC4cQQOWgyIL9oGzrAvQ4K758IIYp89tRaVU-aoBcHR-Zs_om18kGusamrdlFXLyuiNAz4e7FQWKOQ
2024-01-29 15:20:52,943 [INFO] org.springframework.web.filter.OncePerRequestFilter [http-nio-8081-exec-8]  Header :  Bearer eyJhbGciOiJIUzUxMiJ9.eyJzdWIiOiJteXNlbGZmb3IxMDJAZ21haWwuY29tIiwiaWF0IjoxNzA2NTIxODQyLCJleHAiOjE3MDY1Mzk4NDJ9.bb8raYZ4xC4cQQOWgyIL9oGzrAvQ4K758IIYp89tRaVU-aoBcHR-Zs_om18kGusamrdlFXLyuiNAz4e7FQWKOQ
2024-01-29 15:20:52,977 [INFO] org.springframework.web.filter.OncePerRequestFilter [http-nio-8081-exec-10]  Header :  Bearer eyJhbGciOiJIUzUxMiJ9.eyJzdWIiOiJteXNlbGZmb3IxMDJAZ21haWwuY29tIiwiaWF0IjoxNzA2NTIxODQyLCJleHAiOjE3MDY1Mzk4NDJ9.bb8raYZ4xC4cQQOWgyIL9oGzrAvQ4K758IIYp89tRaVU-aoBcHR-Zs_om18kGusamrdlFXLyuiNAz4e7FQWKOQ
2024-01-29 15:20:52,988 [INFO] org.springframework.web.filter.OncePerRequestFilter [http-nio-8081-exec-1]  Header :  Bearer eyJhbGciOiJIUzUxMiJ9.eyJzdWIiOiJteXNlbGZmb3IxMDJAZ21haWwuY29tIiwiaWF0IjoxNzA2NTIxODQyLCJleHAiOjE3MDY1Mzk4NDJ9.bb8raYZ4xC4cQQOWgyIL9oGzrAvQ4K758IIYp89tRaVU-aoBcHR-Zs_om18kGusamrdlFXLyuiNAz4e7FQWKOQ
2024-01-29 15:20:53,035 [INFO] org.springframework.web.filter.OncePerRequestFilter [http-nio-8081-exec-2]  Header :  Bearer eyJhbGciOiJIUzUxMiJ9.eyJzdWIiOiJteXNlbGZmb3IxMDJAZ21haWwuY29tIiwiaWF0IjoxNzA2NTIxODQyLCJleHAiOjE3MDY1Mzk4NDJ9.bb8raYZ4xC4cQQOWgyIL9oGzrAvQ4K758IIYp89tRaVU-aoBcHR-Zs_om18kGusamrdlFXLyuiNAz4e7FQWKOQ
2024-01-29 15:23:09,275 [INFO] org.springframework.web.filter.OncePerRequestFilter [http-nio-8081-exec-6]  Header :  Bearer eyJhbGciOiJIUzUxMiJ9.eyJzdWIiOiJteXNlbGZmb3IxMDJAZ21haWwuY29tIiwiaWF0IjoxNzA2NTIxODQyLCJleHAiOjE3MDY1Mzk4NDJ9.bb8raYZ4xC4cQQOWgyIL9oGzrAvQ4K758IIYp89tRaVU-aoBcHR-Zs_om18kGusamrdlFXLyuiNAz4e7FQWKOQ
2024-01-29 15:23:09,294 [INFO] org.springframework.web.filter.OncePerRequestFilter [http-nio-8081-exec-7]  Header :  Bearer eyJhbGciOiJIUzUxMiJ9.eyJzdWIiOiJteXNlbGZmb3IxMDJAZ21haWwuY29tIiwiaWF0IjoxNzA2NTIxODQyLCJleHAiOjE3MDY1Mzk4NDJ9.bb8raYZ4xC4cQQOWgyIL9oGzrAvQ4K758IIYp89tRaVU-aoBcHR-Zs_om18kGusamrdlFXLyuiNAz4e7FQWKOQ
2024-01-29 15:23:09,312 [INFO] org.springframework.web.filter.OncePerRequestFilter [http-nio-8081-exec-9]  Header :  Bearer eyJhbGciOiJIUzUxMiJ9.eyJzdWIiOiJteXNlbGZmb3IxMDJAZ21haWwuY29tIiwiaWF0IjoxNzA2NTIxODQyLCJleHAiOjE3MDY1Mzk4NDJ9.bb8raYZ4xC4cQQOWgyIL9oGzrAvQ4K758IIYp89tRaVU-aoBcHR-Zs_om18kGusamrdlFXLyuiNAz4e7FQWKOQ
2024-01-29 15:23:56,250 [INFO] com.netflix.discovery.shared.resolver.aws.ConfigClusterResolver [AsyncResolver-bootstrap-executor-0] Resolving eureka endpoints via configuration
2024-01-29 15:24:40,277 [INFO] org.springframework.web.filter.OncePerRequestFilter [http-nio-8081-exec-1]  Header :  Bearer eyJhbGciOiJIUzUxMiJ9.eyJzdWIiOiJteXNlbGZmb3IxMDJAZ21haWwuY29tIiwiaWF0IjoxNzA2NTIxODQyLCJleHAiOjE3MDY1Mzk4NDJ9.bb8raYZ4xC4cQQOWgyIL9oGzrAvQ4K758IIYp89tRaVU-aoBcHR-Zs_om18kGusamrdlFXLyuiNAz4e7FQWKOQ
2024-01-29 15:24:40,294 [INFO] org.springframework.web.filter.OncePerRequestFilter [http-nio-8081-exec-10]  Header :  Bearer eyJhbGciOiJIUzUxMiJ9.eyJzdWIiOiJteXNlbGZmb3IxMDJAZ21haWwuY29tIiwiaWF0IjoxNzA2NTIxODQyLCJleHAiOjE3MDY1Mzk4NDJ9.bb8raYZ4xC4cQQOWgyIL9oGzrAvQ4K758IIYp89tRaVU-aoBcHR-Zs_om18kGusamrdlFXLyuiNAz4e7FQWKOQ
2024-01-29 15:24:40,313 [INFO] org.springframework.web.filter.OncePerRequestFilter [http-nio-8081-exec-2]  Header :  Bearer eyJhbGciOiJIUzUxMiJ9.eyJzdWIiOiJteXNlbGZmb3IxMDJAZ21haWwuY29tIiwiaWF0IjoxNzA2NTIxODQyLCJleHAiOjE3MDY1Mzk4NDJ9.bb8raYZ4xC4cQQOWgyIL9oGzrAvQ4K758IIYp89tRaVU-aoBcHR-Zs_om18kGusamrdlFXLyuiNAz4e7FQWKOQ
2024-01-29 15:24:40,337 [INFO] org.springframework.web.filter.OncePerRequestFilter [http-nio-8081-exec-3]  Header :  Bearer eyJhbGciOiJIUzUxMiJ9.eyJzdWIiOiJteXNlbGZmb3IxMDJAZ21haWwuY29tIiwiaWF0IjoxNzA2NTIxODQyLCJleHAiOjE3MDY1Mzk4NDJ9.bb8raYZ4xC4cQQOWgyIL9oGzrAvQ4K758IIYp89tRaVU-aoBcHR-Zs_om18kGusamrdlFXLyuiNAz4e7FQWKOQ
2024-01-29 15:25:18,005 [INFO] org.springframework.web.filter.OncePerRequestFilter [http-nio-8081-exec-4]  Header :  null
2024-01-29 15:25:18,005 [INFO] org.springframework.web.filter.OncePerRequestFilter [http-nio-8081-exec-4] Invalid Header Value !! 
2024-01-29 15:25:18,131 [INFO] org.springframework.web.filter.OncePerRequestFilter [http-nio-8081-exec-6]  Header :  Bearer eyJhbGciOiJIUzUxMiJ9.eyJzdWIiOiJteXNlbGZmb3IxMDJAZ21haWwuY29tIiwiaWF0IjoxNzA2NTIyMTE4LCJleHAiOjE3MDY1NDAxMTh9.LDjOlLBjelVIHfLrBTS-HsY5AXFriEEQt3_8kaxtnG1-DqKRM-KpcJEgOuIFNXH9I4rYc5TcxbO92rKKod433w
2024-01-29 15:25:18,152 [INFO] org.springframework.web.filter.OncePerRequestFilter [http-nio-8081-exec-7]  Header :  Bearer eyJhbGciOiJIUzUxMiJ9.eyJzdWIiOiJteXNlbGZmb3IxMDJAZ21haWwuY29tIiwiaWF0IjoxNzA2NTIyMTE4LCJleHAiOjE3MDY1NDAxMTh9.LDjOlLBjelVIHfLrBTS-HsY5AXFriEEQt3_8kaxtnG1-DqKRM-KpcJEgOuIFNXH9I4rYc5TcxbO92rKKod433w
2024-01-29 15:25:18,166 [INFO] org.springframework.web.filter.OncePerRequestFilter [http-nio-8081-exec-9]  Header :  Bearer eyJhbGciOiJIUzUxMiJ9.eyJzdWIiOiJteXNlbGZmb3IxMDJAZ21haWwuY29tIiwiaWF0IjoxNzA2NTIyMTE4LCJleHAiOjE3MDY1NDAxMTh9.LDjOlLBjelVIHfLrBTS-HsY5AXFriEEQt3_8kaxtnG1-DqKRM-KpcJEgOuIFNXH9I4rYc5TcxbO92rKKod433w
2024-01-29 15:25:18,189 [INFO] org.springframework.web.filter.OncePerRequestFilter [http-nio-8081-exec-8]  Header :  Bearer eyJhbGciOiJIUzUxMiJ9.eyJzdWIiOiJteXNlbGZmb3IxMDJAZ21haWwuY29tIiwiaWF0IjoxNzA2NTIyMTE4LCJleHAiOjE3MDY1NDAxMTh9.LDjOlLBjelVIHfLrBTS-HsY5AXFriEEQt3_8kaxtnG1-DqKRM-KpcJEgOuIFNXH9I4rYc5TcxbO92rKKod433w
2024-01-29 15:25:18,192 [INFO] org.springframework.web.filter.OncePerRequestFilter [http-nio-8081-exec-1]  Header :  Bearer eyJhbGciOiJIUzUxMiJ9.eyJzdWIiOiJteXNlbGZmb3IxMDJAZ21haWwuY29tIiwiaWF0IjoxNzA2NTIyMTE4LCJleHAiOjE3MDY1NDAxMTh9.LDjOlLBjelVIHfLrBTS-HsY5AXFriEEQt3_8kaxtnG1-DqKRM-KpcJEgOuIFNXH9I4rYc5TcxbO92rKKod433w
2024-01-29 15:25:18,210 [INFO] org.springframework.web.filter.OncePerRequestFilter [http-nio-8081-exec-10]  Header :  Bearer eyJhbGciOiJIUzUxMiJ9.eyJzdWIiOiJteXNlbGZmb3IxMDJAZ21haWwuY29tIiwiaWF0IjoxNzA2NTIyMTE4LCJleHAiOjE3MDY1NDAxMTh9.LDjOlLBjelVIHfLrBTS-HsY5AXFriEEQt3_8kaxtnG1-DqKRM-KpcJEgOuIFNXH9I4rYc5TcxbO92rKKod433w
2024-01-29 15:25:18,223 [INFO] org.springframework.web.filter.OncePerRequestFilter [http-nio-8081-exec-2]  Header :  Bearer eyJhbGciOiJIUzUxMiJ9.eyJzdWIiOiJteXNlbGZmb3IxMDJAZ21haWwuY29tIiwiaWF0IjoxNzA2NTIyMTE4LCJleHAiOjE3MDY1NDAxMTh9.LDjOlLBjelVIHfLrBTS-HsY5AXFriEEQt3_8kaxtnG1-DqKRM-KpcJEgOuIFNXH9I4rYc5TcxbO92rKKod433w
2024-01-29 15:25:18,248 [INFO] org.springframework.web.filter.OncePerRequestFilter [http-nio-8081-exec-3]  Header :  Bearer eyJhbGciOiJIUzUxMiJ9.eyJzdWIiOiJteXNlbGZmb3IxMDJAZ21haWwuY29tIiwiaWF0IjoxNzA2NTIyMTE4LCJleHAiOjE3MDY1NDAxMTh9.LDjOlLBjelVIHfLrBTS-HsY5AXFriEEQt3_8kaxtnG1-DqKRM-KpcJEgOuIFNXH9I4rYc5TcxbO92rKKod433w
2024-01-29 15:27:23,279 [INFO] org.springframework.web.filter.OncePerRequestFilter [http-nio-8081-exec-7]  Header :  Bearer eyJhbGciOiJIUzUxMiJ9.eyJzdWIiOiJteXNlbGZmb3IxMDJAZ21haWwuY29tIiwiaWF0IjoxNzA2NTIyMTE4LCJleHAiOjE3MDY1NDAxMTh9.LDjOlLBjelVIHfLrBTS-HsY5AXFriEEQt3_8kaxtnG1-DqKRM-KpcJEgOuIFNXH9I4rYc5TcxbO92rKKod433w
2024-01-29 15:27:23,307 [INFO] org.springframework.web.filter.OncePerRequestFilter [http-nio-8081-exec-9]  Header :  Bearer eyJhbGciOiJIUzUxMiJ9.eyJzdWIiOiJteXNlbGZmb3IxMDJAZ21haWwuY29tIiwiaWF0IjoxNzA2NTIyMTE4LCJleHAiOjE3MDY1NDAxMTh9.LDjOlLBjelVIHfLrBTS-HsY5AXFriEEQt3_8kaxtnG1-DqKRM-KpcJEgOuIFNXH9I4rYc5TcxbO92rKKod433w
2024-01-29 15:27:23,330 [INFO] org.springframework.web.filter.OncePerRequestFilter [http-nio-8081-exec-8]  Header :  Bearer eyJhbGciOiJIUzUxMiJ9.eyJzdWIiOiJteXNlbGZmb3IxMDJAZ21haWwuY29tIiwiaWF0IjoxNzA2NTIyMTE4LCJleHAiOjE3MDY1NDAxMTh9.LDjOlLBjelVIHfLrBTS-HsY5AXFriEEQt3_8kaxtnG1-DqKRM-KpcJEgOuIFNXH9I4rYc5TcxbO92rKKod433w
2024-01-29 15:27:23,362 [INFO] org.springframework.web.filter.OncePerRequestFilter [http-nio-8081-exec-1]  Header :  Bearer eyJhbGciOiJIUzUxMiJ9.eyJzdWIiOiJteXNlbGZmb3IxMDJAZ21haWwuY29tIiwiaWF0IjoxNzA2NTIyMTE4LCJleHAiOjE3MDY1NDAxMTh9.LDjOlLBjelVIHfLrBTS-HsY5AXFriEEQt3_8kaxtnG1-DqKRM-KpcJEgOuIFNXH9I4rYc5TcxbO92rKKod433w
2024-01-29 15:27:38,269 [INFO] org.springframework.web.filter.OncePerRequestFilter [http-nio-8081-exec-10]  Header :  Bearer eyJhbGciOiJIUzUxMiJ9.eyJzdWIiOiJteXNlbGZmb3IxMDJAZ21haWwuY29tIiwiaWF0IjoxNzA2NTIyMTE4LCJleHAiOjE3MDY1NDAxMTh9.LDjOlLBjelVIHfLrBTS-HsY5AXFriEEQt3_8kaxtnG1-DqKRM-KpcJEgOuIFNXH9I4rYc5TcxbO92rKKod433w
2024-01-29 15:27:38,290 [INFO] org.springframework.web.filter.OncePerRequestFilter [http-nio-8081-exec-2]  Header :  Bearer eyJhbGciOiJIUzUxMiJ9.eyJzdWIiOiJteXNlbGZmb3IxMDJAZ21haWwuY29tIiwiaWF0IjoxNzA2NTIyMTE4LCJleHAiOjE3MDY1NDAxMTh9.LDjOlLBjelVIHfLrBTS-HsY5AXFriEEQt3_8kaxtnG1-DqKRM-KpcJEgOuIFNXH9I4rYc5TcxbO92rKKod433w
2024-01-29 15:27:38,308 [INFO] org.springframework.web.filter.OncePerRequestFilter [http-nio-8081-exec-3]  Header :  Bearer eyJhbGciOiJIUzUxMiJ9.eyJzdWIiOiJteXNlbGZmb3IxMDJAZ21haWwuY29tIiwiaWF0IjoxNzA2NTIyMTE4LCJleHAiOjE3MDY1NDAxMTh9.LDjOlLBjelVIHfLrBTS-HsY5AXFriEEQt3_8kaxtnG1-DqKRM-KpcJEgOuIFNXH9I4rYc5TcxbO92rKKod433w
2024-01-29 15:27:38,337 [INFO] org.springframework.web.filter.OncePerRequestFilter [http-nio-8081-exec-4]  Header :  Bearer eyJhbGciOiJIUzUxMiJ9.eyJzdWIiOiJteXNlbGZmb3IxMDJAZ21haWwuY29tIiwiaWF0IjoxNzA2NTIyMTE4LCJleHAiOjE3MDY1NDAxMTh9.LDjOlLBjelVIHfLrBTS-HsY5AXFriEEQt3_8kaxtnG1-DqKRM-KpcJEgOuIFNXH9I4rYc5TcxbO92rKKod433w
2024-01-29 15:27:52,184 [INFO] org.springframework.web.filter.OncePerRequestFilter [http-nio-8081-exec-5]  Header :  Bearer eyJhbGciOiJIUzUxMiJ9.eyJzdWIiOiJteXNlbGZmb3IxMDJAZ21haWwuY29tIiwiaWF0IjoxNzA2NTIyMTE4LCJleHAiOjE3MDY1NDAxMTh9.LDjOlLBjelVIHfLrBTS-HsY5AXFriEEQt3_8kaxtnG1-DqKRM-KpcJEgOuIFNXH9I4rYc5TcxbO92rKKod433w
2024-01-29 15:27:52,204 [INFO] org.springframework.web.filter.OncePerRequestFilter [http-nio-8081-exec-6]  Header :  Bearer eyJhbGciOiJIUzUxMiJ9.eyJzdWIiOiJteXNlbGZmb3IxMDJAZ21haWwuY29tIiwiaWF0IjoxNzA2NTIyMTE4LCJleHAiOjE3MDY1NDAxMTh9.LDjOlLBjelVIHfLrBTS-HsY5AXFriEEQt3_8kaxtnG1-DqKRM-KpcJEgOuIFNXH9I4rYc5TcxbO92rKKod433w
2024-01-29 15:27:52,221 [INFO] org.springframework.web.filter.OncePerRequestFilter [http-nio-8081-exec-7]  Header :  Bearer eyJhbGciOiJIUzUxMiJ9.eyJzdWIiOiJteXNlbGZmb3IxMDJAZ21haWwuY29tIiwiaWF0IjoxNzA2NTIyMTE4LCJleHAiOjE3MDY1NDAxMTh9.LDjOlLBjelVIHfLrBTS-HsY5AXFriEEQt3_8kaxtnG1-DqKRM-KpcJEgOuIFNXH9I4rYc5TcxbO92rKKod433w
2024-01-29 15:27:52,242 [INFO] org.springframework.web.filter.OncePerRequestFilter [http-nio-8081-exec-9]  Header :  Bearer eyJhbGciOiJIUzUxMiJ9.eyJzdWIiOiJteXNlbGZmb3IxMDJAZ21haWwuY29tIiwiaWF0IjoxNzA2NTIyMTE4LCJleHAiOjE3MDY1NDAxMTh9.LDjOlLBjelVIHfLrBTS-HsY5AXFriEEQt3_8kaxtnG1-DqKRM-KpcJEgOuIFNXH9I4rYc5TcxbO92rKKod433w
2024-01-29 15:28:14,170 [INFO] org.springframework.web.filter.OncePerRequestFilter [http-nio-8081-exec-1]  Header :  Bearer eyJhbGciOiJIUzUxMiJ9.eyJzdWIiOiJqYWRoYXZjb2NAZ21haWwuY29tIiwiaWF0IjoxNzA2NTIxMzAwLCJleHAiOjE3MDY1MzkzMDB9.Fh8axaixy-mIG2ZLe9lQQswfRyj93VPn-4nOGENsjBl-ppelYlhVayJ2Bt6HCljBNAPx42cHO0vK0tw4soxIrw
2024-01-29 15:28:56,253 [INFO] com.netflix.discovery.shared.resolver.aws.ConfigClusterResolver [AsyncResolver-bootstrap-executor-0] Resolving eureka endpoints via configuration
2024-01-29 15:28:58,204 [INFO] org.springframework.web.filter.OncePerRequestFilter [http-nio-8081-exec-3]  Header :  null
2024-01-29 15:28:58,204 [INFO] org.springframework.web.filter.OncePerRequestFilter [http-nio-8081-exec-3] Invalid Header Value !! 
2024-01-29 15:28:58,325 [INFO] org.springframework.web.filter.OncePerRequestFilter [http-nio-8081-exec-4]  Header :  Bearer eyJhbGciOiJIUzUxMiJ9.eyJzdWIiOiJqYWRoYXZjb2NAZ21haWwuY29tIiwiaWF0IjoxNzA2NTIyMzM4LCJleHAiOjE3MDY1NDAzMzh9.KXpOCSqoatAWZpAE9h08cB7Um7NZvIz9oJSZsWJliRWRzzZ7YbLdAKAx-I-x8M1OMuNJlSOzhCj64gbt1KBOzg
2024-01-29 15:28:58,349 [INFO] org.springframework.web.filter.OncePerRequestFilter [http-nio-8081-exec-5]  Header :  Bearer eyJhbGciOiJIUzUxMiJ9.eyJzdWIiOiJqYWRoYXZjb2NAZ21haWwuY29tIiwiaWF0IjoxNzA2NTIyMzM4LCJleHAiOjE3MDY1NDAzMzh9.KXpOCSqoatAWZpAE9h08cB7Um7NZvIz9oJSZsWJliRWRzzZ7YbLdAKAx-I-x8M1OMuNJlSOzhCj64gbt1KBOzg
2024-01-29 15:28:58,367 [INFO] org.springframework.web.filter.OncePerRequestFilter [http-nio-8081-exec-6]  Header :  Bearer eyJhbGciOiJIUzUxMiJ9.eyJzdWIiOiJqYWRoYXZjb2NAZ21haWwuY29tIiwiaWF0IjoxNzA2NTIyMzM4LCJleHAiOjE3MDY1NDAzMzh9.KXpOCSqoatAWZpAE9h08cB7Um7NZvIz9oJSZsWJliRWRzzZ7YbLdAKAx-I-x8M1OMuNJlSOzhCj64gbt1KBOzg
2024-01-29 15:28:58,382 [INFO] org.springframework.web.filter.OncePerRequestFilter [http-nio-8081-exec-7]  Header :  Bearer eyJhbGciOiJIUzUxMiJ9.eyJzdWIiOiJqYWRoYXZjb2NAZ21haWwuY29tIiwiaWF0IjoxNzA2NTIyMzM4LCJleHAiOjE3MDY1NDAzMzh9.KXpOCSqoatAWZpAE9h08cB7Um7NZvIz9oJSZsWJliRWRzzZ7YbLdAKAx-I-x8M1OMuNJlSOzhCj64gbt1KBOzg
2024-01-29 15:28:58,388 [INFO] org.springframework.web.filter.OncePerRequestFilter [http-nio-8081-exec-9]  Header :  Bearer eyJhbGciOiJIUzUxMiJ9.eyJzdWIiOiJqYWRoYXZjb2NAZ21haWwuY29tIiwiaWF0IjoxNzA2NTIyMzM4LCJleHAiOjE3MDY1NDAzMzh9.KXpOCSqoatAWZpAE9h08cB7Um7NZvIz9oJSZsWJliRWRzzZ7YbLdAKAx-I-x8M1OMuNJlSOzhCj64gbt1KBOzg
2024-01-29 15:28:58,404 [INFO] org.springframework.web.filter.OncePerRequestFilter [http-nio-8081-exec-8]  Header :  Bearer eyJhbGciOiJIUzUxMiJ9.eyJzdWIiOiJqYWRoYXZjb2NAZ21haWwuY29tIiwiaWF0IjoxNzA2NTIyMzM4LCJleHAiOjE3MDY1NDAzMzh9.KXpOCSqoatAWZpAE9h08cB7Um7NZvIz9oJSZsWJliRWRzzZ7YbLdAKAx-I-x8M1OMuNJlSOzhCj64gbt1KBOzg
2024-01-29 15:28:58,425 [INFO] org.springframework.web.filter.OncePerRequestFilter [http-nio-8081-exec-1]  Header :  Bearer eyJhbGciOiJIUzUxMiJ9.eyJzdWIiOiJqYWRoYXZjb2NAZ21haWwuY29tIiwiaWF0IjoxNzA2NTIyMzM4LCJleHAiOjE3MDY1NDAzMzh9.KXpOCSqoatAWZpAE9h08cB7Um7NZvIz9oJSZsWJliRWRzzZ7YbLdAKAx-I-x8M1OMuNJlSOzhCj64gbt1KBOzg
2024-01-29 15:28:58,447 [INFO] org.springframework.web.filter.OncePerRequestFilter [http-nio-8081-exec-10]  Header :  Bearer eyJhbGciOiJIUzUxMiJ9.eyJzdWIiOiJqYWRoYXZjb2NAZ21haWwuY29tIiwiaWF0IjoxNzA2NTIyMzM4LCJleHAiOjE3MDY1NDAzMzh9.KXpOCSqoatAWZpAE9h08cB7Um7NZvIz9oJSZsWJliRWRzzZ7YbLdAKAx-I-x8M1OMuNJlSOzhCj64gbt1KBOzg
2024-01-29 15:33:56,260 [INFO] com.netflix.discovery.shared.resolver.aws.ConfigClusterResolver [AsyncResolver-bootstrap-executor-0] Resolving eureka endpoints via configuration
2024-01-29 15:37:02,265 [INFO] org.springframework.web.filter.OncePerRequestFilter [http-nio-8081-exec-6]  Header :  Bearer eyJhbGciOiJIUzUxMiJ9.eyJzdWIiOiJqYWRoYXZjb2NAZ21haWwuY29tIiwiaWF0IjoxNzA2NTIyMzM4LCJleHAiOjE3MDY1NDAzMzh9.KXpOCSqoatAWZpAE9h08cB7Um7NZvIz9oJSZsWJliRWRzzZ7YbLdAKAx-I-x8M1OMuNJlSOzhCj64gbt1KBOzg
2024-01-29 15:37:02,281 [INFO] org.springframework.web.filter.OncePerRequestFilter [http-nio-8081-exec-7]  Header :  Bearer eyJhbGciOiJIUzUxMiJ9.eyJzdWIiOiJqYWRoYXZjb2NAZ21haWwuY29tIiwiaWF0IjoxNzA2NTIyMzM4LCJleHAiOjE3MDY1NDAzMzh9.KXpOCSqoatAWZpAE9h08cB7Um7NZvIz9oJSZsWJliRWRzzZ7YbLdAKAx-I-x8M1OMuNJlSOzhCj64gbt1KBOzg
2024-01-29 15:37:02,296 [INFO] org.springframework.web.filter.OncePerRequestFilter [http-nio-8081-exec-9]  Header :  Bearer eyJhbGciOiJIUzUxMiJ9.eyJzdWIiOiJqYWRoYXZjb2NAZ21haWwuY29tIiwiaWF0IjoxNzA2NTIyMzM4LCJleHAiOjE3MDY1NDAzMzh9.KXpOCSqoatAWZpAE9h08cB7Um7NZvIz9oJSZsWJliRWRzzZ7YbLdAKAx-I-x8M1OMuNJlSOzhCj64gbt1KBOzg
2024-01-29 15:37:02,319 [INFO] org.springframework.web.filter.OncePerRequestFilter [http-nio-8081-exec-8]  Header :  Bearer eyJhbGciOiJIUzUxMiJ9.eyJzdWIiOiJqYWRoYXZjb2NAZ21haWwuY29tIiwiaWF0IjoxNzA2NTIyMzM4LCJleHAiOjE3MDY1NDAzMzh9.KXpOCSqoatAWZpAE9h08cB7Um7NZvIz9oJSZsWJliRWRzzZ7YbLdAKAx-I-x8M1OMuNJlSOzhCj64gbt1KBOzg
2024-01-29 15:38:56,266 [INFO] com.netflix.discovery.shared.resolver.aws.ConfigClusterResolver [AsyncResolver-bootstrap-executor-0] Resolving eureka endpoints via configuration
2024-01-29 15:40:28,562 [INFO] org.springframework.web.filter.OncePerRequestFilter [http-nio-8081-exec-2]  Header :  Bearer eyJhbGciOiJIUzUxMiJ9.eyJzdWIiOiJqYWRoYXZjb2NAZ21haWwuY29tIiwiaWF0IjoxNzA2NTIxMzAwLCJleHAiOjE3MDY1MzkzMDB9.Fh8axaixy-mIG2ZLe9lQQswfRyj93VPn-4nOGENsjBl-ppelYlhVayJ2Bt6HCljBNAPx42cHO0vK0tw4soxIrw
2024-01-29 15:40:36,170 [INFO] org.springframework.web.filter.OncePerRequestFilter [http-nio-8081-exec-3]  Header :  Bearer eyJhbGciOiJIUzUxMiJ9.eyJzdWIiOiJqYWRoYXZjb2NAZ21haWwuY29tIiwiaWF0IjoxNzA2NTIyMzM4LCJleHAiOjE3MDY1NDAzMzh9.KXpOCSqoatAWZpAE9h08cB7Um7NZvIz9oJSZsWJliRWRzzZ7YbLdAKAx-I-x8M1OMuNJlSOzhCj64gbt1KBOzg
2024-01-29 15:40:36,239 [INFO] org.springframework.web.filter.OncePerRequestFilter [http-nio-8081-exec-4]  Header :  Bearer eyJhbGciOiJIUzUxMiJ9.eyJzdWIiOiJqYWRoYXZjb2NAZ21haWwuY29tIiwiaWF0IjoxNzA2NTIyMzM4LCJleHAiOjE3MDY1NDAzMzh9.KXpOCSqoatAWZpAE9h08cB7Um7NZvIz9oJSZsWJliRWRzzZ7YbLdAKAx-I-x8M1OMuNJlSOzhCj64gbt1KBOzg
2024-01-29 15:40:37,691 [INFO] org.springframework.web.filter.OncePerRequestFilter [http-nio-8081-exec-5]  Header :  Bearer eyJhbGciOiJIUzUxMiJ9.eyJzdWIiOiJqYWRoYXZjb2NAZ21haWwuY29tIiwiaWF0IjoxNzA2NTIyMzM4LCJleHAiOjE3MDY1NDAzMzh9.KXpOCSqoatAWZpAE9h08cB7Um7NZvIz9oJSZsWJliRWRzzZ7YbLdAKAx-I-x8M1OMuNJlSOzhCj64gbt1KBOzg
2024-01-29 15:40:37,709 [INFO] org.springframework.web.filter.OncePerRequestFilter [http-nio-8081-exec-6]  Header :  Bearer eyJhbGciOiJIUzUxMiJ9.eyJzdWIiOiJqYWRoYXZjb2NAZ21haWwuY29tIiwiaWF0IjoxNzA2NTIyMzM4LCJleHAiOjE3MDY1NDAzMzh9.KXpOCSqoatAWZpAE9h08cB7Um7NZvIz9oJSZsWJliRWRzzZ7YbLdAKAx-I-x8M1OMuNJlSOzhCj64gbt1KBOzg
2024-01-29 15:40:37,725 [INFO] org.springframework.web.filter.OncePerRequestFilter [http-nio-8081-exec-7]  Header :  Bearer eyJhbGciOiJIUzUxMiJ9.eyJzdWIiOiJqYWRoYXZjb2NAZ21haWwuY29tIiwiaWF0IjoxNzA2NTIyMzM4LCJleHAiOjE3MDY1NDAzMzh9.KXpOCSqoatAWZpAE9h08cB7Um7NZvIz9oJSZsWJliRWRzzZ7YbLdAKAx-I-x8M1OMuNJlSOzhCj64gbt1KBOzg
2024-01-29 15:40:37,739 [INFO] org.springframework.web.filter.OncePerRequestFilter [http-nio-8081-exec-9]  Header :  Bearer eyJhbGciOiJIUzUxMiJ9.eyJzdWIiOiJqYWRoYXZjb2NAZ21haWwuY29tIiwiaWF0IjoxNzA2NTIyMzM4LCJleHAiOjE3MDY1NDAzMzh9.KXpOCSqoatAWZpAE9h08cB7Um7NZvIz9oJSZsWJliRWRzzZ7YbLdAKAx-I-x8M1OMuNJlSOzhCj64gbt1KBOzg
2024-01-29 15:40:37,748 [INFO] org.springframework.web.filter.OncePerRequestFilter [http-nio-8081-exec-8]  Header :  Bearer eyJhbGciOiJIUzUxMiJ9.eyJzdWIiOiJqYWRoYXZjb2NAZ21haWwuY29tIiwiaWF0IjoxNzA2NTIyMzM4LCJleHAiOjE3MDY1NDAzMzh9.KXpOCSqoatAWZpAE9h08cB7Um7NZvIz9oJSZsWJliRWRzzZ7YbLdAKAx-I-x8M1OMuNJlSOzhCj64gbt1KBOzg
2024-01-29 15:40:37,773 [INFO] org.springframework.web.filter.OncePerRequestFilter [http-nio-8081-exec-1]  Header :  Bearer eyJhbGciOiJIUzUxMiJ9.eyJzdWIiOiJqYWRoYXZjb2NAZ21haWwuY29tIiwiaWF0IjoxNzA2NTIyMzM4LCJleHAiOjE3MDY1NDAzMzh9.KXpOCSqoatAWZpAE9h08cB7Um7NZvIz9oJSZsWJliRWRzzZ7YbLdAKAx-I-x8M1OMuNJlSOzhCj64gbt1KBOzg
2024-01-29 15:40:37,794 [INFO] org.springframework.web.filter.OncePerRequestFilter [http-nio-8081-exec-10]  Header :  Bearer eyJhbGciOiJIUzUxMiJ9.eyJzdWIiOiJqYWRoYXZjb2NAZ21haWwuY29tIiwiaWF0IjoxNzA2NTIyMzM4LCJleHAiOjE3MDY1NDAzMzh9.KXpOCSqoatAWZpAE9h08cB7Um7NZvIz9oJSZsWJliRWRzzZ7YbLdAKAx-I-x8M1OMuNJlSOzhCj64gbt1KBOzg
2024-01-29 15:40:37,815 [INFO] org.springframework.web.filter.OncePerRequestFilter [http-nio-8081-exec-2]  Header :  Bearer eyJhbGciOiJIUzUxMiJ9.eyJzdWIiOiJqYWRoYXZjb2NAZ21haWwuY29tIiwiaWF0IjoxNzA2NTIyMzM4LCJleHAiOjE3MDY1NDAzMzh9.KXpOCSqoatAWZpAE9h08cB7Um7NZvIz9oJSZsWJliRWRzzZ7YbLdAKAx-I-x8M1OMuNJlSOzhCj64gbt1KBOzg
2024-01-29 15:41:05,941 [INFO] org.springframework.web.filter.OncePerRequestFilter [http-nio-8081-exec-3]  Header :  Bearer eyJhbGciOiJIUzUxMiJ9.eyJzdWIiOiJqYWRoYXZjb2NAZ21haWwuY29tIiwiaWF0IjoxNzA2NTIyMzM4LCJleHAiOjE3MDY1NDAzMzh9.KXpOCSqoatAWZpAE9h08cB7Um7NZvIz9oJSZsWJliRWRzzZ7YbLdAKAx-I-x8M1OMuNJlSOzhCj64gbt1KBOzg
2024-01-29 15:41:05,961 [INFO] org.springframework.web.filter.OncePerRequestFilter [http-nio-8081-exec-4]  Header :  Bearer eyJhbGciOiJIUzUxMiJ9.eyJzdWIiOiJqYWRoYXZjb2NAZ21haWwuY29tIiwiaWF0IjoxNzA2NTIyMzM4LCJleHAiOjE3MDY1NDAzMzh9.KXpOCSqoatAWZpAE9h08cB7Um7NZvIz9oJSZsWJliRWRzzZ7YbLdAKAx-I-x8M1OMuNJlSOzhCj64gbt1KBOzg
2024-01-29 15:41:05,972 [INFO] org.springframework.web.filter.OncePerRequestFilter [http-nio-8081-exec-5]  Header :  Bearer eyJhbGciOiJIUzUxMiJ9.eyJzdWIiOiJqYWRoYXZjb2NAZ21haWwuY29tIiwiaWF0IjoxNzA2NTIyMzM4LCJleHAiOjE3MDY1NDAzMzh9.KXpOCSqoatAWZpAE9h08cB7Um7NZvIz9oJSZsWJliRWRzzZ7YbLdAKAx-I-x8M1OMuNJlSOzhCj64gbt1KBOzg
2024-01-29 15:41:05,989 [INFO] org.springframework.web.filter.OncePerRequestFilter [http-nio-8081-exec-6]  Header :  Bearer eyJhbGciOiJIUzUxMiJ9.eyJzdWIiOiJqYWRoYXZjb2NAZ21haWwuY29tIiwiaWF0IjoxNzA2NTIyMzM4LCJleHAiOjE3MDY1NDAzMzh9.KXpOCSqoatAWZpAE9h08cB7Um7NZvIz9oJSZsWJliRWRzzZ7YbLdAKAx-I-x8M1OMuNJlSOzhCj64gbt1KBOzg
2024-01-29 15:41:06,007 [INFO] org.springframework.web.filter.OncePerRequestFilter [http-nio-8081-exec-7]  Header :  Bearer eyJhbGciOiJIUzUxMiJ9.eyJzdWIiOiJqYWRoYXZjb2NAZ21haWwuY29tIiwiaWF0IjoxNzA2NTIyMzM4LCJleHAiOjE3MDY1NDAzMzh9.KXpOCSqoatAWZpAE9h08cB7Um7NZvIz9oJSZsWJliRWRzzZ7YbLdAKAx-I-x8M1OMuNJlSOzhCj64gbt1KBOzg
2024-01-29 15:41:06,025 [INFO] org.springframework.web.filter.OncePerRequestFilter [http-nio-8081-exec-9]  Header :  Bearer eyJhbGciOiJIUzUxMiJ9.eyJzdWIiOiJqYWRoYXZjb2NAZ21haWwuY29tIiwiaWF0IjoxNzA2NTIyMzM4LCJleHAiOjE3MDY1NDAzMzh9.KXpOCSqoatAWZpAE9h08cB7Um7NZvIz9oJSZsWJliRWRzzZ7YbLdAKAx-I-x8M1OMuNJlSOzhCj64gbt1KBOzg
2024-01-29 15:41:06,045 [INFO] org.springframework.web.filter.OncePerRequestFilter [http-nio-8081-exec-8]  Header :  Bearer eyJhbGciOiJIUzUxMiJ9.eyJzdWIiOiJqYWRoYXZjb2NAZ21haWwuY29tIiwiaWF0IjoxNzA2NTIyMzM4LCJleHAiOjE3MDY1NDAzMzh9.KXpOCSqoatAWZpAE9h08cB7Um7NZvIz9oJSZsWJliRWRzzZ7YbLdAKAx-I-x8M1OMuNJlSOzhCj64gbt1KBOzg
2024-01-29 15:41:06,064 [INFO] org.springframework.web.filter.OncePerRequestFilter [http-nio-8081-exec-1]  Header :  Bearer eyJhbGciOiJIUzUxMiJ9.eyJzdWIiOiJqYWRoYXZjb2NAZ21haWwuY29tIiwiaWF0IjoxNzA2NTIyMzM4LCJleHAiOjE3MDY1NDAzMzh9.KXpOCSqoatAWZpAE9h08cB7Um7NZvIz9oJSZsWJliRWRzzZ7YbLdAKAx-I-x8M1OMuNJlSOzhCj64gbt1KBOzg
2024-01-29 15:42:34,293 [INFO] org.springframework.web.filter.OncePerRequestFilter [http-nio-8081-exec-4]  Header :  Bearer eyJhbGciOiJIUzUxMiJ9.eyJzdWIiOiJqYWRoYXZjb2NAZ21haWwuY29tIiwiaWF0IjoxNzA2NTIyMzM4LCJleHAiOjE3MDY1NDAzMzh9.KXpOCSqoatAWZpAE9h08cB7Um7NZvIz9oJSZsWJliRWRzzZ7YbLdAKAx-I-x8M1OMuNJlSOzhCj64gbt1KBOzg
2024-01-29 15:42:34,310 [INFO] org.springframework.web.filter.OncePerRequestFilter [http-nio-8081-exec-5]  Header :  Bearer eyJhbGciOiJIUzUxMiJ9.eyJzdWIiOiJqYWRoYXZjb2NAZ21haWwuY29tIiwiaWF0IjoxNzA2NTIyMzM4LCJleHAiOjE3MDY1NDAzMzh9.KXpOCSqoatAWZpAE9h08cB7Um7NZvIz9oJSZsWJliRWRzzZ7YbLdAKAx-I-x8M1OMuNJlSOzhCj64gbt1KBOzg
2024-01-29 15:42:34,331 [INFO] org.springframework.web.filter.OncePerRequestFilter [http-nio-8081-exec-6]  Header :  Bearer eyJhbGciOiJIUzUxMiJ9.eyJzdWIiOiJqYWRoYXZjb2NAZ21haWwuY29tIiwiaWF0IjoxNzA2NTIyMzM4LCJleHAiOjE3MDY1NDAzMzh9.KXpOCSqoatAWZpAE9h08cB7Um7NZvIz9oJSZsWJliRWRzzZ7YbLdAKAx-I-x8M1OMuNJlSOzhCj64gbt1KBOzg
2024-01-29 15:42:34,335 [INFO] org.springframework.web.filter.OncePerRequestFilter [http-nio-8081-exec-7]  Header :  Bearer eyJhbGciOiJIUzUxMiJ9.eyJzdWIiOiJqYWRoYXZjb2NAZ21haWwuY29tIiwiaWF0IjoxNzA2NTIyMzM4LCJleHAiOjE3MDY1NDAzMzh9.KXpOCSqoatAWZpAE9h08cB7Um7NZvIz9oJSZsWJliRWRzzZ7YbLdAKAx-I-x8M1OMuNJlSOzhCj64gbt1KBOzg
2024-01-29 15:42:34,387 [INFO] org.springframework.web.filter.OncePerRequestFilter [http-nio-8081-exec-8]  Header :  Bearer eyJhbGciOiJIUzUxMiJ9.eyJzdWIiOiJqYWRoYXZjb2NAZ21haWwuY29tIiwiaWF0IjoxNzA2NTIyMzM4LCJleHAiOjE3MDY1NDAzMzh9.KXpOCSqoatAWZpAE9h08cB7Um7NZvIz9oJSZsWJliRWRzzZ7YbLdAKAx-I-x8M1OMuNJlSOzhCj64gbt1KBOzg
2024-01-29 15:42:34,389 [INFO] org.springframework.web.filter.OncePerRequestFilter [http-nio-8081-exec-9]  Header :  Bearer eyJhbGciOiJIUzUxMiJ9.eyJzdWIiOiJqYWRoYXZjb2NAZ21haWwuY29tIiwiaWF0IjoxNzA2NTIyMzM4LCJleHAiOjE3MDY1NDAzMzh9.KXpOCSqoatAWZpAE9h08cB7Um7NZvIz9oJSZsWJliRWRzzZ7YbLdAKAx-I-x8M1OMuNJlSOzhCj64gbt1KBOzg
2024-01-29 15:42:34,428 [INFO] org.springframework.web.filter.OncePerRequestFilter [http-nio-8081-exec-1]  Header :  Bearer eyJhbGciOiJIUzUxMiJ9.eyJzdWIiOiJqYWRoYXZjb2NAZ21haWwuY29tIiwiaWF0IjoxNzA2NTIyMzM4LCJleHAiOjE3MDY1NDAzMzh9.KXpOCSqoatAWZpAE9h08cB7Um7NZvIz9oJSZsWJliRWRzzZ7YbLdAKAx-I-x8M1OMuNJlSOzhCj64gbt1KBOzg
2024-01-29 15:42:34,446 [INFO] org.springframework.web.filter.OncePerRequestFilter [http-nio-8081-exec-10]  Header :  Bearer eyJhbGciOiJIUzUxMiJ9.eyJzdWIiOiJqYWRoYXZjb2NAZ21haWwuY29tIiwiaWF0IjoxNzA2NTIyMzM4LCJleHAiOjE3MDY1NDAzMzh9.KXpOCSqoatAWZpAE9h08cB7Um7NZvIz9oJSZsWJliRWRzzZ7YbLdAKAx-I-x8M1OMuNJlSOzhCj64gbt1KBOzg
2024-01-29 15:42:34,491 [INFO] org.springframework.web.filter.OncePerRequestFilter [http-nio-8081-exec-3]  Header :  Bearer eyJhbGciOiJIUzUxMiJ9.eyJzdWIiOiJqYWRoYXZjb2NAZ21haWwuY29tIiwiaWF0IjoxNzA2NTIyMzM4LCJleHAiOjE3MDY1NDAzMzh9.KXpOCSqoatAWZpAE9h08cB7Um7NZvIz9oJSZsWJliRWRzzZ7YbLdAKAx-I-x8M1OMuNJlSOzhCj64gbt1KBOzg
2024-01-29 15:42:34,496 [INFO] org.springframework.web.filter.OncePerRequestFilter [http-nio-8081-exec-2]  Header :  Bearer eyJhbGciOiJIUzUxMiJ9.eyJzdWIiOiJqYWRoYXZjb2NAZ21haWwuY29tIiwiaWF0IjoxNzA2NTIyMzM4LCJleHAiOjE3MDY1NDAzMzh9.KXpOCSqoatAWZpAE9h08cB7Um7NZvIz9oJSZsWJliRWRzzZ7YbLdAKAx-I-x8M1OMuNJlSOzhCj64gbt1KBOzg
2024-01-29 15:42:34,503 [INFO] org.springframework.web.filter.OncePerRequestFilter [http-nio-8081-exec-4]  Header :  Bearer eyJhbGciOiJIUzUxMiJ9.eyJzdWIiOiJqYWRoYXZjb2NAZ21haWwuY29tIiwiaWF0IjoxNzA2NTIyMzM4LCJleHAiOjE3MDY1NDAzMzh9.KXpOCSqoatAWZpAE9h08cB7Um7NZvIz9oJSZsWJliRWRzzZ7YbLdAKAx-I-x8M1OMuNJlSOzhCj64gbt1KBOzg
2024-01-29 15:42:34,522 [INFO] org.springframework.web.filter.OncePerRequestFilter [http-nio-8081-exec-5]  Header :  Bearer eyJhbGciOiJIUzUxMiJ9.eyJzdWIiOiJqYWRoYXZjb2NAZ21haWwuY29tIiwiaWF0IjoxNzA2NTIyMzM4LCJleHAiOjE3MDY1NDAzMzh9.KXpOCSqoatAWZpAE9h08cB7Um7NZvIz9oJSZsWJliRWRzzZ7YbLdAKAx-I-x8M1OMuNJlSOzhCj64gbt1KBOzg
2024-01-29 15:42:34,559 [INFO] org.springframework.web.filter.OncePerRequestFilter [http-nio-8081-exec-7]  Header :  Bearer eyJhbGciOiJIUzUxMiJ9.eyJzdWIiOiJqYWRoYXZjb2NAZ21haWwuY29tIiwiaWF0IjoxNzA2NTIyMzM4LCJleHAiOjE3MDY1NDAzMzh9.KXpOCSqoatAWZpAE9h08cB7Um7NZvIz9oJSZsWJliRWRzzZ7YbLdAKAx-I-x8M1OMuNJlSOzhCj64gbt1KBOzg
2024-01-29 15:42:34,562 [INFO] org.springframework.web.filter.OncePerRequestFilter [http-nio-8081-exec-6]  Header :  Bearer eyJhbGciOiJIUzUxMiJ9.eyJzdWIiOiJqYWRoYXZjb2NAZ21haWwuY29tIiwiaWF0IjoxNzA2NTIyMzM4LCJleHAiOjE3MDY1NDAzMzh9.KXpOCSqoatAWZpAE9h08cB7Um7NZvIz9oJSZsWJliRWRzzZ7YbLdAKAx-I-x8M1OMuNJlSOzhCj64gbt1KBOzg
2024-01-29 15:42:34,599 [INFO] org.springframework.web.filter.OncePerRequestFilter [http-nio-8081-exec-8]  Header :  Bearer eyJhbGciOiJIUzUxMiJ9.eyJzdWIiOiJqYWRoYXZjb2NAZ21haWwuY29tIiwiaWF0IjoxNzA2NTIyMzM4LCJleHAiOjE3MDY1NDAzMzh9.KXpOCSqoatAWZpAE9h08cB7Um7NZvIz9oJSZsWJliRWRzzZ7YbLdAKAx-I-x8M1OMuNJlSOzhCj64gbt1KBOzg
2024-01-29 15:42:34,618 [INFO] org.springframework.web.filter.OncePerRequestFilter [http-nio-8081-exec-9]  Header :  Bearer eyJhbGciOiJIUzUxMiJ9.eyJzdWIiOiJqYWRoYXZjb2NAZ21haWwuY29tIiwiaWF0IjoxNzA2NTIyMzM4LCJleHAiOjE3MDY1NDAzMzh9.KXpOCSqoatAWZpAE9h08cB7Um7NZvIz9oJSZsWJliRWRzzZ7YbLdAKAx-I-x8M1OMuNJlSOzhCj64gbt1KBOzg
2024-01-29 15:42:38,223 [INFO] org.springframework.web.filter.OncePerRequestFilter [http-nio-8081-exec-1]  Header :  Bearer eyJhbGciOiJIUzUxMiJ9.eyJzdWIiOiJqYWRoYXZjb2NAZ21haWwuY29tIiwiaWF0IjoxNzA2NTIyMzM4LCJleHAiOjE3MDY1NDAzMzh9.KXpOCSqoatAWZpAE9h08cB7Um7NZvIz9oJSZsWJliRWRzzZ7YbLdAKAx-I-x8M1OMuNJlSOzhCj64gbt1KBOzg
2024-01-29 15:42:38,243 [INFO] org.springframework.web.filter.OncePerRequestFilter [http-nio-8081-exec-10]  Header :  Bearer eyJhbGciOiJIUzUxMiJ9.eyJzdWIiOiJqYWRoYXZjb2NAZ21haWwuY29tIiwiaWF0IjoxNzA2NTIyMzM4LCJleHAiOjE3MDY1NDAzMzh9.KXpOCSqoatAWZpAE9h08cB7Um7NZvIz9oJSZsWJliRWRzzZ7YbLdAKAx-I-x8M1OMuNJlSOzhCj64gbt1KBOzg
2024-01-29 15:42:39,255 [INFO] org.springframework.web.filter.OncePerRequestFilter [http-nio-8081-exec-3]  Header :  Bearer eyJhbGciOiJIUzUxMiJ9.eyJzdWIiOiJqYWRoYXZjb2NAZ21haWwuY29tIiwiaWF0IjoxNzA2NTIyMzM4LCJleHAiOjE3MDY1NDAzMzh9.KXpOCSqoatAWZpAE9h08cB7Um7NZvIz9oJSZsWJliRWRzzZ7YbLdAKAx-I-x8M1OMuNJlSOzhCj64gbt1KBOzg
2024-01-29 15:42:39,277 [INFO] org.springframework.web.filter.OncePerRequestFilter [http-nio-8081-exec-2]  Header :  Bearer eyJhbGciOiJIUzUxMiJ9.eyJzdWIiOiJqYWRoYXZjb2NAZ21haWwuY29tIiwiaWF0IjoxNzA2NTIyMzM4LCJleHAiOjE3MDY1NDAzMzh9.KXpOCSqoatAWZpAE9h08cB7Um7NZvIz9oJSZsWJliRWRzzZ7YbLdAKAx-I-x8M1OMuNJlSOzhCj64gbt1KBOzg
2024-01-29 15:42:39,298 [INFO] org.springframework.web.filter.OncePerRequestFilter [http-nio-8081-exec-4]  Header :  Bearer eyJhbGciOiJIUzUxMiJ9.eyJzdWIiOiJqYWRoYXZjb2NAZ21haWwuY29tIiwiaWF0IjoxNzA2NTIyMzM4LCJleHAiOjE3MDY1NDAzMzh9.KXpOCSqoatAWZpAE9h08cB7Um7NZvIz9oJSZsWJliRWRzzZ7YbLdAKAx-I-x8M1OMuNJlSOzhCj64gbt1KBOzg
2024-01-29 15:42:39,301 [INFO] org.springframework.web.filter.OncePerRequestFilter [http-nio-8081-exec-5]  Header :  Bearer eyJhbGciOiJIUzUxMiJ9.eyJzdWIiOiJqYWRoYXZjb2NAZ21haWwuY29tIiwiaWF0IjoxNzA2NTIyMzM4LCJleHAiOjE3MDY1NDAzMzh9.KXpOCSqoatAWZpAE9h08cB7Um7NZvIz9oJSZsWJliRWRzzZ7YbLdAKAx-I-x8M1OMuNJlSOzhCj64gbt1KBOzg
2024-01-29 15:42:39,320 [INFO] org.springframework.web.filter.OncePerRequestFilter [http-nio-8081-exec-7]  Header :  Bearer eyJhbGciOiJIUzUxMiJ9.eyJzdWIiOiJqYWRoYXZjb2NAZ21haWwuY29tIiwiaWF0IjoxNzA2NTIyMzM4LCJleHAiOjE3MDY1NDAzMzh9.KXpOCSqoatAWZpAE9h08cB7Um7NZvIz9oJSZsWJliRWRzzZ7YbLdAKAx-I-x8M1OMuNJlSOzhCj64gbt1KBOzg
2024-01-29 15:42:39,324 [INFO] org.springframework.web.filter.OncePerRequestFilter [http-nio-8081-exec-6]  Header :  Bearer eyJhbGciOiJIUzUxMiJ9.eyJzdWIiOiJqYWRoYXZjb2NAZ21haWwuY29tIiwiaWF0IjoxNzA2NTIyMzM4LCJleHAiOjE3MDY1NDAzMzh9.KXpOCSqoatAWZpAE9h08cB7Um7NZvIz9oJSZsWJliRWRzzZ7YbLdAKAx-I-x8M1OMuNJlSOzhCj64gbt1KBOzg
2024-01-29 15:42:39,336 [INFO] org.springframework.web.filter.OncePerRequestFilter [http-nio-8081-exec-8]  Header :  Bearer eyJhbGciOiJIUzUxMiJ9.eyJzdWIiOiJqYWRoYXZjb2NAZ21haWwuY29tIiwiaWF0IjoxNzA2NTIyMzM4LCJleHAiOjE3MDY1NDAzMzh9.KXpOCSqoatAWZpAE9h08cB7Um7NZvIz9oJSZsWJliRWRzzZ7YbLdAKAx-I-x8M1OMuNJlSOzhCj64gbt1KBOzg
2024-01-29 15:42:39,352 [INFO] org.springframework.web.filter.OncePerRequestFilter [http-nio-8081-exec-9]  Header :  Bearer eyJhbGciOiJIUzUxMiJ9.eyJzdWIiOiJqYWRoYXZjb2NAZ21haWwuY29tIiwiaWF0IjoxNzA2NTIyMzM4LCJleHAiOjE3MDY1NDAzMzh9.KXpOCSqoatAWZpAE9h08cB7Um7NZvIz9oJSZsWJliRWRzzZ7YbLdAKAx-I-x8M1OMuNJlSOzhCj64gbt1KBOzg
2024-01-29 15:42:39,359 [INFO] org.springframework.web.filter.OncePerRequestFilter [http-nio-8081-exec-1]  Header :  Bearer eyJhbGciOiJIUzUxMiJ9.eyJzdWIiOiJqYWRoYXZjb2NAZ21haWwuY29tIiwiaWF0IjoxNzA2NTIyMzM4LCJleHAiOjE3MDY1NDAzMzh9.KXpOCSqoatAWZpAE9h08cB7Um7NZvIz9oJSZsWJliRWRzzZ7YbLdAKAx-I-x8M1OMuNJlSOzhCj64gbt1KBOzg
2024-01-29 15:42:39,366 [INFO] org.springframework.web.filter.OncePerRequestFilter [http-nio-8081-exec-10]  Header :  Bearer eyJhbGciOiJIUzUxMiJ9.eyJzdWIiOiJqYWRoYXZjb2NAZ21haWwuY29tIiwiaWF0IjoxNzA2NTIyMzM4LCJleHAiOjE3MDY1NDAzMzh9.KXpOCSqoatAWZpAE9h08cB7Um7NZvIz9oJSZsWJliRWRzzZ7YbLdAKAx-I-x8M1OMuNJlSOzhCj64gbt1KBOzg
2024-01-29 15:42:39,369 [INFO] org.springframework.web.filter.OncePerRequestFilter [http-nio-8081-exec-3]  Header :  Bearer eyJhbGciOiJIUzUxMiJ9.eyJzdWIiOiJqYWRoYXZjb2NAZ21haWwuY29tIiwiaWF0IjoxNzA2NTIyMzM4LCJleHAiOjE3MDY1NDAzMzh9.KXpOCSqoatAWZpAE9h08cB7Um7NZvIz9oJSZsWJliRWRzzZ7YbLdAKAx-I-x8M1OMuNJlSOzhCj64gbt1KBOzg
2024-01-29 15:42:39,378 [INFO] org.springframework.web.filter.OncePerRequestFilter [http-nio-8081-exec-2]  Header :  Bearer eyJhbGciOiJIUzUxMiJ9.eyJzdWIiOiJqYWRoYXZjb2NAZ21haWwuY29tIiwiaWF0IjoxNzA2NTIyMzM4LCJleHAiOjE3MDY1NDAzMzh9.KXpOCSqoatAWZpAE9h08cB7Um7NZvIz9oJSZsWJliRWRzzZ7YbLdAKAx-I-x8M1OMuNJlSOzhCj64gbt1KBOzg
2024-01-29 15:42:39,395 [INFO] org.springframework.web.filter.OncePerRequestFilter [http-nio-8081-exec-4]  Header :  Bearer eyJhbGciOiJIUzUxMiJ9.eyJzdWIiOiJqYWRoYXZjb2NAZ21haWwuY29tIiwiaWF0IjoxNzA2NTIyMzM4LCJleHAiOjE3MDY1NDAzMzh9.KXpOCSqoatAWZpAE9h08cB7Um7NZvIz9oJSZsWJliRWRzzZ7YbLdAKAx-I-x8M1OMuNJlSOzhCj64gbt1KBOzg
2024-01-29 15:42:39,405 [INFO] org.springframework.web.filter.OncePerRequestFilter [http-nio-8081-exec-5]  Header :  Bearer eyJhbGciOiJIUzUxMiJ9.eyJzdWIiOiJqYWRoYXZjb2NAZ21haWwuY29tIiwiaWF0IjoxNzA2NTIyMzM4LCJleHAiOjE3MDY1NDAzMzh9.KXpOCSqoatAWZpAE9h08cB7Um7NZvIz9oJSZsWJliRWRzzZ7YbLdAKAx-I-x8M1OMuNJlSOzhCj64gbt1KBOzg
2024-01-29 15:42:39,426 [INFO] org.springframework.web.filter.OncePerRequestFilter [http-nio-8081-exec-7]  Header :  Bearer eyJhbGciOiJIUzUxMiJ9.eyJzdWIiOiJqYWRoYXZjb2NAZ21haWwuY29tIiwiaWF0IjoxNzA2NTIyMzM4LCJleHAiOjE3MDY1NDAzMzh9.KXpOCSqoatAWZpAE9h08cB7Um7NZvIz9oJSZsWJliRWRzzZ7YbLdAKAx-I-x8M1OMuNJlSOzhCj64gbt1KBOzg
2024-01-29 15:42:39,443 [INFO] org.springframework.web.filter.OncePerRequestFilter [http-nio-8081-exec-6]  Header :  Bearer eyJhbGciOiJIUzUxMiJ9.eyJzdWIiOiJqYWRoYXZjb2NAZ21haWwuY29tIiwiaWF0IjoxNzA2NTIyMzM4LCJleHAiOjE3MDY1NDAzMzh9.KXpOCSqoatAWZpAE9h08cB7Um7NZvIz9oJSZsWJliRWRzzZ7YbLdAKAx-I-x8M1OMuNJlSOzhCj64gbt1KBOzg
2024-01-29 15:43:10,441 [INFO] org.springframework.web.filter.OncePerRequestFilter [http-nio-8081-exec-8]  Header :  Bearer eyJhbGciOiJIUzUxMiJ9.eyJzdWIiOiJqYWRoYXZjb2NAZ21haWwuY29tIiwiaWF0IjoxNzA2NTIyMzM4LCJleHAiOjE3MDY1NDAzMzh9.KXpOCSqoatAWZpAE9h08cB7Um7NZvIz9oJSZsWJliRWRzzZ7YbLdAKAx-I-x8M1OMuNJlSOzhCj64gbt1KBOzg
2024-01-29 15:43:10,471 [INFO] org.springframework.web.filter.OncePerRequestFilter [http-nio-8081-exec-9]  Header :  Bearer eyJhbGciOiJIUzUxMiJ9.eyJzdWIiOiJqYWRoYXZjb2NAZ21haWwuY29tIiwiaWF0IjoxNzA2NTIyMzM4LCJleHAiOjE3MDY1NDAzMzh9.KXpOCSqoatAWZpAE9h08cB7Um7NZvIz9oJSZsWJliRWRzzZ7YbLdAKAx-I-x8M1OMuNJlSOzhCj64gbt1KBOzg
2024-01-29 15:43:11,388 [INFO] org.springframework.web.filter.OncePerRequestFilter [http-nio-8081-exec-1]  Header :  Bearer eyJhbGciOiJIUzUxMiJ9.eyJzdWIiOiJqYWRoYXZjb2NAZ21haWwuY29tIiwiaWF0IjoxNzA2NTIyMzM4LCJleHAiOjE3MDY1NDAzMzh9.KXpOCSqoatAWZpAE9h08cB7Um7NZvIz9oJSZsWJliRWRzzZ7YbLdAKAx-I-x8M1OMuNJlSOzhCj64gbt1KBOzg
2024-01-29 15:43:11,403 [INFO] org.springframework.web.filter.OncePerRequestFilter [http-nio-8081-exec-10]  Header :  Bearer eyJhbGciOiJIUzUxMiJ9.eyJzdWIiOiJqYWRoYXZjb2NAZ21haWwuY29tIiwiaWF0IjoxNzA2NTIyMzM4LCJleHAiOjE3MDY1NDAzMzh9.KXpOCSqoatAWZpAE9h08cB7Um7NZvIz9oJSZsWJliRWRzzZ7YbLdAKAx-I-x8M1OMuNJlSOzhCj64gbt1KBOzg
2024-01-29 15:43:11,422 [INFO] org.springframework.web.filter.OncePerRequestFilter [http-nio-8081-exec-3]  Header :  Bearer eyJhbGciOiJIUzUxMiJ9.eyJzdWIiOiJqYWRoYXZjb2NAZ21haWwuY29tIiwiaWF0IjoxNzA2NTIyMzM4LCJleHAiOjE3MDY1NDAzMzh9.KXpOCSqoatAWZpAE9h08cB7Um7NZvIz9oJSZsWJliRWRzzZ7YbLdAKAx-I-x8M1OMuNJlSOzhCj64gbt1KBOzg
2024-01-29 15:43:11,423 [INFO] org.springframework.web.filter.OncePerRequestFilter [http-nio-8081-exec-2]  Header :  Bearer eyJhbGciOiJIUzUxMiJ9.eyJzdWIiOiJqYWRoYXZjb2NAZ21haWwuY29tIiwiaWF0IjoxNzA2NTIyMzM4LCJleHAiOjE3MDY1NDAzMzh9.KXpOCSqoatAWZpAE9h08cB7Um7NZvIz9oJSZsWJliRWRzzZ7YbLdAKAx-I-x8M1OMuNJlSOzhCj64gbt1KBOzg
2024-01-29 15:43:11,441 [INFO] org.springframework.web.filter.OncePerRequestFilter [http-nio-8081-exec-4]  Header :  Bearer eyJhbGciOiJIUzUxMiJ9.eyJzdWIiOiJqYWRoYXZjb2NAZ21haWwuY29tIiwiaWF0IjoxNzA2NTIyMzM4LCJleHAiOjE3MDY1NDAzMzh9.KXpOCSqoatAWZpAE9h08cB7Um7NZvIz9oJSZsWJliRWRzzZ7YbLdAKAx-I-x8M1OMuNJlSOzhCj64gbt1KBOzg
2024-01-29 15:43:11,444 [INFO] org.springframework.web.filter.OncePerRequestFilter [http-nio-8081-exec-5]  Header :  Bearer eyJhbGciOiJIUzUxMiJ9.eyJzdWIiOiJqYWRoYXZjb2NAZ21haWwuY29tIiwiaWF0IjoxNzA2NTIyMzM4LCJleHAiOjE3MDY1NDAzMzh9.KXpOCSqoatAWZpAE9h08cB7Um7NZvIz9oJSZsWJliRWRzzZ7YbLdAKAx-I-x8M1OMuNJlSOzhCj64gbt1KBOzg
2024-01-29 15:43:11,455 [INFO] org.springframework.web.filter.OncePerRequestFilter [http-nio-8081-exec-7]  Header :  Bearer eyJhbGciOiJIUzUxMiJ9.eyJzdWIiOiJqYWRoYXZjb2NAZ21haWwuY29tIiwiaWF0IjoxNzA2NTIyMzM4LCJleHAiOjE3MDY1NDAzMzh9.KXpOCSqoatAWZpAE9h08cB7Um7NZvIz9oJSZsWJliRWRzzZ7YbLdAKAx-I-x8M1OMuNJlSOzhCj64gbt1KBOzg
2024-01-29 15:43:11,465 [INFO] org.springframework.web.filter.OncePerRequestFilter [http-nio-8081-exec-6]  Header :  Bearer eyJhbGciOiJIUzUxMiJ9.eyJzdWIiOiJqYWRoYXZjb2NAZ21haWwuY29tIiwiaWF0IjoxNzA2NTIyMzM4LCJleHAiOjE3MDY1NDAzMzh9.KXpOCSqoatAWZpAE9h08cB7Um7NZvIz9oJSZsWJliRWRzzZ7YbLdAKAx-I-x8M1OMuNJlSOzhCj64gbt1KBOzg
2024-01-29 15:43:11,472 [INFO] org.springframework.web.filter.OncePerRequestFilter [http-nio-8081-exec-8]  Header :  Bearer eyJhbGciOiJIUzUxMiJ9.eyJzdWIiOiJqYWRoYXZjb2NAZ21haWwuY29tIiwiaWF0IjoxNzA2NTIyMzM4LCJleHAiOjE3MDY1NDAzMzh9.KXpOCSqoatAWZpAE9h08cB7Um7NZvIz9oJSZsWJliRWRzzZ7YbLdAKAx-I-x8M1OMuNJlSOzhCj64gbt1KBOzg
2024-01-29 15:43:11,482 [INFO] org.springframework.web.filter.OncePerRequestFilter [http-nio-8081-exec-9]  Header :  Bearer eyJhbGciOiJIUzUxMiJ9.eyJzdWIiOiJqYWRoYXZjb2NAZ21haWwuY29tIiwiaWF0IjoxNzA2NTIyMzM4LCJleHAiOjE3MDY1NDAzMzh9.KXpOCSqoatAWZpAE9h08cB7Um7NZvIz9oJSZsWJliRWRzzZ7YbLdAKAx-I-x8M1OMuNJlSOzhCj64gbt1KBOzg
2024-01-29 15:43:11,486 [INFO] org.springframework.web.filter.OncePerRequestFilter [http-nio-8081-exec-1]  Header :  Bearer eyJhbGciOiJIUzUxMiJ9.eyJzdWIiOiJqYWRoYXZjb2NAZ21haWwuY29tIiwiaWF0IjoxNzA2NTIyMzM4LCJleHAiOjE3MDY1NDAzMzh9.KXpOCSqoatAWZpAE9h08cB7Um7NZvIz9oJSZsWJliRWRzzZ7YbLdAKAx-I-x8M1OMuNJlSOzhCj64gbt1KBOzg
2024-01-29 15:43:11,492 [INFO] org.springframework.web.filter.OncePerRequestFilter [http-nio-8081-exec-10]  Header :  Bearer eyJhbGciOiJIUzUxMiJ9.eyJzdWIiOiJqYWRoYXZjb2NAZ21haWwuY29tIiwiaWF0IjoxNzA2NTIyMzM4LCJleHAiOjE3MDY1NDAzMzh9.KXpOCSqoatAWZpAE9h08cB7Um7NZvIz9oJSZsWJliRWRzzZ7YbLdAKAx-I-x8M1OMuNJlSOzhCj64gbt1KBOzg
2024-01-29 15:43:11,505 [INFO] org.springframework.web.filter.OncePerRequestFilter [http-nio-8081-exec-3]  Header :  Bearer eyJhbGciOiJIUzUxMiJ9.eyJzdWIiOiJqYWRoYXZjb2NAZ21haWwuY29tIiwiaWF0IjoxNzA2NTIyMzM4LCJleHAiOjE3MDY1NDAzMzh9.KXpOCSqoatAWZpAE9h08cB7Um7NZvIz9oJSZsWJliRWRzzZ7YbLdAKAx-I-x8M1OMuNJlSOzhCj64gbt1KBOzg
2024-01-29 15:43:11,515 [INFO] org.springframework.web.filter.OncePerRequestFilter [http-nio-8081-exec-2]  Header :  Bearer eyJhbGciOiJIUzUxMiJ9.eyJzdWIiOiJqYWRoYXZjb2NAZ21haWwuY29tIiwiaWF0IjoxNzA2NTIyMzM4LCJleHAiOjE3MDY1NDAzMzh9.KXpOCSqoatAWZpAE9h08cB7Um7NZvIz9oJSZsWJliRWRzzZ7YbLdAKAx-I-x8M1OMuNJlSOzhCj64gbt1KBOzg
2024-01-29 15:43:11,544 [INFO] org.springframework.web.filter.OncePerRequestFilter [http-nio-8081-exec-4]  Header :  Bearer eyJhbGciOiJIUzUxMiJ9.eyJzdWIiOiJqYWRoYXZjb2NAZ21haWwuY29tIiwiaWF0IjoxNzA2NTIyMzM4LCJleHAiOjE3MDY1NDAzMzh9.KXpOCSqoatAWZpAE9h08cB7Um7NZvIz9oJSZsWJliRWRzzZ7YbLdAKAx-I-x8M1OMuNJlSOzhCj64gbt1KBOzg
2024-01-29 15:43:11,562 [INFO] org.springframework.web.filter.OncePerRequestFilter [http-nio-8081-exec-5]  Header :  Bearer eyJhbGciOiJIUzUxMiJ9.eyJzdWIiOiJqYWRoYXZjb2NAZ21haWwuY29tIiwiaWF0IjoxNzA2NTIyMzM4LCJleHAiOjE3MDY1NDAzMzh9.KXpOCSqoatAWZpAE9h08cB7Um7NZvIz9oJSZsWJliRWRzzZ7YbLdAKAx-I-x8M1OMuNJlSOzhCj64gbt1KBOzg
2024-01-29 15:43:56,268 [INFO] com.netflix.discovery.shared.resolver.aws.ConfigClusterResolver [AsyncResolver-bootstrap-executor-0] Resolving eureka endpoints via configuration
2024-01-29 15:44:00,283 [INFO] org.springframework.web.filter.OncePerRequestFilter [http-nio-8081-exec-7]  Header :  Bearer eyJhbGciOiJIUzUxMiJ9.eyJzdWIiOiJqYWRoYXZjb2NAZ21haWwuY29tIiwiaWF0IjoxNzA2NTIyMzM4LCJleHAiOjE3MDY1NDAzMzh9.KXpOCSqoatAWZpAE9h08cB7Um7NZvIz9oJSZsWJliRWRzzZ7YbLdAKAx-I-x8M1OMuNJlSOzhCj64gbt1KBOzg
2024-01-29 15:44:00,304 [INFO] org.springframework.web.filter.OncePerRequestFilter [http-nio-8081-exec-6]  Header :  Bearer eyJhbGciOiJIUzUxMiJ9.eyJzdWIiOiJqYWRoYXZjb2NAZ21haWwuY29tIiwiaWF0IjoxNzA2NTIyMzM4LCJleHAiOjE3MDY1NDAzMzh9.KXpOCSqoatAWZpAE9h08cB7Um7NZvIz9oJSZsWJliRWRzzZ7YbLdAKAx-I-x8M1OMuNJlSOzhCj64gbt1KBOzg
2024-01-29 15:44:00,312 [INFO] org.springframework.web.filter.OncePerRequestFilter [http-nio-8081-exec-8]  Header :  Bearer eyJhbGciOiJIUzUxMiJ9.eyJzdWIiOiJqYWRoYXZjb2NAZ21haWwuY29tIiwiaWF0IjoxNzA2NTIyMzM4LCJleHAiOjE3MDY1NDAzMzh9.KXpOCSqoatAWZpAE9h08cB7Um7NZvIz9oJSZsWJliRWRzzZ7YbLdAKAx-I-x8M1OMuNJlSOzhCj64gbt1KBOzg
2024-01-29 15:44:00,327 [INFO] org.springframework.web.filter.OncePerRequestFilter [http-nio-8081-exec-9]  Header :  Bearer eyJhbGciOiJIUzUxMiJ9.eyJzdWIiOiJqYWRoYXZjb2NAZ21haWwuY29tIiwiaWF0IjoxNzA2NTIyMzM4LCJleHAiOjE3MDY1NDAzMzh9.KXpOCSqoatAWZpAE9h08cB7Um7NZvIz9oJSZsWJliRWRzzZ7YbLdAKAx-I-x8M1OMuNJlSOzhCj64gbt1KBOzg
2024-01-29 15:44:00,332 [INFO] org.springframework.web.filter.OncePerRequestFilter [http-nio-8081-exec-1]  Header :  Bearer eyJhbGciOiJIUzUxMiJ9.eyJzdWIiOiJqYWRoYXZjb2NAZ21haWwuY29tIiwiaWF0IjoxNzA2NTIyMzM4LCJleHAiOjE3MDY1NDAzMzh9.KXpOCSqoatAWZpAE9h08cB7Um7NZvIz9oJSZsWJliRWRzzZ7YbLdAKAx-I-x8M1OMuNJlSOzhCj64gbt1KBOzg
2024-01-29 15:44:00,349 [INFO] org.springframework.web.filter.OncePerRequestFilter [http-nio-8081-exec-10]  Header :  Bearer eyJhbGciOiJIUzUxMiJ9.eyJzdWIiOiJqYWRoYXZjb2NAZ21haWwuY29tIiwiaWF0IjoxNzA2NTIyMzM4LCJleHAiOjE3MDY1NDAzMzh9.KXpOCSqoatAWZpAE9h08cB7Um7NZvIz9oJSZsWJliRWRzzZ7YbLdAKAx-I-x8M1OMuNJlSOzhCj64gbt1KBOzg
2024-01-29 15:44:00,369 [INFO] org.springframework.web.filter.OncePerRequestFilter [http-nio-8081-exec-3]  Header :  Bearer eyJhbGciOiJIUzUxMiJ9.eyJzdWIiOiJqYWRoYXZjb2NAZ21haWwuY29tIiwiaWF0IjoxNzA2NTIyMzM4LCJleHAiOjE3MDY1NDAzMzh9.KXpOCSqoatAWZpAE9h08cB7Um7NZvIz9oJSZsWJliRWRzzZ7YbLdAKAx-I-x8M1OMuNJlSOzhCj64gbt1KBOzg
2024-01-29 15:44:00,385 [INFO] org.springframework.web.filter.OncePerRequestFilter [http-nio-8081-exec-2]  Header :  Bearer eyJhbGciOiJIUzUxMiJ9.eyJzdWIiOiJqYWRoYXZjb2NAZ21haWwuY29tIiwiaWF0IjoxNzA2NTIyMzM4LCJleHAiOjE3MDY1NDAzMzh9.KXpOCSqoatAWZpAE9h08cB7Um7NZvIz9oJSZsWJliRWRzzZ7YbLdAKAx-I-x8M1OMuNJlSOzhCj64gbt1KBOzg
2024-01-29 15:47:06,837 [INFO] org.springframework.web.filter.OncePerRequestFilter [http-nio-8081-exec-6]  Header :  Bearer eyJhbGciOiJIUzUxMiJ9.eyJzdWIiOiJqYWRoYXZjb2NAZ21haWwuY29tIiwiaWF0IjoxNzA2NTIyMzM4LCJleHAiOjE3MDY1NDAzMzh9.KXpOCSqoatAWZpAE9h08cB7Um7NZvIz9oJSZsWJliRWRzzZ7YbLdAKAx-I-x8M1OMuNJlSOzhCj64gbt1KBOzg
2024-01-29 15:47:06,855 [INFO] org.springframework.web.filter.OncePerRequestFilter [http-nio-8081-exec-8]  Header :  Bearer eyJhbGciOiJIUzUxMiJ9.eyJzdWIiOiJqYWRoYXZjb2NAZ21haWwuY29tIiwiaWF0IjoxNzA2NTIyMzM4LCJleHAiOjE3MDY1NDAzMzh9.KXpOCSqoatAWZpAE9h08cB7Um7NZvIz9oJSZsWJliRWRzzZ7YbLdAKAx-I-x8M1OMuNJlSOzhCj64gbt1KBOzg
2024-01-29 15:47:06,910 [INFO] org.springframework.web.filter.OncePerRequestFilter [http-nio-8081-exec-9]  Header :  Bearer eyJhbGciOiJIUzUxMiJ9.eyJzdWIiOiJqYWRoYXZjb2NAZ21haWwuY29tIiwiaWF0IjoxNzA2NTIyMzM4LCJleHAiOjE3MDY1NDAzMzh9.KXpOCSqoatAWZpAE9h08cB7Um7NZvIz9oJSZsWJliRWRzzZ7YbLdAKAx-I-x8M1OMuNJlSOzhCj64gbt1KBOzg
2024-01-29 15:47:06,927 [INFO] org.springframework.web.filter.OncePerRequestFilter [http-nio-8081-exec-1]  Header :  Bearer eyJhbGciOiJIUzUxMiJ9.eyJzdWIiOiJqYWRoYXZjb2NAZ21haWwuY29tIiwiaWF0IjoxNzA2NTIyMzM4LCJleHAiOjE3MDY1NDAzMzh9.KXpOCSqoatAWZpAE9h08cB7Um7NZvIz9oJSZsWJliRWRzzZ7YbLdAKAx-I-x8M1OMuNJlSOzhCj64gbt1KBOzg
2024-01-29 15:47:06,930 [INFO] org.springframework.web.filter.OncePerRequestFilter [http-nio-8081-exec-10]  Header :  Bearer eyJhbGciOiJIUzUxMiJ9.eyJzdWIiOiJqYWRoYXZjb2NAZ21haWwuY29tIiwiaWF0IjoxNzA2NTIyMzM4LCJleHAiOjE3MDY1NDAzMzh9.KXpOCSqoatAWZpAE9h08cB7Um7NZvIz9oJSZsWJliRWRzzZ7YbLdAKAx-I-x8M1OMuNJlSOzhCj64gbt1KBOzg
2024-01-29 15:47:06,943 [INFO] org.springframework.web.filter.OncePerRequestFilter [http-nio-8081-exec-3]  Header :  Bearer eyJhbGciOiJIUzUxMiJ9.eyJzdWIiOiJqYWRoYXZjb2NAZ21haWwuY29tIiwiaWF0IjoxNzA2NTIyMzM4LCJleHAiOjE3MDY1NDAzMzh9.KXpOCSqoatAWZpAE9h08cB7Um7NZvIz9oJSZsWJliRWRzzZ7YbLdAKAx-I-x8M1OMuNJlSOzhCj64gbt1KBOzg
2024-01-29 15:47:06,959 [INFO] org.springframework.web.filter.OncePerRequestFilter [http-nio-8081-exec-2]  Header :  Bearer eyJhbGciOiJIUzUxMiJ9.eyJzdWIiOiJqYWRoYXZjb2NAZ21haWwuY29tIiwiaWF0IjoxNzA2NTIyMzM4LCJleHAiOjE3MDY1NDAzMzh9.KXpOCSqoatAWZpAE9h08cB7Um7NZvIz9oJSZsWJliRWRzzZ7YbLdAKAx-I-x8M1OMuNJlSOzhCj64gbt1KBOzg
2024-01-29 15:47:06,970 [INFO] org.springframework.web.filter.OncePerRequestFilter [http-nio-8081-exec-5]  Header :  Bearer eyJhbGciOiJIUzUxMiJ9.eyJzdWIiOiJqYWRoYXZjb2NAZ21haWwuY29tIiwiaWF0IjoxNzA2NTIyMzM4LCJleHAiOjE3MDY1NDAzMzh9.KXpOCSqoatAWZpAE9h08cB7Um7NZvIz9oJSZsWJliRWRzzZ7YbLdAKAx-I-x8M1OMuNJlSOzhCj64gbt1KBOzg
2024-01-29 15:47:13,066 [INFO] org.springframework.web.filter.OncePerRequestFilter [http-nio-8081-exec-4]  Header :  Bearer eyJhbGciOiJIUzUxMiJ9.eyJzdWIiOiJqYWRoYXZjb2NAZ21haWwuY29tIiwiaWF0IjoxNzA2NTIyMzM4LCJleHAiOjE3MDY1NDAzMzh9.KXpOCSqoatAWZpAE9h08cB7Um7NZvIz9oJSZsWJliRWRzzZ7YbLdAKAx-I-x8M1OMuNJlSOzhCj64gbt1KBOzg
2024-01-29 15:47:13,095 [INFO] org.springframework.web.filter.OncePerRequestFilter [http-nio-8081-exec-7]  Header :  Bearer eyJhbGciOiJIUzUxMiJ9.eyJzdWIiOiJqYWRoYXZjb2NAZ21haWwuY29tIiwiaWF0IjoxNzA2NTIyMzM4LCJleHAiOjE3MDY1NDAzMzh9.KXpOCSqoatAWZpAE9h08cB7Um7NZvIz9oJSZsWJliRWRzzZ7YbLdAKAx-I-x8M1OMuNJlSOzhCj64gbt1KBOzg
2024-01-29 15:47:14,117 [INFO] org.springframework.web.filter.OncePerRequestFilter [http-nio-8081-exec-6]  Header :  Bearer eyJhbGciOiJIUzUxMiJ9.eyJzdWIiOiJqYWRoYXZjb2NAZ21haWwuY29tIiwiaWF0IjoxNzA2NTIyMzM4LCJleHAiOjE3MDY1NDAzMzh9.KXpOCSqoatAWZpAE9h08cB7Um7NZvIz9oJSZsWJliRWRzzZ7YbLdAKAx-I-x8M1OMuNJlSOzhCj64gbt1KBOzg
2024-01-29 15:47:14,133 [INFO] org.springframework.web.filter.OncePerRequestFilter [http-nio-8081-exec-8]  Header :  Bearer eyJhbGciOiJIUzUxMiJ9.eyJzdWIiOiJqYWRoYXZjb2NAZ21haWwuY29tIiwiaWF0IjoxNzA2NTIyMzM4LCJleHAiOjE3MDY1NDAzMzh9.KXpOCSqoatAWZpAE9h08cB7Um7NZvIz9oJSZsWJliRWRzzZ7YbLdAKAx-I-x8M1OMuNJlSOzhCj64gbt1KBOzg
2024-01-29 15:47:14,139 [INFO] org.springframework.web.filter.OncePerRequestFilter [http-nio-8081-exec-9]  Header :  Bearer eyJhbGciOiJIUzUxMiJ9.eyJzdWIiOiJqYWRoYXZjb2NAZ21haWwuY29tIiwiaWF0IjoxNzA2NTIyMzM4LCJleHAiOjE3MDY1NDAzMzh9.KXpOCSqoatAWZpAE9h08cB7Um7NZvIz9oJSZsWJliRWRzzZ7YbLdAKAx-I-x8M1OMuNJlSOzhCj64gbt1KBOzg
2024-01-29 15:47:14,153 [INFO] org.springframework.web.filter.OncePerRequestFilter [http-nio-8081-exec-1]  Header :  Bearer eyJhbGciOiJIUzUxMiJ9.eyJzdWIiOiJqYWRoYXZjb2NAZ21haWwuY29tIiwiaWF0IjoxNzA2NTIyMzM4LCJleHAiOjE3MDY1NDAzMzh9.KXpOCSqoatAWZpAE9h08cB7Um7NZvIz9oJSZsWJliRWRzzZ7YbLdAKAx-I-x8M1OMuNJlSOzhCj64gbt1KBOzg
2024-01-29 15:47:14,162 [INFO] org.springframework.web.filter.OncePerRequestFilter [http-nio-8081-exec-10]  Header :  Bearer eyJhbGciOiJIUzUxMiJ9.eyJzdWIiOiJqYWRoYXZjb2NAZ21haWwuY29tIiwiaWF0IjoxNzA2NTIyMzM4LCJleHAiOjE3MDY1NDAzMzh9.KXpOCSqoatAWZpAE9h08cB7Um7NZvIz9oJSZsWJliRWRzzZ7YbLdAKAx-I-x8M1OMuNJlSOzhCj64gbt1KBOzg
2024-01-29 15:47:14,180 [INFO] org.springframework.web.filter.OncePerRequestFilter [http-nio-8081-exec-3]  Header :  Bearer eyJhbGciOiJIUzUxMiJ9.eyJzdWIiOiJqYWRoYXZjb2NAZ21haWwuY29tIiwiaWF0IjoxNzA2NTIyMzM4LCJleHAiOjE3MDY1NDAzMzh9.KXpOCSqoatAWZpAE9h08cB7Um7NZvIz9oJSZsWJliRWRzzZ7YbLdAKAx-I-x8M1OMuNJlSOzhCj64gbt1KBOzg
2024-01-29 15:47:14,196 [INFO] org.springframework.web.filter.OncePerRequestFilter [http-nio-8081-exec-3]  Header :  Bearer eyJhbGciOiJIUzUxMiJ9.eyJzdWIiOiJqYWRoYXZjb2NAZ21haWwuY29tIiwiaWF0IjoxNzA2NTIyMzM4LCJleHAiOjE3MDY1NDAzMzh9.KXpOCSqoatAWZpAE9h08cB7Um7NZvIz9oJSZsWJliRWRzzZ7YbLdAKAx-I-x8M1OMuNJlSOzhCj64gbt1KBOzg
2024-01-29 15:47:14,212 [INFO] org.springframework.web.filter.OncePerRequestFilter [http-nio-8081-exec-5]  Header :  Bearer eyJhbGciOiJIUzUxMiJ9.eyJzdWIiOiJqYWRoYXZjb2NAZ21haWwuY29tIiwiaWF0IjoxNzA2NTIyMzM4LCJleHAiOjE3MDY1NDAzMzh9.KXpOCSqoatAWZpAE9h08cB7Um7NZvIz9oJSZsWJliRWRzzZ7YbLdAKAx-I-x8M1OMuNJlSOzhCj64gbt1KBOzg
2024-01-29 15:47:55,525 [INFO] org.springframework.web.filter.OncePerRequestFilter [http-nio-8081-exec-4]  Header :  Bearer eyJhbGciOiJIUzUxMiJ9.eyJzdWIiOiJqYWRoYXZjb2NAZ21haWwuY29tIiwiaWF0IjoxNzA2NTIyMzM4LCJleHAiOjE3MDY1NDAzMzh9.KXpOCSqoatAWZpAE9h08cB7Um7NZvIz9oJSZsWJliRWRzzZ7YbLdAKAx-I-x8M1OMuNJlSOzhCj64gbt1KBOzg
2024-01-29 15:47:55,546 [INFO] org.springframework.web.filter.OncePerRequestFilter [http-nio-8081-exec-7]  Header :  Bearer eyJhbGciOiJIUzUxMiJ9.eyJzdWIiOiJqYWRoYXZjb2NAZ21haWwuY29tIiwiaWF0IjoxNzA2NTIyMzM4LCJleHAiOjE3MDY1NDAzMzh9.KXpOCSqoatAWZpAE9h08cB7Um7NZvIz9oJSZsWJliRWRzzZ7YbLdAKAx-I-x8M1OMuNJlSOzhCj64gbt1KBOzg
2024-01-29 15:47:56,443 [INFO] org.springframework.web.filter.OncePerRequestFilter [http-nio-8081-exec-6]  Header :  Bearer eyJhbGciOiJIUzUxMiJ9.eyJzdWIiOiJqYWRoYXZjb2NAZ21haWwuY29tIiwiaWF0IjoxNzA2NTIyMzM4LCJleHAiOjE3MDY1NDAzMzh9.KXpOCSqoatAWZpAE9h08cB7Um7NZvIz9oJSZsWJliRWRzzZ7YbLdAKAx-I-x8M1OMuNJlSOzhCj64gbt1KBOzg
2024-01-29 15:47:56,460 [INFO] org.springframework.web.filter.OncePerRequestFilter [http-nio-8081-exec-8]  Header :  Bearer eyJhbGciOiJIUzUxMiJ9.eyJzdWIiOiJqYWRoYXZjb2NAZ21haWwuY29tIiwiaWF0IjoxNzA2NTIyMzM4LCJleHAiOjE3MDY1NDAzMzh9.KXpOCSqoatAWZpAE9h08cB7Um7NZvIz9oJSZsWJliRWRzzZ7YbLdAKAx-I-x8M1OMuNJlSOzhCj64gbt1KBOzg
2024-01-29 15:47:56,468 [INFO] org.springframework.web.filter.OncePerRequestFilter [http-nio-8081-exec-9]  Header :  Bearer eyJhbGciOiJIUzUxMiJ9.eyJzdWIiOiJqYWRoYXZjb2NAZ21haWwuY29tIiwiaWF0IjoxNzA2NTIyMzM4LCJleHAiOjE3MDY1NDAzMzh9.KXpOCSqoatAWZpAE9h08cB7Um7NZvIz9oJSZsWJliRWRzzZ7YbLdAKAx-I-x8M1OMuNJlSOzhCj64gbt1KBOzg
2024-01-29 15:47:56,488 [INFO] org.springframework.web.filter.OncePerRequestFilter [http-nio-8081-exec-1]  Header :  Bearer eyJhbGciOiJIUzUxMiJ9.eyJzdWIiOiJqYWRoYXZjb2NAZ21haWwuY29tIiwiaWF0IjoxNzA2NTIyMzM4LCJleHAiOjE3MDY1NDAzMzh9.KXpOCSqoatAWZpAE9h08cB7Um7NZvIz9oJSZsWJliRWRzzZ7YbLdAKAx-I-x8M1OMuNJlSOzhCj64gbt1KBOzg
2024-01-29 15:47:56,494 [INFO] org.springframework.web.filter.OncePerRequestFilter [http-nio-8081-exec-10]  Header :  Bearer eyJhbGciOiJIUzUxMiJ9.eyJzdWIiOiJqYWRoYXZjb2NAZ21haWwuY29tIiwiaWF0IjoxNzA2NTIyMzM4LCJleHAiOjE3MDY1NDAzMzh9.KXpOCSqoatAWZpAE9h08cB7Um7NZvIz9oJSZsWJliRWRzzZ7YbLdAKAx-I-x8M1OMuNJlSOzhCj64gbt1KBOzg
2024-01-29 15:47:56,516 [INFO] org.springframework.web.filter.OncePerRequestFilter [http-nio-8081-exec-2]  Header :  Bearer eyJhbGciOiJIUzUxMiJ9.eyJzdWIiOiJqYWRoYXZjb2NAZ21haWwuY29tIiwiaWF0IjoxNzA2NTIyMzM4LCJleHAiOjE3MDY1NDAzMzh9.KXpOCSqoatAWZpAE9h08cB7Um7NZvIz9oJSZsWJliRWRzzZ7YbLdAKAx-I-x8M1OMuNJlSOzhCj64gbt1KBOzg
2024-01-29 15:47:56,535 [INFO] org.springframework.web.filter.OncePerRequestFilter [http-nio-8081-exec-3]  Header :  Bearer eyJhbGciOiJIUzUxMiJ9.eyJzdWIiOiJqYWRoYXZjb2NAZ21haWwuY29tIiwiaWF0IjoxNzA2NTIyMzM4LCJleHAiOjE3MDY1NDAzMzh9.KXpOCSqoatAWZpAE9h08cB7Um7NZvIz9oJSZsWJliRWRzzZ7YbLdAKAx-I-x8M1OMuNJlSOzhCj64gbt1KBOzg
2024-01-29 15:47:56,549 [INFO] org.springframework.web.filter.OncePerRequestFilter [http-nio-8081-exec-5]  Header :  Bearer eyJhbGciOiJIUzUxMiJ9.eyJzdWIiOiJqYWRoYXZjb2NAZ21haWwuY29tIiwiaWF0IjoxNzA2NTIyMzM4LCJleHAiOjE3MDY1NDAzMzh9.KXpOCSqoatAWZpAE9h08cB7Um7NZvIz9oJSZsWJliRWRzzZ7YbLdAKAx-I-x8M1OMuNJlSOzhCj64gbt1KBOzg
2024-01-29 15:48:03,915 [INFO] org.springframework.web.filter.OncePerRequestFilter [http-nio-8081-exec-4]  Header :  Bearer eyJhbGciOiJIUzUxMiJ9.eyJzdWIiOiJqYWRoYXZjb2NAZ21haWwuY29tIiwiaWF0IjoxNzA2NTIyMzM4LCJleHAiOjE3MDY1NDAzMzh9.KXpOCSqoatAWZpAE9h08cB7Um7NZvIz9oJSZsWJliRWRzzZ7YbLdAKAx-I-x8M1OMuNJlSOzhCj64gbt1KBOzg
2024-01-29 15:48:04,487 [INFO] com.pms.doctor.service.Impl.doctorServiceImpl [http-nio-8081-exec-4] [{id=648011f1029f637a5d28a7a7, name=Aspirin, price=50, type=Tablet, category=Aspirin is used to reduce fever}, {id=6480141f029f637a5d28a7ad, name=Amoxicillin, price=100, type=Capsule, category=Amoxicillin is a penicillin antibiotic}, {id=6480143d029f637a5d28a7af, name=Atorvastatin, price=130, type=Tablet, category=Cholesterol-lowering agent}, {id=6480144d029f637a5d28a7b0, name=Ibuprofen, price=200, type=Tablet, category=Nonsteroidal anti-inflammatory drug (NSAID)}, {id=648584915683641112507aa4, name=Paracetamol, price=120, type=Tablet, category=Pain reliever}, {id=64918f86f72e301ef847fea1, name=Lisinopril, price=80, type=Tablet, category=Antihypertensive}, {id=64918fa1f72e301ef847fea2, name=Metformin, price=70, type=Tablet, category=Antidiabetic}, {id=64a8161fded31f69977afea0, name=Cetirizine, price=60, type=Tablet, category=relieve allergy symptoms}]
2024-01-29 15:48:04,503 [INFO] org.springframework.web.filter.OncePerRequestFilter [http-nio-8081-exec-7]  Header :  Bearer eyJhbGciOiJIUzUxMiJ9.eyJzdWIiOiJqYWRoYXZjb2NAZ21haWwuY29tIiwiaWF0IjoxNzA2NTIyMzM4LCJleHAiOjE3MDY1NDAzMzh9.KXpOCSqoatAWZpAE9h08cB7Um7NZvIz9oJSZsWJliRWRzzZ7YbLdAKAx-I-x8M1OMuNJlSOzhCj64gbt1KBOzg
2024-01-29 15:48:04,584 [INFO] com.pms.doctor.service.Impl.doctorServiceImpl [http-nio-8081-exec-7] [{id=648011f1029f637a5d28a7a7, name=Aspirin, price=50, type=Tablet, category=Aspirin is used to reduce fever}, {id=6480141f029f637a5d28a7ad, name=Amoxicillin, price=100, type=Capsule, category=Amoxicillin is a penicillin antibiotic}, {id=6480143d029f637a5d28a7af, name=Atorvastatin, price=130, type=Tablet, category=Cholesterol-lowering agent}, {id=6480144d029f637a5d28a7b0, name=Ibuprofen, price=200, type=Tablet, category=Nonsteroidal anti-inflammatory drug (NSAID)}, {id=648584915683641112507aa4, name=Paracetamol, price=120, type=Tablet, category=Pain reliever}, {id=64918f86f72e301ef847fea1, name=Lisinopril, price=80, type=Tablet, category=Antihypertensive}, {id=64918fa1f72e301ef847fea2, name=Metformin, price=70, type=Tablet, category=Antidiabetic}, {id=64a8161fded31f69977afea0, name=Cetirizine, price=60, type=Tablet, category=relieve allergy symptoms}]
2024-01-29 15:48:06,008 [INFO] org.springframework.web.filter.OncePerRequestFilter [http-nio-8081-exec-6]  Header :  Bearer eyJhbGciOiJIUzUxMiJ9.eyJzdWIiOiJqYWRoYXZjb2NAZ21haWwuY29tIiwiaWF0IjoxNzA2NTIyMzM4LCJleHAiOjE3MDY1NDAzMzh9.KXpOCSqoatAWZpAE9h08cB7Um7NZvIz9oJSZsWJliRWRzzZ7YbLdAKAx-I-x8M1OMuNJlSOzhCj64gbt1KBOzg
2024-01-29 15:48:06,027 [INFO] org.springframework.web.filter.OncePerRequestFilter [http-nio-8081-exec-8]  Header :  Bearer eyJhbGciOiJIUzUxMiJ9.eyJzdWIiOiJqYWRoYXZjb2NAZ21haWwuY29tIiwiaWF0IjoxNzA2NTIyMzM4LCJleHAiOjE3MDY1NDAzMzh9.KXpOCSqoatAWZpAE9h08cB7Um7NZvIz9oJSZsWJliRWRzzZ7YbLdAKAx-I-x8M1OMuNJlSOzhCj64gbt1KBOzg
2024-01-29 15:48:06,032 [INFO] org.springframework.web.filter.OncePerRequestFilter [http-nio-8081-exec-9]  Header :  Bearer eyJhbGciOiJIUzUxMiJ9.eyJzdWIiOiJqYWRoYXZjb2NAZ21haWwuY29tIiwiaWF0IjoxNzA2NTIyMzM4LCJleHAiOjE3MDY1NDAzMzh9.KXpOCSqoatAWZpAE9h08cB7Um7NZvIz9oJSZsWJliRWRzzZ7YbLdAKAx-I-x8M1OMuNJlSOzhCj64gbt1KBOzg
2024-01-29 15:48:06,048 [INFO] org.springframework.web.filter.OncePerRequestFilter [http-nio-8081-exec-1]  Header :  Bearer eyJhbGciOiJIUzUxMiJ9.eyJzdWIiOiJqYWRoYXZjb2NAZ21haWwuY29tIiwiaWF0IjoxNzA2NTIyMzM4LCJleHAiOjE3MDY1NDAzMzh9.KXpOCSqoatAWZpAE9h08cB7Um7NZvIz9oJSZsWJliRWRzzZ7YbLdAKAx-I-x8M1OMuNJlSOzhCj64gbt1KBOzg
2024-01-29 15:48:06,055 [INFO] org.springframework.web.filter.OncePerRequestFilter [http-nio-8081-exec-10]  Header :  Bearer eyJhbGciOiJIUzUxMiJ9.eyJzdWIiOiJqYWRoYXZjb2NAZ21haWwuY29tIiwiaWF0IjoxNzA2NTIyMzM4LCJleHAiOjE3MDY1NDAzMzh9.KXpOCSqoatAWZpAE9h08cB7Um7NZvIz9oJSZsWJliRWRzzZ7YbLdAKAx-I-x8M1OMuNJlSOzhCj64gbt1KBOzg
2024-01-29 15:48:06,074 [INFO] org.springframework.web.filter.OncePerRequestFilter [http-nio-8081-exec-2]  Header :  Bearer eyJhbGciOiJIUzUxMiJ9.eyJzdWIiOiJqYWRoYXZjb2NAZ21haWwuY29tIiwiaWF0IjoxNzA2NTIyMzM4LCJleHAiOjE3MDY1NDAzMzh9.KXpOCSqoatAWZpAE9h08cB7Um7NZvIz9oJSZsWJliRWRzzZ7YbLdAKAx-I-x8M1OMuNJlSOzhCj64gbt1KBOzg
2024-01-29 15:48:06,091 [INFO] org.springframework.web.filter.OncePerRequestFilter [http-nio-8081-exec-3]  Header :  Bearer eyJhbGciOiJIUzUxMiJ9.eyJzdWIiOiJqYWRoYXZjb2NAZ21haWwuY29tIiwiaWF0IjoxNzA2NTIyMzM4LCJleHAiOjE3MDY1NDAzMzh9.KXpOCSqoatAWZpAE9h08cB7Um7NZvIz9oJSZsWJliRWRzzZ7YbLdAKAx-I-x8M1OMuNJlSOzhCj64gbt1KBOzg
2024-01-29 15:48:06,108 [INFO] org.springframework.web.filter.OncePerRequestFilter [http-nio-8081-exec-5]  Header :  Bearer eyJhbGciOiJIUzUxMiJ9.eyJzdWIiOiJqYWRoYXZjb2NAZ21haWwuY29tIiwiaWF0IjoxNzA2NTIyMzM4LCJleHAiOjE3MDY1NDAzMzh9.KXpOCSqoatAWZpAE9h08cB7Um7NZvIz9oJSZsWJliRWRzzZ7YbLdAKAx-I-x8M1OMuNJlSOzhCj64gbt1KBOzg
2024-01-29 15:48:27,960 [INFO] org.springframework.web.filter.OncePerRequestFilter [http-nio-8081-exec-4]  Header :  Bearer eyJhbGciOiJIUzUxMiJ9.eyJzdWIiOiJqYWRoYXZjb2NAZ21haWwuY29tIiwiaWF0IjoxNzA2NTIyMzM4LCJleHAiOjE3MDY1NDAzMzh9.KXpOCSqoatAWZpAE9h08cB7Um7NZvIz9oJSZsWJliRWRzzZ7YbLdAKAx-I-x8M1OMuNJlSOzhCj64gbt1KBOzg
2024-01-29 15:48:27,978 [INFO] org.springframework.web.filter.OncePerRequestFilter [http-nio-8081-exec-7]  Header :  Bearer eyJhbGciOiJIUzUxMiJ9.eyJzdWIiOiJqYWRoYXZjb2NAZ21haWwuY29tIiwiaWF0IjoxNzA2NTIyMzM4LCJleHAiOjE3MDY1NDAzMzh9.KXpOCSqoatAWZpAE9h08cB7Um7NZvIz9oJSZsWJliRWRzzZ7YbLdAKAx-I-x8M1OMuNJlSOzhCj64gbt1KBOzg
2024-01-29 15:48:28,012 [INFO] org.springframework.web.filter.OncePerRequestFilter [http-nio-8081-exec-6]  Header :  Bearer eyJhbGciOiJIUzUxMiJ9.eyJzdWIiOiJqYWRoYXZjb2NAZ21haWwuY29tIiwiaWF0IjoxNzA2NTIyMzM4LCJleHAiOjE3MDY1NDAzMzh9.KXpOCSqoatAWZpAE9h08cB7Um7NZvIz9oJSZsWJliRWRzzZ7YbLdAKAx-I-x8M1OMuNJlSOzhCj64gbt1KBOzg
2024-01-29 15:48:28,026 [INFO] org.springframework.web.filter.OncePerRequestFilter [http-nio-8081-exec-8]  Header :  Bearer eyJhbGciOiJIUzUxMiJ9.eyJzdWIiOiJqYWRoYXZjb2NAZ21haWwuY29tIiwiaWF0IjoxNzA2NTIyMzM4LCJleHAiOjE3MDY1NDAzMzh9.KXpOCSqoatAWZpAE9h08cB7Um7NZvIz9oJSZsWJliRWRzzZ7YbLdAKAx-I-x8M1OMuNJlSOzhCj64gbt1KBOzg
2024-01-29 15:48:28,032 [INFO] org.springframework.web.filter.OncePerRequestFilter [http-nio-8081-exec-9]  Header :  Bearer eyJhbGciOiJIUzUxMiJ9.eyJzdWIiOiJqYWRoYXZjb2NAZ21haWwuY29tIiwiaWF0IjoxNzA2NTIyMzM4LCJleHAiOjE3MDY1NDAzMzh9.KXpOCSqoatAWZpAE9h08cB7Um7NZvIz9oJSZsWJliRWRzzZ7YbLdAKAx-I-x8M1OMuNJlSOzhCj64gbt1KBOzg
2024-01-29 15:48:28,049 [INFO] org.springframework.web.filter.OncePerRequestFilter [http-nio-8081-exec-1]  Header :  Bearer eyJhbGciOiJIUzUxMiJ9.eyJzdWIiOiJqYWRoYXZjb2NAZ21haWwuY29tIiwiaWF0IjoxNzA2NTIyMzM4LCJleHAiOjE3MDY1NDAzMzh9.KXpOCSqoatAWZpAE9h08cB7Um7NZvIz9oJSZsWJliRWRzzZ7YbLdAKAx-I-x8M1OMuNJlSOzhCj64gbt1KBOzg
2024-01-29 15:48:28,070 [INFO] org.springframework.web.filter.OncePerRequestFilter [http-nio-8081-exec-10]  Header :  Bearer eyJhbGciOiJIUzUxMiJ9.eyJzdWIiOiJqYWRoYXZjb2NAZ21haWwuY29tIiwiaWF0IjoxNzA2NTIyMzM4LCJleHAiOjE3MDY1NDAzMzh9.KXpOCSqoatAWZpAE9h08cB7Um7NZvIz9oJSZsWJliRWRzzZ7YbLdAKAx-I-x8M1OMuNJlSOzhCj64gbt1KBOzg
2024-01-29 15:48:28,095 [INFO] org.springframework.web.filter.OncePerRequestFilter [http-nio-8081-exec-2]  Header :  Bearer eyJhbGciOiJIUzUxMiJ9.eyJzdWIiOiJqYWRoYXZjb2NAZ21haWwuY29tIiwiaWF0IjoxNzA2NTIyMzM4LCJleHAiOjE3MDY1NDAzMzh9.KXpOCSqoatAWZpAE9h08cB7Um7NZvIz9oJSZsWJliRWRzzZ7YbLdAKAx-I-x8M1OMuNJlSOzhCj64gbt1KBOzg
2024-01-29 15:48:56,277 [INFO] com.netflix.discovery.shared.resolver.aws.ConfigClusterResolver [AsyncResolver-bootstrap-executor-0] Resolving eureka endpoints via configuration
2024-01-29 15:49:48,289 [INFO] org.springframework.web.filter.OncePerRequestFilter [http-nio-8081-exec-4]  Header :  Bearer eyJhbGciOiJIUzUxMiJ9.eyJzdWIiOiJqYWRoYXZjb2NAZ21haWwuY29tIiwiaWF0IjoxNzA2NTIyMzM4LCJleHAiOjE3MDY1NDAzMzh9.KXpOCSqoatAWZpAE9h08cB7Um7NZvIz9oJSZsWJliRWRzzZ7YbLdAKAx-I-x8M1OMuNJlSOzhCj64gbt1KBOzg
2024-01-29 15:49:48,308 [INFO] org.springframework.web.filter.OncePerRequestFilter [http-nio-8081-exec-7]  Header :  Bearer eyJhbGciOiJIUzUxMiJ9.eyJzdWIiOiJqYWRoYXZjb2NAZ21haWwuY29tIiwiaWF0IjoxNzA2NTIyMzM4LCJleHAiOjE3MDY1NDAzMzh9.KXpOCSqoatAWZpAE9h08cB7Um7NZvIz9oJSZsWJliRWRzzZ7YbLdAKAx-I-x8M1OMuNJlSOzhCj64gbt1KBOzg
2024-01-29 15:49:48,316 [INFO] org.springframework.web.filter.OncePerRequestFilter [http-nio-8081-exec-6]  Header :  Bearer eyJhbGciOiJIUzUxMiJ9.eyJzdWIiOiJqYWRoYXZjb2NAZ21haWwuY29tIiwiaWF0IjoxNzA2NTIyMzM4LCJleHAiOjE3MDY1NDAzMzh9.KXpOCSqoatAWZpAE9h08cB7Um7NZvIz9oJSZsWJliRWRzzZ7YbLdAKAx-I-x8M1OMuNJlSOzhCj64gbt1KBOzg
2024-01-29 15:49:48,332 [INFO] org.springframework.web.filter.OncePerRequestFilter [http-nio-8081-exec-8]  Header :  Bearer eyJhbGciOiJIUzUxMiJ9.eyJzdWIiOiJqYWRoYXZjb2NAZ21haWwuY29tIiwiaWF0IjoxNzA2NTIyMzM4LCJleHAiOjE3MDY1NDAzMzh9.KXpOCSqoatAWZpAE9h08cB7Um7NZvIz9oJSZsWJliRWRzzZ7YbLdAKAx-I-x8M1OMuNJlSOzhCj64gbt1KBOzg
2024-01-29 15:49:48,338 [INFO] org.springframework.web.filter.OncePerRequestFilter [http-nio-8081-exec-9]  Header :  Bearer eyJhbGciOiJIUzUxMiJ9.eyJzdWIiOiJqYWRoYXZjb2NAZ21haWwuY29tIiwiaWF0IjoxNzA2NTIyMzM4LCJleHAiOjE3MDY1NDAzMzh9.KXpOCSqoatAWZpAE9h08cB7Um7NZvIz9oJSZsWJliRWRzzZ7YbLdAKAx-I-x8M1OMuNJlSOzhCj64gbt1KBOzg
2024-01-29 15:49:48,355 [INFO] org.springframework.web.filter.OncePerRequestFilter [http-nio-8081-exec-1]  Header :  Bearer eyJhbGciOiJIUzUxMiJ9.eyJzdWIiOiJqYWRoYXZjb2NAZ21haWwuY29tIiwiaWF0IjoxNzA2NTIyMzM4LCJleHAiOjE3MDY1NDAzMzh9.KXpOCSqoatAWZpAE9h08cB7Um7NZvIz9oJSZsWJliRWRzzZ7YbLdAKAx-I-x8M1OMuNJlSOzhCj64gbt1KBOzg
2024-01-29 15:49:48,370 [INFO] org.springframework.web.filter.OncePerRequestFilter [http-nio-8081-exec-10]  Header :  Bearer eyJhbGciOiJIUzUxMiJ9.eyJzdWIiOiJqYWRoYXZjb2NAZ21haWwuY29tIiwiaWF0IjoxNzA2NTIyMzM4LCJleHAiOjE3MDY1NDAzMzh9.KXpOCSqoatAWZpAE9h08cB7Um7NZvIz9oJSZsWJliRWRzzZ7YbLdAKAx-I-x8M1OMuNJlSOzhCj64gbt1KBOzg
2024-01-29 15:49:48,385 [INFO] org.springframework.web.filter.OncePerRequestFilter [http-nio-8081-exec-2]  Header :  Bearer eyJhbGciOiJIUzUxMiJ9.eyJzdWIiOiJqYWRoYXZjb2NAZ21haWwuY29tIiwiaWF0IjoxNzA2NTIyMzM4LCJleHAiOjE3MDY1NDAzMzh9.KXpOCSqoatAWZpAE9h08cB7Um7NZvIz9oJSZsWJliRWRzzZ7YbLdAKAx-I-x8M1OMuNJlSOzhCj64gbt1KBOzg
2024-01-29 15:49:59,271 [INFO] org.springframework.web.filter.OncePerRequestFilter [http-nio-8081-exec-5]  Header :  Bearer eyJhbGciOiJIUzUxMiJ9.eyJzdWIiOiJqYWRoYXZjb2NAZ21haWwuY29tIiwiaWF0IjoxNzA2NTIyMzM4LCJleHAiOjE3MDY1NDAzMzh9.KXpOCSqoatAWZpAE9h08cB7Um7NZvIz9oJSZsWJliRWRzzZ7YbLdAKAx-I-x8M1OMuNJlSOzhCj64gbt1KBOzg
2024-01-29 15:49:59,285 [INFO] org.springframework.web.filter.OncePerRequestFilter [http-nio-8081-exec-3]  Header :  Bearer eyJhbGciOiJIUzUxMiJ9.eyJzdWIiOiJqYWRoYXZjb2NAZ21haWwuY29tIiwiaWF0IjoxNzA2NTIyMzM4LCJleHAiOjE3MDY1NDAzMzh9.KXpOCSqoatAWZpAE9h08cB7Um7NZvIz9oJSZsWJliRWRzzZ7YbLdAKAx-I-x8M1OMuNJlSOzhCj64gbt1KBOzg
2024-01-29 15:49:59,300 [INFO] org.springframework.web.filter.OncePerRequestFilter [http-nio-8081-exec-4]  Header :  Bearer eyJhbGciOiJIUzUxMiJ9.eyJzdWIiOiJqYWRoYXZjb2NAZ21haWwuY29tIiwiaWF0IjoxNzA2NTIyMzM4LCJleHAiOjE3MDY1NDAzMzh9.KXpOCSqoatAWZpAE9h08cB7Um7NZvIz9oJSZsWJliRWRzzZ7YbLdAKAx-I-x8M1OMuNJlSOzhCj64gbt1KBOzg
2024-01-29 15:49:59,315 [INFO] org.springframework.web.filter.OncePerRequestFilter [http-nio-8081-exec-7]  Header :  Bearer eyJhbGciOiJIUzUxMiJ9.eyJzdWIiOiJqYWRoYXZjb2NAZ21haWwuY29tIiwiaWF0IjoxNzA2NTIyMzM4LCJleHAiOjE3MDY1NDAzMzh9.KXpOCSqoatAWZpAE9h08cB7Um7NZvIz9oJSZsWJliRWRzzZ7YbLdAKAx-I-x8M1OMuNJlSOzhCj64gbt1KBOzg
2024-01-29 15:49:59,321 [INFO] org.springframework.web.filter.OncePerRequestFilter [http-nio-8081-exec-6]  Header :  Bearer eyJhbGciOiJIUzUxMiJ9.eyJzdWIiOiJqYWRoYXZjb2NAZ21haWwuY29tIiwiaWF0IjoxNzA2NTIyMzM4LCJleHAiOjE3MDY1NDAzMzh9.KXpOCSqoatAWZpAE9h08cB7Um7NZvIz9oJSZsWJliRWRzzZ7YbLdAKAx-I-x8M1OMuNJlSOzhCj64gbt1KBOzg
2024-01-29 15:49:59,338 [INFO] org.springframework.web.filter.OncePerRequestFilter [http-nio-8081-exec-8]  Header :  Bearer eyJhbGciOiJIUzUxMiJ9.eyJzdWIiOiJqYWRoYXZjb2NAZ21haWwuY29tIiwiaWF0IjoxNzA2NTIyMzM4LCJleHAiOjE3MDY1NDAzMzh9.KXpOCSqoatAWZpAE9h08cB7Um7NZvIz9oJSZsWJliRWRzzZ7YbLdAKAx-I-x8M1OMuNJlSOzhCj64gbt1KBOzg
2024-01-29 15:49:59,369 [INFO] org.springframework.web.filter.OncePerRequestFilter [http-nio-8081-exec-9]  Header :  Bearer eyJhbGciOiJIUzUxMiJ9.eyJzdWIiOiJqYWRoYXZjb2NAZ21haWwuY29tIiwiaWF0IjoxNzA2NTIyMzM4LCJleHAiOjE3MDY1NDAzMzh9.KXpOCSqoatAWZpAE9h08cB7Um7NZvIz9oJSZsWJliRWRzzZ7YbLdAKAx-I-x8M1OMuNJlSOzhCj64gbt1KBOzg
2024-01-29 15:49:59,387 [INFO] org.springframework.web.filter.OncePerRequestFilter [http-nio-8081-exec-1]  Header :  Bearer eyJhbGciOiJIUzUxMiJ9.eyJzdWIiOiJqYWRoYXZjb2NAZ21haWwuY29tIiwiaWF0IjoxNzA2NTIyMzM4LCJleHAiOjE3MDY1NDAzMzh9.KXpOCSqoatAWZpAE9h08cB7Um7NZvIz9oJSZsWJliRWRzzZ7YbLdAKAx-I-x8M1OMuNJlSOzhCj64gbt1KBOzg
2024-01-29 15:50:07,369 [INFO] org.springframework.web.filter.OncePerRequestFilter [http-nio-8081-exec-10]  Header :  Bearer eyJhbGciOiJIUzUxMiJ9.eyJzdWIiOiJqYWRoYXZjb2NAZ21haWwuY29tIiwiaWF0IjoxNzA2NTIyMzM4LCJleHAiOjE3MDY1NDAzMzh9.KXpOCSqoatAWZpAE9h08cB7Um7NZvIz9oJSZsWJliRWRzzZ7YbLdAKAx-I-x8M1OMuNJlSOzhCj64gbt1KBOzg
2024-01-29 15:50:07,387 [INFO] org.springframework.web.filter.OncePerRequestFilter [http-nio-8081-exec-2]  Header :  Bearer eyJhbGciOiJIUzUxMiJ9.eyJzdWIiOiJqYWRoYXZjb2NAZ21haWwuY29tIiwiaWF0IjoxNzA2NTIyMzM4LCJleHAiOjE3MDY1NDAzMzh9.KXpOCSqoatAWZpAE9h08cB7Um7NZvIz9oJSZsWJliRWRzzZ7YbLdAKAx-I-x8M1OMuNJlSOzhCj64gbt1KBOzg
2024-01-29 15:50:08,615 [INFO] org.springframework.web.filter.OncePerRequestFilter [http-nio-8081-exec-5]  Header :  Bearer eyJhbGciOiJIUzUxMiJ9.eyJzdWIiOiJqYWRoYXZjb2NAZ21haWwuY29tIiwiaWF0IjoxNzA2NTIyMzM4LCJleHAiOjE3MDY1NDAzMzh9.KXpOCSqoatAWZpAE9h08cB7Um7NZvIz9oJSZsWJliRWRzzZ7YbLdAKAx-I-x8M1OMuNJlSOzhCj64gbt1KBOzg
2024-01-29 15:50:08,635 [INFO] org.springframework.web.filter.OncePerRequestFilter [http-nio-8081-exec-3]  Header :  Bearer eyJhbGciOiJIUzUxMiJ9.eyJzdWIiOiJqYWRoYXZjb2NAZ21haWwuY29tIiwiaWF0IjoxNzA2NTIyMzM4LCJleHAiOjE3MDY1NDAzMzh9.KXpOCSqoatAWZpAE9h08cB7Um7NZvIz9oJSZsWJliRWRzzZ7YbLdAKAx-I-x8M1OMuNJlSOzhCj64gbt1KBOzg
2024-01-29 15:50:08,645 [INFO] org.springframework.web.filter.OncePerRequestFilter [http-nio-8081-exec-4]  Header :  Bearer eyJhbGciOiJIUzUxMiJ9.eyJzdWIiOiJqYWRoYXZjb2NAZ21haWwuY29tIiwiaWF0IjoxNzA2NTIyMzM4LCJleHAiOjE3MDY1NDAzMzh9.KXpOCSqoatAWZpAE9h08cB7Um7NZvIz9oJSZsWJliRWRzzZ7YbLdAKAx-I-x8M1OMuNJlSOzhCj64gbt1KBOzg
2024-01-29 15:50:08,659 [INFO] org.springframework.web.filter.OncePerRequestFilter [http-nio-8081-exec-7]  Header :  Bearer eyJhbGciOiJIUzUxMiJ9.eyJzdWIiOiJqYWRoYXZjb2NAZ21haWwuY29tIiwiaWF0IjoxNzA2NTIyMzM4LCJleHAiOjE3MDY1NDAzMzh9.KXpOCSqoatAWZpAE9h08cB7Um7NZvIz9oJSZsWJliRWRzzZ7YbLdAKAx-I-x8M1OMuNJlSOzhCj64gbt1KBOzg
2024-01-29 15:50:08,664 [INFO] org.springframework.web.filter.OncePerRequestFilter [http-nio-8081-exec-6]  Header :  Bearer eyJhbGciOiJIUzUxMiJ9.eyJzdWIiOiJqYWRoYXZjb2NAZ21haWwuY29tIiwiaWF0IjoxNzA2NTIyMzM4LCJleHAiOjE3MDY1NDAzMzh9.KXpOCSqoatAWZpAE9h08cB7Um7NZvIz9oJSZsWJliRWRzzZ7YbLdAKAx-I-x8M1OMuNJlSOzhCj64gbt1KBOzg
2024-01-29 15:50:08,675 [INFO] org.springframework.web.filter.OncePerRequestFilter [http-nio-8081-exec-8]  Header :  Bearer eyJhbGciOiJIUzUxMiJ9.eyJzdWIiOiJqYWRoYXZjb2NAZ21haWwuY29tIiwiaWF0IjoxNzA2NTIyMzM4LCJleHAiOjE3MDY1NDAzMzh9.KXpOCSqoatAWZpAE9h08cB7Um7NZvIz9oJSZsWJliRWRzzZ7YbLdAKAx-I-x8M1OMuNJlSOzhCj64gbt1KBOzg
2024-01-29 15:50:08,696 [INFO] org.springframework.web.filter.OncePerRequestFilter [http-nio-8081-exec-9]  Header :  Bearer eyJhbGciOiJIUzUxMiJ9.eyJzdWIiOiJqYWRoYXZjb2NAZ21haWwuY29tIiwiaWF0IjoxNzA2NTIyMzM4LCJleHAiOjE3MDY1NDAzMzh9.KXpOCSqoatAWZpAE9h08cB7Um7NZvIz9oJSZsWJliRWRzzZ7YbLdAKAx-I-x8M1OMuNJlSOzhCj64gbt1KBOzg
2024-01-29 15:50:08,714 [INFO] org.springframework.web.filter.OncePerRequestFilter [http-nio-8081-exec-1]  Header :  Bearer eyJhbGciOiJIUzUxMiJ9.eyJzdWIiOiJqYWRoYXZjb2NAZ21haWwuY29tIiwiaWF0IjoxNzA2NTIyMzM4LCJleHAiOjE3MDY1NDAzMzh9.KXpOCSqoatAWZpAE9h08cB7Um7NZvIz9oJSZsWJliRWRzzZ7YbLdAKAx-I-x8M1OMuNJlSOzhCj64gbt1KBOzg
2024-01-29 15:51:02,872 [INFO] org.springframework.web.filter.OncePerRequestFilter [http-nio-8081-exec-10]  Header :  Bearer eyJhbGciOiJIUzUxMiJ9.eyJzdWIiOiJqYWRoYXZjb2NAZ21haWwuY29tIiwiaWF0IjoxNzA2NTIyMzM4LCJleHAiOjE3MDY1NDAzMzh9.KXpOCSqoatAWZpAE9h08cB7Um7NZvIz9oJSZsWJliRWRzzZ7YbLdAKAx-I-x8M1OMuNJlSOzhCj64gbt1KBOzg
2024-01-29 15:51:02,891 [INFO] com.pms.doctor.service.Impl.doctorServiceImpl [http-nio-8081-exec-10] [{id=648011f1029f637a5d28a7a7, name=Aspirin, price=50, type=Tablet, category=Aspirin is used to reduce fever}, {id=6480141f029f637a5d28a7ad, name=Amoxicillin, price=100, type=Capsule, category=Amoxicillin is a penicillin antibiotic}, {id=6480143d029f637a5d28a7af, name=Atorvastatin, price=130, type=Tablet, category=Cholesterol-lowering agent}, {id=6480144d029f637a5d28a7b0, name=Ibuprofen, price=200, type=Tablet, category=Nonsteroidal anti-inflammatory drug (NSAID)}, {id=648584915683641112507aa4, name=Paracetamol, price=120, type=Tablet, category=Pain reliever}, {id=64918f86f72e301ef847fea1, name=Lisinopril, price=80, type=Tablet, category=Antihypertensive}, {id=64918fa1f72e301ef847fea2, name=Metformin, price=70, type=Tablet, category=Antidiabetic}, {id=64a8161fded31f69977afea0, name=Cetirizine, price=60, type=Tablet, category=relieve allergy symptoms}]
2024-01-29 15:51:02,909 [INFO] org.springframework.web.filter.OncePerRequestFilter [http-nio-8081-exec-2]  Header :  Bearer eyJhbGciOiJIUzUxMiJ9.eyJzdWIiOiJqYWRoYXZjb2NAZ21haWwuY29tIiwiaWF0IjoxNzA2NTIyMzM4LCJleHAiOjE3MDY1NDAzMzh9.KXpOCSqoatAWZpAE9h08cB7Um7NZvIz9oJSZsWJliRWRzzZ7YbLdAKAx-I-x8M1OMuNJlSOzhCj64gbt1KBOzg
2024-01-29 15:51:02,938 [INFO] com.pms.doctor.service.Impl.doctorServiceImpl [http-nio-8081-exec-2] [{id=648011f1029f637a5d28a7a7, name=Aspirin, price=50, type=Tablet, category=Aspirin is used to reduce fever}, {id=6480141f029f637a5d28a7ad, name=Amoxicillin, price=100, type=Capsule, category=Amoxicillin is a penicillin antibiotic}, {id=6480143d029f637a5d28a7af, name=Atorvastatin, price=130, type=Tablet, category=Cholesterol-lowering agent}, {id=6480144d029f637a5d28a7b0, name=Ibuprofen, price=200, type=Tablet, category=Nonsteroidal anti-inflammatory drug (NSAID)}, {id=648584915683641112507aa4, name=Paracetamol, price=120, type=Tablet, category=Pain reliever}, {id=64918f86f72e301ef847fea1, name=Lisinopril, price=80, type=Tablet, category=Antihypertensive}, {id=64918fa1f72e301ef847fea2, name=Metformin, price=70, type=Tablet, category=Antidiabetic}, {id=64a8161fded31f69977afea0, name=Cetirizine, price=60, type=Tablet, category=relieve allergy symptoms}]
2024-01-29 15:51:59,318 [INFO] org.springframework.web.filter.OncePerRequestFilter [http-nio-8081-exec-5]  Header :  Bearer eyJhbGciOiJIUzUxMiJ9.eyJzdWIiOiJqYWRoYXZjb2NAZ21haWwuY29tIiwiaWF0IjoxNzA2NTIyMzM4LCJleHAiOjE3MDY1NDAzMzh9.KXpOCSqoatAWZpAE9h08cB7Um7NZvIz9oJSZsWJliRWRzzZ7YbLdAKAx-I-x8M1OMuNJlSOzhCj64gbt1KBOzg
2024-01-29 15:51:59,338 [INFO] org.springframework.web.filter.OncePerRequestFilter [http-nio-8081-exec-3]  Header :  Bearer eyJhbGciOiJIUzUxMiJ9.eyJzdWIiOiJqYWRoYXZjb2NAZ21haWwuY29tIiwiaWF0IjoxNzA2NTIyMzM4LCJleHAiOjE3MDY1NDAzMzh9.KXpOCSqoatAWZpAE9h08cB7Um7NZvIz9oJSZsWJliRWRzzZ7YbLdAKAx-I-x8M1OMuNJlSOzhCj64gbt1KBOzg
2024-01-29 15:51:59,348 [INFO] org.springframework.web.filter.OncePerRequestFilter [http-nio-8081-exec-4]  Header :  Bearer eyJhbGciOiJIUzUxMiJ9.eyJzdWIiOiJqYWRoYXZjb2NAZ21haWwuY29tIiwiaWF0IjoxNzA2NTIyMzM4LCJleHAiOjE3MDY1NDAzMzh9.KXpOCSqoatAWZpAE9h08cB7Um7NZvIz9oJSZsWJliRWRzzZ7YbLdAKAx-I-x8M1OMuNJlSOzhCj64gbt1KBOzg
2024-01-29 15:51:59,363 [INFO] org.springframework.web.filter.OncePerRequestFilter [http-nio-8081-exec-7]  Header :  Bearer eyJhbGciOiJIUzUxMiJ9.eyJzdWIiOiJqYWRoYXZjb2NAZ21haWwuY29tIiwiaWF0IjoxNzA2NTIyMzM4LCJleHAiOjE3MDY1NDAzMzh9.KXpOCSqoatAWZpAE9h08cB7Um7NZvIz9oJSZsWJliRWRzzZ7YbLdAKAx-I-x8M1OMuNJlSOzhCj64gbt1KBOzg
2024-01-29 15:51:59,368 [INFO] org.springframework.web.filter.OncePerRequestFilter [http-nio-8081-exec-6]  Header :  Bearer eyJhbGciOiJIUzUxMiJ9.eyJzdWIiOiJqYWRoYXZjb2NAZ21haWwuY29tIiwiaWF0IjoxNzA2NTIyMzM4LCJleHAiOjE3MDY1NDAzMzh9.KXpOCSqoatAWZpAE9h08cB7Um7NZvIz9oJSZsWJliRWRzzZ7YbLdAKAx-I-x8M1OMuNJlSOzhCj64gbt1KBOzg
2024-01-29 15:51:59,381 [INFO] org.springframework.web.filter.OncePerRequestFilter [http-nio-8081-exec-8]  Header :  Bearer eyJhbGciOiJIUzUxMiJ9.eyJzdWIiOiJqYWRoYXZjb2NAZ21haWwuY29tIiwiaWF0IjoxNzA2NTIyMzM4LCJleHAiOjE3MDY1NDAzMzh9.KXpOCSqoatAWZpAE9h08cB7Um7NZvIz9oJSZsWJliRWRzzZ7YbLdAKAx-I-x8M1OMuNJlSOzhCj64gbt1KBOzg
2024-01-29 15:51:59,393 [INFO] org.springframework.web.filter.OncePerRequestFilter [http-nio-8081-exec-9]  Header :  Bearer eyJhbGciOiJIUzUxMiJ9.eyJzdWIiOiJqYWRoYXZjb2NAZ21haWwuY29tIiwiaWF0IjoxNzA2NTIyMzM4LCJleHAiOjE3MDY1NDAzMzh9.KXpOCSqoatAWZpAE9h08cB7Um7NZvIz9oJSZsWJliRWRzzZ7YbLdAKAx-I-x8M1OMuNJlSOzhCj64gbt1KBOzg
2024-01-29 15:51:59,406 [INFO] org.springframework.web.filter.OncePerRequestFilter [http-nio-8081-exec-1]  Header :  Bearer eyJhbGciOiJIUzUxMiJ9.eyJzdWIiOiJqYWRoYXZjb2NAZ21haWwuY29tIiwiaWF0IjoxNzA2NTIyMzM4LCJleHAiOjE3MDY1NDAzMzh9.KXpOCSqoatAWZpAE9h08cB7Um7NZvIz9oJSZsWJliRWRzzZ7YbLdAKAx-I-x8M1OMuNJlSOzhCj64gbt1KBOzg
2024-01-29 15:53:56,292 [INFO] com.netflix.discovery.shared.resolver.aws.ConfigClusterResolver [AsyncResolver-bootstrap-executor-0] Resolving eureka endpoints via configuration
2024-01-29 15:58:56,308 [INFO] com.netflix.discovery.shared.resolver.aws.ConfigClusterResolver [AsyncResolver-bootstrap-executor-0] Resolving eureka endpoints via configuration
2024-01-29 16:01:57,318 [INFO] org.springframework.web.filter.OncePerRequestFilter [http-nio-8081-exec-5]  Header :  Bearer eyJhbGciOiJIUzUxMiJ9.eyJzdWIiOiJqYWRoYXZjb2NAZ21haWwuY29tIiwiaWF0IjoxNzA2NTIyMzM4LCJleHAiOjE3MDY1NDAzMzh9.KXpOCSqoatAWZpAE9h08cB7Um7NZvIz9oJSZsWJliRWRzzZ7YbLdAKAx-I-x8M1OMuNJlSOzhCj64gbt1KBOzg
2024-01-29 16:01:57,341 [INFO] com.pms.doctor.service.Impl.doctorServiceImpl [http-nio-8081-exec-5] [{id=648011f1029f637a5d28a7a7, name=Aspirin, price=50, type=Tablet, category=Aspirin is used to reduce fever}, {id=6480141f029f637a5d28a7ad, name=Amoxicillin, price=100, type=Capsule, category=Amoxicillin is a penicillin antibiotic}, {id=6480143d029f637a5d28a7af, name=Atorvastatin, price=130, type=Tablet, category=Cholesterol-lowering agent}, {id=6480144d029f637a5d28a7b0, name=Ibuprofen, price=200, type=Tablet, category=Nonsteroidal anti-inflammatory drug (NSAID)}, {id=648584915683641112507aa4, name=Paracetamol, price=120, type=Tablet, category=Pain reliever}, {id=64918f86f72e301ef847fea1, name=Lisinopril, price=80, type=Tablet, category=Antihypertensive}, {id=64918fa1f72e301ef847fea2, name=Metformin, price=70, type=Tablet, category=Antidiabetic}, {id=64a8161fded31f69977afea0, name=Cetirizine, price=60, type=Tablet, category=relieve allergy symptoms}]
2024-01-29 16:01:57,354 [INFO] org.springframework.web.filter.OncePerRequestFilter [http-nio-8081-exec-3]  Header :  Bearer eyJhbGciOiJIUzUxMiJ9.eyJzdWIiOiJqYWRoYXZjb2NAZ21haWwuY29tIiwiaWF0IjoxNzA2NTIyMzM4LCJleHAiOjE3MDY1NDAzMzh9.KXpOCSqoatAWZpAE9h08cB7Um7NZvIz9oJSZsWJliRWRzzZ7YbLdAKAx-I-x8M1OMuNJlSOzhCj64gbt1KBOzg
2024-01-29 16:01:57,378 [INFO] com.pms.doctor.service.Impl.doctorServiceImpl [http-nio-8081-exec-3] [{id=648011f1029f637a5d28a7a7, name=Aspirin, price=50, type=Tablet, category=Aspirin is used to reduce fever}, {id=6480141f029f637a5d28a7ad, name=Amoxicillin, price=100, type=Capsule, category=Amoxicillin is a penicillin antibiotic}, {id=6480143d029f637a5d28a7af, name=Atorvastatin, price=130, type=Tablet, category=Cholesterol-lowering agent}, {id=6480144d029f637a5d28a7b0, name=Ibuprofen, price=200, type=Tablet, category=Nonsteroidal anti-inflammatory drug (NSAID)}, {id=648584915683641112507aa4, name=Paracetamol, price=120, type=Tablet, category=Pain reliever}, {id=64918f86f72e301ef847fea1, name=Lisinopril, price=80, type=Tablet, category=Antihypertensive}, {id=64918fa1f72e301ef847fea2, name=Metformin, price=70, type=Tablet, category=Antidiabetic}, {id=64a8161fded31f69977afea0, name=Cetirizine, price=60, type=Tablet, category=relieve allergy symptoms}]
2024-01-29 16:02:34,276 [INFO] org.springframework.web.filter.OncePerRequestFilter [http-nio-8081-exec-4]  Header :  Bearer eyJhbGciOiJIUzUxMiJ9.eyJzdWIiOiJqYWRoYXZjb2NAZ21haWwuY29tIiwiaWF0IjoxNzA2NTIyMzM4LCJleHAiOjE3MDY1NDAzMzh9.KXpOCSqoatAWZpAE9h08cB7Um7NZvIz9oJSZsWJliRWRzzZ7YbLdAKAx-I-x8M1OMuNJlSOzhCj64gbt1KBOzg
2024-01-29 16:02:34,293 [INFO] com.pms.doctor.service.Impl.doctorServiceImpl [http-nio-8081-exec-4] [{id=648011f1029f637a5d28a7a7, name=Aspirin, price=50, type=Tablet, category=Aspirin is used to reduce fever}, {id=6480141f029f637a5d28a7ad, name=Amoxicillin, price=100, type=Capsule, category=Amoxicillin is a penicillin antibiotic}, {id=6480143d029f637a5d28a7af, name=Atorvastatin, price=130, type=Tablet, category=Cholesterol-lowering agent}, {id=6480144d029f637a5d28a7b0, name=Ibuprofen, price=200, type=Tablet, category=Nonsteroidal anti-inflammatory drug (NSAID)}, {id=648584915683641112507aa4, name=Paracetamol, price=120, type=Tablet, category=Pain reliever}, {id=64918f86f72e301ef847fea1, name=Lisinopril, price=80, type=Tablet, category=Antihypertensive}, {id=64918fa1f72e301ef847fea2, name=Metformin, price=70, type=Tablet, category=Antidiabetic}, {id=64a8161fded31f69977afea0, name=Cetirizine, price=60, type=Tablet, category=relieve allergy symptoms}]
2024-01-29 16:02:56,271 [INFO] org.springframework.web.filter.OncePerRequestFilter [http-nio-8081-exec-7]  Header :  Bearer eyJhbGciOiJIUzUxMiJ9.eyJzdWIiOiJqYWRoYXZjb2NAZ21haWwuY29tIiwiaWF0IjoxNzA2NTIyMzM4LCJleHAiOjE3MDY1NDAzMzh9.KXpOCSqoatAWZpAE9h08cB7Um7NZvIz9oJSZsWJliRWRzzZ7YbLdAKAx-I-x8M1OMuNJlSOzhCj64gbt1KBOzg
2024-01-29 16:02:56,295 [INFO] com.pms.doctor.service.Impl.doctorServiceImpl [http-nio-8081-exec-7] [{id=648011f1029f637a5d28a7a7, name=Aspirin, price=50, type=Tablet, category=Aspirin is used to reduce fever}, {id=6480141f029f637a5d28a7ad, name=Amoxicillin, price=100, type=Capsule, category=Amoxicillin is a penicillin antibiotic}, {id=6480143d029f637a5d28a7af, name=Atorvastatin, price=130, type=Tablet, category=Cholesterol-lowering agent}, {id=6480144d029f637a5d28a7b0, name=Ibuprofen, price=200, type=Tablet, category=Nonsteroidal anti-inflammatory drug (NSAID)}, {id=648584915683641112507aa4, name=Paracetamol, price=120, type=Tablet, category=Pain reliever}, {id=64918f86f72e301ef847fea1, name=Lisinopril, price=80, type=Tablet, category=Antihypertensive}, {id=64918fa1f72e301ef847fea2, name=Metformin, price=70, type=Tablet, category=Antidiabetic}, {id=64a8161fded31f69977afea0, name=Cetirizine, price=60, type=Tablet, category=relieve allergy symptoms}]
2024-01-29 16:03:14,272 [INFO] org.springframework.web.filter.OncePerRequestFilter [http-nio-8081-exec-6]  Header :  Bearer eyJhbGciOiJIUzUxMiJ9.eyJzdWIiOiJqYWRoYXZjb2NAZ21haWwuY29tIiwiaWF0IjoxNzA2NTIyMzM4LCJleHAiOjE3MDY1NDAzMzh9.KXpOCSqoatAWZpAE9h08cB7Um7NZvIz9oJSZsWJliRWRzzZ7YbLdAKAx-I-x8M1OMuNJlSOzhCj64gbt1KBOzg
2024-01-29 16:03:14,288 [INFO] com.pms.doctor.service.Impl.doctorServiceImpl [http-nio-8081-exec-6] [{id=648011f1029f637a5d28a7a7, name=Aspirin, price=50, type=Tablet, category=Aspirin is used to reduce fever}, {id=6480141f029f637a5d28a7ad, name=Amoxicillin, price=100, type=Capsule, category=Amoxicillin is a penicillin antibiotic}, {id=6480143d029f637a5d28a7af, name=Atorvastatin, price=130, type=Tablet, category=Cholesterol-lowering agent}, {id=6480144d029f637a5d28a7b0, name=Ibuprofen, price=200, type=Tablet, category=Nonsteroidal anti-inflammatory drug (NSAID)}, {id=648584915683641112507aa4, name=Paracetamol, price=120, type=Tablet, category=Pain reliever}, {id=64918f86f72e301ef847fea1, name=Lisinopril, price=80, type=Tablet, category=Antihypertensive}, {id=64918fa1f72e301ef847fea2, name=Metformin, price=70, type=Tablet, category=Antidiabetic}, {id=64a8161fded31f69977afea0, name=Cetirizine, price=60, type=Tablet, category=relieve allergy symptoms}]
2024-01-29 16:03:37,805 [INFO] org.springframework.web.filter.OncePerRequestFilter [http-nio-8081-exec-8]  Header :  Bearer eyJhbGciOiJIUzUxMiJ9.eyJzdWIiOiJqYWRoYXZjb2NAZ21haWwuY29tIiwiaWF0IjoxNzA2NTIyMzM4LCJleHAiOjE3MDY1NDAzMzh9.KXpOCSqoatAWZpAE9h08cB7Um7NZvIz9oJSZsWJliRWRzzZ7YbLdAKAx-I-x8M1OMuNJlSOzhCj64gbt1KBOzg
2024-01-29 16:03:37,824 [INFO] com.pms.doctor.service.Impl.doctorServiceImpl [http-nio-8081-exec-8] [{id=648011f1029f637a5d28a7a7, name=Aspirin, price=50, type=Tablet, category=Aspirin is used to reduce fever}, {id=6480141f029f637a5d28a7ad, name=Amoxicillin, price=100, type=Capsule, category=Amoxicillin is a penicillin antibiotic}, {id=6480143d029f637a5d28a7af, name=Atorvastatin, price=130, type=Tablet, category=Cholesterol-lowering agent}, {id=6480144d029f637a5d28a7b0, name=Ibuprofen, price=200, type=Tablet, category=Nonsteroidal anti-inflammatory drug (NSAID)}, {id=648584915683641112507aa4, name=Paracetamol, price=120, type=Tablet, category=Pain reliever}, {id=64918f86f72e301ef847fea1, name=Lisinopril, price=80, type=Tablet, category=Antihypertensive}, {id=64918fa1f72e301ef847fea2, name=Metformin, price=70, type=Tablet, category=Antidiabetic}, {id=64a8161fded31f69977afea0, name=Cetirizine, price=60, type=Tablet, category=relieve allergy symptoms}]
2024-01-29 16:03:49,128 [INFO] org.springframework.web.filter.OncePerRequestFilter [http-nio-8081-exec-9]  Header :  Bearer eyJhbGciOiJIUzUxMiJ9.eyJzdWIiOiJqYWRoYXZjb2NAZ21haWwuY29tIiwiaWF0IjoxNzA2NTIyMzM4LCJleHAiOjE3MDY1NDAzMzh9.KXpOCSqoatAWZpAE9h08cB7Um7NZvIz9oJSZsWJliRWRzzZ7YbLdAKAx-I-x8M1OMuNJlSOzhCj64gbt1KBOzg
2024-01-29 16:03:56,324 [INFO] com.netflix.discovery.shared.resolver.aws.ConfigClusterResolver [AsyncResolver-bootstrap-executor-0] Resolving eureka endpoints via configuration
2024-01-29 16:04:19,541 [INFO] org.springframework.web.filter.OncePerRequestFilter [http-nio-8081-exec-1]  Header :  Bearer eyJhbGciOiJIUzUxMiJ9.eyJzdWIiOiJqYWRoYXZjb2NAZ21haWwuY29tIiwiaWF0IjoxNzA2NTIyMzM4LCJleHAiOjE3MDY1NDAzMzh9.KXpOCSqoatAWZpAE9h08cB7Um7NZvIz9oJSZsWJliRWRzzZ7YbLdAKAx-I-x8M1OMuNJlSOzhCj64gbt1KBOzg
2024-01-29 16:04:40,955 [INFO] org.springframework.web.filter.OncePerRequestFilter [http-nio-8081-exec-10]  Header :  Bearer eyJhbGciOiJIUzUxMiJ9.eyJzdWIiOiJqYWRoYXZjb2NAZ21haWwuY29tIiwiaWF0IjoxNzA2NTIyMzM4LCJleHAiOjE3MDY1NDAzMzh9.KXpOCSqoatAWZpAE9h08cB7Um7NZvIz9oJSZsWJliRWRzzZ7YbLdAKAx-I-x8M1OMuNJlSOzhCj64gbt1KBOzg
2024-01-29 16:04:40,993 [INFO] org.springframework.web.filter.OncePerRequestFilter [http-nio-8081-exec-2]  Header :  Bearer eyJhbGciOiJIUzUxMiJ9.eyJzdWIiOiJqYWRoYXZjb2NAZ21haWwuY29tIiwiaWF0IjoxNzA2NTIyMzM4LCJleHAiOjE3MDY1NDAzMzh9.KXpOCSqoatAWZpAE9h08cB7Um7NZvIz9oJSZsWJliRWRzzZ7YbLdAKAx-I-x8M1OMuNJlSOzhCj64gbt1KBOzg
2024-01-29 16:04:41,014 [INFO] org.springframework.web.filter.OncePerRequestFilter [http-nio-8081-exec-5]  Header :  Bearer eyJhbGciOiJIUzUxMiJ9.eyJzdWIiOiJqYWRoYXZjb2NAZ21haWwuY29tIiwiaWF0IjoxNzA2NTIyMzM4LCJleHAiOjE3MDY1NDAzMzh9.KXpOCSqoatAWZpAE9h08cB7Um7NZvIz9oJSZsWJliRWRzzZ7YbLdAKAx-I-x8M1OMuNJlSOzhCj64gbt1KBOzg
2024-01-29 16:04:49,046 [INFO] org.springframework.web.filter.OncePerRequestFilter [http-nio-8081-exec-3]  Header :  Bearer eyJhbGciOiJIUzUxMiJ9.eyJzdWIiOiJqYWRoYXZjb2NAZ21haWwuY29tIiwiaWF0IjoxNzA2NTIyMzM4LCJleHAiOjE3MDY1NDAzMzh9.KXpOCSqoatAWZpAE9h08cB7Um7NZvIz9oJSZsWJliRWRzzZ7YbLdAKAx-I-x8M1OMuNJlSOzhCj64gbt1KBOzg
2024-01-29 16:04:49,063 [INFO] org.springframework.web.filter.OncePerRequestFilter [http-nio-8081-exec-4]  Header :  Bearer eyJhbGciOiJIUzUxMiJ9.eyJzdWIiOiJqYWRoYXZjb2NAZ21haWwuY29tIiwiaWF0IjoxNzA2NTIyMzM4LCJleHAiOjE3MDY1NDAzMzh9.KXpOCSqoatAWZpAE9h08cB7Um7NZvIz9oJSZsWJliRWRzzZ7YbLdAKAx-I-x8M1OMuNJlSOzhCj64gbt1KBOzg
2024-01-29 16:04:49,075 [INFO] org.springframework.web.filter.OncePerRequestFilter [http-nio-8081-exec-7]  Header :  Bearer eyJhbGciOiJIUzUxMiJ9.eyJzdWIiOiJqYWRoYXZjb2NAZ21haWwuY29tIiwiaWF0IjoxNzA2NTIyMzM4LCJleHAiOjE3MDY1NDAzMzh9.KXpOCSqoatAWZpAE9h08cB7Um7NZvIz9oJSZsWJliRWRzzZ7YbLdAKAx-I-x8M1OMuNJlSOzhCj64gbt1KBOzg
2024-01-29 16:04:49,088 [INFO] org.springframework.web.filter.OncePerRequestFilter [http-nio-8081-exec-6]  Header :  Bearer eyJhbGciOiJIUzUxMiJ9.eyJzdWIiOiJqYWRoYXZjb2NAZ21haWwuY29tIiwiaWF0IjoxNzA2NTIyMzM4LCJleHAiOjE3MDY1NDAzMzh9.KXpOCSqoatAWZpAE9h08cB7Um7NZvIz9oJSZsWJliRWRzzZ7YbLdAKAx-I-x8M1OMuNJlSOzhCj64gbt1KBOzg
2024-01-29 16:04:49,096 [INFO] org.springframework.web.filter.OncePerRequestFilter [http-nio-8081-exec-8]  Header :  Bearer eyJhbGciOiJIUzUxMiJ9.eyJzdWIiOiJqYWRoYXZjb2NAZ21haWwuY29tIiwiaWF0IjoxNzA2NTIyMzM4LCJleHAiOjE3MDY1NDAzMzh9.KXpOCSqoatAWZpAE9h08cB7Um7NZvIz9oJSZsWJliRWRzzZ7YbLdAKAx-I-x8M1OMuNJlSOzhCj64gbt1KBOzg
2024-01-29 16:04:49,109 [INFO] org.springframework.web.filter.OncePerRequestFilter [http-nio-8081-exec-9]  Header :  Bearer eyJhbGciOiJIUzUxMiJ9.eyJzdWIiOiJqYWRoYXZjb2NAZ21haWwuY29tIiwiaWF0IjoxNzA2NTIyMzM4LCJleHAiOjE3MDY1NDAzMzh9.KXpOCSqoatAWZpAE9h08cB7Um7NZvIz9oJSZsWJliRWRzzZ7YbLdAKAx-I-x8M1OMuNJlSOzhCj64gbt1KBOzg
2024-01-29 16:04:49,128 [INFO] org.springframework.web.filter.OncePerRequestFilter [http-nio-8081-exec-1]  Header :  Bearer eyJhbGciOiJIUzUxMiJ9.eyJzdWIiOiJqYWRoYXZjb2NAZ21haWwuY29tIiwiaWF0IjoxNzA2NTIyMzM4LCJleHAiOjE3MDY1NDAzMzh9.KXpOCSqoatAWZpAE9h08cB7Um7NZvIz9oJSZsWJliRWRzzZ7YbLdAKAx-I-x8M1OMuNJlSOzhCj64gbt1KBOzg
2024-01-29 16:04:49,142 [INFO] org.springframework.web.filter.OncePerRequestFilter [http-nio-8081-exec-10]  Header :  Bearer eyJhbGciOiJIUzUxMiJ9.eyJzdWIiOiJqYWRoYXZjb2NAZ21haWwuY29tIiwiaWF0IjoxNzA2NTIyMzM4LCJleHAiOjE3MDY1NDAzMzh9.KXpOCSqoatAWZpAE9h08cB7Um7NZvIz9oJSZsWJliRWRzzZ7YbLdAKAx-I-x8M1OMuNJlSOzhCj64gbt1KBOzg
2024-01-29 16:04:56,900 [INFO] org.springframework.web.filter.OncePerRequestFilter [http-nio-8081-exec-2]  Header :  Bearer eyJhbGciOiJIUzUxMiJ9.eyJzdWIiOiJqYWRoYXZjb2NAZ21haWwuY29tIiwiaWF0IjoxNzA2NTIyMzM4LCJleHAiOjE3MDY1NDAzMzh9.KXpOCSqoatAWZpAE9h08cB7Um7NZvIz9oJSZsWJliRWRzzZ7YbLdAKAx-I-x8M1OMuNJlSOzhCj64gbt1KBOzg
2024-01-29 16:04:56,918 [INFO] com.pms.doctor.service.Impl.doctorServiceImpl [http-nio-8081-exec-2] [{id=648011f1029f637a5d28a7a7, name=Aspirin, price=50, type=Tablet, category=Aspirin is used to reduce fever}, {id=6480141f029f637a5d28a7ad, name=Amoxicillin, price=100, type=Capsule, category=Amoxicillin is a penicillin antibiotic}, {id=6480143d029f637a5d28a7af, name=Atorvastatin, price=130, type=Tablet, category=Cholesterol-lowering agent}, {id=6480144d029f637a5d28a7b0, name=Ibuprofen, price=200, type=Tablet, category=Nonsteroidal anti-inflammatory drug (NSAID)}, {id=648584915683641112507aa4, name=Paracetamol, price=120, type=Tablet, category=Pain reliever}, {id=64918f86f72e301ef847fea1, name=Lisinopril, price=80, type=Tablet, category=Antihypertensive}, {id=64918fa1f72e301ef847fea2, name=Metformin, price=70, type=Tablet, category=Antidiabetic}, {id=64a8161fded31f69977afea0, name=Cetirizine, price=60, type=Tablet, category=relieve allergy symptoms}]
2024-01-29 16:04:56,931 [INFO] org.springframework.web.filter.OncePerRequestFilter [http-nio-8081-exec-5]  Header :  Bearer eyJhbGciOiJIUzUxMiJ9.eyJzdWIiOiJqYWRoYXZjb2NAZ21haWwuY29tIiwiaWF0IjoxNzA2NTIyMzM4LCJleHAiOjE3MDY1NDAzMzh9.KXpOCSqoatAWZpAE9h08cB7Um7NZvIz9oJSZsWJliRWRzzZ7YbLdAKAx-I-x8M1OMuNJlSOzhCj64gbt1KBOzg
2024-01-29 16:04:56,954 [INFO] com.pms.doctor.service.Impl.doctorServiceImpl [http-nio-8081-exec-5] [{id=648011f1029f637a5d28a7a7, name=Aspirin, price=50, type=Tablet, category=Aspirin is used to reduce fever}, {id=6480141f029f637a5d28a7ad, name=Amoxicillin, price=100, type=Capsule, category=Amoxicillin is a penicillin antibiotic}, {id=6480143d029f637a5d28a7af, name=Atorvastatin, price=130, type=Tablet, category=Cholesterol-lowering agent}, {id=6480144d029f637a5d28a7b0, name=Ibuprofen, price=200, type=Tablet, category=Nonsteroidal anti-inflammatory drug (NSAID)}, {id=648584915683641112507aa4, name=Paracetamol, price=120, type=Tablet, category=Pain reliever}, {id=64918f86f72e301ef847fea1, name=Lisinopril, price=80, type=Tablet, category=Antihypertensive}, {id=64918fa1f72e301ef847fea2, name=Metformin, price=70, type=Tablet, category=Antidiabetic}, {id=64a8161fded31f69977afea0, name=Cetirizine, price=60, type=Tablet, category=relieve allergy symptoms}]
2024-01-29 16:05:32,988 [INFO] org.springframework.web.filter.OncePerRequestFilter [http-nio-8081-exec-3]  Header :  Bearer eyJhbGciOiJIUzUxMiJ9.eyJzdWIiOiJqYWRoYXZjb2NAZ21haWwuY29tIiwiaWF0IjoxNzA2NTIyMzM4LCJleHAiOjE3MDY1NDAzMzh9.KXpOCSqoatAWZpAE9h08cB7Um7NZvIz9oJSZsWJliRWRzzZ7YbLdAKAx-I-x8M1OMuNJlSOzhCj64gbt1KBOzg
2024-01-29 16:05:33,016 [INFO] org.springframework.web.filter.OncePerRequestFilter [http-nio-8081-exec-4]  Header :  Bearer eyJhbGciOiJIUzUxMiJ9.eyJzdWIiOiJqYWRoYXZjb2NAZ21haWwuY29tIiwiaWF0IjoxNzA2NTIyMzM4LCJleHAiOjE3MDY1NDAzMzh9.KXpOCSqoatAWZpAE9h08cB7Um7NZvIz9oJSZsWJliRWRzzZ7YbLdAKAx-I-x8M1OMuNJlSOzhCj64gbt1KBOzg
2024-01-29 16:05:33,027 [INFO] org.springframework.web.filter.OncePerRequestFilter [http-nio-8081-exec-7]  Header :  Bearer eyJhbGciOiJIUzUxMiJ9.eyJzdWIiOiJqYWRoYXZjb2NAZ21haWwuY29tIiwiaWF0IjoxNzA2NTIyMzM4LCJleHAiOjE3MDY1NDAzMzh9.KXpOCSqoatAWZpAE9h08cB7Um7NZvIz9oJSZsWJliRWRzzZ7YbLdAKAx-I-x8M1OMuNJlSOzhCj64gbt1KBOzg
2024-01-29 16:05:33,049 [INFO] org.springframework.web.filter.OncePerRequestFilter [http-nio-8081-exec-6]  Header :  Bearer eyJhbGciOiJIUzUxMiJ9.eyJzdWIiOiJqYWRoYXZjb2NAZ21haWwuY29tIiwiaWF0IjoxNzA2NTIyMzM4LCJleHAiOjE3MDY1NDAzMzh9.KXpOCSqoatAWZpAE9h08cB7Um7NZvIz9oJSZsWJliRWRzzZ7YbLdAKAx-I-x8M1OMuNJlSOzhCj64gbt1KBOzg
2024-01-29 16:05:33,052 [INFO] org.springframework.web.filter.OncePerRequestFilter [http-nio-8081-exec-8]  Header :  Bearer eyJhbGciOiJIUzUxMiJ9.eyJzdWIiOiJqYWRoYXZjb2NAZ21haWwuY29tIiwiaWF0IjoxNzA2NTIyMzM4LCJleHAiOjE3MDY1NDAzMzh9.KXpOCSqoatAWZpAE9h08cB7Um7NZvIz9oJSZsWJliRWRzzZ7YbLdAKAx-I-x8M1OMuNJlSOzhCj64gbt1KBOzg
2024-01-29 16:05:33,067 [INFO] org.springframework.web.filter.OncePerRequestFilter [http-nio-8081-exec-9]  Header :  Bearer eyJhbGciOiJIUzUxMiJ9.eyJzdWIiOiJqYWRoYXZjb2NAZ21haWwuY29tIiwiaWF0IjoxNzA2NTIyMzM4LCJleHAiOjE3MDY1NDAzMzh9.KXpOCSqoatAWZpAE9h08cB7Um7NZvIz9oJSZsWJliRWRzzZ7YbLdAKAx-I-x8M1OMuNJlSOzhCj64gbt1KBOzg
2024-01-29 16:05:33,083 [INFO] org.springframework.web.filter.OncePerRequestFilter [http-nio-8081-exec-1]  Header :  Bearer eyJhbGciOiJIUzUxMiJ9.eyJzdWIiOiJqYWRoYXZjb2NAZ21haWwuY29tIiwiaWF0IjoxNzA2NTIyMzM4LCJleHAiOjE3MDY1NDAzMzh9.KXpOCSqoatAWZpAE9h08cB7Um7NZvIz9oJSZsWJliRWRzzZ7YbLdAKAx-I-x8M1OMuNJlSOzhCj64gbt1KBOzg
2024-01-29 16:05:33,094 [INFO] org.springframework.web.filter.OncePerRequestFilter [http-nio-8081-exec-10]  Header :  Bearer eyJhbGciOiJIUzUxMiJ9.eyJzdWIiOiJqYWRoYXZjb2NAZ21haWwuY29tIiwiaWF0IjoxNzA2NTIyMzM4LCJleHAiOjE3MDY1NDAzMzh9.KXpOCSqoatAWZpAE9h08cB7Um7NZvIz9oJSZsWJliRWRzzZ7YbLdAKAx-I-x8M1OMuNJlSOzhCj64gbt1KBOzg
2024-01-29 16:05:43,416 [INFO] org.springframework.web.filter.OncePerRequestFilter [http-nio-8081-exec-2]  Header :  Bearer eyJhbGciOiJIUzUxMiJ9.eyJzdWIiOiJqYWRoYXZjb2NAZ21haWwuY29tIiwiaWF0IjoxNzA2NTIyMzM4LCJleHAiOjE3MDY1NDAzMzh9.KXpOCSqoatAWZpAE9h08cB7Um7NZvIz9oJSZsWJliRWRzzZ7YbLdAKAx-I-x8M1OMuNJlSOzhCj64gbt1KBOzg
2024-01-29 16:05:43,440 [INFO] org.springframework.web.filter.OncePerRequestFilter [http-nio-8081-exec-5]  Header :  Bearer eyJhbGciOiJIUzUxMiJ9.eyJzdWIiOiJqYWRoYXZjb2NAZ21haWwuY29tIiwiaWF0IjoxNzA2NTIyMzM4LCJleHAiOjE3MDY1NDAzMzh9.KXpOCSqoatAWZpAE9h08cB7Um7NZvIz9oJSZsWJliRWRzzZ7YbLdAKAx-I-x8M1OMuNJlSOzhCj64gbt1KBOzg
2024-01-29 16:05:45,371 [INFO] org.springframework.web.filter.OncePerRequestFilter [http-nio-8081-exec-3]  Header :  Bearer eyJhbGciOiJIUzUxMiJ9.eyJzdWIiOiJqYWRoYXZjb2NAZ21haWwuY29tIiwiaWF0IjoxNzA2NTIyMzM4LCJleHAiOjE3MDY1NDAzMzh9.KXpOCSqoatAWZpAE9h08cB7Um7NZvIz9oJSZsWJliRWRzzZ7YbLdAKAx-I-x8M1OMuNJlSOzhCj64gbt1KBOzg
2024-01-29 16:05:45,390 [INFO] com.pms.doctor.service.Impl.doctorServiceImpl [http-nio-8081-exec-3] [{id=648011f1029f637a5d28a7a7, name=Aspirin, price=50, type=Tablet, category=Aspirin is used to reduce fever}, {id=6480141f029f637a5d28a7ad, name=Amoxicillin, price=100, type=Capsule, category=Amoxicillin is a penicillin antibiotic}, {id=6480143d029f637a5d28a7af, name=Atorvastatin, price=130, type=Tablet, category=Cholesterol-lowering agent}, {id=6480144d029f637a5d28a7b0, name=Ibuprofen, price=200, type=Tablet, category=Nonsteroidal anti-inflammatory drug (NSAID)}, {id=648584915683641112507aa4, name=Paracetamol, price=120, type=Tablet, category=Pain reliever}, {id=64918f86f72e301ef847fea1, name=Lisinopril, price=80, type=Tablet, category=Antihypertensive}, {id=64918fa1f72e301ef847fea2, name=Metformin, price=70, type=Tablet, category=Antidiabetic}, {id=64a8161fded31f69977afea0, name=Cetirizine, price=60, type=Tablet, category=relieve allergy symptoms}]
2024-01-29 16:05:45,401 [INFO] org.springframework.web.filter.OncePerRequestFilter [http-nio-8081-exec-4]  Header :  Bearer eyJhbGciOiJIUzUxMiJ9.eyJzdWIiOiJqYWRoYXZjb2NAZ21haWwuY29tIiwiaWF0IjoxNzA2NTIyMzM4LCJleHAiOjE3MDY1NDAzMzh9.KXpOCSqoatAWZpAE9h08cB7Um7NZvIz9oJSZsWJliRWRzzZ7YbLdAKAx-I-x8M1OMuNJlSOzhCj64gbt1KBOzg
2024-01-29 16:05:45,420 [INFO] com.pms.doctor.service.Impl.doctorServiceImpl [http-nio-8081-exec-4] [{id=648011f1029f637a5d28a7a7, name=Aspirin, price=50, type=Tablet, category=Aspirin is used to reduce fever}, {id=6480141f029f637a5d28a7ad, name=Amoxicillin, price=100, type=Capsule, category=Amoxicillin is a penicillin antibiotic}, {id=6480143d029f637a5d28a7af, name=Atorvastatin, price=130, type=Tablet, category=Cholesterol-lowering agent}, {id=6480144d029f637a5d28a7b0, name=Ibuprofen, price=200, type=Tablet, category=Nonsteroidal anti-inflammatory drug (NSAID)}, {id=648584915683641112507aa4, name=Paracetamol, price=120, type=Tablet, category=Pain reliever}, {id=64918f86f72e301ef847fea1, name=Lisinopril, price=80, type=Tablet, category=Antihypertensive}, {id=64918fa1f72e301ef847fea2, name=Metformin, price=70, type=Tablet, category=Antidiabetic}, {id=64a8161fded31f69977afea0, name=Cetirizine, price=60, type=Tablet, category=relieve allergy symptoms}]
2024-01-29 16:08:56,332 [INFO] com.netflix.discovery.shared.resolver.aws.ConfigClusterResolver [AsyncResolver-bootstrap-executor-0] Resolving eureka endpoints via configuration
2024-01-29 16:13:56,339 [INFO] com.netflix.discovery.shared.resolver.aws.ConfigClusterResolver [AsyncResolver-bootstrap-executor-0] Resolving eureka endpoints via configuration
2024-01-29 16:18:11,265 [INFO] org.springframework.web.filter.OncePerRequestFilter [http-nio-8081-exec-8]  Header :  Bearer eyJhbGciOiJIUzUxMiJ9.eyJzdWIiOiJqYWRoYXZjb2NAZ21haWwuY29tIiwiaWF0IjoxNzA2NTIyMzM4LCJleHAiOjE3MDY1NDAzMzh9.KXpOCSqoatAWZpAE9h08cB7Um7NZvIz9oJSZsWJliRWRzzZ7YbLdAKAx-I-x8M1OMuNJlSOzhCj64gbt1KBOzg
2024-01-29 16:18:23,350 [INFO] org.springframework.web.filter.OncePerRequestFilter [http-nio-8081-exec-9]  Header :  Bearer eyJhbGciOiJIUzUxMiJ9.eyJzdWIiOiJqYWRoYXZjb2NAZ21haWwuY29tIiwiaWF0IjoxNzA2NTIyMzM4LCJleHAiOjE3MDY1NDAzMzh9.KXpOCSqoatAWZpAE9h08cB7Um7NZvIz9oJSZsWJliRWRzzZ7YbLdAKAx-I-x8M1OMuNJlSOzhCj64gbt1KBOzg
2024-01-29 16:18:34,610 [INFO] org.springframework.web.filter.OncePerRequestFilter [http-nio-8081-exec-1]  Header :  Bearer eyJhbGciOiJIUzUxMiJ9.eyJzdWIiOiJqYWRoYXZjb2NAZ21haWwuY29tIiwiaWF0IjoxNzA2NTIyMzM4LCJleHAiOjE3MDY1NDAzMzh9.KXpOCSqoatAWZpAE9h08cB7Um7NZvIz9oJSZsWJliRWRzzZ7YbLdAKAx-I-x8M1OMuNJlSOzhCj64gbt1KBOzg
2024-01-29 16:18:34,631 [INFO] org.springframework.web.filter.OncePerRequestFilter [http-nio-8081-exec-10]  Header :  Bearer eyJhbGciOiJIUzUxMiJ9.eyJzdWIiOiJqYWRoYXZjb2NAZ21haWwuY29tIiwiaWF0IjoxNzA2NTIyMzM4LCJleHAiOjE3MDY1NDAzMzh9.KXpOCSqoatAWZpAE9h08cB7Um7NZvIz9oJSZsWJliRWRzzZ7YbLdAKAx-I-x8M1OMuNJlSOzhCj64gbt1KBOzg
2024-01-29 16:18:34,635 [INFO] org.springframework.web.filter.OncePerRequestFilter [http-nio-8081-exec-2]  Header :  Bearer eyJhbGciOiJIUzUxMiJ9.eyJzdWIiOiJqYWRoYXZjb2NAZ21haWwuY29tIiwiaWF0IjoxNzA2NTIyMzM4LCJleHAiOjE3MDY1NDAzMzh9.KXpOCSqoatAWZpAE9h08cB7Um7NZvIz9oJSZsWJliRWRzzZ7YbLdAKAx-I-x8M1OMuNJlSOzhCj64gbt1KBOzg
2024-01-29 16:18:34,664 [INFO] org.springframework.web.filter.OncePerRequestFilter [http-nio-8081-exec-5]  Header :  Bearer eyJhbGciOiJIUzUxMiJ9.eyJzdWIiOiJqYWRoYXZjb2NAZ21haWwuY29tIiwiaWF0IjoxNzA2NTIyMzM4LCJleHAiOjE3MDY1NDAzMzh9.KXpOCSqoatAWZpAE9h08cB7Um7NZvIz9oJSZsWJliRWRzzZ7YbLdAKAx-I-x8M1OMuNJlSOzhCj64gbt1KBOzg
2024-01-29 16:18:42,674 [INFO] org.springframework.web.filter.OncePerRequestFilter [http-nio-8081-exec-3]  Header :  Bearer eyJhbGciOiJIUzUxMiJ9.eyJzdWIiOiJqYWRoYXZjb2NAZ21haWwuY29tIiwiaWF0IjoxNzA2NTIyMzM4LCJleHAiOjE3MDY1NDAzMzh9.KXpOCSqoatAWZpAE9h08cB7Um7NZvIz9oJSZsWJliRWRzzZ7YbLdAKAx-I-x8M1OMuNJlSOzhCj64gbt1KBOzg
2024-01-29 16:18:42,700 [INFO] org.springframework.web.filter.OncePerRequestFilter [http-nio-8081-exec-4]  Header :  Bearer eyJhbGciOiJIUzUxMiJ9.eyJzdWIiOiJqYWRoYXZjb2NAZ21haWwuY29tIiwiaWF0IjoxNzA2NTIyMzM4LCJleHAiOjE3MDY1NDAzMzh9.KXpOCSqoatAWZpAE9h08cB7Um7NZvIz9oJSZsWJliRWRzzZ7YbLdAKAx-I-x8M1OMuNJlSOzhCj64gbt1KBOzg
2024-01-29 16:18:42,711 [INFO] org.springframework.web.filter.OncePerRequestFilter [http-nio-8081-exec-7]  Header :  Bearer eyJhbGciOiJIUzUxMiJ9.eyJzdWIiOiJqYWRoYXZjb2NAZ21haWwuY29tIiwiaWF0IjoxNzA2NTIyMzM4LCJleHAiOjE3MDY1NDAzMzh9.KXpOCSqoatAWZpAE9h08cB7Um7NZvIz9oJSZsWJliRWRzzZ7YbLdAKAx-I-x8M1OMuNJlSOzhCj64gbt1KBOzg
2024-01-29 16:18:42,724 [INFO] org.springframework.web.filter.OncePerRequestFilter [http-nio-8081-exec-6]  Header :  Bearer eyJhbGciOiJIUzUxMiJ9.eyJzdWIiOiJqYWRoYXZjb2NAZ21haWwuY29tIiwiaWF0IjoxNzA2NTIyMzM4LCJleHAiOjE3MDY1NDAzMzh9.KXpOCSqoatAWZpAE9h08cB7Um7NZvIz9oJSZsWJliRWRzzZ7YbLdAKAx-I-x8M1OMuNJlSOzhCj64gbt1KBOzg
2024-01-29 16:18:42,729 [INFO] org.springframework.web.filter.OncePerRequestFilter [http-nio-8081-exec-8]  Header :  Bearer eyJhbGciOiJIUzUxMiJ9.eyJzdWIiOiJqYWRoYXZjb2NAZ21haWwuY29tIiwiaWF0IjoxNzA2NTIyMzM4LCJleHAiOjE3MDY1NDAzMzh9.KXpOCSqoatAWZpAE9h08cB7Um7NZvIz9oJSZsWJliRWRzzZ7YbLdAKAx-I-x8M1OMuNJlSOzhCj64gbt1KBOzg
2024-01-29 16:18:42,741 [INFO] org.springframework.web.filter.OncePerRequestFilter [http-nio-8081-exec-9]  Header :  Bearer eyJhbGciOiJIUzUxMiJ9.eyJzdWIiOiJqYWRoYXZjb2NAZ21haWwuY29tIiwiaWF0IjoxNzA2NTIyMzM4LCJleHAiOjE3MDY1NDAzMzh9.KXpOCSqoatAWZpAE9h08cB7Um7NZvIz9oJSZsWJliRWRzzZ7YbLdAKAx-I-x8M1OMuNJlSOzhCj64gbt1KBOzg
2024-01-29 16:18:42,761 [INFO] org.springframework.web.filter.OncePerRequestFilter [http-nio-8081-exec-1]  Header :  Bearer eyJhbGciOiJIUzUxMiJ9.eyJzdWIiOiJqYWRoYXZjb2NAZ21haWwuY29tIiwiaWF0IjoxNzA2NTIyMzM4LCJleHAiOjE3MDY1NDAzMzh9.KXpOCSqoatAWZpAE9h08cB7Um7NZvIz9oJSZsWJliRWRzzZ7YbLdAKAx-I-x8M1OMuNJlSOzhCj64gbt1KBOzg
2024-01-29 16:18:42,779 [INFO] org.springframework.web.filter.OncePerRequestFilter [http-nio-8081-exec-10]  Header :  Bearer eyJhbGciOiJIUzUxMiJ9.eyJzdWIiOiJqYWRoYXZjb2NAZ21haWwuY29tIiwiaWF0IjoxNzA2NTIyMzM4LCJleHAiOjE3MDY1NDAzMzh9.KXpOCSqoatAWZpAE9h08cB7Um7NZvIz9oJSZsWJliRWRzzZ7YbLdAKAx-I-x8M1OMuNJlSOzhCj64gbt1KBOzg
2024-01-29 16:18:50,348 [INFO] org.springframework.web.filter.OncePerRequestFilter [http-nio-8081-exec-2]  Header :  Bearer eyJhbGciOiJIUzUxMiJ9.eyJzdWIiOiJqYWRoYXZjb2NAZ21haWwuY29tIiwiaWF0IjoxNzA2NTIyMzM4LCJleHAiOjE3MDY1NDAzMzh9.KXpOCSqoatAWZpAE9h08cB7Um7NZvIz9oJSZsWJliRWRzzZ7YbLdAKAx-I-x8M1OMuNJlSOzhCj64gbt1KBOzg
2024-01-29 16:18:50,373 [INFO] com.pms.doctor.service.Impl.doctorServiceImpl [http-nio-8081-exec-2] [{id=648011f1029f637a5d28a7a7, name=Aspirin, price=50, type=Tablet, category=Aspirin is used to reduce fever}, {id=6480141f029f637a5d28a7ad, name=Amoxicillin, price=100, type=Capsule, category=Amoxicillin is a penicillin antibiotic}, {id=6480143d029f637a5d28a7af, name=Atorvastatin, price=130, type=Tablet, category=Cholesterol-lowering agent}, {id=6480144d029f637a5d28a7b0, name=Ibuprofen, price=200, type=Tablet, category=Nonsteroidal anti-inflammatory drug (NSAID)}, {id=648584915683641112507aa4, name=Paracetamol, price=120, type=Tablet, category=Pain reliever}, {id=64918f86f72e301ef847fea1, name=Lisinopril, price=80, type=Tablet, category=Antihypertensive}, {id=64918fa1f72e301ef847fea2, name=Metformin, price=70, type=Tablet, category=Antidiabetic}, {id=64a8161fded31f69977afea0, name=Cetirizine, price=60, type=Tablet, category=relieve allergy symptoms}]
2024-01-29 16:18:50,383 [INFO] org.springframework.web.filter.OncePerRequestFilter [http-nio-8081-exec-5]  Header :  Bearer eyJhbGciOiJIUzUxMiJ9.eyJzdWIiOiJqYWRoYXZjb2NAZ21haWwuY29tIiwiaWF0IjoxNzA2NTIyMzM4LCJleHAiOjE3MDY1NDAzMzh9.KXpOCSqoatAWZpAE9h08cB7Um7NZvIz9oJSZsWJliRWRzzZ7YbLdAKAx-I-x8M1OMuNJlSOzhCj64gbt1KBOzg
2024-01-29 16:18:50,405 [INFO] com.pms.doctor.service.Impl.doctorServiceImpl [http-nio-8081-exec-5] [{id=648011f1029f637a5d28a7a7, name=Aspirin, price=50, type=Tablet, category=Aspirin is used to reduce fever}, {id=6480141f029f637a5d28a7ad, name=Amoxicillin, price=100, type=Capsule, category=Amoxicillin is a penicillin antibiotic}, {id=6480143d029f637a5d28a7af, name=Atorvastatin, price=130, type=Tablet, category=Cholesterol-lowering agent}, {id=6480144d029f637a5d28a7b0, name=Ibuprofen, price=200, type=Tablet, category=Nonsteroidal anti-inflammatory drug (NSAID)}, {id=648584915683641112507aa4, name=Paracetamol, price=120, type=Tablet, category=Pain reliever}, {id=64918f86f72e301ef847fea1, name=Lisinopril, price=80, type=Tablet, category=Antihypertensive}, {id=64918fa1f72e301ef847fea2, name=Metformin, price=70, type=Tablet, category=Antidiabetic}, {id=64a8161fded31f69977afea0, name=Cetirizine, price=60, type=Tablet, category=relieve allergy symptoms}]
2024-01-29 16:18:56,350 [INFO] com.netflix.discovery.shared.resolver.aws.ConfigClusterResolver [AsyncResolver-bootstrap-executor-0] Resolving eureka endpoints via configuration
2024-01-29 16:18:58,169 [INFO] org.springframework.web.filter.OncePerRequestFilter [http-nio-8081-exec-3]  Header :  Bearer eyJhbGciOiJIUzUxMiJ9.eyJzdWIiOiJqYWRoYXZjb2NAZ21haWwuY29tIiwiaWF0IjoxNzA2NTIyMzM4LCJleHAiOjE3MDY1NDAzMzh9.KXpOCSqoatAWZpAE9h08cB7Um7NZvIz9oJSZsWJliRWRzzZ7YbLdAKAx-I-x8M1OMuNJlSOzhCj64gbt1KBOzg
2024-01-29 16:18:58,186 [INFO] org.springframework.web.filter.OncePerRequestFilter [http-nio-8081-exec-4]  Header :  Bearer eyJhbGciOiJIUzUxMiJ9.eyJzdWIiOiJqYWRoYXZjb2NAZ21haWwuY29tIiwiaWF0IjoxNzA2NTIyMzM4LCJleHAiOjE3MDY1NDAzMzh9.KXpOCSqoatAWZpAE9h08cB7Um7NZvIz9oJSZsWJliRWRzzZ7YbLdAKAx-I-x8M1OMuNJlSOzhCj64gbt1KBOzg
2024-01-29 16:18:58,199 [INFO] org.springframework.web.filter.OncePerRequestFilter [http-nio-8081-exec-7]  Header :  Bearer eyJhbGciOiJIUzUxMiJ9.eyJzdWIiOiJqYWRoYXZjb2NAZ21haWwuY29tIiwiaWF0IjoxNzA2NTIyMzM4LCJleHAiOjE3MDY1NDAzMzh9.KXpOCSqoatAWZpAE9h08cB7Um7NZvIz9oJSZsWJliRWRzzZ7YbLdAKAx-I-x8M1OMuNJlSOzhCj64gbt1KBOzg
2024-01-29 16:18:58,212 [INFO] org.springframework.web.filter.OncePerRequestFilter [http-nio-8081-exec-6]  Header :  Bearer eyJhbGciOiJIUzUxMiJ9.eyJzdWIiOiJqYWRoYXZjb2NAZ21haWwuY29tIiwiaWF0IjoxNzA2NTIyMzM4LCJleHAiOjE3MDY1NDAzMzh9.KXpOCSqoatAWZpAE9h08cB7Um7NZvIz9oJSZsWJliRWRzzZ7YbLdAKAx-I-x8M1OMuNJlSOzhCj64gbt1KBOzg
2024-01-29 16:18:58,226 [INFO] org.springframework.web.filter.OncePerRequestFilter [http-nio-8081-exec-8]  Header :  Bearer eyJhbGciOiJIUzUxMiJ9.eyJzdWIiOiJqYWRoYXZjb2NAZ21haWwuY29tIiwiaWF0IjoxNzA2NTIyMzM4LCJleHAiOjE3MDY1NDAzMzh9.KXpOCSqoatAWZpAE9h08cB7Um7NZvIz9oJSZsWJliRWRzzZ7YbLdAKAx-I-x8M1OMuNJlSOzhCj64gbt1KBOzg
2024-01-29 16:18:58,239 [INFO] org.springframework.web.filter.OncePerRequestFilter [http-nio-8081-exec-9]  Header :  Bearer eyJhbGciOiJIUzUxMiJ9.eyJzdWIiOiJqYWRoYXZjb2NAZ21haWwuY29tIiwiaWF0IjoxNzA2NTIyMzM4LCJleHAiOjE3MDY1NDAzMzh9.KXpOCSqoatAWZpAE9h08cB7Um7NZvIz9oJSZsWJliRWRzzZ7YbLdAKAx-I-x8M1OMuNJlSOzhCj64gbt1KBOzg
2024-01-29 16:18:58,256 [INFO] org.springframework.web.filter.OncePerRequestFilter [http-nio-8081-exec-1]  Header :  Bearer eyJhbGciOiJIUzUxMiJ9.eyJzdWIiOiJqYWRoYXZjb2NAZ21haWwuY29tIiwiaWF0IjoxNzA2NTIyMzM4LCJleHAiOjE3MDY1NDAzMzh9.KXpOCSqoatAWZpAE9h08cB7Um7NZvIz9oJSZsWJliRWRzzZ7YbLdAKAx-I-x8M1OMuNJlSOzhCj64gbt1KBOzg
2024-01-29 16:18:58,270 [INFO] org.springframework.web.filter.OncePerRequestFilter [http-nio-8081-exec-10]  Header :  Bearer eyJhbGciOiJIUzUxMiJ9.eyJzdWIiOiJqYWRoYXZjb2NAZ21haWwuY29tIiwiaWF0IjoxNzA2NTIyMzM4LCJleHAiOjE3MDY1NDAzMzh9.KXpOCSqoatAWZpAE9h08cB7Um7NZvIz9oJSZsWJliRWRzzZ7YbLdAKAx-I-x8M1OMuNJlSOzhCj64gbt1KBOzg
2024-01-29 16:23:56,354 [INFO] com.netflix.discovery.shared.resolver.aws.ConfigClusterResolver [AsyncResolver-bootstrap-executor-0] Resolving eureka endpoints via configuration
2024-01-29 16:28:56,356 [INFO] com.netflix.discovery.shared.resolver.aws.ConfigClusterResolver [AsyncResolver-bootstrap-executor-0] Resolving eureka endpoints via configuration
2024-01-29 16:33:56,368 [INFO] com.netflix.discovery.shared.resolver.aws.ConfigClusterResolver [AsyncResolver-bootstrap-executor-0] Resolving eureka endpoints via configuration
2024-01-29 16:36:50,528 [INFO] org.springframework.web.filter.OncePerRequestFilter [http-nio-8081-exec-3]  Header :  Bearer eyJhbGciOiJIUzUxMiJ9.eyJzdWIiOiJqYWRoYXZjb2NAZ21haWwuY29tIiwiaWF0IjoxNzA2NTIyMzM4LCJleHAiOjE3MDY1NDAzMzh9.KXpOCSqoatAWZpAE9h08cB7Um7NZvIz9oJSZsWJliRWRzzZ7YbLdAKAx-I-x8M1OMuNJlSOzhCj64gbt1KBOzg
2024-01-29 16:36:50,557 [INFO] org.springframework.web.filter.OncePerRequestFilter [http-nio-8081-exec-4]  Header :  Bearer eyJhbGciOiJIUzUxMiJ9.eyJzdWIiOiJqYWRoYXZjb2NAZ21haWwuY29tIiwiaWF0IjoxNzA2NTIyMzM4LCJleHAiOjE3MDY1NDAzMzh9.KXpOCSqoatAWZpAE9h08cB7Um7NZvIz9oJSZsWJliRWRzzZ7YbLdAKAx-I-x8M1OMuNJlSOzhCj64gbt1KBOzg
2024-01-29 16:36:55,401 [INFO] org.springframework.web.filter.OncePerRequestFilter [http-nio-8081-exec-7]  Header :  Bearer eyJhbGciOiJIUzUxMiJ9.eyJzdWIiOiJqYWRoYXZjb2NAZ21haWwuY29tIiwiaWF0IjoxNzA2NTIyMzM4LCJleHAiOjE3MDY1NDAzMzh9.KXpOCSqoatAWZpAE9h08cB7Um7NZvIz9oJSZsWJliRWRzzZ7YbLdAKAx-I-x8M1OMuNJlSOzhCj64gbt1KBOzg
2024-01-29 16:36:55,421 [INFO] com.pms.doctor.service.Impl.doctorServiceImpl [http-nio-8081-exec-7] [{id=648011f1029f637a5d28a7a7, name=Aspirin, price=50, type=Tablet, category=Aspirin is used to reduce fever}, {id=6480141f029f637a5d28a7ad, name=Amoxicillin, price=100, type=Capsule, category=Amoxicillin is a penicillin antibiotic}, {id=6480143d029f637a5d28a7af, name=Atorvastatin, price=130, type=Tablet, category=Cholesterol-lowering agent}, {id=6480144d029f637a5d28a7b0, name=Ibuprofen, price=200, type=Tablet, category=Nonsteroidal anti-inflammatory drug (NSAID)}, {id=648584915683641112507aa4, name=Paracetamol, price=120, type=Tablet, category=Pain reliever}, {id=64918f86f72e301ef847fea1, name=Lisinopril, price=80, type=Tablet, category=Antihypertensive}, {id=64918fa1f72e301ef847fea2, name=Metformin, price=70, type=Tablet, category=Antidiabetic}, {id=64a8161fded31f69977afea0, name=Cetirizine, price=60, type=Tablet, category=relieve allergy symptoms}]
2024-01-29 16:36:55,432 [INFO] org.springframework.web.filter.OncePerRequestFilter [http-nio-8081-exec-6]  Header :  Bearer eyJhbGciOiJIUzUxMiJ9.eyJzdWIiOiJqYWRoYXZjb2NAZ21haWwuY29tIiwiaWF0IjoxNzA2NTIyMzM4LCJleHAiOjE3MDY1NDAzMzh9.KXpOCSqoatAWZpAE9h08cB7Um7NZvIz9oJSZsWJliRWRzzZ7YbLdAKAx-I-x8M1OMuNJlSOzhCj64gbt1KBOzg
2024-01-29 16:36:55,474 [INFO] com.pms.doctor.service.Impl.doctorServiceImpl [http-nio-8081-exec-6] [{id=648011f1029f637a5d28a7a7, name=Aspirin, price=50, type=Tablet, category=Aspirin is used to reduce fever}, {id=6480141f029f637a5d28a7ad, name=Amoxicillin, price=100, type=Capsule, category=Amoxicillin is a penicillin antibiotic}, {id=6480143d029f637a5d28a7af, name=Atorvastatin, price=130, type=Tablet, category=Cholesterol-lowering agent}, {id=6480144d029f637a5d28a7b0, name=Ibuprofen, price=200, type=Tablet, category=Nonsteroidal anti-inflammatory drug (NSAID)}, {id=648584915683641112507aa4, name=Paracetamol, price=120, type=Tablet, category=Pain reliever}, {id=64918f86f72e301ef847fea1, name=Lisinopril, price=80, type=Tablet, category=Antihypertensive}, {id=64918fa1f72e301ef847fea2, name=Metformin, price=70, type=Tablet, category=Antidiabetic}, {id=64a8161fded31f69977afea0, name=Cetirizine, price=60, type=Tablet, category=relieve allergy symptoms}]
2024-01-29 16:36:58,727 [INFO] org.springframework.web.filter.OncePerRequestFilter [http-nio-8081-exec-8]  Header :  Bearer eyJhbGciOiJIUzUxMiJ9.eyJzdWIiOiJqYWRoYXZjb2NAZ21haWwuY29tIiwiaWF0IjoxNzA2NTIyMzM4LCJleHAiOjE3MDY1NDAzMzh9.KXpOCSqoatAWZpAE9h08cB7Um7NZvIz9oJSZsWJliRWRzzZ7YbLdAKAx-I-x8M1OMuNJlSOzhCj64gbt1KBOzg
2024-01-29 16:36:58,743 [INFO] org.springframework.web.filter.OncePerRequestFilter [http-nio-8081-exec-9]  Header :  Bearer eyJhbGciOiJIUzUxMiJ9.eyJzdWIiOiJqYWRoYXZjb2NAZ21haWwuY29tIiwiaWF0IjoxNzA2NTIyMzM4LCJleHAiOjE3MDY1NDAzMzh9.KXpOCSqoatAWZpAE9h08cB7Um7NZvIz9oJSZsWJliRWRzzZ7YbLdAKAx-I-x8M1OMuNJlSOzhCj64gbt1KBOzg
2024-01-29 16:36:58,755 [INFO] org.springframework.web.filter.OncePerRequestFilter [http-nio-8081-exec-1]  Header :  Bearer eyJhbGciOiJIUzUxMiJ9.eyJzdWIiOiJqYWRoYXZjb2NAZ21haWwuY29tIiwiaWF0IjoxNzA2NTIyMzM4LCJleHAiOjE3MDY1NDAzMzh9.KXpOCSqoatAWZpAE9h08cB7Um7NZvIz9oJSZsWJliRWRzzZ7YbLdAKAx-I-x8M1OMuNJlSOzhCj64gbt1KBOzg
2024-01-29 16:36:58,768 [INFO] org.springframework.web.filter.OncePerRequestFilter [http-nio-8081-exec-10]  Header :  Bearer eyJhbGciOiJIUzUxMiJ9.eyJzdWIiOiJqYWRoYXZjb2NAZ21haWwuY29tIiwiaWF0IjoxNzA2NTIyMzM4LCJleHAiOjE3MDY1NDAzMzh9.KXpOCSqoatAWZpAE9h08cB7Um7NZvIz9oJSZsWJliRWRzzZ7YbLdAKAx-I-x8M1OMuNJlSOzhCj64gbt1KBOzg
2024-01-29 16:36:58,774 [INFO] org.springframework.web.filter.OncePerRequestFilter [http-nio-8081-exec-2]  Header :  Bearer eyJhbGciOiJIUzUxMiJ9.eyJzdWIiOiJqYWRoYXZjb2NAZ21haWwuY29tIiwiaWF0IjoxNzA2NTIyMzM4LCJleHAiOjE3MDY1NDAzMzh9.KXpOCSqoatAWZpAE9h08cB7Um7NZvIz9oJSZsWJliRWRzzZ7YbLdAKAx-I-x8M1OMuNJlSOzhCj64gbt1KBOzg
2024-01-29 16:36:58,791 [INFO] org.springframework.web.filter.OncePerRequestFilter [http-nio-8081-exec-5]  Header :  Bearer eyJhbGciOiJIUzUxMiJ9.eyJzdWIiOiJqYWRoYXZjb2NAZ21haWwuY29tIiwiaWF0IjoxNzA2NTIyMzM4LCJleHAiOjE3MDY1NDAzMzh9.KXpOCSqoatAWZpAE9h08cB7Um7NZvIz9oJSZsWJliRWRzzZ7YbLdAKAx-I-x8M1OMuNJlSOzhCj64gbt1KBOzg
2024-01-29 16:36:58,810 [INFO] org.springframework.web.filter.OncePerRequestFilter [http-nio-8081-exec-3]  Header :  Bearer eyJhbGciOiJIUzUxMiJ9.eyJzdWIiOiJqYWRoYXZjb2NAZ21haWwuY29tIiwiaWF0IjoxNzA2NTIyMzM4LCJleHAiOjE3MDY1NDAzMzh9.KXpOCSqoatAWZpAE9h08cB7Um7NZvIz9oJSZsWJliRWRzzZ7YbLdAKAx-I-x8M1OMuNJlSOzhCj64gbt1KBOzg
2024-01-29 16:36:58,948 [INFO] org.springframework.web.filter.OncePerRequestFilter [http-nio-8081-exec-4]  Header :  Bearer eyJhbGciOiJIUzUxMiJ9.eyJzdWIiOiJqYWRoYXZjb2NAZ21haWwuY29tIiwiaWF0IjoxNzA2NTIyMzM4LCJleHAiOjE3MDY1NDAzMzh9.KXpOCSqoatAWZpAE9h08cB7Um7NZvIz9oJSZsWJliRWRzzZ7YbLdAKAx-I-x8M1OMuNJlSOzhCj64gbt1KBOzg
2024-01-29 16:37:19,585 [INFO] org.springframework.web.filter.OncePerRequestFilter [http-nio-8081-exec-6]  Header :  Bearer eyJhbGciOiJIUzUxMiJ9.eyJzdWIiOiJqYWRoYXZjb2NAZ21haWwuY29tIiwiaWF0IjoxNzA2NTIxMzAwLCJleHAiOjE3MDY1MzkzMDB9.Fh8axaixy-mIG2ZLe9lQQswfRyj93VPn-4nOGENsjBl-ppelYlhVayJ2Bt6HCljBNAPx42cHO0vK0tw4soxIrw
2024-01-29 16:37:26,061 [INFO] org.springframework.web.filter.OncePerRequestFilter [http-nio-8081-exec-8]  Header :  Bearer eyJhbGciOiJIUzUxMiJ9.eyJzdWIiOiJqYWRoYXZjb2NAZ21haWwuY29tIiwiaWF0IjoxNzA2NTIyMzM4LCJleHAiOjE3MDY1NDAzMzh9.KXpOCSqoatAWZpAE9h08cB7Um7NZvIz9oJSZsWJliRWRzzZ7YbLdAKAx-I-x8M1OMuNJlSOzhCj64gbt1KBOzg
2024-01-29 16:37:26,074 [INFO] com.pms.doctor.service.Impl.doctorServiceImpl [http-nio-8081-exec-8] [{id=648011f1029f637a5d28a7a7, name=Aspirin, price=50, type=Tablet, category=Aspirin is used to reduce fever}, {id=6480141f029f637a5d28a7ad, name=Amoxicillin, price=100, type=Capsule, category=Amoxicillin is a penicillin antibiotic}, {id=6480143d029f637a5d28a7af, name=Atorvastatin, price=130, type=Tablet, category=Cholesterol-lowering agent}, {id=6480144d029f637a5d28a7b0, name=Ibuprofen, price=200, type=Tablet, category=Nonsteroidal anti-inflammatory drug (NSAID)}, {id=648584915683641112507aa4, name=Paracetamol, price=120, type=Tablet, category=Pain reliever}, {id=64918f86f72e301ef847fea1, name=Lisinopril, price=80, type=Tablet, category=Antihypertensive}, {id=64918fa1f72e301ef847fea2, name=Metformin, price=70, type=Tablet, category=Antidiabetic}, {id=64a8161fded31f69977afea0, name=Cetirizine, price=60, type=Tablet, category=relieve allergy symptoms}]
2024-01-29 16:37:26,093 [INFO] org.springframework.web.filter.OncePerRequestFilter [http-nio-8081-exec-9]  Header :  Bearer eyJhbGciOiJIUzUxMiJ9.eyJzdWIiOiJqYWRoYXZjb2NAZ21haWwuY29tIiwiaWF0IjoxNzA2NTIyMzM4LCJleHAiOjE3MDY1NDAzMzh9.KXpOCSqoatAWZpAE9h08cB7Um7NZvIz9oJSZsWJliRWRzzZ7YbLdAKAx-I-x8M1OMuNJlSOzhCj64gbt1KBOzg
2024-01-29 16:37:26,116 [INFO] com.pms.doctor.service.Impl.doctorServiceImpl [http-nio-8081-exec-9] [{id=648011f1029f637a5d28a7a7, name=Aspirin, price=50, type=Tablet, category=Aspirin is used to reduce fever}, {id=6480141f029f637a5d28a7ad, name=Amoxicillin, price=100, type=Capsule, category=Amoxicillin is a penicillin antibiotic}, {id=6480143d029f637a5d28a7af, name=Atorvastatin, price=130, type=Tablet, category=Cholesterol-lowering agent}, {id=6480144d029f637a5d28a7b0, name=Ibuprofen, price=200, type=Tablet, category=Nonsteroidal anti-inflammatory drug (NSAID)}, {id=648584915683641112507aa4, name=Paracetamol, price=120, type=Tablet, category=Pain reliever}, {id=64918f86f72e301ef847fea1, name=Lisinopril, price=80, type=Tablet, category=Antihypertensive}, {id=64918fa1f72e301ef847fea2, name=Metformin, price=70, type=Tablet, category=Antidiabetic}, {id=64a8161fded31f69977afea0, name=Cetirizine, price=60, type=Tablet, category=relieve allergy symptoms}]
2024-01-29 16:37:28,608 [INFO] org.springframework.web.filter.OncePerRequestFilter [http-nio-8081-exec-1]  Header :  Bearer eyJhbGciOiJIUzUxMiJ9.eyJzdWIiOiJqYWRoYXZjb2NAZ21haWwuY29tIiwiaWF0IjoxNzA2NTIyMzM4LCJleHAiOjE3MDY1NDAzMzh9.KXpOCSqoatAWZpAE9h08cB7Um7NZvIz9oJSZsWJliRWRzzZ7YbLdAKAx-I-x8M1OMuNJlSOzhCj64gbt1KBOzg
2024-01-29 16:37:28,622 [INFO] org.springframework.web.filter.OncePerRequestFilter [http-nio-8081-exec-10]  Header :  Bearer eyJhbGciOiJIUzUxMiJ9.eyJzdWIiOiJqYWRoYXZjb2NAZ21haWwuY29tIiwiaWF0IjoxNzA2NTIyMzM4LCJleHAiOjE3MDY1NDAzMzh9.KXpOCSqoatAWZpAE9h08cB7Um7NZvIz9oJSZsWJliRWRzzZ7YbLdAKAx-I-x8M1OMuNJlSOzhCj64gbt1KBOzg
2024-01-29 16:37:28,641 [INFO] org.springframework.web.filter.OncePerRequestFilter [http-nio-8081-exec-2]  Header :  Bearer eyJhbGciOiJIUzUxMiJ9.eyJzdWIiOiJqYWRoYXZjb2NAZ21haWwuY29tIiwiaWF0IjoxNzA2NTIyMzM4LCJleHAiOjE3MDY1NDAzMzh9.KXpOCSqoatAWZpAE9h08cB7Um7NZvIz9oJSZsWJliRWRzzZ7YbLdAKAx-I-x8M1OMuNJlSOzhCj64gbt1KBOzg
2024-01-29 16:37:28,656 [INFO] org.springframework.web.filter.OncePerRequestFilter [http-nio-8081-exec-5]  Header :  Bearer eyJhbGciOiJIUzUxMiJ9.eyJzdWIiOiJqYWRoYXZjb2NAZ21haWwuY29tIiwiaWF0IjoxNzA2NTIyMzM4LCJleHAiOjE3MDY1NDAzMzh9.KXpOCSqoatAWZpAE9h08cB7Um7NZvIz9oJSZsWJliRWRzzZ7YbLdAKAx-I-x8M1OMuNJlSOzhCj64gbt1KBOzg
2024-01-29 16:37:28,663 [INFO] org.springframework.web.filter.OncePerRequestFilter [http-nio-8081-exec-3]  Header :  Bearer eyJhbGciOiJIUzUxMiJ9.eyJzdWIiOiJqYWRoYXZjb2NAZ21haWwuY29tIiwiaWF0IjoxNzA2NTIyMzM4LCJleHAiOjE3MDY1NDAzMzh9.KXpOCSqoatAWZpAE9h08cB7Um7NZvIz9oJSZsWJliRWRzzZ7YbLdAKAx-I-x8M1OMuNJlSOzhCj64gbt1KBOzg
2024-01-29 16:37:28,679 [INFO] org.springframework.web.filter.OncePerRequestFilter [http-nio-8081-exec-4]  Header :  Bearer eyJhbGciOiJIUzUxMiJ9.eyJzdWIiOiJqYWRoYXZjb2NAZ21haWwuY29tIiwiaWF0IjoxNzA2NTIyMzM4LCJleHAiOjE3MDY1NDAzMzh9.KXpOCSqoatAWZpAE9h08cB7Um7NZvIz9oJSZsWJliRWRzzZ7YbLdAKAx-I-x8M1OMuNJlSOzhCj64gbt1KBOzg
2024-01-29 16:37:28,695 [INFO] org.springframework.web.filter.OncePerRequestFilter [http-nio-8081-exec-7]  Header :  Bearer eyJhbGciOiJIUzUxMiJ9.eyJzdWIiOiJqYWRoYXZjb2NAZ21haWwuY29tIiwiaWF0IjoxNzA2NTIyMzM4LCJleHAiOjE3MDY1NDAzMzh9.KXpOCSqoatAWZpAE9h08cB7Um7NZvIz9oJSZsWJliRWRzzZ7YbLdAKAx-I-x8M1OMuNJlSOzhCj64gbt1KBOzg
2024-01-29 16:37:28,708 [INFO] org.springframework.web.filter.OncePerRequestFilter [http-nio-8081-exec-6]  Header :  Bearer eyJhbGciOiJIUzUxMiJ9.eyJzdWIiOiJqYWRoYXZjb2NAZ21haWwuY29tIiwiaWF0IjoxNzA2NTIyMzM4LCJleHAiOjE3MDY1NDAzMzh9.KXpOCSqoatAWZpAE9h08cB7Um7NZvIz9oJSZsWJliRWRzzZ7YbLdAKAx-I-x8M1OMuNJlSOzhCj64gbt1KBOzg
2024-01-29 16:37:48,287 [INFO] org.springframework.web.filter.OncePerRequestFilter [http-nio-8081-exec-8]  Header :  Bearer eyJhbGciOiJIUzUxMiJ9.eyJzdWIiOiJqYWRoYXZjb2NAZ21haWwuY29tIiwiaWF0IjoxNzA2NTIyMzM4LCJleHAiOjE3MDY1NDAzMzh9.KXpOCSqoatAWZpAE9h08cB7Um7NZvIz9oJSZsWJliRWRzzZ7YbLdAKAx-I-x8M1OMuNJlSOzhCj64gbt1KBOzg
2024-01-29 16:37:48,309 [INFO] org.springframework.web.filter.OncePerRequestFilter [http-nio-8081-exec-9]  Header :  Bearer eyJhbGciOiJIUzUxMiJ9.eyJzdWIiOiJqYWRoYXZjb2NAZ21haWwuY29tIiwiaWF0IjoxNzA2NTIyMzM4LCJleHAiOjE3MDY1NDAzMzh9.KXpOCSqoatAWZpAE9h08cB7Um7NZvIz9oJSZsWJliRWRzzZ7YbLdAKAx-I-x8M1OMuNJlSOzhCj64gbt1KBOzg
2024-01-29 16:37:51,534 [INFO] org.springframework.web.filter.OncePerRequestFilter [http-nio-8081-exec-1]  Header :  Bearer eyJhbGciOiJIUzUxMiJ9.eyJzdWIiOiJqYWRoYXZjb2NAZ21haWwuY29tIiwiaWF0IjoxNzA2NTIyMzM4LCJleHAiOjE3MDY1NDAzMzh9.KXpOCSqoatAWZpAE9h08cB7Um7NZvIz9oJSZsWJliRWRzzZ7YbLdAKAx-I-x8M1OMuNJlSOzhCj64gbt1KBOzg
2024-01-29 16:37:51,554 [INFO] com.pms.doctor.service.Impl.doctorServiceImpl [http-nio-8081-exec-1] [{id=648011f1029f637a5d28a7a7, name=Aspirin, price=50, type=Tablet, category=Aspirin is used to reduce fever}, {id=6480141f029f637a5d28a7ad, name=Amoxicillin, price=100, type=Capsule, category=Amoxicillin is a penicillin antibiotic}, {id=6480143d029f637a5d28a7af, name=Atorvastatin, price=130, type=Tablet, category=Cholesterol-lowering agent}, {id=6480144d029f637a5d28a7b0, name=Ibuprofen, price=200, type=Tablet, category=Nonsteroidal anti-inflammatory drug (NSAID)}, {id=648584915683641112507aa4, name=Paracetamol, price=120, type=Tablet, category=Pain reliever}, {id=64918f86f72e301ef847fea1, name=Lisinopril, price=80, type=Tablet, category=Antihypertensive}, {id=64918fa1f72e301ef847fea2, name=Metformin, price=70, type=Tablet, category=Antidiabetic}, {id=64a8161fded31f69977afea0, name=Cetirizine, price=60, type=Tablet, category=relieve allergy symptoms}]
2024-01-29 16:37:51,567 [INFO] org.springframework.web.filter.OncePerRequestFilter [http-nio-8081-exec-10]  Header :  Bearer eyJhbGciOiJIUzUxMiJ9.eyJzdWIiOiJqYWRoYXZjb2NAZ21haWwuY29tIiwiaWF0IjoxNzA2NTIyMzM4LCJleHAiOjE3MDY1NDAzMzh9.KXpOCSqoatAWZpAE9h08cB7Um7NZvIz9oJSZsWJliRWRzzZ7YbLdAKAx-I-x8M1OMuNJlSOzhCj64gbt1KBOzg
2024-01-29 16:37:51,584 [INFO] com.pms.doctor.service.Impl.doctorServiceImpl [http-nio-8081-exec-10] [{id=648011f1029f637a5d28a7a7, name=Aspirin, price=50, type=Tablet, category=Aspirin is used to reduce fever}, {id=6480141f029f637a5d28a7ad, name=Amoxicillin, price=100, type=Capsule, category=Amoxicillin is a penicillin antibiotic}, {id=6480143d029f637a5d28a7af, name=Atorvastatin, price=130, type=Tablet, category=Cholesterol-lowering agent}, {id=6480144d029f637a5d28a7b0, name=Ibuprofen, price=200, type=Tablet, category=Nonsteroidal anti-inflammatory drug (NSAID)}, {id=648584915683641112507aa4, name=Paracetamol, price=120, type=Tablet, category=Pain reliever}, {id=64918f86f72e301ef847fea1, name=Lisinopril, price=80, type=Tablet, category=Antihypertensive}, {id=64918fa1f72e301ef847fea2, name=Metformin, price=70, type=Tablet, category=Antidiabetic}, {id=64a8161fded31f69977afea0, name=Cetirizine, price=60, type=Tablet, category=relieve allergy symptoms}]
2024-01-29 16:38:00,678 [INFO] org.springframework.web.filter.OncePerRequestFilter [http-nio-8081-exec-2]  Header :  Bearer eyJhbGciOiJIUzUxMiJ9.eyJzdWIiOiJqYWRoYXZjb2NAZ21haWwuY29tIiwiaWF0IjoxNzA2NTIyMzM4LCJleHAiOjE3MDY1NDAzMzh9.KXpOCSqoatAWZpAE9h08cB7Um7NZvIz9oJSZsWJliRWRzzZ7YbLdAKAx-I-x8M1OMuNJlSOzhCj64gbt1KBOzg
2024-01-29 16:38:00,702 [INFO] org.springframework.web.filter.OncePerRequestFilter [http-nio-8081-exec-5]  Header :  Bearer eyJhbGciOiJIUzUxMiJ9.eyJzdWIiOiJqYWRoYXZjb2NAZ21haWwuY29tIiwiaWF0IjoxNzA2NTIyMzM4LCJleHAiOjE3MDY1NDAzMzh9.KXpOCSqoatAWZpAE9h08cB7Um7NZvIz9oJSZsWJliRWRzzZ7YbLdAKAx-I-x8M1OMuNJlSOzhCj64gbt1KBOzg
2024-01-29 16:38:03,647 [INFO] org.springframework.web.filter.OncePerRequestFilter [http-nio-8081-exec-3]  Header :  Bearer eyJhbGciOiJIUzUxMiJ9.eyJzdWIiOiJqYWRoYXZjb2NAZ21haWwuY29tIiwiaWF0IjoxNzA2NTIyMzM4LCJleHAiOjE3MDY1NDAzMzh9.KXpOCSqoatAWZpAE9h08cB7Um7NZvIz9oJSZsWJliRWRzzZ7YbLdAKAx-I-x8M1OMuNJlSOzhCj64gbt1KBOzg
2024-01-29 16:38:25,915 [INFO] org.springframework.web.filter.OncePerRequestFilter [http-nio-8081-exec-7]  Header :  Bearer eyJhbGciOiJIUzUxMiJ9.eyJzdWIiOiJqYWRoYXZjb2NAZ21haWwuY29tIiwiaWF0IjoxNzA2NTIyMzM4LCJleHAiOjE3MDY1NDAzMzh9.KXpOCSqoatAWZpAE9h08cB7Um7NZvIz9oJSZsWJliRWRzzZ7YbLdAKAx-I-x8M1OMuNJlSOzhCj64gbt1KBOzg
2024-01-29 16:38:25,949 [INFO] org.springframework.web.filter.OncePerRequestFilter [http-nio-8081-exec-6]  Header :  Bearer eyJhbGciOiJIUzUxMiJ9.eyJzdWIiOiJqYWRoYXZjb2NAZ21haWwuY29tIiwiaWF0IjoxNzA2NTIyMzM4LCJleHAiOjE3MDY1NDAzMzh9.KXpOCSqoatAWZpAE9h08cB7Um7NZvIz9oJSZsWJliRWRzzZ7YbLdAKAx-I-x8M1OMuNJlSOzhCj64gbt1KBOzg
2024-01-29 16:38:25,950 [INFO] org.springframework.web.filter.OncePerRequestFilter [http-nio-8081-exec-8]  Header :  Bearer eyJhbGciOiJIUzUxMiJ9.eyJzdWIiOiJqYWRoYXZjb2NAZ21haWwuY29tIiwiaWF0IjoxNzA2NTIyMzM4LCJleHAiOjE3MDY1NDAzMzh9.KXpOCSqoatAWZpAE9h08cB7Um7NZvIz9oJSZsWJliRWRzzZ7YbLdAKAx-I-x8M1OMuNJlSOzhCj64gbt1KBOzg
2024-01-29 16:38:25,968 [INFO] org.springframework.web.filter.OncePerRequestFilter [http-nio-8081-exec-9]  Header :  Bearer eyJhbGciOiJIUzUxMiJ9.eyJzdWIiOiJqYWRoYXZjb2NAZ21haWwuY29tIiwiaWF0IjoxNzA2NTIyMzM4LCJleHAiOjE3MDY1NDAzMzh9.KXpOCSqoatAWZpAE9h08cB7Um7NZvIz9oJSZsWJliRWRzzZ7YbLdAKAx-I-x8M1OMuNJlSOzhCj64gbt1KBOzg
2024-01-29 16:38:33,992 [INFO] org.springframework.web.filter.OncePerRequestFilter [http-nio-8081-exec-1]  Header :  Bearer eyJhbGciOiJIUzUxMiJ9.eyJzdWIiOiJqYWRoYXZjb2NAZ21haWwuY29tIiwiaWF0IjoxNzA2NTIyMzM4LCJleHAiOjE3MDY1NDAzMzh9.KXpOCSqoatAWZpAE9h08cB7Um7NZvIz9oJSZsWJliRWRzzZ7YbLdAKAx-I-x8M1OMuNJlSOzhCj64gbt1KBOzg
2024-01-29 16:38:34,009 [INFO] org.springframework.web.filter.OncePerRequestFilter [http-nio-8081-exec-10]  Header :  Bearer eyJhbGciOiJIUzUxMiJ9.eyJzdWIiOiJqYWRoYXZjb2NAZ21haWwuY29tIiwiaWF0IjoxNzA2NTIyMzM4LCJleHAiOjE3MDY1NDAzMzh9.KXpOCSqoatAWZpAE9h08cB7Um7NZvIz9oJSZsWJliRWRzzZ7YbLdAKAx-I-x8M1OMuNJlSOzhCj64gbt1KBOzg
2024-01-29 16:38:34,018 [INFO] org.springframework.web.filter.OncePerRequestFilter [http-nio-8081-exec-2]  Header :  Bearer eyJhbGciOiJIUzUxMiJ9.eyJzdWIiOiJqYWRoYXZjb2NAZ21haWwuY29tIiwiaWF0IjoxNzA2NTIyMzM4LCJleHAiOjE3MDY1NDAzMzh9.KXpOCSqoatAWZpAE9h08cB7Um7NZvIz9oJSZsWJliRWRzzZ7YbLdAKAx-I-x8M1OMuNJlSOzhCj64gbt1KBOzg
2024-01-29 16:38:34,032 [INFO] org.springframework.web.filter.OncePerRequestFilter [http-nio-8081-exec-5]  Header :  Bearer eyJhbGciOiJIUzUxMiJ9.eyJzdWIiOiJqYWRoYXZjb2NAZ21haWwuY29tIiwiaWF0IjoxNzA2NTIyMzM4LCJleHAiOjE3MDY1NDAzMzh9.KXpOCSqoatAWZpAE9h08cB7Um7NZvIz9oJSZsWJliRWRzzZ7YbLdAKAx-I-x8M1OMuNJlSOzhCj64gbt1KBOzg
2024-01-29 16:38:34,039 [INFO] org.springframework.web.filter.OncePerRequestFilter [http-nio-8081-exec-3]  Header :  Bearer eyJhbGciOiJIUzUxMiJ9.eyJzdWIiOiJqYWRoYXZjb2NAZ21haWwuY29tIiwiaWF0IjoxNzA2NTIyMzM4LCJleHAiOjE3MDY1NDAzMzh9.KXpOCSqoatAWZpAE9h08cB7Um7NZvIz9oJSZsWJliRWRzzZ7YbLdAKAx-I-x8M1OMuNJlSOzhCj64gbt1KBOzg
2024-01-29 16:38:34,051 [INFO] org.springframework.web.filter.OncePerRequestFilter [http-nio-8081-exec-4]  Header :  Bearer eyJhbGciOiJIUzUxMiJ9.eyJzdWIiOiJqYWRoYXZjb2NAZ21haWwuY29tIiwiaWF0IjoxNzA2NTIyMzM4LCJleHAiOjE3MDY1NDAzMzh9.KXpOCSqoatAWZpAE9h08cB7Um7NZvIz9oJSZsWJliRWRzzZ7YbLdAKAx-I-x8M1OMuNJlSOzhCj64gbt1KBOzg
2024-01-29 16:38:34,071 [INFO] org.springframework.web.filter.OncePerRequestFilter [http-nio-8081-exec-7]  Header :  Bearer eyJhbGciOiJIUzUxMiJ9.eyJzdWIiOiJqYWRoYXZjb2NAZ21haWwuY29tIiwiaWF0IjoxNzA2NTIyMzM4LCJleHAiOjE3MDY1NDAzMzh9.KXpOCSqoatAWZpAE9h08cB7Um7NZvIz9oJSZsWJliRWRzzZ7YbLdAKAx-I-x8M1OMuNJlSOzhCj64gbt1KBOzg
2024-01-29 16:38:34,084 [INFO] org.springframework.web.filter.OncePerRequestFilter [http-nio-8081-exec-6]  Header :  Bearer eyJhbGciOiJIUzUxMiJ9.eyJzdWIiOiJqYWRoYXZjb2NAZ21haWwuY29tIiwiaWF0IjoxNzA2NTIyMzM4LCJleHAiOjE3MDY1NDAzMzh9.KXpOCSqoatAWZpAE9h08cB7Um7NZvIz9oJSZsWJliRWRzzZ7YbLdAKAx-I-x8M1OMuNJlSOzhCj64gbt1KBOzg
2024-01-29 16:38:38,953 [INFO] org.springframework.web.filter.OncePerRequestFilter [http-nio-8081-exec-8]  Header :  Bearer eyJhbGciOiJIUzUxMiJ9.eyJzdWIiOiJqYWRoYXZjb2NAZ21haWwuY29tIiwiaWF0IjoxNzA2NTIyMzM4LCJleHAiOjE3MDY1NDAzMzh9.KXpOCSqoatAWZpAE9h08cB7Um7NZvIz9oJSZsWJliRWRzzZ7YbLdAKAx-I-x8M1OMuNJlSOzhCj64gbt1KBOzg
2024-01-29 16:38:39,648 [INFO] org.springframework.web.filter.OncePerRequestFilter [http-nio-8081-exec-9]  Header :  Bearer eyJhbGciOiJIUzUxMiJ9.eyJzdWIiOiJqYWRoYXZjb2NAZ21haWwuY29tIiwiaWF0IjoxNzA2NTIyMzM4LCJleHAiOjE3MDY1NDAzMzh9.KXpOCSqoatAWZpAE9h08cB7Um7NZvIz9oJSZsWJliRWRzzZ7YbLdAKAx-I-x8M1OMuNJlSOzhCj64gbt1KBOzg
2024-01-29 16:38:40,344 [INFO] org.springframework.web.filter.OncePerRequestFilter [http-nio-8081-exec-1]  Header :  Bearer eyJhbGciOiJIUzUxMiJ9.eyJzdWIiOiJqYWRoYXZjb2NAZ21haWwuY29tIiwiaWF0IjoxNzA2NTIyMzM4LCJleHAiOjE3MDY1NDAzMzh9.KXpOCSqoatAWZpAE9h08cB7Um7NZvIz9oJSZsWJliRWRzzZ7YbLdAKAx-I-x8M1OMuNJlSOzhCj64gbt1KBOzg
2024-01-29 16:38:40,360 [INFO] com.pms.doctor.service.Impl.doctorServiceImpl [http-nio-8081-exec-1] [{id=648011f1029f637a5d28a7a7, name=Aspirin, price=50, type=Tablet, category=Aspirin is used to reduce fever}, {id=6480141f029f637a5d28a7ad, name=Amoxicillin, price=100, type=Capsule, category=Amoxicillin is a penicillin antibiotic}, {id=6480143d029f637a5d28a7af, name=Atorvastatin, price=130, type=Tablet, category=Cholesterol-lowering agent}, {id=6480144d029f637a5d28a7b0, name=Ibuprofen, price=200, type=Tablet, category=Nonsteroidal anti-inflammatory drug (NSAID)}, {id=648584915683641112507aa4, name=Paracetamol, price=120, type=Tablet, category=Pain reliever}, {id=64918f86f72e301ef847fea1, name=Lisinopril, price=80, type=Tablet, category=Antihypertensive}, {id=64918fa1f72e301ef847fea2, name=Metformin, price=70, type=Tablet, category=Antidiabetic}, {id=64a8161fded31f69977afea0, name=Cetirizine, price=60, type=Tablet, category=relieve allergy symptoms}]
2024-01-29 16:38:40,369 [INFO] org.springframework.web.filter.OncePerRequestFilter [http-nio-8081-exec-10]  Header :  Bearer eyJhbGciOiJIUzUxMiJ9.eyJzdWIiOiJqYWRoYXZjb2NAZ21haWwuY29tIiwiaWF0IjoxNzA2NTIyMzM4LCJleHAiOjE3MDY1NDAzMzh9.KXpOCSqoatAWZpAE9h08cB7Um7NZvIz9oJSZsWJliRWRzzZ7YbLdAKAx-I-x8M1OMuNJlSOzhCj64gbt1KBOzg
2024-01-29 16:38:40,389 [INFO] com.pms.doctor.service.Impl.doctorServiceImpl [http-nio-8081-exec-10] [{id=648011f1029f637a5d28a7a7, name=Aspirin, price=50, type=Tablet, category=Aspirin is used to reduce fever}, {id=6480141f029f637a5d28a7ad, name=Amoxicillin, price=100, type=Capsule, category=Amoxicillin is a penicillin antibiotic}, {id=6480143d029f637a5d28a7af, name=Atorvastatin, price=130, type=Tablet, category=Cholesterol-lowering agent}, {id=6480144d029f637a5d28a7b0, name=Ibuprofen, price=200, type=Tablet, category=Nonsteroidal anti-inflammatory drug (NSAID)}, {id=648584915683641112507aa4, name=Paracetamol, price=120, type=Tablet, category=Pain reliever}, {id=64918f86f72e301ef847fea1, name=Lisinopril, price=80, type=Tablet, category=Antihypertensive}, {id=64918fa1f72e301ef847fea2, name=Metformin, price=70, type=Tablet, category=Antidiabetic}, {id=64a8161fded31f69977afea0, name=Cetirizine, price=60, type=Tablet, category=relieve allergy symptoms}]
2024-01-29 16:38:43,822 [INFO] org.springframework.web.filter.OncePerRequestFilter [http-nio-8081-exec-2]  Header :  Bearer eyJhbGciOiJIUzUxMiJ9.eyJzdWIiOiJqYWRoYXZjb2NAZ21haWwuY29tIiwiaWF0IjoxNzA2NTIyMzM4LCJleHAiOjE3MDY1NDAzMzh9.KXpOCSqoatAWZpAE9h08cB7Um7NZvIz9oJSZsWJliRWRzzZ7YbLdAKAx-I-x8M1OMuNJlSOzhCj64gbt1KBOzg
2024-01-29 16:38:43,838 [INFO] org.springframework.web.filter.OncePerRequestFilter [http-nio-8081-exec-5]  Header :  Bearer eyJhbGciOiJIUzUxMiJ9.eyJzdWIiOiJqYWRoYXZjb2NAZ21haWwuY29tIiwiaWF0IjoxNzA2NTIyMzM4LCJleHAiOjE3MDY1NDAzMzh9.KXpOCSqoatAWZpAE9h08cB7Um7NZvIz9oJSZsWJliRWRzzZ7YbLdAKAx-I-x8M1OMuNJlSOzhCj64gbt1KBOzg
2024-01-29 16:38:45,575 [INFO] org.springframework.web.filter.OncePerRequestFilter [http-nio-8081-exec-3]  Header :  Bearer eyJhbGciOiJIUzUxMiJ9.eyJzdWIiOiJqYWRoYXZjb2NAZ21haWwuY29tIiwiaWF0IjoxNzA2NTIyMzM4LCJleHAiOjE3MDY1NDAzMzh9.KXpOCSqoatAWZpAE9h08cB7Um7NZvIz9oJSZsWJliRWRzzZ7YbLdAKAx-I-x8M1OMuNJlSOzhCj64gbt1KBOzg
2024-01-29 16:38:45,589 [INFO] org.springframework.web.filter.OncePerRequestFilter [http-nio-8081-exec-4]  Header :  Bearer eyJhbGciOiJIUzUxMiJ9.eyJzdWIiOiJqYWRoYXZjb2NAZ21haWwuY29tIiwiaWF0IjoxNzA2NTIyMzM4LCJleHAiOjE3MDY1NDAzMzh9.KXpOCSqoatAWZpAE9h08cB7Um7NZvIz9oJSZsWJliRWRzzZ7YbLdAKAx-I-x8M1OMuNJlSOzhCj64gbt1KBOzg
2024-01-29 16:38:47,362 [INFO] org.springframework.web.filter.OncePerRequestFilter [http-nio-8081-exec-7]  Header :  Bearer eyJhbGciOiJIUzUxMiJ9.eyJzdWIiOiJqYWRoYXZjb2NAZ21haWwuY29tIiwiaWF0IjoxNzA2NTIyMzM4LCJleHAiOjE3MDY1NDAzMzh9.KXpOCSqoatAWZpAE9h08cB7Um7NZvIz9oJSZsWJliRWRzzZ7YbLdAKAx-I-x8M1OMuNJlSOzhCj64gbt1KBOzg
2024-01-29 16:38:47,377 [INFO] org.springframework.web.filter.OncePerRequestFilter [http-nio-8081-exec-6]  Header :  Bearer eyJhbGciOiJIUzUxMiJ9.eyJzdWIiOiJqYWRoYXZjb2NAZ21haWwuY29tIiwiaWF0IjoxNzA2NTIyMzM4LCJleHAiOjE3MDY1NDAzMzh9.KXpOCSqoatAWZpAE9h08cB7Um7NZvIz9oJSZsWJliRWRzzZ7YbLdAKAx-I-x8M1OMuNJlSOzhCj64gbt1KBOzg
2024-01-29 16:38:47,384 [INFO] org.springframework.web.filter.OncePerRequestFilter [http-nio-8081-exec-8]  Header :  Bearer eyJhbGciOiJIUzUxMiJ9.eyJzdWIiOiJqYWRoYXZjb2NAZ21haWwuY29tIiwiaWF0IjoxNzA2NTIyMzM4LCJleHAiOjE3MDY1NDAzMzh9.KXpOCSqoatAWZpAE9h08cB7Um7NZvIz9oJSZsWJliRWRzzZ7YbLdAKAx-I-x8M1OMuNJlSOzhCj64gbt1KBOzg
2024-01-29 16:38:47,394 [INFO] org.springframework.web.filter.OncePerRequestFilter [http-nio-8081-exec-9]  Header :  Bearer eyJhbGciOiJIUzUxMiJ9.eyJzdWIiOiJqYWRoYXZjb2NAZ21haWwuY29tIiwiaWF0IjoxNzA2NTIyMzM4LCJleHAiOjE3MDY1NDAzMzh9.KXpOCSqoatAWZpAE9h08cB7Um7NZvIz9oJSZsWJliRWRzzZ7YbLdAKAx-I-x8M1OMuNJlSOzhCj64gbt1KBOzg
2024-01-29 16:38:47,400 [INFO] org.springframework.web.filter.OncePerRequestFilter [http-nio-8081-exec-1]  Header :  Bearer eyJhbGciOiJIUzUxMiJ9.eyJzdWIiOiJqYWRoYXZjb2NAZ21haWwuY29tIiwiaWF0IjoxNzA2NTIyMzM4LCJleHAiOjE3MDY1NDAzMzh9.KXpOCSqoatAWZpAE9h08cB7Um7NZvIz9oJSZsWJliRWRzzZ7YbLdAKAx-I-x8M1OMuNJlSOzhCj64gbt1KBOzg
2024-01-29 16:38:47,411 [INFO] org.springframework.web.filter.OncePerRequestFilter [http-nio-8081-exec-10]  Header :  Bearer eyJhbGciOiJIUzUxMiJ9.eyJzdWIiOiJqYWRoYXZjb2NAZ21haWwuY29tIiwiaWF0IjoxNzA2NTIyMzM4LCJleHAiOjE3MDY1NDAzMzh9.KXpOCSqoatAWZpAE9h08cB7Um7NZvIz9oJSZsWJliRWRzzZ7YbLdAKAx-I-x8M1OMuNJlSOzhCj64gbt1KBOzg
2024-01-29 16:38:47,428 [INFO] org.springframework.web.filter.OncePerRequestFilter [http-nio-8081-exec-2]  Header :  Bearer eyJhbGciOiJIUzUxMiJ9.eyJzdWIiOiJqYWRoYXZjb2NAZ21haWwuY29tIiwiaWF0IjoxNzA2NTIyMzM4LCJleHAiOjE3MDY1NDAzMzh9.KXpOCSqoatAWZpAE9h08cB7Um7NZvIz9oJSZsWJliRWRzzZ7YbLdAKAx-I-x8M1OMuNJlSOzhCj64gbt1KBOzg
2024-01-29 16:38:47,440 [INFO] org.springframework.web.filter.OncePerRequestFilter [http-nio-8081-exec-5]  Header :  Bearer eyJhbGciOiJIUzUxMiJ9.eyJzdWIiOiJqYWRoYXZjb2NAZ21haWwuY29tIiwiaWF0IjoxNzA2NTIyMzM4LCJleHAiOjE3MDY1NDAzMzh9.KXpOCSqoatAWZpAE9h08cB7Um7NZvIz9oJSZsWJliRWRzzZ7YbLdAKAx-I-x8M1OMuNJlSOzhCj64gbt1KBOzg
2024-01-29 16:38:49,226 [INFO] org.springframework.web.filter.OncePerRequestFilter [http-nio-8081-exec-3]  Header :  Bearer eyJhbGciOiJIUzUxMiJ9.eyJzdWIiOiJqYWRoYXZjb2NAZ21haWwuY29tIiwiaWF0IjoxNzA2NTIyMzM4LCJleHAiOjE3MDY1NDAzMzh9.KXpOCSqoatAWZpAE9h08cB7Um7NZvIz9oJSZsWJliRWRzzZ7YbLdAKAx-I-x8M1OMuNJlSOzhCj64gbt1KBOzg
2024-01-29 16:38:51,655 [INFO] org.springframework.web.filter.OncePerRequestFilter [http-nio-8081-exec-4]  Header :  Bearer eyJhbGciOiJIUzUxMiJ9.eyJzdWIiOiJqYWRoYXZjb2NAZ21haWwuY29tIiwiaWF0IjoxNzA2NTIyMzM4LCJleHAiOjE3MDY1NDAzMzh9.KXpOCSqoatAWZpAE9h08cB7Um7NZvIz9oJSZsWJliRWRzzZ7YbLdAKAx-I-x8M1OMuNJlSOzhCj64gbt1KBOzg
2024-01-29 16:38:51,670 [INFO] org.springframework.web.filter.OncePerRequestFilter [http-nio-8081-exec-7]  Header :  Bearer eyJhbGciOiJIUzUxMiJ9.eyJzdWIiOiJqYWRoYXZjb2NAZ21haWwuY29tIiwiaWF0IjoxNzA2NTIyMzM4LCJleHAiOjE3MDY1NDAzMzh9.KXpOCSqoatAWZpAE9h08cB7Um7NZvIz9oJSZsWJliRWRzzZ7YbLdAKAx-I-x8M1OMuNJlSOzhCj64gbt1KBOzg
2024-01-29 16:38:51,688 [INFO] org.springframework.web.filter.OncePerRequestFilter [http-nio-8081-exec-6]  Header :  Bearer eyJhbGciOiJIUzUxMiJ9.eyJzdWIiOiJqYWRoYXZjb2NAZ21haWwuY29tIiwiaWF0IjoxNzA2NTIyMzM4LCJleHAiOjE3MDY1NDAzMzh9.KXpOCSqoatAWZpAE9h08cB7Um7NZvIz9oJSZsWJliRWRzzZ7YbLdAKAx-I-x8M1OMuNJlSOzhCj64gbt1KBOzg
2024-01-29 16:38:52,218 [INFO] org.springframework.web.filter.OncePerRequestFilter [http-nio-8081-exec-8]  Header :  Bearer eyJhbGciOiJIUzUxMiJ9.eyJzdWIiOiJqYWRoYXZjb2NAZ21haWwuY29tIiwiaWF0IjoxNzA2NTIyMzM4LCJleHAiOjE3MDY1NDAzMzh9.KXpOCSqoatAWZpAE9h08cB7Um7NZvIz9oJSZsWJliRWRzzZ7YbLdAKAx-I-x8M1OMuNJlSOzhCj64gbt1KBOzg
2024-01-29 16:38:53,219 [INFO] org.springframework.web.filter.OncePerRequestFilter [http-nio-8081-exec-9]  Header :  Bearer eyJhbGciOiJIUzUxMiJ9.eyJzdWIiOiJqYWRoYXZjb2NAZ21haWwuY29tIiwiaWF0IjoxNzA2NTIyMzM4LCJleHAiOjE3MDY1NDAzMzh9.KXpOCSqoatAWZpAE9h08cB7Um7NZvIz9oJSZsWJliRWRzzZ7YbLdAKAx-I-x8M1OMuNJlSOzhCj64gbt1KBOzg
2024-01-29 16:38:54,218 [INFO] org.springframework.web.filter.OncePerRequestFilter [http-nio-8081-exec-1]  Header :  Bearer eyJhbGciOiJIUzUxMiJ9.eyJzdWIiOiJqYWRoYXZjb2NAZ21haWwuY29tIiwiaWF0IjoxNzA2NTIyMzM4LCJleHAiOjE3MDY1NDAzMzh9.KXpOCSqoatAWZpAE9h08cB7Um7NZvIz9oJSZsWJliRWRzzZ7YbLdAKAx-I-x8M1OMuNJlSOzhCj64gbt1KBOzg
2024-01-29 16:38:55,219 [INFO] org.springframework.web.filter.OncePerRequestFilter [http-nio-8081-exec-10]  Header :  Bearer eyJhbGciOiJIUzUxMiJ9.eyJzdWIiOiJqYWRoYXZjb2NAZ21haWwuY29tIiwiaWF0IjoxNzA2NTIyMzM4LCJleHAiOjE3MDY1NDAzMzh9.KXpOCSqoatAWZpAE9h08cB7Um7NZvIz9oJSZsWJliRWRzzZ7YbLdAKAx-I-x8M1OMuNJlSOzhCj64gbt1KBOzg
2024-01-29 16:38:55,858 [INFO] org.springframework.web.filter.OncePerRequestFilter [http-nio-8081-exec-2]  Header :  Bearer eyJhbGciOiJIUzUxMiJ9.eyJzdWIiOiJqYWRoYXZjb2NAZ21haWwuY29tIiwiaWF0IjoxNzA2NTIyMzM4LCJleHAiOjE3MDY1NDAzMzh9.KXpOCSqoatAWZpAE9h08cB7Um7NZvIz9oJSZsWJliRWRzzZ7YbLdAKAx-I-x8M1OMuNJlSOzhCj64gbt1KBOzg
2024-01-29 16:38:55,873 [INFO] org.springframework.web.filter.OncePerRequestFilter [http-nio-8081-exec-5]  Header :  Bearer eyJhbGciOiJIUzUxMiJ9.eyJzdWIiOiJqYWRoYXZjb2NAZ21haWwuY29tIiwiaWF0IjoxNzA2NTIyMzM4LCJleHAiOjE3MDY1NDAzMzh9.KXpOCSqoatAWZpAE9h08cB7Um7NZvIz9oJSZsWJliRWRzzZ7YbLdAKAx-I-x8M1OMuNJlSOzhCj64gbt1KBOzg
2024-01-29 16:38:55,879 [INFO] org.springframework.web.filter.OncePerRequestFilter [http-nio-8081-exec-3]  Header :  Bearer eyJhbGciOiJIUzUxMiJ9.eyJzdWIiOiJqYWRoYXZjb2NAZ21haWwuY29tIiwiaWF0IjoxNzA2NTIyMzM4LCJleHAiOjE3MDY1NDAzMzh9.KXpOCSqoatAWZpAE9h08cB7Um7NZvIz9oJSZsWJliRWRzzZ7YbLdAKAx-I-x8M1OMuNJlSOzhCj64gbt1KBOzg
2024-01-29 16:38:55,893 [INFO] org.springframework.web.filter.OncePerRequestFilter [http-nio-8081-exec-4]  Header :  Bearer eyJhbGciOiJIUzUxMiJ9.eyJzdWIiOiJqYWRoYXZjb2NAZ21haWwuY29tIiwiaWF0IjoxNzA2NTIyMzM4LCJleHAiOjE3MDY1NDAzMzh9.KXpOCSqoatAWZpAE9h08cB7Um7NZvIz9oJSZsWJliRWRzzZ7YbLdAKAx-I-x8M1OMuNJlSOzhCj64gbt1KBOzg
2024-01-29 16:38:55,896 [INFO] org.springframework.web.filter.OncePerRequestFilter [http-nio-8081-exec-7]  Header :  Bearer eyJhbGciOiJIUzUxMiJ9.eyJzdWIiOiJqYWRoYXZjb2NAZ21haWwuY29tIiwiaWF0IjoxNzA2NTIyMzM4LCJleHAiOjE3MDY1NDAzMzh9.KXpOCSqoatAWZpAE9h08cB7Um7NZvIz9oJSZsWJliRWRzzZ7YbLdAKAx-I-x8M1OMuNJlSOzhCj64gbt1KBOzg
2024-01-29 16:38:55,910 [INFO] org.springframework.web.filter.OncePerRequestFilter [http-nio-8081-exec-6]  Header :  Bearer eyJhbGciOiJIUzUxMiJ9.eyJzdWIiOiJqYWRoYXZjb2NAZ21haWwuY29tIiwiaWF0IjoxNzA2NTIyMzM4LCJleHAiOjE3MDY1NDAzMzh9.KXpOCSqoatAWZpAE9h08cB7Um7NZvIz9oJSZsWJliRWRzzZ7YbLdAKAx-I-x8M1OMuNJlSOzhCj64gbt1KBOzg
2024-01-29 16:38:55,923 [INFO] org.springframework.web.filter.OncePerRequestFilter [http-nio-8081-exec-8]  Header :  Bearer eyJhbGciOiJIUzUxMiJ9.eyJzdWIiOiJqYWRoYXZjb2NAZ21haWwuY29tIiwiaWF0IjoxNzA2NTIyMzM4LCJleHAiOjE3MDY1NDAzMzh9.KXpOCSqoatAWZpAE9h08cB7Um7NZvIz9oJSZsWJliRWRzzZ7YbLdAKAx-I-x8M1OMuNJlSOzhCj64gbt1KBOzg
2024-01-29 16:38:55,937 [INFO] org.springframework.web.filter.OncePerRequestFilter [http-nio-8081-exec-9]  Header :  Bearer eyJhbGciOiJIUzUxMiJ9.eyJzdWIiOiJqYWRoYXZjb2NAZ21haWwuY29tIiwiaWF0IjoxNzA2NTIyMzM4LCJleHAiOjE3MDY1NDAzMzh9.KXpOCSqoatAWZpAE9h08cB7Um7NZvIz9oJSZsWJliRWRzzZ7YbLdAKAx-I-x8M1OMuNJlSOzhCj64gbt1KBOzg
2024-01-29 16:38:56,376 [INFO] com.netflix.discovery.shared.resolver.aws.ConfigClusterResolver [AsyncResolver-bootstrap-executor-0] Resolving eureka endpoints via configuration
2024-01-29 16:41:16,982 [INFO] org.springframework.web.filter.OncePerRequestFilter [http-nio-8081-exec-2]  Header :  Bearer eyJhbGciOiJIUzUxMiJ9.eyJzdWIiOiJqYWRoYXZjb2NAZ21haWwuY29tIiwiaWF0IjoxNzA2NTIxMzAwLCJleHAiOjE3MDY1MzkzMDB9.Fh8axaixy-mIG2ZLe9lQQswfRyj93VPn-4nOGENsjBl-ppelYlhVayJ2Bt6HCljBNAPx42cHO0vK0tw4soxIrw
2024-01-29 16:41:24,221 [INFO] org.springframework.web.filter.OncePerRequestFilter [http-nio-8081-exec-3]  Header :  Bearer eyJhbGciOiJIUzUxMiJ9.eyJzdWIiOiJqYWRoYXZjb2NAZ21haWwuY29tIiwiaWF0IjoxNzA2NTIyMzM4LCJleHAiOjE3MDY1NDAzMzh9.KXpOCSqoatAWZpAE9h08cB7Um7NZvIz9oJSZsWJliRWRzzZ7YbLdAKAx-I-x8M1OMuNJlSOzhCj64gbt1KBOzg
2024-01-29 16:41:24,252 [INFO] org.springframework.web.filter.OncePerRequestFilter [http-nio-8081-exec-4]  Header :  Bearer eyJhbGciOiJIUzUxMiJ9.eyJzdWIiOiJqYWRoYXZjb2NAZ21haWwuY29tIiwiaWF0IjoxNzA2NTIyMzM4LCJleHAiOjE3MDY1NDAzMzh9.KXpOCSqoatAWZpAE9h08cB7Um7NZvIz9oJSZsWJliRWRzzZ7YbLdAKAx-I-x8M1OMuNJlSOzhCj64gbt1KBOzg
2024-01-29 16:41:25,987 [INFO] org.springframework.web.filter.OncePerRequestFilter [http-nio-8081-exec-7]  Header :  Bearer eyJhbGciOiJIUzUxMiJ9.eyJzdWIiOiJqYWRoYXZjb2NAZ21haWwuY29tIiwiaWF0IjoxNzA2NTIyMzM4LCJleHAiOjE3MDY1NDAzMzh9.KXpOCSqoatAWZpAE9h08cB7Um7NZvIz9oJSZsWJliRWRzzZ7YbLdAKAx-I-x8M1OMuNJlSOzhCj64gbt1KBOzg
2024-01-29 16:41:26,004 [INFO] org.springframework.web.filter.OncePerRequestFilter [http-nio-8081-exec-6]  Header :  Bearer eyJhbGciOiJIUzUxMiJ9.eyJzdWIiOiJqYWRoYXZjb2NAZ21haWwuY29tIiwiaWF0IjoxNzA2NTIyMzM4LCJleHAiOjE3MDY1NDAzMzh9.KXpOCSqoatAWZpAE9h08cB7Um7NZvIz9oJSZsWJliRWRzzZ7YbLdAKAx-I-x8M1OMuNJlSOzhCj64gbt1KBOzg
2024-01-29 16:41:26,018 [INFO] org.springframework.web.filter.OncePerRequestFilter [http-nio-8081-exec-8]  Header :  Bearer eyJhbGciOiJIUzUxMiJ9.eyJzdWIiOiJqYWRoYXZjb2NAZ21haWwuY29tIiwiaWF0IjoxNzA2NTIyMzM4LCJleHAiOjE3MDY1NDAzMzh9.KXpOCSqoatAWZpAE9h08cB7Um7NZvIz9oJSZsWJliRWRzzZ7YbLdAKAx-I-x8M1OMuNJlSOzhCj64gbt1KBOzg
2024-01-29 16:41:26,027 [INFO] org.springframework.web.filter.OncePerRequestFilter [http-nio-8081-exec-9]  Header :  Bearer eyJhbGciOiJIUzUxMiJ9.eyJzdWIiOiJqYWRoYXZjb2NAZ21haWwuY29tIiwiaWF0IjoxNzA2NTIyMzM4LCJleHAiOjE3MDY1NDAzMzh9.KXpOCSqoatAWZpAE9h08cB7Um7NZvIz9oJSZsWJliRWRzzZ7YbLdAKAx-I-x8M1OMuNJlSOzhCj64gbt1KBOzg
2024-01-29 16:41:26,032 [INFO] org.springframework.web.filter.OncePerRequestFilter [http-nio-8081-exec-1]  Header :  Bearer eyJhbGciOiJIUzUxMiJ9.eyJzdWIiOiJqYWRoYXZjb2NAZ21haWwuY29tIiwiaWF0IjoxNzA2NTIyMzM4LCJleHAiOjE3MDY1NDAzMzh9.KXpOCSqoatAWZpAE9h08cB7Um7NZvIz9oJSZsWJliRWRzzZ7YbLdAKAx-I-x8M1OMuNJlSOzhCj64gbt1KBOzg
2024-01-29 16:41:26,045 [INFO] org.springframework.web.filter.OncePerRequestFilter [http-nio-8081-exec-10]  Header :  Bearer eyJhbGciOiJIUzUxMiJ9.eyJzdWIiOiJqYWRoYXZjb2NAZ21haWwuY29tIiwiaWF0IjoxNzA2NTIyMzM4LCJleHAiOjE3MDY1NDAzMzh9.KXpOCSqoatAWZpAE9h08cB7Um7NZvIz9oJSZsWJliRWRzzZ7YbLdAKAx-I-x8M1OMuNJlSOzhCj64gbt1KBOzg
2024-01-29 16:41:26,058 [INFO] org.springframework.web.filter.OncePerRequestFilter [http-nio-8081-exec-5]  Header :  Bearer eyJhbGciOiJIUzUxMiJ9.eyJzdWIiOiJqYWRoYXZjb2NAZ21haWwuY29tIiwiaWF0IjoxNzA2NTIyMzM4LCJleHAiOjE3MDY1NDAzMzh9.KXpOCSqoatAWZpAE9h08cB7Um7NZvIz9oJSZsWJliRWRzzZ7YbLdAKAx-I-x8M1OMuNJlSOzhCj64gbt1KBOzg
2024-01-29 16:41:26,069 [INFO] org.springframework.web.filter.OncePerRequestFilter [http-nio-8081-exec-2]  Header :  Bearer eyJhbGciOiJIUzUxMiJ9.eyJzdWIiOiJqYWRoYXZjb2NAZ21haWwuY29tIiwiaWF0IjoxNzA2NTIyMzM4LCJleHAiOjE3MDY1NDAzMzh9.KXpOCSqoatAWZpAE9h08cB7Um7NZvIz9oJSZsWJliRWRzzZ7YbLdAKAx-I-x8M1OMuNJlSOzhCj64gbt1KBOzg
2024-01-29 16:41:27,723 [INFO] org.springframework.web.filter.OncePerRequestFilter [http-nio-8081-exec-3]  Header :  Bearer eyJhbGciOiJIUzUxMiJ9.eyJzdWIiOiJqYWRoYXZjb2NAZ21haWwuY29tIiwiaWF0IjoxNzA2NTIyMzM4LCJleHAiOjE3MDY1NDAzMzh9.KXpOCSqoatAWZpAE9h08cB7Um7NZvIz9oJSZsWJliRWRzzZ7YbLdAKAx-I-x8M1OMuNJlSOzhCj64gbt1KBOzg
2024-01-29 16:41:27,744 [INFO] org.springframework.web.filter.OncePerRequestFilter [http-nio-8081-exec-4]  Header :  Bearer eyJhbGciOiJIUzUxMiJ9.eyJzdWIiOiJqYWRoYXZjb2NAZ21haWwuY29tIiwiaWF0IjoxNzA2NTIyMzM4LCJleHAiOjE3MDY1NDAzMzh9.KXpOCSqoatAWZpAE9h08cB7Um7NZvIz9oJSZsWJliRWRzzZ7YbLdAKAx-I-x8M1OMuNJlSOzhCj64gbt1KBOzg
2024-01-29 16:41:30,842 [INFO] org.springframework.web.filter.OncePerRequestFilter [http-nio-8081-exec-7]  Header :  Bearer eyJhbGciOiJIUzUxMiJ9.eyJzdWIiOiJqYWRoYXZjb2NAZ21haWwuY29tIiwiaWF0IjoxNzA2NTIyMzM4LCJleHAiOjE3MDY1NDAzMzh9.KXpOCSqoatAWZpAE9h08cB7Um7NZvIz9oJSZsWJliRWRzzZ7YbLdAKAx-I-x8M1OMuNJlSOzhCj64gbt1KBOzg
2024-01-29 16:41:30,871 [INFO] com.pms.doctor.service.Impl.doctorServiceImpl [http-nio-8081-exec-7] [{id=648011f1029f637a5d28a7a7, name=Aspirin, price=50, type=Tablet, category=Aspirin is used to reduce fever}, {id=6480141f029f637a5d28a7ad, name=Amoxicillin, price=100, type=Capsule, category=Amoxicillin is a penicillin antibiotic}, {id=6480143d029f637a5d28a7af, name=Atorvastatin, price=130, type=Tablet, category=Cholesterol-lowering agent}, {id=6480144d029f637a5d28a7b0, name=Ibuprofen, price=200, type=Tablet, category=Nonsteroidal anti-inflammatory drug (NSAID)}, {id=648584915683641112507aa4, name=Paracetamol, price=120, type=Tablet, category=Pain reliever}, {id=64918f86f72e301ef847fea1, name=Lisinopril, price=80, type=Tablet, category=Antihypertensive}, {id=64918fa1f72e301ef847fea2, name=Metformin, price=70, type=Tablet, category=Antidiabetic}, {id=64a8161fded31f69977afea0, name=Cetirizine, price=60, type=Tablet, category=relieve allergy symptoms}]
2024-01-29 16:41:30,882 [INFO] org.springframework.web.filter.OncePerRequestFilter [http-nio-8081-exec-6]  Header :  Bearer eyJhbGciOiJIUzUxMiJ9.eyJzdWIiOiJqYWRoYXZjb2NAZ21haWwuY29tIiwiaWF0IjoxNzA2NTIyMzM4LCJleHAiOjE3MDY1NDAzMzh9.KXpOCSqoatAWZpAE9h08cB7Um7NZvIz9oJSZsWJliRWRzzZ7YbLdAKAx-I-x8M1OMuNJlSOzhCj64gbt1KBOzg
2024-01-29 16:41:30,902 [INFO] com.pms.doctor.service.Impl.doctorServiceImpl [http-nio-8081-exec-6] [{id=648011f1029f637a5d28a7a7, name=Aspirin, price=50, type=Tablet, category=Aspirin is used to reduce fever}, {id=6480141f029f637a5d28a7ad, name=Amoxicillin, price=100, type=Capsule, category=Amoxicillin is a penicillin antibiotic}, {id=6480143d029f637a5d28a7af, name=Atorvastatin, price=130, type=Tablet, category=Cholesterol-lowering agent}, {id=6480144d029f637a5d28a7b0, name=Ibuprofen, price=200, type=Tablet, category=Nonsteroidal anti-inflammatory drug (NSAID)}, {id=648584915683641112507aa4, name=Paracetamol, price=120, type=Tablet, category=Pain reliever}, {id=64918f86f72e301ef847fea1, name=Lisinopril, price=80, type=Tablet, category=Antihypertensive}, {id=64918fa1f72e301ef847fea2, name=Metformin, price=70, type=Tablet, category=Antidiabetic}, {id=64a8161fded31f69977afea0, name=Cetirizine, price=60, type=Tablet, category=relieve allergy symptoms}]
2024-01-29 16:41:33,174 [INFO] org.springframework.web.filter.OncePerRequestFilter [http-nio-8081-exec-8]  Header :  Bearer eyJhbGciOiJIUzUxMiJ9.eyJzdWIiOiJqYWRoYXZjb2NAZ21haWwuY29tIiwiaWF0IjoxNzA2NTIyMzM4LCJleHAiOjE3MDY1NDAzMzh9.KXpOCSqoatAWZpAE9h08cB7Um7NZvIz9oJSZsWJliRWRzzZ7YbLdAKAx-I-x8M1OMuNJlSOzhCj64gbt1KBOzg
2024-01-29 16:41:49,352 [INFO] org.springframework.web.filter.OncePerRequestFilter [http-nio-8081-exec-9]  Header :  Bearer eyJhbGciOiJIUzUxMiJ9.eyJzdWIiOiJqYWRoYXZjb2NAZ21haWwuY29tIiwiaWF0IjoxNzA2NTIyMzM4LCJleHAiOjE3MDY1NDAzMzh9.KXpOCSqoatAWZpAE9h08cB7Um7NZvIz9oJSZsWJliRWRzzZ7YbLdAKAx-I-x8M1OMuNJlSOzhCj64gbt1KBOzg
2024-01-29 16:43:26,743 [INFO] org.springframework.web.filter.OncePerRequestFilter [http-nio-8081-exec-2]  Header :  Bearer eyJhbGciOiJIUzUxMiJ9.eyJzdWIiOiJqYWRoYXZjb2NAZ21haWwuY29tIiwiaWF0IjoxNzA2NTIyMzM4LCJleHAiOjE3MDY1NDAzMzh9.KXpOCSqoatAWZpAE9h08cB7Um7NZvIz9oJSZsWJliRWRzzZ7YbLdAKAx-I-x8M1OMuNJlSOzhCj64gbt1KBOzg
2024-01-29 16:43:50,260 [INFO] org.springframework.web.filter.OncePerRequestFilter [http-nio-8081-exec-3]  Header :  Bearer eyJhbGciOiJIUzUxMiJ9.eyJzdWIiOiJqYWRoYXZjb2NAZ21haWwuY29tIiwiaWF0IjoxNzA2NTIyMzM4LCJleHAiOjE3MDY1NDAzMzh9.KXpOCSqoatAWZpAE9h08cB7Um7NZvIz9oJSZsWJliRWRzzZ7YbLdAKAx-I-x8M1OMuNJlSOzhCj64gbt1KBOzg
2024-01-29 16:43:50,282 [INFO] org.springframework.web.filter.OncePerRequestFilter [http-nio-8081-exec-4]  Header :  Bearer eyJhbGciOiJIUzUxMiJ9.eyJzdWIiOiJqYWRoYXZjb2NAZ21haWwuY29tIiwiaWF0IjoxNzA2NTIyMzM4LCJleHAiOjE3MDY1NDAzMzh9.KXpOCSqoatAWZpAE9h08cB7Um7NZvIz9oJSZsWJliRWRzzZ7YbLdAKAx-I-x8M1OMuNJlSOzhCj64gbt1KBOzg
2024-01-29 16:43:50,285 [INFO] org.springframework.web.filter.OncePerRequestFilter [http-nio-8081-exec-7]  Header :  Bearer eyJhbGciOiJIUzUxMiJ9.eyJzdWIiOiJqYWRoYXZjb2NAZ21haWwuY29tIiwiaWF0IjoxNzA2NTIyMzM4LCJleHAiOjE3MDY1NDAzMzh9.KXpOCSqoatAWZpAE9h08cB7Um7NZvIz9oJSZsWJliRWRzzZ7YbLdAKAx-I-x8M1OMuNJlSOzhCj64gbt1KBOzg
2024-01-29 16:43:50,302 [INFO] org.springframework.web.filter.OncePerRequestFilter [http-nio-8081-exec-6]  Header :  Bearer eyJhbGciOiJIUzUxMiJ9.eyJzdWIiOiJqYWRoYXZjb2NAZ21haWwuY29tIiwiaWF0IjoxNzA2NTIyMzM4LCJleHAiOjE3MDY1NDAzMzh9.KXpOCSqoatAWZpAE9h08cB7Um7NZvIz9oJSZsWJliRWRzzZ7YbLdAKAx-I-x8M1OMuNJlSOzhCj64gbt1KBOzg
2024-01-29 16:43:56,387 [INFO] com.netflix.discovery.shared.resolver.aws.ConfigClusterResolver [AsyncResolver-bootstrap-executor-0] Resolving eureka endpoints via configuration
2024-01-29 16:43:58,328 [INFO] org.springframework.web.filter.OncePerRequestFilter [http-nio-8081-exec-8]  Header :  Bearer eyJhbGciOiJIUzUxMiJ9.eyJzdWIiOiJqYWRoYXZjb2NAZ21haWwuY29tIiwiaWF0IjoxNzA2NTIyMzM4LCJleHAiOjE3MDY1NDAzMzh9.KXpOCSqoatAWZpAE9h08cB7Um7NZvIz9oJSZsWJliRWRzzZ7YbLdAKAx-I-x8M1OMuNJlSOzhCj64gbt1KBOzg
2024-01-29 16:43:58,342 [INFO] org.springframework.web.filter.OncePerRequestFilter [http-nio-8081-exec-9]  Header :  Bearer eyJhbGciOiJIUzUxMiJ9.eyJzdWIiOiJqYWRoYXZjb2NAZ21haWwuY29tIiwiaWF0IjoxNzA2NTIyMzM4LCJleHAiOjE3MDY1NDAzMzh9.KXpOCSqoatAWZpAE9h08cB7Um7NZvIz9oJSZsWJliRWRzzZ7YbLdAKAx-I-x8M1OMuNJlSOzhCj64gbt1KBOzg
2024-01-29 16:43:58,350 [INFO] org.springframework.web.filter.OncePerRequestFilter [http-nio-8081-exec-1]  Header :  Bearer eyJhbGciOiJIUzUxMiJ9.eyJzdWIiOiJqYWRoYXZjb2NAZ21haWwuY29tIiwiaWF0IjoxNzA2NTIyMzM4LCJleHAiOjE3MDY1NDAzMzh9.KXpOCSqoatAWZpAE9h08cB7Um7NZvIz9oJSZsWJliRWRzzZ7YbLdAKAx-I-x8M1OMuNJlSOzhCj64gbt1KBOzg
2024-01-29 16:43:58,364 [INFO] org.springframework.web.filter.OncePerRequestFilter [http-nio-8081-exec-10]  Header :  Bearer eyJhbGciOiJIUzUxMiJ9.eyJzdWIiOiJqYWRoYXZjb2NAZ21haWwuY29tIiwiaWF0IjoxNzA2NTIyMzM4LCJleHAiOjE3MDY1NDAzMzh9.KXpOCSqoatAWZpAE9h08cB7Um7NZvIz9oJSZsWJliRWRzzZ7YbLdAKAx-I-x8M1OMuNJlSOzhCj64gbt1KBOzg
2024-01-29 16:43:58,372 [INFO] org.springframework.web.filter.OncePerRequestFilter [http-nio-8081-exec-5]  Header :  Bearer eyJhbGciOiJIUzUxMiJ9.eyJzdWIiOiJqYWRoYXZjb2NAZ21haWwuY29tIiwiaWF0IjoxNzA2NTIyMzM4LCJleHAiOjE3MDY1NDAzMzh9.KXpOCSqoatAWZpAE9h08cB7Um7NZvIz9oJSZsWJliRWRzzZ7YbLdAKAx-I-x8M1OMuNJlSOzhCj64gbt1KBOzg
2024-01-29 16:43:58,383 [INFO] org.springframework.web.filter.OncePerRequestFilter [http-nio-8081-exec-2]  Header :  Bearer eyJhbGciOiJIUzUxMiJ9.eyJzdWIiOiJqYWRoYXZjb2NAZ21haWwuY29tIiwiaWF0IjoxNzA2NTIyMzM4LCJleHAiOjE3MDY1NDAzMzh9.KXpOCSqoatAWZpAE9h08cB7Um7NZvIz9oJSZsWJliRWRzzZ7YbLdAKAx-I-x8M1OMuNJlSOzhCj64gbt1KBOzg
2024-01-29 16:43:58,401 [INFO] org.springframework.web.filter.OncePerRequestFilter [http-nio-8081-exec-3]  Header :  Bearer eyJhbGciOiJIUzUxMiJ9.eyJzdWIiOiJqYWRoYXZjb2NAZ21haWwuY29tIiwiaWF0IjoxNzA2NTIyMzM4LCJleHAiOjE3MDY1NDAzMzh9.KXpOCSqoatAWZpAE9h08cB7Um7NZvIz9oJSZsWJliRWRzzZ7YbLdAKAx-I-x8M1OMuNJlSOzhCj64gbt1KBOzg
2024-01-29 16:43:58,418 [INFO] org.springframework.web.filter.OncePerRequestFilter [http-nio-8081-exec-4]  Header :  Bearer eyJhbGciOiJIUzUxMiJ9.eyJzdWIiOiJqYWRoYXZjb2NAZ21haWwuY29tIiwiaWF0IjoxNzA2NTIyMzM4LCJleHAiOjE3MDY1NDAzMzh9.KXpOCSqoatAWZpAE9h08cB7Um7NZvIz9oJSZsWJliRWRzzZ7YbLdAKAx-I-x8M1OMuNJlSOzhCj64gbt1KBOzg
2024-01-29 16:44:03,968 [INFO] org.springframework.web.filter.OncePerRequestFilter [http-nio-8081-exec-7]  Header :  Bearer eyJhbGciOiJIUzUxMiJ9.eyJzdWIiOiJqYWRoYXZjb2NAZ21haWwuY29tIiwiaWF0IjoxNzA2NTIyMzM4LCJleHAiOjE3MDY1NDAzMzh9.KXpOCSqoatAWZpAE9h08cB7Um7NZvIz9oJSZsWJliRWRzzZ7YbLdAKAx-I-x8M1OMuNJlSOzhCj64gbt1KBOzg
2024-01-29 16:44:03,988 [INFO] org.springframework.web.filter.OncePerRequestFilter [http-nio-8081-exec-6]  Header :  Bearer eyJhbGciOiJIUzUxMiJ9.eyJzdWIiOiJqYWRoYXZjb2NAZ21haWwuY29tIiwiaWF0IjoxNzA2NTIyMzM4LCJleHAiOjE3MDY1NDAzMzh9.KXpOCSqoatAWZpAE9h08cB7Um7NZvIz9oJSZsWJliRWRzzZ7YbLdAKAx-I-x8M1OMuNJlSOzhCj64gbt1KBOzg
2024-01-29 16:44:05,747 [INFO] org.springframework.web.filter.OncePerRequestFilter [http-nio-8081-exec-8]  Header :  Bearer eyJhbGciOiJIUzUxMiJ9.eyJzdWIiOiJqYWRoYXZjb2NAZ21haWwuY29tIiwiaWF0IjoxNzA2NTIyMzM4LCJleHAiOjE3MDY1NDAzMzh9.KXpOCSqoatAWZpAE9h08cB7Um7NZvIz9oJSZsWJliRWRzzZ7YbLdAKAx-I-x8M1OMuNJlSOzhCj64gbt1KBOzg
2024-01-29 16:44:05,761 [INFO] com.pms.doctor.service.Impl.doctorServiceImpl [http-nio-8081-exec-8] [{id=648011f1029f637a5d28a7a7, name=Aspirin, price=50, type=Tablet, category=Aspirin is used to reduce fever}, {id=6480141f029f637a5d28a7ad, name=Amoxicillin, price=100, type=Capsule, category=Amoxicillin is a penicillin antibiotic}, {id=6480143d029f637a5d28a7af, name=Atorvastatin, price=130, type=Tablet, category=Cholesterol-lowering agent}, {id=6480144d029f637a5d28a7b0, name=Ibuprofen, price=200, type=Tablet, category=Nonsteroidal anti-inflammatory drug (NSAID)}, {id=648584915683641112507aa4, name=Paracetamol, price=120, type=Tablet, category=Pain reliever}, {id=64918f86f72e301ef847fea1, name=Lisinopril, price=80, type=Tablet, category=Antihypertensive}, {id=64918fa1f72e301ef847fea2, name=Metformin, price=70, type=Tablet, category=Antidiabetic}, {id=64a8161fded31f69977afea0, name=Cetirizine, price=60, type=Tablet, category=relieve allergy symptoms}]
2024-01-29 16:44:05,765 [INFO] org.springframework.web.filter.OncePerRequestFilter [http-nio-8081-exec-9]  Header :  Bearer eyJhbGciOiJIUzUxMiJ9.eyJzdWIiOiJqYWRoYXZjb2NAZ21haWwuY29tIiwiaWF0IjoxNzA2NTIyMzM4LCJleHAiOjE3MDY1NDAzMzh9.KXpOCSqoatAWZpAE9h08cB7Um7NZvIz9oJSZsWJliRWRzzZ7YbLdAKAx-I-x8M1OMuNJlSOzhCj64gbt1KBOzg
2024-01-29 16:44:05,779 [INFO] com.pms.doctor.service.Impl.doctorServiceImpl [http-nio-8081-exec-9] [{id=648011f1029f637a5d28a7a7, name=Aspirin, price=50, type=Tablet, category=Aspirin is used to reduce fever}, {id=6480141f029f637a5d28a7ad, name=Amoxicillin, price=100, type=Capsule, category=Amoxicillin is a penicillin antibiotic}, {id=6480143d029f637a5d28a7af, name=Atorvastatin, price=130, type=Tablet, category=Cholesterol-lowering agent}, {id=6480144d029f637a5d28a7b0, name=Ibuprofen, price=200, type=Tablet, category=Nonsteroidal anti-inflammatory drug (NSAID)}, {id=648584915683641112507aa4, name=Paracetamol, price=120, type=Tablet, category=Pain reliever}, {id=64918f86f72e301ef847fea1, name=Lisinopril, price=80, type=Tablet, category=Antihypertensive}, {id=64918fa1f72e301ef847fea2, name=Metformin, price=70, type=Tablet, category=Antidiabetic}, {id=64a8161fded31f69977afea0, name=Cetirizine, price=60, type=Tablet, category=relieve allergy symptoms}]
2024-01-29 16:44:08,015 [INFO] org.springframework.web.filter.OncePerRequestFilter [http-nio-8081-exec-1]  Header :  Bearer eyJhbGciOiJIUzUxMiJ9.eyJzdWIiOiJqYWRoYXZjb2NAZ21haWwuY29tIiwiaWF0IjoxNzA2NTIyMzM4LCJleHAiOjE3MDY1NDAzMzh9.KXpOCSqoatAWZpAE9h08cB7Um7NZvIz9oJSZsWJliRWRzzZ7YbLdAKAx-I-x8M1OMuNJlSOzhCj64gbt1KBOzg
2024-01-29 16:44:08,036 [INFO] org.springframework.web.filter.OncePerRequestFilter [http-nio-8081-exec-10]  Header :  Bearer eyJhbGciOiJIUzUxMiJ9.eyJzdWIiOiJqYWRoYXZjb2NAZ21haWwuY29tIiwiaWF0IjoxNzA2NTIyMzM4LCJleHAiOjE3MDY1NDAzMzh9.KXpOCSqoatAWZpAE9h08cB7Um7NZvIz9oJSZsWJliRWRzzZ7YbLdAKAx-I-x8M1OMuNJlSOzhCj64gbt1KBOzg
2024-01-29 16:46:26,272 [INFO] org.springframework.web.filter.OncePerRequestFilter [http-nio-8081-exec-3]  Header :  Bearer eyJhbGciOiJIUzUxMiJ9.eyJzdWIiOiJqYWRoYXZjb2NAZ21haWwuY29tIiwiaWF0IjoxNzA2NTIyMzM4LCJleHAiOjE3MDY1NDAzMzh9.KXpOCSqoatAWZpAE9h08cB7Um7NZvIz9oJSZsWJliRWRzzZ7YbLdAKAx-I-x8M1OMuNJlSOzhCj64gbt1KBOzg
2024-01-29 16:46:32,291 [INFO] org.springframework.web.filter.OncePerRequestFilter [http-nio-8081-exec-4]  Header :  Bearer eyJhbGciOiJIUzUxMiJ9.eyJzdWIiOiJqYWRoYXZjb2NAZ21haWwuY29tIiwiaWF0IjoxNzA2NTIyMzM4LCJleHAiOjE3MDY1NDAzMzh9.KXpOCSqoatAWZpAE9h08cB7Um7NZvIz9oJSZsWJliRWRzzZ7YbLdAKAx-I-x8M1OMuNJlSOzhCj64gbt1KBOzg
2024-01-29 16:46:32,306 [INFO] org.springframework.web.filter.OncePerRequestFilter [http-nio-8081-exec-7]  Header :  Bearer eyJhbGciOiJIUzUxMiJ9.eyJzdWIiOiJqYWRoYXZjb2NAZ21haWwuY29tIiwiaWF0IjoxNzA2NTIyMzM4LCJleHAiOjE3MDY1NDAzMzh9.KXpOCSqoatAWZpAE9h08cB7Um7NZvIz9oJSZsWJliRWRzzZ7YbLdAKAx-I-x8M1OMuNJlSOzhCj64gbt1KBOzg
2024-01-29 16:46:32,324 [INFO] org.springframework.web.filter.OncePerRequestFilter [http-nio-8081-exec-6]  Header :  Bearer eyJhbGciOiJIUzUxMiJ9.eyJzdWIiOiJqYWRoYXZjb2NAZ21haWwuY29tIiwiaWF0IjoxNzA2NTIyMzM4LCJleHAiOjE3MDY1NDAzMzh9.KXpOCSqoatAWZpAE9h08cB7Um7NZvIz9oJSZsWJliRWRzzZ7YbLdAKAx-I-x8M1OMuNJlSOzhCj64gbt1KBOzg
2024-01-29 16:46:32,334 [INFO] org.springframework.web.filter.OncePerRequestFilter [http-nio-8081-exec-8]  Header :  Bearer eyJhbGciOiJIUzUxMiJ9.eyJzdWIiOiJqYWRoYXZjb2NAZ21haWwuY29tIiwiaWF0IjoxNzA2NTIyMzM4LCJleHAiOjE3MDY1NDAzMzh9.KXpOCSqoatAWZpAE9h08cB7Um7NZvIz9oJSZsWJliRWRzzZ7YbLdAKAx-I-x8M1OMuNJlSOzhCj64gbt1KBOzg
2024-01-29 16:46:32,343 [INFO] org.springframework.web.filter.OncePerRequestFilter [http-nio-8081-exec-9]  Header :  Bearer eyJhbGciOiJIUzUxMiJ9.eyJzdWIiOiJqYWRoYXZjb2NAZ21haWwuY29tIiwiaWF0IjoxNzA2NTIyMzM4LCJleHAiOjE3MDY1NDAzMzh9.KXpOCSqoatAWZpAE9h08cB7Um7NZvIz9oJSZsWJliRWRzzZ7YbLdAKAx-I-x8M1OMuNJlSOzhCj64gbt1KBOzg
2024-01-29 16:46:32,358 [INFO] org.springframework.web.filter.OncePerRequestFilter [http-nio-8081-exec-1]  Header :  Bearer eyJhbGciOiJIUzUxMiJ9.eyJzdWIiOiJqYWRoYXZjb2NAZ21haWwuY29tIiwiaWF0IjoxNzA2NTIyMzM4LCJleHAiOjE3MDY1NDAzMzh9.KXpOCSqoatAWZpAE9h08cB7Um7NZvIz9oJSZsWJliRWRzzZ7YbLdAKAx-I-x8M1OMuNJlSOzhCj64gbt1KBOzg
2024-01-29 16:46:32,375 [INFO] org.springframework.web.filter.OncePerRequestFilter [http-nio-8081-exec-10]  Header :  Bearer eyJhbGciOiJIUzUxMiJ9.eyJzdWIiOiJqYWRoYXZjb2NAZ21haWwuY29tIiwiaWF0IjoxNzA2NTIyMzM4LCJleHAiOjE3MDY1NDAzMzh9.KXpOCSqoatAWZpAE9h08cB7Um7NZvIz9oJSZsWJliRWRzzZ7YbLdAKAx-I-x8M1OMuNJlSOzhCj64gbt1KBOzg
2024-01-29 16:46:32,387 [INFO] org.springframework.web.filter.OncePerRequestFilter [http-nio-8081-exec-5]  Header :  Bearer eyJhbGciOiJIUzUxMiJ9.eyJzdWIiOiJqYWRoYXZjb2NAZ21haWwuY29tIiwiaWF0IjoxNzA2NTIyMzM4LCJleHAiOjE3MDY1NDAzMzh9.KXpOCSqoatAWZpAE9h08cB7Um7NZvIz9oJSZsWJliRWRzzZ7YbLdAKAx-I-x8M1OMuNJlSOzhCj64gbt1KBOzg
2024-01-29 16:46:34,280 [INFO] org.springframework.web.filter.OncePerRequestFilter [http-nio-8081-exec-2]  Header :  Bearer eyJhbGciOiJIUzUxMiJ9.eyJzdWIiOiJqYWRoYXZjb2NAZ21haWwuY29tIiwiaWF0IjoxNzA2NTIyMzM4LCJleHAiOjE3MDY1NDAzMzh9.KXpOCSqoatAWZpAE9h08cB7Um7NZvIz9oJSZsWJliRWRzzZ7YbLdAKAx-I-x8M1OMuNJlSOzhCj64gbt1KBOzg
2024-01-29 16:46:34,298 [INFO] org.springframework.web.filter.OncePerRequestFilter [http-nio-8081-exec-3]  Header :  Bearer eyJhbGciOiJIUzUxMiJ9.eyJzdWIiOiJqYWRoYXZjb2NAZ21haWwuY29tIiwiaWF0IjoxNzA2NTIyMzM4LCJleHAiOjE3MDY1NDAzMzh9.KXpOCSqoatAWZpAE9h08cB7Um7NZvIz9oJSZsWJliRWRzzZ7YbLdAKAx-I-x8M1OMuNJlSOzhCj64gbt1KBOzg
2024-01-29 16:46:40,932 [INFO] org.springframework.web.filter.OncePerRequestFilter [http-nio-8081-exec-7]  Header :  Bearer eyJhbGciOiJIUzUxMiJ9.eyJzdWIiOiJqYWRoYXZjb2NAZ21haWwuY29tIiwiaWF0IjoxNzA2NTIxMzAwLCJleHAiOjE3MDY1MzkzMDB9.Fh8axaixy-mIG2ZLe9lQQswfRyj93VPn-4nOGENsjBl-ppelYlhVayJ2Bt6HCljBNAPx42cHO0vK0tw4soxIrw
2024-01-29 16:46:45,675 [INFO] org.springframework.web.filter.OncePerRequestFilter [http-nio-8081-exec-6]  Header :  Bearer eyJhbGciOiJIUzUxMiJ9.eyJzdWIiOiJqYWRoYXZjb2NAZ21haWwuY29tIiwiaWF0IjoxNzA2NTIyMzM4LCJleHAiOjE3MDY1NDAzMzh9.KXpOCSqoatAWZpAE9h08cB7Um7NZvIz9oJSZsWJliRWRzzZ7YbLdAKAx-I-x8M1OMuNJlSOzhCj64gbt1KBOzg
2024-01-29 16:46:45,689 [INFO] org.springframework.web.filter.OncePerRequestFilter [http-nio-8081-exec-8]  Header :  Bearer eyJhbGciOiJIUzUxMiJ9.eyJzdWIiOiJqYWRoYXZjb2NAZ21haWwuY29tIiwiaWF0IjoxNzA2NTIyMzM4LCJleHAiOjE3MDY1NDAzMzh9.KXpOCSqoatAWZpAE9h08cB7Um7NZvIz9oJSZsWJliRWRzzZ7YbLdAKAx-I-x8M1OMuNJlSOzhCj64gbt1KBOzg
2024-01-29 16:46:45,704 [INFO] org.springframework.web.filter.OncePerRequestFilter [http-nio-8081-exec-9]  Header :  Bearer eyJhbGciOiJIUzUxMiJ9.eyJzdWIiOiJqYWRoYXZjb2NAZ21haWwuY29tIiwiaWF0IjoxNzA2NTIyMzM4LCJleHAiOjE3MDY1NDAzMzh9.KXpOCSqoatAWZpAE9h08cB7Um7NZvIz9oJSZsWJliRWRzzZ7YbLdAKAx-I-x8M1OMuNJlSOzhCj64gbt1KBOzg
2024-01-29 16:46:45,720 [INFO] org.springframework.web.filter.OncePerRequestFilter [http-nio-8081-exec-1]  Header :  Bearer eyJhbGciOiJIUzUxMiJ9.eyJzdWIiOiJqYWRoYXZjb2NAZ21haWwuY29tIiwiaWF0IjoxNzA2NTIyMzM4LCJleHAiOjE3MDY1NDAzMzh9.KXpOCSqoatAWZpAE9h08cB7Um7NZvIz9oJSZsWJliRWRzzZ7YbLdAKAx-I-x8M1OMuNJlSOzhCj64gbt1KBOzg
2024-01-29 16:46:45,728 [INFO] org.springframework.web.filter.OncePerRequestFilter [http-nio-8081-exec-10]  Header :  Bearer eyJhbGciOiJIUzUxMiJ9.eyJzdWIiOiJqYWRoYXZjb2NAZ21haWwuY29tIiwiaWF0IjoxNzA2NTIyMzM4LCJleHAiOjE3MDY1NDAzMzh9.KXpOCSqoatAWZpAE9h08cB7Um7NZvIz9oJSZsWJliRWRzzZ7YbLdAKAx-I-x8M1OMuNJlSOzhCj64gbt1KBOzg
2024-01-29 16:46:45,741 [INFO] org.springframework.web.filter.OncePerRequestFilter [http-nio-8081-exec-5]  Header :  Bearer eyJhbGciOiJIUzUxMiJ9.eyJzdWIiOiJqYWRoYXZjb2NAZ21haWwuY29tIiwiaWF0IjoxNzA2NTIyMzM4LCJleHAiOjE3MDY1NDAzMzh9.KXpOCSqoatAWZpAE9h08cB7Um7NZvIz9oJSZsWJliRWRzzZ7YbLdAKAx-I-x8M1OMuNJlSOzhCj64gbt1KBOzg
2024-01-29 16:46:45,755 [INFO] org.springframework.web.filter.OncePerRequestFilter [http-nio-8081-exec-2]  Header :  Bearer eyJhbGciOiJIUzUxMiJ9.eyJzdWIiOiJqYWRoYXZjb2NAZ21haWwuY29tIiwiaWF0IjoxNzA2NTIyMzM4LCJleHAiOjE3MDY1NDAzMzh9.KXpOCSqoatAWZpAE9h08cB7Um7NZvIz9oJSZsWJliRWRzzZ7YbLdAKAx-I-x8M1OMuNJlSOzhCj64gbt1KBOzg
2024-01-29 16:46:45,767 [INFO] org.springframework.web.filter.OncePerRequestFilter [http-nio-8081-exec-3]  Header :  Bearer eyJhbGciOiJIUzUxMiJ9.eyJzdWIiOiJqYWRoYXZjb2NAZ21haWwuY29tIiwiaWF0IjoxNzA2NTIyMzM4LCJleHAiOjE3MDY1NDAzMzh9.KXpOCSqoatAWZpAE9h08cB7Um7NZvIz9oJSZsWJliRWRzzZ7YbLdAKAx-I-x8M1OMuNJlSOzhCj64gbt1KBOzg
2024-01-29 16:46:50,861 [INFO] org.springframework.web.filter.OncePerRequestFilter [http-nio-8081-exec-4]  Header :  Bearer eyJhbGciOiJIUzUxMiJ9.eyJzdWIiOiJqYWRoYXZjb2NAZ21haWwuY29tIiwiaWF0IjoxNzA2NTIyMzM4LCJleHAiOjE3MDY1NDAzMzh9.KXpOCSqoatAWZpAE9h08cB7Um7NZvIz9oJSZsWJliRWRzzZ7YbLdAKAx-I-x8M1OMuNJlSOzhCj64gbt1KBOzg
2024-01-29 16:46:50,876 [INFO] com.pms.doctor.service.Impl.doctorServiceImpl [http-nio-8081-exec-4] [{id=648011f1029f637a5d28a7a7, name=Aspirin, price=50, type=Tablet, category=Aspirin is used to reduce fever}, {id=6480141f029f637a5d28a7ad, name=Amoxicillin, price=100, type=Capsule, category=Amoxicillin is a penicillin antibiotic}, {id=6480143d029f637a5d28a7af, name=Atorvastatin, price=130, type=Tablet, category=Cholesterol-lowering agent}, {id=6480144d029f637a5d28a7b0, name=Ibuprofen, price=200, type=Tablet, category=Nonsteroidal anti-inflammatory drug (NSAID)}, {id=648584915683641112507aa4, name=Paracetamol, price=120, type=Tablet, category=Pain reliever}, {id=64918f86f72e301ef847fea1, name=Lisinopril, price=80, type=Tablet, category=Antihypertensive}, {id=64918fa1f72e301ef847fea2, name=Metformin, price=70, type=Tablet, category=Antidiabetic}, {id=64a8161fded31f69977afea0, name=Cetirizine, price=60, type=Tablet, category=relieve allergy symptoms}]
2024-01-29 16:46:50,884 [INFO] org.springframework.web.filter.OncePerRequestFilter [http-nio-8081-exec-7]  Header :  Bearer eyJhbGciOiJIUzUxMiJ9.eyJzdWIiOiJqYWRoYXZjb2NAZ21haWwuY29tIiwiaWF0IjoxNzA2NTIyMzM4LCJleHAiOjE3MDY1NDAzMzh9.KXpOCSqoatAWZpAE9h08cB7Um7NZvIz9oJSZsWJliRWRzzZ7YbLdAKAx-I-x8M1OMuNJlSOzhCj64gbt1KBOzg
2024-01-29 16:46:50,947 [INFO] com.pms.doctor.service.Impl.doctorServiceImpl [http-nio-8081-exec-7] [{id=648011f1029f637a5d28a7a7, name=Aspirin, price=50, type=Tablet, category=Aspirin is used to reduce fever}, {id=6480141f029f637a5d28a7ad, name=Amoxicillin, price=100, type=Capsule, category=Amoxicillin is a penicillin antibiotic}, {id=6480143d029f637a5d28a7af, name=Atorvastatin, price=130, type=Tablet, category=Cholesterol-lowering agent}, {id=6480144d029f637a5d28a7b0, name=Ibuprofen, price=200, type=Tablet, category=Nonsteroidal anti-inflammatory drug (NSAID)}, {id=648584915683641112507aa4, name=Paracetamol, price=120, type=Tablet, category=Pain reliever}, {id=64918f86f72e301ef847fea1, name=Lisinopril, price=80, type=Tablet, category=Antihypertensive}, {id=64918fa1f72e301ef847fea2, name=Metformin, price=70, type=Tablet, category=Antidiabetic}, {id=64a8161fded31f69977afea0, name=Cetirizine, price=60, type=Tablet, category=relieve allergy symptoms}]
2024-01-29 16:46:53,565 [INFO] org.springframework.web.filter.OncePerRequestFilter [http-nio-8081-exec-6]  Header :  Bearer eyJhbGciOiJIUzUxMiJ9.eyJzdWIiOiJqYWRoYXZjb2NAZ21haWwuY29tIiwiaWF0IjoxNzA2NTIyMzM4LCJleHAiOjE3MDY1NDAzMzh9.KXpOCSqoatAWZpAE9h08cB7Um7NZvIz9oJSZsWJliRWRzzZ7YbLdAKAx-I-x8M1OMuNJlSOzhCj64gbt1KBOzg
2024-01-29 16:46:53,579 [INFO] org.springframework.web.filter.OncePerRequestFilter [http-nio-8081-exec-8]  Header :  Bearer eyJhbGciOiJIUzUxMiJ9.eyJzdWIiOiJqYWRoYXZjb2NAZ21haWwuY29tIiwiaWF0IjoxNzA2NTIyMzM4LCJleHAiOjE3MDY1NDAzMzh9.KXpOCSqoatAWZpAE9h08cB7Um7NZvIz9oJSZsWJliRWRzzZ7YbLdAKAx-I-x8M1OMuNJlSOzhCj64gbt1KBOzg
2024-01-29 16:46:58,022 [INFO] org.springframework.web.filter.OncePerRequestFilter [http-nio-8081-exec-9]  Header :  Bearer eyJhbGciOiJIUzUxMiJ9.eyJzdWIiOiJqYWRoYXZjb2NAZ21haWwuY29tIiwiaWF0IjoxNzA2NTIyMzM4LCJleHAiOjE3MDY1NDAzMzh9.KXpOCSqoatAWZpAE9h08cB7Um7NZvIz9oJSZsWJliRWRzzZ7YbLdAKAx-I-x8M1OMuNJlSOzhCj64gbt1KBOzg
2024-01-29 16:46:58,036 [INFO] org.springframework.web.filter.OncePerRequestFilter [http-nio-8081-exec-1]  Header :  Bearer eyJhbGciOiJIUzUxMiJ9.eyJzdWIiOiJqYWRoYXZjb2NAZ21haWwuY29tIiwiaWF0IjoxNzA2NTIyMzM4LCJleHAiOjE3MDY1NDAzMzh9.KXpOCSqoatAWZpAE9h08cB7Um7NZvIz9oJSZsWJliRWRzzZ7YbLdAKAx-I-x8M1OMuNJlSOzhCj64gbt1KBOzg
2024-01-29 16:46:58,046 [INFO] org.springframework.web.filter.OncePerRequestFilter [http-nio-8081-exec-10]  Header :  Bearer eyJhbGciOiJIUzUxMiJ9.eyJzdWIiOiJqYWRoYXZjb2NAZ21haWwuY29tIiwiaWF0IjoxNzA2NTIyMzM4LCJleHAiOjE3MDY1NDAzMzh9.KXpOCSqoatAWZpAE9h08cB7Um7NZvIz9oJSZsWJliRWRzzZ7YbLdAKAx-I-x8M1OMuNJlSOzhCj64gbt1KBOzg
2024-01-29 16:46:58,058 [INFO] org.springframework.web.filter.OncePerRequestFilter [http-nio-8081-exec-5]  Header :  Bearer eyJhbGciOiJIUzUxMiJ9.eyJzdWIiOiJqYWRoYXZjb2NAZ21haWwuY29tIiwiaWF0IjoxNzA2NTIyMzM4LCJleHAiOjE3MDY1NDAzMzh9.KXpOCSqoatAWZpAE9h08cB7Um7NZvIz9oJSZsWJliRWRzzZ7YbLdAKAx-I-x8M1OMuNJlSOzhCj64gbt1KBOzg
2024-01-29 16:46:58,063 [INFO] org.springframework.web.filter.OncePerRequestFilter [http-nio-8081-exec-2]  Header :  Bearer eyJhbGciOiJIUzUxMiJ9.eyJzdWIiOiJqYWRoYXZjb2NAZ21haWwuY29tIiwiaWF0IjoxNzA2NTIyMzM4LCJleHAiOjE3MDY1NDAzMzh9.KXpOCSqoatAWZpAE9h08cB7Um7NZvIz9oJSZsWJliRWRzzZ7YbLdAKAx-I-x8M1OMuNJlSOzhCj64gbt1KBOzg
2024-01-29 16:46:58,076 [INFO] org.springframework.web.filter.OncePerRequestFilter [http-nio-8081-exec-3]  Header :  Bearer eyJhbGciOiJIUzUxMiJ9.eyJzdWIiOiJqYWRoYXZjb2NAZ21haWwuY29tIiwiaWF0IjoxNzA2NTIyMzM4LCJleHAiOjE3MDY1NDAzMzh9.KXpOCSqoatAWZpAE9h08cB7Um7NZvIz9oJSZsWJliRWRzzZ7YbLdAKAx-I-x8M1OMuNJlSOzhCj64gbt1KBOzg
2024-01-29 16:46:58,088 [INFO] org.springframework.web.filter.OncePerRequestFilter [http-nio-8081-exec-4]  Header :  Bearer eyJhbGciOiJIUzUxMiJ9.eyJzdWIiOiJqYWRoYXZjb2NAZ21haWwuY29tIiwiaWF0IjoxNzA2NTIyMzM4LCJleHAiOjE3MDY1NDAzMzh9.KXpOCSqoatAWZpAE9h08cB7Um7NZvIz9oJSZsWJliRWRzzZ7YbLdAKAx-I-x8M1OMuNJlSOzhCj64gbt1KBOzg
2024-01-29 16:46:58,098 [INFO] org.springframework.web.filter.OncePerRequestFilter [http-nio-8081-exec-7]  Header :  Bearer eyJhbGciOiJIUzUxMiJ9.eyJzdWIiOiJqYWRoYXZjb2NAZ21haWwuY29tIiwiaWF0IjoxNzA2NTIyMzM4LCJleHAiOjE3MDY1NDAzMzh9.KXpOCSqoatAWZpAE9h08cB7Um7NZvIz9oJSZsWJliRWRzzZ7YbLdAKAx-I-x8M1OMuNJlSOzhCj64gbt1KBOzg
2024-01-29 16:47:03,772 [INFO] org.springframework.web.filter.OncePerRequestFilter [http-nio-8081-exec-6]  Header :  Bearer eyJhbGciOiJIUzUxMiJ9.eyJzdWIiOiJqYWRoYXZjb2NAZ21haWwuY29tIiwiaWF0IjoxNzA2NTIyMzM4LCJleHAiOjE3MDY1NDAzMzh9.KXpOCSqoatAWZpAE9h08cB7Um7NZvIz9oJSZsWJliRWRzzZ7YbLdAKAx-I-x8M1OMuNJlSOzhCj64gbt1KBOzg
2024-01-29 16:47:03,791 [INFO] org.springframework.web.filter.OncePerRequestFilter [http-nio-8081-exec-8]  Header :  Bearer eyJhbGciOiJIUzUxMiJ9.eyJzdWIiOiJqYWRoYXZjb2NAZ21haWwuY29tIiwiaWF0IjoxNzA2NTIyMzM4LCJleHAiOjE3MDY1NDAzMzh9.KXpOCSqoatAWZpAE9h08cB7Um7NZvIz9oJSZsWJliRWRzzZ7YbLdAKAx-I-x8M1OMuNJlSOzhCj64gbt1KBOzg
2024-01-29 16:47:06,177 [INFO] org.springframework.web.filter.OncePerRequestFilter [http-nio-8081-exec-9]  Header :  Bearer eyJhbGciOiJIUzUxMiJ9.eyJzdWIiOiJqYWRoYXZjb2NAZ21haWwuY29tIiwiaWF0IjoxNzA2NTIyMzM4LCJleHAiOjE3MDY1NDAzMzh9.KXpOCSqoatAWZpAE9h08cB7Um7NZvIz9oJSZsWJliRWRzzZ7YbLdAKAx-I-x8M1OMuNJlSOzhCj64gbt1KBOzg
2024-01-29 16:47:06,189 [INFO] org.springframework.web.filter.OncePerRequestFilter [http-nio-8081-exec-1]  Header :  Bearer eyJhbGciOiJIUzUxMiJ9.eyJzdWIiOiJqYWRoYXZjb2NAZ21haWwuY29tIiwiaWF0IjoxNzA2NTIyMzM4LCJleHAiOjE3MDY1NDAzMzh9.KXpOCSqoatAWZpAE9h08cB7Um7NZvIz9oJSZsWJliRWRzzZ7YbLdAKAx-I-x8M1OMuNJlSOzhCj64gbt1KBOzg
2024-01-29 16:47:06,195 [INFO] org.springframework.web.filter.OncePerRequestFilter [http-nio-8081-exec-10]  Header :  Bearer eyJhbGciOiJIUzUxMiJ9.eyJzdWIiOiJqYWRoYXZjb2NAZ21haWwuY29tIiwiaWF0IjoxNzA2NTIyMzM4LCJleHAiOjE3MDY1NDAzMzh9.KXpOCSqoatAWZpAE9h08cB7Um7NZvIz9oJSZsWJliRWRzzZ7YbLdAKAx-I-x8M1OMuNJlSOzhCj64gbt1KBOzg
2024-01-29 16:47:06,204 [INFO] org.springframework.web.filter.OncePerRequestFilter [http-nio-8081-exec-5]  Header :  Bearer eyJhbGciOiJIUzUxMiJ9.eyJzdWIiOiJqYWRoYXZjb2NAZ21haWwuY29tIiwiaWF0IjoxNzA2NTIyMzM4LCJleHAiOjE3MDY1NDAzMzh9.KXpOCSqoatAWZpAE9h08cB7Um7NZvIz9oJSZsWJliRWRzzZ7YbLdAKAx-I-x8M1OMuNJlSOzhCj64gbt1KBOzg
2024-01-29 16:47:06,209 [INFO] org.springframework.web.filter.OncePerRequestFilter [http-nio-8081-exec-2]  Header :  Bearer eyJhbGciOiJIUzUxMiJ9.eyJzdWIiOiJqYWRoYXZjb2NAZ21haWwuY29tIiwiaWF0IjoxNzA2NTIyMzM4LCJleHAiOjE3MDY1NDAzMzh9.KXpOCSqoatAWZpAE9h08cB7Um7NZvIz9oJSZsWJliRWRzzZ7YbLdAKAx-I-x8M1OMuNJlSOzhCj64gbt1KBOzg
2024-01-29 16:47:06,218 [INFO] org.springframework.web.filter.OncePerRequestFilter [http-nio-8081-exec-3]  Header :  Bearer eyJhbGciOiJIUzUxMiJ9.eyJzdWIiOiJqYWRoYXZjb2NAZ21haWwuY29tIiwiaWF0IjoxNzA2NTIyMzM4LCJleHAiOjE3MDY1NDAzMzh9.KXpOCSqoatAWZpAE9h08cB7Um7NZvIz9oJSZsWJliRWRzzZ7YbLdAKAx-I-x8M1OMuNJlSOzhCj64gbt1KBOzg
2024-01-29 16:47:06,229 [INFO] org.springframework.web.filter.OncePerRequestFilter [http-nio-8081-exec-4]  Header :  Bearer eyJhbGciOiJIUzUxMiJ9.eyJzdWIiOiJqYWRoYXZjb2NAZ21haWwuY29tIiwiaWF0IjoxNzA2NTIyMzM4LCJleHAiOjE3MDY1NDAzMzh9.KXpOCSqoatAWZpAE9h08cB7Um7NZvIz9oJSZsWJliRWRzzZ7YbLdAKAx-I-x8M1OMuNJlSOzhCj64gbt1KBOzg
2024-01-29 16:47:06,238 [INFO] org.springframework.web.filter.OncePerRequestFilter [http-nio-8081-exec-7]  Header :  Bearer eyJhbGciOiJIUzUxMiJ9.eyJzdWIiOiJqYWRoYXZjb2NAZ21haWwuY29tIiwiaWF0IjoxNzA2NTIyMzM4LCJleHAiOjE3MDY1NDAzMzh9.KXpOCSqoatAWZpAE9h08cB7Um7NZvIz9oJSZsWJliRWRzzZ7YbLdAKAx-I-x8M1OMuNJlSOzhCj64gbt1KBOzg
2024-01-29 16:48:56,396 [INFO] com.netflix.discovery.shared.resolver.aws.ConfigClusterResolver [AsyncResolver-bootstrap-executor-0] Resolving eureka endpoints via configuration
2024-01-29 16:49:02,425 [INFO] org.springframework.web.filter.OncePerRequestFilter [http-nio-8081-exec-1]  Header :  Bearer eyJhbGciOiJIUzUxMiJ9.eyJzdWIiOiJqYWRoYXZjb2NAZ21haWwuY29tIiwiaWF0IjoxNzA2NTIyMzM4LCJleHAiOjE3MDY1NDAzMzh9.KXpOCSqoatAWZpAE9h08cB7Um7NZvIz9oJSZsWJliRWRzzZ7YbLdAKAx-I-x8M1OMuNJlSOzhCj64gbt1KBOzg
2024-01-29 16:49:02,440 [INFO] com.pms.doctor.service.Impl.doctorServiceImpl [http-nio-8081-exec-1] [{id=648011f1029f637a5d28a7a7, name=Aspirin, price=50, type=Tablet, category=Aspirin is used to reduce fever}, {id=6480141f029f637a5d28a7ad, name=Amoxicillin, price=100, type=Capsule, category=Amoxicillin is a penicillin antibiotic}, {id=6480143d029f637a5d28a7af, name=Atorvastatin, price=130, type=Tablet, category=Cholesterol-lowering agent}, {id=6480144d029f637a5d28a7b0, name=Ibuprofen, price=200, type=Tablet, category=Nonsteroidal anti-inflammatory drug (NSAID)}, {id=648584915683641112507aa4, name=Paracetamol, price=120, type=Tablet, category=Pain reliever}, {id=64918f86f72e301ef847fea1, name=Lisinopril, price=80, type=Tablet, category=Antihypertensive}, {id=64918fa1f72e301ef847fea2, name=Metformin, price=70, type=Tablet, category=Antidiabetic}, {id=64a8161fded31f69977afea0, name=Cetirizine, price=60, type=Tablet, category=relieve allergy symptoms}]
2024-01-29 16:49:02,447 [INFO] org.springframework.web.filter.OncePerRequestFilter [http-nio-8081-exec-10]  Header :  Bearer eyJhbGciOiJIUzUxMiJ9.eyJzdWIiOiJqYWRoYXZjb2NAZ21haWwuY29tIiwiaWF0IjoxNzA2NTIyMzM4LCJleHAiOjE3MDY1NDAzMzh9.KXpOCSqoatAWZpAE9h08cB7Um7NZvIz9oJSZsWJliRWRzzZ7YbLdAKAx-I-x8M1OMuNJlSOzhCj64gbt1KBOzg
2024-01-29 16:49:02,466 [INFO] com.pms.doctor.service.Impl.doctorServiceImpl [http-nio-8081-exec-10] [{id=648011f1029f637a5d28a7a7, name=Aspirin, price=50, type=Tablet, category=Aspirin is used to reduce fever}, {id=6480141f029f637a5d28a7ad, name=Amoxicillin, price=100, type=Capsule, category=Amoxicillin is a penicillin antibiotic}, {id=6480143d029f637a5d28a7af, name=Atorvastatin, price=130, type=Tablet, category=Cholesterol-lowering agent}, {id=6480144d029f637a5d28a7b0, name=Ibuprofen, price=200, type=Tablet, category=Nonsteroidal anti-inflammatory drug (NSAID)}, {id=648584915683641112507aa4, name=Paracetamol, price=120, type=Tablet, category=Pain reliever}, {id=64918f86f72e301ef847fea1, name=Lisinopril, price=80, type=Tablet, category=Antihypertensive}, {id=64918fa1f72e301ef847fea2, name=Metformin, price=70, type=Tablet, category=Antidiabetic}, {id=64a8161fded31f69977afea0, name=Cetirizine, price=60, type=Tablet, category=relieve allergy symptoms}]
2024-01-29 16:51:21,280 [INFO] org.springframework.web.filter.OncePerRequestFilter [http-nio-8081-exec-2]  Header :  Bearer eyJhbGciOiJIUzUxMiJ9.eyJzdWIiOiJqYWRoYXZjb2NAZ21haWwuY29tIiwiaWF0IjoxNzA2NTIyMzM4LCJleHAiOjE3MDY1NDAzMzh9.KXpOCSqoatAWZpAE9h08cB7Um7NZvIz9oJSZsWJliRWRzzZ7YbLdAKAx-I-x8M1OMuNJlSOzhCj64gbt1KBOzg
2024-01-29 16:51:21,308 [INFO] com.pms.doctor.service.Impl.doctorServiceImpl [http-nio-8081-exec-2] [{id=648011f1029f637a5d28a7a7, name=Aspirin, price=50, type=Tablet, category=Aspirin is used to reduce fever}, {id=6480141f029f637a5d28a7ad, name=Amoxicillin, price=100, type=Capsule, category=Amoxicillin is a penicillin antibiotic}, {id=6480143d029f637a5d28a7af, name=Atorvastatin, price=130, type=Tablet, category=Cholesterol-lowering agent}, {id=6480144d029f637a5d28a7b0, name=Ibuprofen, price=200, type=Tablet, category=Nonsteroidal anti-inflammatory drug (NSAID)}, {id=648584915683641112507aa4, name=Paracetamol, price=120, type=Tablet, category=Pain reliever}, {id=64918f86f72e301ef847fea1, name=Lisinopril, price=80, type=Tablet, category=Antihypertensive}, {id=64918fa1f72e301ef847fea2, name=Metformin, price=70, type=Tablet, category=Antidiabetic}, {id=64a8161fded31f69977afea0, name=Cetirizine, price=60, type=Tablet, category=relieve allergy symptoms}]
2024-01-29 16:53:12,282 [INFO] org.springframework.web.filter.OncePerRequestFilter [http-nio-8081-exec-4]  Header :  Bearer eyJhbGciOiJIUzUxMiJ9.eyJzdWIiOiJqYWRoYXZjb2NAZ21haWwuY29tIiwiaWF0IjoxNzA2NTIyMzM4LCJleHAiOjE3MDY1NDAzMzh9.KXpOCSqoatAWZpAE9h08cB7Um7NZvIz9oJSZsWJliRWRzzZ7YbLdAKAx-I-x8M1OMuNJlSOzhCj64gbt1KBOzg
2024-01-29 16:53:12,308 [INFO] com.pms.doctor.service.Impl.doctorServiceImpl [http-nio-8081-exec-4] [{id=648011f1029f637a5d28a7a7, name=Aspirin, price=50, type=Tablet, category=Aspirin is used to reduce fever}, {id=6480141f029f637a5d28a7ad, name=Amoxicillin, price=100, type=Capsule, category=Amoxicillin is a penicillin antibiotic}, {id=6480143d029f637a5d28a7af, name=Atorvastatin, price=130, type=Tablet, category=Cholesterol-lowering agent}, {id=6480144d029f637a5d28a7b0, name=Ibuprofen, price=200, type=Tablet, category=Nonsteroidal anti-inflammatory drug (NSAID)}, {id=648584915683641112507aa4, name=Paracetamol, price=120, type=Tablet, category=Pain reliever}, {id=64918f86f72e301ef847fea1, name=Lisinopril, price=80, type=Tablet, category=Antihypertensive}, {id=64918fa1f72e301ef847fea2, name=Metformin, price=70, type=Tablet, category=Antidiabetic}, {id=64a8161fded31f69977afea0, name=Cetirizine, price=60, type=Tablet, category=relieve allergy symptoms}]
2024-01-29 16:53:28,108 [INFO] org.springframework.web.filter.OncePerRequestFilter [http-nio-8081-exec-7]  Header :  Bearer eyJhbGciOiJIUzUxMiJ9.eyJzdWIiOiJqYWRoYXZjb2NAZ21haWwuY29tIiwiaWF0IjoxNzA2NTIyMzM4LCJleHAiOjE3MDY1NDAzMzh9.KXpOCSqoatAWZpAE9h08cB7Um7NZvIz9oJSZsWJliRWRzzZ7YbLdAKAx-I-x8M1OMuNJlSOzhCj64gbt1KBOzg
2024-01-29 16:53:28,121 [INFO] com.pms.doctor.service.Impl.doctorServiceImpl [http-nio-8081-exec-7] [{id=648011f1029f637a5d28a7a7, name=Aspirin, price=50, type=Tablet, category=Aspirin is used to reduce fever}, {id=6480141f029f637a5d28a7ad, name=Amoxicillin, price=100, type=Capsule, category=Amoxicillin is a penicillin antibiotic}, {id=6480143d029f637a5d28a7af, name=Atorvastatin, price=130, type=Tablet, category=Cholesterol-lowering agent}, {id=6480144d029f637a5d28a7b0, name=Ibuprofen, price=200, type=Tablet, category=Nonsteroidal anti-inflammatory drug (NSAID)}, {id=648584915683641112507aa4, name=Paracetamol, price=120, type=Tablet, category=Pain reliever}, {id=64918f86f72e301ef847fea1, name=Lisinopril, price=80, type=Tablet, category=Antihypertensive}, {id=64918fa1f72e301ef847fea2, name=Metformin, price=70, type=Tablet, category=Antidiabetic}, {id=64a8161fded31f69977afea0, name=Cetirizine, price=60, type=Tablet, category=relieve allergy symptoms}]
2024-01-29 16:53:56,398 [INFO] com.netflix.discovery.shared.resolver.aws.ConfigClusterResolver [AsyncResolver-bootstrap-executor-0] Resolving eureka endpoints via configuration
2024-01-29 16:54:13,883 [INFO] org.springframework.web.filter.OncePerRequestFilter [http-nio-8081-exec-6]  Header :  Bearer eyJhbGciOiJIUzUxMiJ9.eyJzdWIiOiJqYWRoYXZjb2NAZ21haWwuY29tIiwiaWF0IjoxNzA2NTIyMzM4LCJleHAiOjE3MDY1NDAzMzh9.KXpOCSqoatAWZpAE9h08cB7Um7NZvIz9oJSZsWJliRWRzzZ7YbLdAKAx-I-x8M1OMuNJlSOzhCj64gbt1KBOzg
2024-01-29 16:54:13,898 [INFO] com.pms.doctor.service.Impl.doctorServiceImpl [http-nio-8081-exec-6] [{id=648011f1029f637a5d28a7a7, name=Aspirin, price=50, type=Tablet, category=Aspirin is used to reduce fever}, {id=6480141f029f637a5d28a7ad, name=Amoxicillin, price=100, type=Capsule, category=Amoxicillin is a penicillin antibiotic}, {id=6480143d029f637a5d28a7af, name=Atorvastatin, price=130, type=Tablet, category=Cholesterol-lowering agent}, {id=6480144d029f637a5d28a7b0, name=Ibuprofen, price=200, type=Tablet, category=Nonsteroidal anti-inflammatory drug (NSAID)}, {id=648584915683641112507aa4, name=Paracetamol, price=120, type=Tablet, category=Pain reliever}, {id=64918f86f72e301ef847fea1, name=Lisinopril, price=80, type=Tablet, category=Antihypertensive}, {id=64918fa1f72e301ef847fea2, name=Metformin, price=70, type=Tablet, category=Antidiabetic}, {id=64a8161fded31f69977afea0, name=Cetirizine, price=60, type=Tablet, category=relieve allergy symptoms}]
2024-01-29 16:54:32,346 [INFO] org.springframework.web.filter.OncePerRequestFilter [http-nio-8081-exec-9]  Header :  Bearer eyJhbGciOiJIUzUxMiJ9.eyJzdWIiOiJqYWRoYXZjb2NAZ21haWwuY29tIiwiaWF0IjoxNzA2NTIyMzM4LCJleHAiOjE3MDY1NDAzMzh9.KXpOCSqoatAWZpAE9h08cB7Um7NZvIz9oJSZsWJliRWRzzZ7YbLdAKAx-I-x8M1OMuNJlSOzhCj64gbt1KBOzg
2024-01-29 16:54:32,359 [INFO] com.pms.doctor.service.Impl.doctorServiceImpl [http-nio-8081-exec-9] [{id=648011f1029f637a5d28a7a7, name=Aspirin, price=50, type=Tablet, category=Aspirin is used to reduce fever}, {id=6480141f029f637a5d28a7ad, name=Amoxicillin, price=100, type=Capsule, category=Amoxicillin is a penicillin antibiotic}, {id=6480143d029f637a5d28a7af, name=Atorvastatin, price=130, type=Tablet, category=Cholesterol-lowering agent}, {id=6480144d029f637a5d28a7b0, name=Ibuprofen, price=200, type=Tablet, category=Nonsteroidal anti-inflammatory drug (NSAID)}, {id=648584915683641112507aa4, name=Paracetamol, price=120, type=Tablet, category=Pain reliever}, {id=64918f86f72e301ef847fea1, name=Lisinopril, price=80, type=Tablet, category=Antihypertensive}, {id=64918fa1f72e301ef847fea2, name=Metformin, price=70, type=Tablet, category=Antidiabetic}, {id=64a8161fded31f69977afea0, name=Cetirizine, price=60, type=Tablet, category=relieve allergy symptoms}]
2024-01-29 16:54:52,730 [INFO] org.springframework.web.filter.OncePerRequestFilter [http-nio-8081-exec-8]  Header :  Bearer eyJhbGciOiJIUzUxMiJ9.eyJzdWIiOiJqYWRoYXZjb2NAZ21haWwuY29tIiwiaWF0IjoxNzA2NTIyMzM4LCJleHAiOjE3MDY1NDAzMzh9.KXpOCSqoatAWZpAE9h08cB7Um7NZvIz9oJSZsWJliRWRzzZ7YbLdAKAx-I-x8M1OMuNJlSOzhCj64gbt1KBOzg
2024-01-29 16:54:52,751 [INFO] com.pms.doctor.service.Impl.doctorServiceImpl [http-nio-8081-exec-8] [{id=648011f1029f637a5d28a7a7, name=Aspirin, price=50, type=Tablet, category=Aspirin is used to reduce fever}, {id=6480141f029f637a5d28a7ad, name=Amoxicillin, price=100, type=Capsule, category=Amoxicillin is a penicillin antibiotic}, {id=6480143d029f637a5d28a7af, name=Atorvastatin, price=130, type=Tablet, category=Cholesterol-lowering agent}, {id=6480144d029f637a5d28a7b0, name=Ibuprofen, price=200, type=Tablet, category=Nonsteroidal anti-inflammatory drug (NSAID)}, {id=648584915683641112507aa4, name=Paracetamol, price=120, type=Tablet, category=Pain reliever}, {id=64918f86f72e301ef847fea1, name=Lisinopril, price=80, type=Tablet, category=Antihypertensive}, {id=64918fa1f72e301ef847fea2, name=Metformin, price=70, type=Tablet, category=Antidiabetic}, {id=64a8161fded31f69977afea0, name=Cetirizine, price=60, type=Tablet, category=relieve allergy symptoms}]
2024-01-29 16:55:29,258 [INFO] org.springframework.web.filter.OncePerRequestFilter [http-nio-8081-exec-1]  Header :  Bearer eyJhbGciOiJIUzUxMiJ9.eyJzdWIiOiJqYWRoYXZjb2NAZ21haWwuY29tIiwiaWF0IjoxNzA2NTIyMzM4LCJleHAiOjE3MDY1NDAzMzh9.KXpOCSqoatAWZpAE9h08cB7Um7NZvIz9oJSZsWJliRWRzzZ7YbLdAKAx-I-x8M1OMuNJlSOzhCj64gbt1KBOzg
2024-01-29 16:55:29,272 [INFO] com.pms.doctor.service.Impl.doctorServiceImpl [http-nio-8081-exec-1] [{id=648011f1029f637a5d28a7a7, name=Aspirin, price=50, type=Tablet, category=Aspirin is used to reduce fever}, {id=6480141f029f637a5d28a7ad, name=Amoxicillin, price=100, type=Capsule, category=Amoxicillin is a penicillin antibiotic}, {id=6480143d029f637a5d28a7af, name=Atorvastatin, price=130, type=Tablet, category=Cholesterol-lowering agent}, {id=6480144d029f637a5d28a7b0, name=Ibuprofen, price=200, type=Tablet, category=Nonsteroidal anti-inflammatory drug (NSAID)}, {id=648584915683641112507aa4, name=Paracetamol, price=120, type=Tablet, category=Pain reliever}, {id=64918f86f72e301ef847fea1, name=Lisinopril, price=80, type=Tablet, category=Antihypertensive}, {id=64918fa1f72e301ef847fea2, name=Metformin, price=70, type=Tablet, category=Antidiabetic}, {id=64a8161fded31f69977afea0, name=Cetirizine, price=60, type=Tablet, category=relieve allergy symptoms}]
2024-01-29 16:56:14,985 [INFO] org.springframework.web.filter.OncePerRequestFilter [http-nio-8081-exec-10]  Header :  Bearer eyJhbGciOiJIUzUxMiJ9.eyJzdWIiOiJqYWRoYXZjb2NAZ21haWwuY29tIiwiaWF0IjoxNzA2NTIyMzM4LCJleHAiOjE3MDY1NDAzMzh9.KXpOCSqoatAWZpAE9h08cB7Um7NZvIz9oJSZsWJliRWRzzZ7YbLdAKAx-I-x8M1OMuNJlSOzhCj64gbt1KBOzg
2024-01-29 16:56:15,000 [INFO] com.pms.doctor.service.Impl.doctorServiceImpl [http-nio-8081-exec-10] [{id=648011f1029f637a5d28a7a7, name=Aspirin, price=50, type=Tablet, category=Aspirin is used to reduce fever}, {id=6480141f029f637a5d28a7ad, name=Amoxicillin, price=100, type=Capsule, category=Amoxicillin is a penicillin antibiotic}, {id=6480143d029f637a5d28a7af, name=Atorvastatin, price=130, type=Tablet, category=Cholesterol-lowering agent}, {id=6480144d029f637a5d28a7b0, name=Ibuprofen, price=200, type=Tablet, category=Nonsteroidal anti-inflammatory drug (NSAID)}, {id=648584915683641112507aa4, name=Paracetamol, price=120, type=Tablet, category=Pain reliever}, {id=64918f86f72e301ef847fea1, name=Lisinopril, price=80, type=Tablet, category=Antihypertensive}, {id=64918fa1f72e301ef847fea2, name=Metformin, price=70, type=Tablet, category=Antidiabetic}, {id=64a8161fded31f69977afea0, name=Cetirizine, price=60, type=Tablet, category=relieve allergy symptoms}]
2024-01-29 16:56:41,377 [INFO] org.springframework.web.filter.OncePerRequestFilter [http-nio-8081-exec-5]  Header :  Bearer eyJhbGciOiJIUzUxMiJ9.eyJzdWIiOiJqYWRoYXZjb2NAZ21haWwuY29tIiwiaWF0IjoxNzA2NTIyMzM4LCJleHAiOjE3MDY1NDAzMzh9.KXpOCSqoatAWZpAE9h08cB7Um7NZvIz9oJSZsWJliRWRzzZ7YbLdAKAx-I-x8M1OMuNJlSOzhCj64gbt1KBOzg
2024-01-29 16:56:41,390 [INFO] com.pms.doctor.service.Impl.doctorServiceImpl [http-nio-8081-exec-5] [{id=648011f1029f637a5d28a7a7, name=Aspirin, price=50, type=Tablet, category=Aspirin is used to reduce fever}, {id=6480141f029f637a5d28a7ad, name=Amoxicillin, price=100, type=Capsule, category=Amoxicillin is a penicillin antibiotic}, {id=6480143d029f637a5d28a7af, name=Atorvastatin, price=130, type=Tablet, category=Cholesterol-lowering agent}, {id=6480144d029f637a5d28a7b0, name=Ibuprofen, price=200, type=Tablet, category=Nonsteroidal anti-inflammatory drug (NSAID)}, {id=648584915683641112507aa4, name=Paracetamol, price=120, type=Tablet, category=Pain reliever}, {id=64918f86f72e301ef847fea1, name=Lisinopril, price=80, type=Tablet, category=Antihypertensive}, {id=64918fa1f72e301ef847fea2, name=Metformin, price=70, type=Tablet, category=Antidiabetic}, {id=64a8161fded31f69977afea0, name=Cetirizine, price=60, type=Tablet, category=relieve allergy symptoms}]
2024-01-29 16:57:00,232 [INFO] org.springframework.web.filter.OncePerRequestFilter [http-nio-8081-exec-2]  Header :  Bearer eyJhbGciOiJIUzUxMiJ9.eyJzdWIiOiJqYWRoYXZjb2NAZ21haWwuY29tIiwiaWF0IjoxNzA2NTIyMzM4LCJleHAiOjE3MDY1NDAzMzh9.KXpOCSqoatAWZpAE9h08cB7Um7NZvIz9oJSZsWJliRWRzzZ7YbLdAKAx-I-x8M1OMuNJlSOzhCj64gbt1KBOzg
2024-01-29 16:57:00,246 [INFO] com.pms.doctor.service.Impl.doctorServiceImpl [http-nio-8081-exec-2] [{id=648011f1029f637a5d28a7a7, name=Aspirin, price=50, type=Tablet, category=Aspirin is used to reduce fever}, {id=6480141f029f637a5d28a7ad, name=Amoxicillin, price=100, type=Capsule, category=Amoxicillin is a penicillin antibiotic}, {id=6480143d029f637a5d28a7af, name=Atorvastatin, price=130, type=Tablet, category=Cholesterol-lowering agent}, {id=6480144d029f637a5d28a7b0, name=Ibuprofen, price=200, type=Tablet, category=Nonsteroidal anti-inflammatory drug (NSAID)}, {id=648584915683641112507aa4, name=Paracetamol, price=120, type=Tablet, category=Pain reliever}, {id=64918f86f72e301ef847fea1, name=Lisinopril, price=80, type=Tablet, category=Antihypertensive}, {id=64918fa1f72e301ef847fea2, name=Metformin, price=70, type=Tablet, category=Antidiabetic}, {id=64a8161fded31f69977afea0, name=Cetirizine, price=60, type=Tablet, category=relieve allergy symptoms}]
2024-01-29 16:58:56,399 [INFO] com.netflix.discovery.shared.resolver.aws.ConfigClusterResolver [AsyncResolver-bootstrap-executor-0] Resolving eureka endpoints via configuration
2024-01-29 17:02:03,278 [INFO] org.springframework.web.filter.OncePerRequestFilter [http-nio-8081-exec-4]  Header :  Bearer eyJhbGciOiJIUzUxMiJ9.eyJzdWIiOiJqYWRoYXZjb2NAZ21haWwuY29tIiwiaWF0IjoxNzA2NTIyMzM4LCJleHAiOjE3MDY1NDAzMzh9.KXpOCSqoatAWZpAE9h08cB7Um7NZvIz9oJSZsWJliRWRzzZ7YbLdAKAx-I-x8M1OMuNJlSOzhCj64gbt1KBOzg
2024-01-29 17:02:03,313 [INFO] com.pms.doctor.service.Impl.doctorServiceImpl [http-nio-8081-exec-4] [{id=648011f1029f637a5d28a7a7, name=Aspirin, price=50, type=Tablet, category=Aspirin is used to reduce fever}, {id=6480141f029f637a5d28a7ad, name=Amoxicillin, price=100, type=Capsule, category=Amoxicillin is a penicillin antibiotic}, {id=6480143d029f637a5d28a7af, name=Atorvastatin, price=130, type=Tablet, category=Cholesterol-lowering agent}, {id=6480144d029f637a5d28a7b0, name=Ibuprofen, price=200, type=Tablet, category=Nonsteroidal anti-inflammatory drug (NSAID)}, {id=648584915683641112507aa4, name=Paracetamol, price=120, type=Tablet, category=Pain reliever}, {id=64918f86f72e301ef847fea1, name=Lisinopril, price=80, type=Tablet, category=Antihypertensive}, {id=64918fa1f72e301ef847fea2, name=Metformin, price=70, type=Tablet, category=Antidiabetic}, {id=64a8161fded31f69977afea0, name=Cetirizine, price=60, type=Tablet, category=relieve allergy symptoms}]
2024-01-29 17:02:21,897 [INFO] org.springframework.web.filter.OncePerRequestFilter [http-nio-8081-exec-7]  Header :  Bearer eyJhbGciOiJIUzUxMiJ9.eyJzdWIiOiJqYWRoYXZjb2NAZ21haWwuY29tIiwiaWF0IjoxNzA2NTIyMzM4LCJleHAiOjE3MDY1NDAzMzh9.KXpOCSqoatAWZpAE9h08cB7Um7NZvIz9oJSZsWJliRWRzzZ7YbLdAKAx-I-x8M1OMuNJlSOzhCj64gbt1KBOzg
2024-01-29 17:02:21,911 [INFO] com.pms.doctor.service.Impl.doctorServiceImpl [http-nio-8081-exec-7] [{id=648011f1029f637a5d28a7a7, name=Aspirin, price=50, type=Tablet, category=Aspirin is used to reduce fever}, {id=6480141f029f637a5d28a7ad, name=Amoxicillin, price=100, type=Capsule, category=Amoxicillin is a penicillin antibiotic}, {id=6480143d029f637a5d28a7af, name=Atorvastatin, price=130, type=Tablet, category=Cholesterol-lowering agent}, {id=6480144d029f637a5d28a7b0, name=Ibuprofen, price=200, type=Tablet, category=Nonsteroidal anti-inflammatory drug (NSAID)}, {id=648584915683641112507aa4, name=Paracetamol, price=120, type=Tablet, category=Pain reliever}, {id=64918f86f72e301ef847fea1, name=Lisinopril, price=80, type=Tablet, category=Antihypertensive}, {id=64918fa1f72e301ef847fea2, name=Metformin, price=70, type=Tablet, category=Antidiabetic}, {id=64a8161fded31f69977afea0, name=Cetirizine, price=60, type=Tablet, category=relieve allergy symptoms}]
2024-01-29 17:03:56,410 [INFO] com.netflix.discovery.shared.resolver.aws.ConfigClusterResolver [AsyncResolver-bootstrap-executor-0] Resolving eureka endpoints via configuration
2024-01-29 17:04:02,020 [INFO] org.springframework.web.filter.OncePerRequestFilter [http-nio-8081-exec-9]  Header :  Bearer eyJhbGciOiJIUzUxMiJ9.eyJzdWIiOiJqYWRoYXZjb2NAZ21haWwuY29tIiwiaWF0IjoxNzA2NTIyMzM4LCJleHAiOjE3MDY1NDAzMzh9.KXpOCSqoatAWZpAE9h08cB7Um7NZvIz9oJSZsWJliRWRzzZ7YbLdAKAx-I-x8M1OMuNJlSOzhCj64gbt1KBOzg
2024-01-29 17:04:02,040 [INFO] com.pms.doctor.service.Impl.doctorServiceImpl [http-nio-8081-exec-9] [{id=648011f1029f637a5d28a7a7, name=Aspirin, price=50, type=Tablet, category=Aspirin is used to reduce fever}, {id=6480141f029f637a5d28a7ad, name=Amoxicillin, price=100, type=Capsule, category=Amoxicillin is a penicillin antibiotic}, {id=6480143d029f637a5d28a7af, name=Atorvastatin, price=130, type=Tablet, category=Cholesterol-lowering agent}, {id=6480144d029f637a5d28a7b0, name=Ibuprofen, price=200, type=Tablet, category=Nonsteroidal anti-inflammatory drug (NSAID)}, {id=648584915683641112507aa4, name=Paracetamol, price=120, type=Tablet, category=Pain reliever}, {id=64918f86f72e301ef847fea1, name=Lisinopril, price=80, type=Tablet, category=Antihypertensive}, {id=64918fa1f72e301ef847fea2, name=Metformin, price=70, type=Tablet, category=Antidiabetic}, {id=64a8161fded31f69977afea0, name=Cetirizine, price=60, type=Tablet, category=relieve allergy symptoms}]
2024-01-29 17:04:32,191 [INFO] org.springframework.web.filter.OncePerRequestFilter [http-nio-8081-exec-8]  Header :  Bearer eyJhbGciOiJIUzUxMiJ9.eyJzdWIiOiJqYWRoYXZjb2NAZ21haWwuY29tIiwiaWF0IjoxNzA2NTIyMzM4LCJleHAiOjE3MDY1NDAzMzh9.KXpOCSqoatAWZpAE9h08cB7Um7NZvIz9oJSZsWJliRWRzzZ7YbLdAKAx-I-x8M1OMuNJlSOzhCj64gbt1KBOzg
2024-01-29 17:04:32,213 [INFO] com.pms.doctor.service.Impl.doctorServiceImpl [http-nio-8081-exec-8] [{id=648011f1029f637a5d28a7a7, name=Aspirin, price=50, type=Tablet, category=Aspirin is used to reduce fever}, {id=6480141f029f637a5d28a7ad, name=Amoxicillin, price=100, type=Capsule, category=Amoxicillin is a penicillin antibiotic}, {id=6480143d029f637a5d28a7af, name=Atorvastatin, price=130, type=Tablet, category=Cholesterol-lowering agent}, {id=6480144d029f637a5d28a7b0, name=Ibuprofen, price=200, type=Tablet, category=Nonsteroidal anti-inflammatory drug (NSAID)}, {id=648584915683641112507aa4, name=Paracetamol, price=120, type=Tablet, category=Pain reliever}, {id=64918f86f72e301ef847fea1, name=Lisinopril, price=80, type=Tablet, category=Antihypertensive}, {id=64918fa1f72e301ef847fea2, name=Metformin, price=70, type=Tablet, category=Antidiabetic}, {id=64a8161fded31f69977afea0, name=Cetirizine, price=60, type=Tablet, category=relieve allergy symptoms}]
2024-01-29 17:04:37,806 [INFO] org.springframework.web.filter.OncePerRequestFilter [http-nio-8081-exec-1]  Header :  Bearer eyJhbGciOiJIUzUxMiJ9.eyJzdWIiOiJqYWRoYXZjb2NAZ21haWwuY29tIiwiaWF0IjoxNzA2NTIyMzM4LCJleHAiOjE3MDY1NDAzMzh9.KXpOCSqoatAWZpAE9h08cB7Um7NZvIz9oJSZsWJliRWRzzZ7YbLdAKAx-I-x8M1OMuNJlSOzhCj64gbt1KBOzg
2024-01-29 17:04:37,821 [INFO] com.pms.doctor.service.Impl.doctorServiceImpl [http-nio-8081-exec-1] [{id=648011f1029f637a5d28a7a7, name=Aspirin, price=50, type=Tablet, category=Aspirin is used to reduce fever}, {id=6480141f029f637a5d28a7ad, name=Amoxicillin, price=100, type=Capsule, category=Amoxicillin is a penicillin antibiotic}, {id=6480143d029f637a5d28a7af, name=Atorvastatin, price=130, type=Tablet, category=Cholesterol-lowering agent}, {id=6480144d029f637a5d28a7b0, name=Ibuprofen, price=200, type=Tablet, category=Nonsteroidal anti-inflammatory drug (NSAID)}, {id=648584915683641112507aa4, name=Paracetamol, price=120, type=Tablet, category=Pain reliever}, {id=64918f86f72e301ef847fea1, name=Lisinopril, price=80, type=Tablet, category=Antihypertensive}, {id=64918fa1f72e301ef847fea2, name=Metformin, price=70, type=Tablet, category=Antidiabetic}, {id=64a8161fded31f69977afea0, name=Cetirizine, price=60, type=Tablet, category=relieve allergy symptoms}]
2024-01-29 17:04:42,964 [INFO] org.springframework.web.filter.OncePerRequestFilter [http-nio-8081-exec-10]  Header :  Bearer eyJhbGciOiJIUzUxMiJ9.eyJzdWIiOiJqYWRoYXZjb2NAZ21haWwuY29tIiwiaWF0IjoxNzA2NTIyMzM4LCJleHAiOjE3MDY1NDAzMzh9.KXpOCSqoatAWZpAE9h08cB7Um7NZvIz9oJSZsWJliRWRzzZ7YbLdAKAx-I-x8M1OMuNJlSOzhCj64gbt1KBOzg
2024-01-29 17:04:42,980 [INFO] com.pms.doctor.service.Impl.doctorServiceImpl [http-nio-8081-exec-10] [{id=648011f1029f637a5d28a7a7, name=Aspirin, price=50, type=Tablet, category=Aspirin is used to reduce fever}, {id=6480141f029f637a5d28a7ad, name=Amoxicillin, price=100, type=Capsule, category=Amoxicillin is a penicillin antibiotic}, {id=6480143d029f637a5d28a7af, name=Atorvastatin, price=130, type=Tablet, category=Cholesterol-lowering agent}, {id=6480144d029f637a5d28a7b0, name=Ibuprofen, price=200, type=Tablet, category=Nonsteroidal anti-inflammatory drug (NSAID)}, {id=648584915683641112507aa4, name=Paracetamol, price=120, type=Tablet, category=Pain reliever}, {id=64918f86f72e301ef847fea1, name=Lisinopril, price=80, type=Tablet, category=Antihypertensive}, {id=64918fa1f72e301ef847fea2, name=Metformin, price=70, type=Tablet, category=Antidiabetic}, {id=64a8161fded31f69977afea0, name=Cetirizine, price=60, type=Tablet, category=relieve allergy symptoms}]
2024-01-29 17:04:50,528 [INFO] org.springframework.web.filter.OncePerRequestFilter [http-nio-8081-exec-5]  Header :  Bearer eyJhbGciOiJIUzUxMiJ9.eyJzdWIiOiJqYWRoYXZjb2NAZ21haWwuY29tIiwiaWF0IjoxNzA2NTIyMzM4LCJleHAiOjE3MDY1NDAzMzh9.KXpOCSqoatAWZpAE9h08cB7Um7NZvIz9oJSZsWJliRWRzzZ7YbLdAKAx-I-x8M1OMuNJlSOzhCj64gbt1KBOzg
2024-01-29 17:04:50,539 [INFO] com.pms.doctor.service.Impl.doctorServiceImpl [http-nio-8081-exec-5] [{id=648011f1029f637a5d28a7a7, name=Aspirin, price=50, type=Tablet, category=Aspirin is used to reduce fever}, {id=6480141f029f637a5d28a7ad, name=Amoxicillin, price=100, type=Capsule, category=Amoxicillin is a penicillin antibiotic}, {id=6480143d029f637a5d28a7af, name=Atorvastatin, price=130, type=Tablet, category=Cholesterol-lowering agent}, {id=6480144d029f637a5d28a7b0, name=Ibuprofen, price=200, type=Tablet, category=Nonsteroidal anti-inflammatory drug (NSAID)}, {id=648584915683641112507aa4, name=Paracetamol, price=120, type=Tablet, category=Pain reliever}, {id=64918f86f72e301ef847fea1, name=Lisinopril, price=80, type=Tablet, category=Antihypertensive}, {id=64918fa1f72e301ef847fea2, name=Metformin, price=70, type=Tablet, category=Antidiabetic}, {id=64a8161fded31f69977afea0, name=Cetirizine, price=60, type=Tablet, category=relieve allergy symptoms}]
2024-01-29 17:04:57,762 [INFO] org.springframework.web.filter.OncePerRequestFilter [http-nio-8081-exec-2]  Header :  Bearer eyJhbGciOiJIUzUxMiJ9.eyJzdWIiOiJqYWRoYXZjb2NAZ21haWwuY29tIiwiaWF0IjoxNzA2NTIyMzM4LCJleHAiOjE3MDY1NDAzMzh9.KXpOCSqoatAWZpAE9h08cB7Um7NZvIz9oJSZsWJliRWRzzZ7YbLdAKAx-I-x8M1OMuNJlSOzhCj64gbt1KBOzg
2024-01-29 17:04:57,778 [INFO] com.pms.doctor.service.Impl.doctorServiceImpl [http-nio-8081-exec-2] [{id=648011f1029f637a5d28a7a7, name=Aspirin, price=50, type=Tablet, category=Aspirin is used to reduce fever}, {id=6480141f029f637a5d28a7ad, name=Amoxicillin, price=100, type=Capsule, category=Amoxicillin is a penicillin antibiotic}, {id=6480143d029f637a5d28a7af, name=Atorvastatin, price=130, type=Tablet, category=Cholesterol-lowering agent}, {id=6480144d029f637a5d28a7b0, name=Ibuprofen, price=200, type=Tablet, category=Nonsteroidal anti-inflammatory drug (NSAID)}, {id=648584915683641112507aa4, name=Paracetamol, price=120, type=Tablet, category=Pain reliever}, {id=64918f86f72e301ef847fea1, name=Lisinopril, price=80, type=Tablet, category=Antihypertensive}, {id=64918fa1f72e301ef847fea2, name=Metformin, price=70, type=Tablet, category=Antidiabetic}, {id=64a8161fded31f69977afea0, name=Cetirizine, price=60, type=Tablet, category=relieve allergy symptoms}]
2024-01-29 17:05:09,230 [INFO] org.springframework.web.filter.OncePerRequestFilter [http-nio-8081-exec-3]  Header :  Bearer eyJhbGciOiJIUzUxMiJ9.eyJzdWIiOiJqYWRoYXZjb2NAZ21haWwuY29tIiwiaWF0IjoxNzA2NTIyMzM4LCJleHAiOjE3MDY1NDAzMzh9.KXpOCSqoatAWZpAE9h08cB7Um7NZvIz9oJSZsWJliRWRzzZ7YbLdAKAx-I-x8M1OMuNJlSOzhCj64gbt1KBOzg
2024-01-29 17:05:09,244 [INFO] com.pms.doctor.service.Impl.doctorServiceImpl [http-nio-8081-exec-3] [{id=648011f1029f637a5d28a7a7, name=Aspirin, price=50, type=Tablet, category=Aspirin is used to reduce fever}, {id=6480141f029f637a5d28a7ad, name=Amoxicillin, price=100, type=Capsule, category=Amoxicillin is a penicillin antibiotic}, {id=6480143d029f637a5d28a7af, name=Atorvastatin, price=130, type=Tablet, category=Cholesterol-lowering agent}, {id=6480144d029f637a5d28a7b0, name=Ibuprofen, price=200, type=Tablet, category=Nonsteroidal anti-inflammatory drug (NSAID)}, {id=648584915683641112507aa4, name=Paracetamol, price=120, type=Tablet, category=Pain reliever}, {id=64918f86f72e301ef847fea1, name=Lisinopril, price=80, type=Tablet, category=Antihypertensive}, {id=64918fa1f72e301ef847fea2, name=Metformin, price=70, type=Tablet, category=Antidiabetic}, {id=64a8161fded31f69977afea0, name=Cetirizine, price=60, type=Tablet, category=relieve allergy symptoms}]
2024-01-29 17:05:13,925 [INFO] org.springframework.web.filter.OncePerRequestFilter [http-nio-8081-exec-4]  Header :  Bearer eyJhbGciOiJIUzUxMiJ9.eyJzdWIiOiJqYWRoYXZjb2NAZ21haWwuY29tIiwiaWF0IjoxNzA2NTIyMzM4LCJleHAiOjE3MDY1NDAzMzh9.KXpOCSqoatAWZpAE9h08cB7Um7NZvIz9oJSZsWJliRWRzzZ7YbLdAKAx-I-x8M1OMuNJlSOzhCj64gbt1KBOzg
2024-01-29 17:05:13,940 [INFO] com.pms.doctor.service.Impl.doctorServiceImpl [http-nio-8081-exec-4] [{id=648011f1029f637a5d28a7a7, name=Aspirin, price=50, type=Tablet, category=Aspirin is used to reduce fever}, {id=6480141f029f637a5d28a7ad, name=Amoxicillin, price=100, type=Capsule, category=Amoxicillin is a penicillin antibiotic}, {id=6480143d029f637a5d28a7af, name=Atorvastatin, price=130, type=Tablet, category=Cholesterol-lowering agent}, {id=6480144d029f637a5d28a7b0, name=Ibuprofen, price=200, type=Tablet, category=Nonsteroidal anti-inflammatory drug (NSAID)}, {id=648584915683641112507aa4, name=Paracetamol, price=120, type=Tablet, category=Pain reliever}, {id=64918f86f72e301ef847fea1, name=Lisinopril, price=80, type=Tablet, category=Antihypertensive}, {id=64918fa1f72e301ef847fea2, name=Metformin, price=70, type=Tablet, category=Antidiabetic}, {id=64a8161fded31f69977afea0, name=Cetirizine, price=60, type=Tablet, category=relieve allergy symptoms}]
2024-01-29 17:05:30,293 [INFO] org.springframework.web.filter.OncePerRequestFilter [http-nio-8081-exec-7]  Header :  Bearer eyJhbGciOiJIUzUxMiJ9.eyJzdWIiOiJqYWRoYXZjb2NAZ21haWwuY29tIiwiaWF0IjoxNzA2NTIyMzM4LCJleHAiOjE3MDY1NDAzMzh9.KXpOCSqoatAWZpAE9h08cB7Um7NZvIz9oJSZsWJliRWRzzZ7YbLdAKAx-I-x8M1OMuNJlSOzhCj64gbt1KBOzg
2024-01-29 17:05:30,307 [INFO] com.pms.doctor.service.Impl.doctorServiceImpl [http-nio-8081-exec-7] [{id=648011f1029f637a5d28a7a7, name=Aspirin, price=50, type=Tablet, category=Aspirin is used to reduce fever}, {id=6480141f029f637a5d28a7ad, name=Amoxicillin, price=100, type=Capsule, category=Amoxicillin is a penicillin antibiotic}, {id=6480143d029f637a5d28a7af, name=Atorvastatin, price=130, type=Tablet, category=Cholesterol-lowering agent}, {id=6480144d029f637a5d28a7b0, name=Ibuprofen, price=200, type=Tablet, category=Nonsteroidal anti-inflammatory drug (NSAID)}, {id=648584915683641112507aa4, name=Paracetamol, price=120, type=Tablet, category=Pain reliever}, {id=64918f86f72e301ef847fea1, name=Lisinopril, price=80, type=Tablet, category=Antihypertensive}, {id=64918fa1f72e301ef847fea2, name=Metformin, price=70, type=Tablet, category=Antidiabetic}, {id=64a8161fded31f69977afea0, name=Cetirizine, price=60, type=Tablet, category=relieve allergy symptoms}]
2024-01-29 17:05:35,097 [INFO] org.springframework.web.filter.OncePerRequestFilter [http-nio-8081-exec-6]  Header :  Bearer eyJhbGciOiJIUzUxMiJ9.eyJzdWIiOiJqYWRoYXZjb2NAZ21haWwuY29tIiwiaWF0IjoxNzA2NTIyMzM4LCJleHAiOjE3MDY1NDAzMzh9.KXpOCSqoatAWZpAE9h08cB7Um7NZvIz9oJSZsWJliRWRzzZ7YbLdAKAx-I-x8M1OMuNJlSOzhCj64gbt1KBOzg
2024-01-29 17:05:35,111 [INFO] com.pms.doctor.service.Impl.doctorServiceImpl [http-nio-8081-exec-6] [{id=648011f1029f637a5d28a7a7, name=Aspirin, price=50, type=Tablet, category=Aspirin is used to reduce fever}, {id=6480141f029f637a5d28a7ad, name=Amoxicillin, price=100, type=Capsule, category=Amoxicillin is a penicillin antibiotic}, {id=6480143d029f637a5d28a7af, name=Atorvastatin, price=130, type=Tablet, category=Cholesterol-lowering agent}, {id=6480144d029f637a5d28a7b0, name=Ibuprofen, price=200, type=Tablet, category=Nonsteroidal anti-inflammatory drug (NSAID)}, {id=648584915683641112507aa4, name=Paracetamol, price=120, type=Tablet, category=Pain reliever}, {id=64918f86f72e301ef847fea1, name=Lisinopril, price=80, type=Tablet, category=Antihypertensive}, {id=64918fa1f72e301ef847fea2, name=Metformin, price=70, type=Tablet, category=Antidiabetic}, {id=64a8161fded31f69977afea0, name=Cetirizine, price=60, type=Tablet, category=relieve allergy symptoms}]
2024-01-29 17:06:15,486 [INFO] org.springframework.web.filter.OncePerRequestFilter [http-nio-8081-exec-9]  Header :  Bearer eyJhbGciOiJIUzUxMiJ9.eyJzdWIiOiJqYWRoYXZjb2NAZ21haWwuY29tIiwiaWF0IjoxNzA2NTIyMzM4LCJleHAiOjE3MDY1NDAzMzh9.KXpOCSqoatAWZpAE9h08cB7Um7NZvIz9oJSZsWJliRWRzzZ7YbLdAKAx-I-x8M1OMuNJlSOzhCj64gbt1KBOzg
2024-01-29 17:06:15,502 [INFO] com.pms.doctor.service.Impl.doctorServiceImpl [http-nio-8081-exec-9] [{id=648011f1029f637a5d28a7a7, name=Aspirin, price=50, type=Tablet, category=Aspirin is used to reduce fever}, {id=6480141f029f637a5d28a7ad, name=Amoxicillin, price=100, type=Capsule, category=Amoxicillin is a penicillin antibiotic}, {id=6480143d029f637a5d28a7af, name=Atorvastatin, price=130, type=Tablet, category=Cholesterol-lowering agent}, {id=6480144d029f637a5d28a7b0, name=Ibuprofen, price=200, type=Tablet, category=Nonsteroidal anti-inflammatory drug (NSAID)}, {id=648584915683641112507aa4, name=Paracetamol, price=120, type=Tablet, category=Pain reliever}, {id=64918f86f72e301ef847fea1, name=Lisinopril, price=80, type=Tablet, category=Antihypertensive}, {id=64918fa1f72e301ef847fea2, name=Metformin, price=70, type=Tablet, category=Antidiabetic}, {id=64a8161fded31f69977afea0, name=Cetirizine, price=60, type=Tablet, category=relieve allergy symptoms}]
2024-01-29 17:06:33,265 [INFO] org.springframework.web.filter.OncePerRequestFilter [http-nio-8081-exec-8]  Header :  Bearer eyJhbGciOiJIUzUxMiJ9.eyJzdWIiOiJqYWRoYXZjb2NAZ21haWwuY29tIiwiaWF0IjoxNzA2NTIyMzM4LCJleHAiOjE3MDY1NDAzMzh9.KXpOCSqoatAWZpAE9h08cB7Um7NZvIz9oJSZsWJliRWRzzZ7YbLdAKAx-I-x8M1OMuNJlSOzhCj64gbt1KBOzg
2024-01-29 17:06:33,376 [INFO] com.pms.doctor.service.Impl.doctorServiceImpl [http-nio-8081-exec-8] [{id=648011f1029f637a5d28a7a7, name=Aspirin, price=50, type=Tablet, category=Aspirin is used to reduce fever}, {id=6480141f029f637a5d28a7ad, name=Amoxicillin, price=100, type=Capsule, category=Amoxicillin is a penicillin antibiotic}, {id=6480143d029f637a5d28a7af, name=Atorvastatin, price=130, type=Tablet, category=Cholesterol-lowering agent}, {id=6480144d029f637a5d28a7b0, name=Ibuprofen, price=200, type=Tablet, category=Nonsteroidal anti-inflammatory drug (NSAID)}, {id=648584915683641112507aa4, name=Paracetamol, price=120, type=Tablet, category=Pain reliever}, {id=64918f86f72e301ef847fea1, name=Lisinopril, price=80, type=Tablet, category=Antihypertensive}, {id=64918fa1f72e301ef847fea2, name=Metformin, price=70, type=Tablet, category=Antidiabetic}, {id=64a8161fded31f69977afea0, name=Cetirizine, price=60, type=Tablet, category=relieve allergy symptoms}]
2024-01-29 17:06:33,947 [INFO] org.springframework.web.filter.OncePerRequestFilter [http-nio-8081-exec-1]  Header :  Bearer eyJhbGciOiJIUzUxMiJ9.eyJzdWIiOiJqYWRoYXZjb2NAZ21haWwuY29tIiwiaWF0IjoxNzA2NTIyMzM4LCJleHAiOjE3MDY1NDAzMzh9.KXpOCSqoatAWZpAE9h08cB7Um7NZvIz9oJSZsWJliRWRzzZ7YbLdAKAx-I-x8M1OMuNJlSOzhCj64gbt1KBOzg
2024-01-29 17:06:33,962 [INFO] com.pms.doctor.service.Impl.doctorServiceImpl [http-nio-8081-exec-1] [{id=648011f1029f637a5d28a7a7, name=Aspirin, price=50, type=Tablet, category=Aspirin is used to reduce fever}, {id=6480141f029f637a5d28a7ad, name=Amoxicillin, price=100, type=Capsule, category=Amoxicillin is a penicillin antibiotic}, {id=6480143d029f637a5d28a7af, name=Atorvastatin, price=130, type=Tablet, category=Cholesterol-lowering agent}, {id=6480144d029f637a5d28a7b0, name=Ibuprofen, price=200, type=Tablet, category=Nonsteroidal anti-inflammatory drug (NSAID)}, {id=648584915683641112507aa4, name=Paracetamol, price=120, type=Tablet, category=Pain reliever}, {id=64918f86f72e301ef847fea1, name=Lisinopril, price=80, type=Tablet, category=Antihypertensive}, {id=64918fa1f72e301ef847fea2, name=Metformin, price=70, type=Tablet, category=Antidiabetic}, {id=64a8161fded31f69977afea0, name=Cetirizine, price=60, type=Tablet, category=relieve allergy symptoms}]
2024-01-29 17:07:00,849 [INFO] org.springframework.web.filter.OncePerRequestFilter [http-nio-8081-exec-10]  Header :  Bearer eyJhbGciOiJIUzUxMiJ9.eyJzdWIiOiJqYWRoYXZjb2NAZ21haWwuY29tIiwiaWF0IjoxNzA2NTIyMzM4LCJleHAiOjE3MDY1NDAzMzh9.KXpOCSqoatAWZpAE9h08cB7Um7NZvIz9oJSZsWJliRWRzzZ7YbLdAKAx-I-x8M1OMuNJlSOzhCj64gbt1KBOzg
2024-01-29 17:07:00,864 [INFO] com.pms.doctor.service.Impl.doctorServiceImpl [http-nio-8081-exec-10] [{id=648011f1029f637a5d28a7a7, name=Aspirin, price=50, type=Tablet, category=Aspirin is used to reduce fever}, {id=6480141f029f637a5d28a7ad, name=Amoxicillin, price=100, type=Capsule, category=Amoxicillin is a penicillin antibiotic}, {id=6480143d029f637a5d28a7af, name=Atorvastatin, price=130, type=Tablet, category=Cholesterol-lowering agent}, {id=6480144d029f637a5d28a7b0, name=Ibuprofen, price=200, type=Tablet, category=Nonsteroidal anti-inflammatory drug (NSAID)}, {id=648584915683641112507aa4, name=Paracetamol, price=120, type=Tablet, category=Pain reliever}, {id=64918f86f72e301ef847fea1, name=Lisinopril, price=80, type=Tablet, category=Antihypertensive}, {id=64918fa1f72e301ef847fea2, name=Metformin, price=70, type=Tablet, category=Antidiabetic}, {id=64a8161fded31f69977afea0, name=Cetirizine, price=60, type=Tablet, category=relieve allergy symptoms}]
2024-01-29 17:07:10,144 [INFO] org.springframework.web.filter.OncePerRequestFilter [http-nio-8081-exec-5]  Header :  Bearer eyJhbGciOiJIUzUxMiJ9.eyJzdWIiOiJqYWRoYXZjb2NAZ21haWwuY29tIiwiaWF0IjoxNzA2NTIyMzM4LCJleHAiOjE3MDY1NDAzMzh9.KXpOCSqoatAWZpAE9h08cB7Um7NZvIz9oJSZsWJliRWRzzZ7YbLdAKAx-I-x8M1OMuNJlSOzhCj64gbt1KBOzg
2024-01-29 17:07:10,163 [INFO] com.pms.doctor.service.Impl.doctorServiceImpl [http-nio-8081-exec-5] [{id=648011f1029f637a5d28a7a7, name=Aspirin, price=50, type=Tablet, category=Aspirin is used to reduce fever}, {id=6480141f029f637a5d28a7ad, name=Amoxicillin, price=100, type=Capsule, category=Amoxicillin is a penicillin antibiotic}, {id=6480143d029f637a5d28a7af, name=Atorvastatin, price=130, type=Tablet, category=Cholesterol-lowering agent}, {id=6480144d029f637a5d28a7b0, name=Ibuprofen, price=200, type=Tablet, category=Nonsteroidal anti-inflammatory drug (NSAID)}, {id=648584915683641112507aa4, name=Paracetamol, price=120, type=Tablet, category=Pain reliever}, {id=64918f86f72e301ef847fea1, name=Lisinopril, price=80, type=Tablet, category=Antihypertensive}, {id=64918fa1f72e301ef847fea2, name=Metformin, price=70, type=Tablet, category=Antidiabetic}, {id=64a8161fded31f69977afea0, name=Cetirizine, price=60, type=Tablet, category=relieve allergy symptoms}]
2024-01-29 17:07:57,276 [INFO] org.springframework.web.filter.OncePerRequestFilter [http-nio-8081-exec-2]  Header :  Bearer eyJhbGciOiJIUzUxMiJ9.eyJzdWIiOiJqYWRoYXZjb2NAZ21haWwuY29tIiwiaWF0IjoxNzA2NTIyMzM4LCJleHAiOjE3MDY1NDAzMzh9.KXpOCSqoatAWZpAE9h08cB7Um7NZvIz9oJSZsWJliRWRzzZ7YbLdAKAx-I-x8M1OMuNJlSOzhCj64gbt1KBOzg
2024-01-29 17:07:57,289 [INFO] com.pms.doctor.service.Impl.doctorServiceImpl [http-nio-8081-exec-2] [{id=648011f1029f637a5d28a7a7, name=Aspirin, price=50, type=Tablet, category=Aspirin is used to reduce fever}, {id=6480141f029f637a5d28a7ad, name=Amoxicillin, price=100, type=Capsule, category=Amoxicillin is a penicillin antibiotic}, {id=6480143d029f637a5d28a7af, name=Atorvastatin, price=130, type=Tablet, category=Cholesterol-lowering agent}, {id=6480144d029f637a5d28a7b0, name=Ibuprofen, price=200, type=Tablet, category=Nonsteroidal anti-inflammatory drug (NSAID)}, {id=648584915683641112507aa4, name=Paracetamol, price=120, type=Tablet, category=Pain reliever}, {id=64918f86f72e301ef847fea1, name=Lisinopril, price=80, type=Tablet, category=Antihypertensive}, {id=64918fa1f72e301ef847fea2, name=Metformin, price=70, type=Tablet, category=Antidiabetic}, {id=64a8161fded31f69977afea0, name=Cetirizine, price=60, type=Tablet, category=relieve allergy symptoms}]
2024-01-29 17:08:01,567 [INFO] org.springframework.web.filter.OncePerRequestFilter [http-nio-8081-exec-3]  Header :  Bearer eyJhbGciOiJIUzUxMiJ9.eyJzdWIiOiJqYWRoYXZjb2NAZ21haWwuY29tIiwiaWF0IjoxNzA2NTIyMzM4LCJleHAiOjE3MDY1NDAzMzh9.KXpOCSqoatAWZpAE9h08cB7Um7NZvIz9oJSZsWJliRWRzzZ7YbLdAKAx-I-x8M1OMuNJlSOzhCj64gbt1KBOzg
2024-01-29 17:08:10,834 [INFO] org.springframework.web.filter.OncePerRequestFilter [http-nio-8081-exec-4]  Header :  Bearer eyJhbGciOiJIUzUxMiJ9.eyJzdWIiOiJqYWRoYXZjb2NAZ21haWwuY29tIiwiaWF0IjoxNzA2NTIyMzM4LCJleHAiOjE3MDY1NDAzMzh9.KXpOCSqoatAWZpAE9h08cB7Um7NZvIz9oJSZsWJliRWRzzZ7YbLdAKAx-I-x8M1OMuNJlSOzhCj64gbt1KBOzg
2024-01-29 17:08:10,851 [INFO] org.springframework.web.filter.OncePerRequestFilter [http-nio-8081-exec-7]  Header :  Bearer eyJhbGciOiJIUzUxMiJ9.eyJzdWIiOiJqYWRoYXZjb2NAZ21haWwuY29tIiwiaWF0IjoxNzA2NTIyMzM4LCJleHAiOjE3MDY1NDAzMzh9.KXpOCSqoatAWZpAE9h08cB7Um7NZvIz9oJSZsWJliRWRzzZ7YbLdAKAx-I-x8M1OMuNJlSOzhCj64gbt1KBOzg
2024-01-29 17:08:10,864 [INFO] org.springframework.web.filter.OncePerRequestFilter [http-nio-8081-exec-6]  Header :  Bearer eyJhbGciOiJIUzUxMiJ9.eyJzdWIiOiJqYWRoYXZjb2NAZ21haWwuY29tIiwiaWF0IjoxNzA2NTIyMzM4LCJleHAiOjE3MDY1NDAzMzh9.KXpOCSqoatAWZpAE9h08cB7Um7NZvIz9oJSZsWJliRWRzzZ7YbLdAKAx-I-x8M1OMuNJlSOzhCj64gbt1KBOzg
2024-01-29 17:08:10,880 [INFO] org.springframework.web.filter.OncePerRequestFilter [http-nio-8081-exec-9]  Header :  Bearer eyJhbGciOiJIUzUxMiJ9.eyJzdWIiOiJqYWRoYXZjb2NAZ21haWwuY29tIiwiaWF0IjoxNzA2NTIyMzM4LCJleHAiOjE3MDY1NDAzMzh9.KXpOCSqoatAWZpAE9h08cB7Um7NZvIz9oJSZsWJliRWRzzZ7YbLdAKAx-I-x8M1OMuNJlSOzhCj64gbt1KBOzg
2024-01-29 17:08:10,887 [INFO] org.springframework.web.filter.OncePerRequestFilter [http-nio-8081-exec-8]  Header :  Bearer eyJhbGciOiJIUzUxMiJ9.eyJzdWIiOiJqYWRoYXZjb2NAZ21haWwuY29tIiwiaWF0IjoxNzA2NTIyMzM4LCJleHAiOjE3MDY1NDAzMzh9.KXpOCSqoatAWZpAE9h08cB7Um7NZvIz9oJSZsWJliRWRzzZ7YbLdAKAx-I-x8M1OMuNJlSOzhCj64gbt1KBOzg
2024-01-29 17:08:10,898 [INFO] org.springframework.web.filter.OncePerRequestFilter [http-nio-8081-exec-1]  Header :  Bearer eyJhbGciOiJIUzUxMiJ9.eyJzdWIiOiJqYWRoYXZjb2NAZ21haWwuY29tIiwiaWF0IjoxNzA2NTIyMzM4LCJleHAiOjE3MDY1NDAzMzh9.KXpOCSqoatAWZpAE9h08cB7Um7NZvIz9oJSZsWJliRWRzzZ7YbLdAKAx-I-x8M1OMuNJlSOzhCj64gbt1KBOzg
2024-01-29 17:08:10,911 [INFO] org.springframework.web.filter.OncePerRequestFilter [http-nio-8081-exec-10]  Header :  Bearer eyJhbGciOiJIUzUxMiJ9.eyJzdWIiOiJqYWRoYXZjb2NAZ21haWwuY29tIiwiaWF0IjoxNzA2NTIyMzM4LCJleHAiOjE3MDY1NDAzMzh9.KXpOCSqoatAWZpAE9h08cB7Um7NZvIz9oJSZsWJliRWRzzZ7YbLdAKAx-I-x8M1OMuNJlSOzhCj64gbt1KBOzg
2024-01-29 17:08:10,921 [INFO] org.springframework.web.filter.OncePerRequestFilter [http-nio-8081-exec-5]  Header :  Bearer eyJhbGciOiJIUzUxMiJ9.eyJzdWIiOiJqYWRoYXZjb2NAZ21haWwuY29tIiwiaWF0IjoxNzA2NTIyMzM4LCJleHAiOjE3MDY1NDAzMzh9.KXpOCSqoatAWZpAE9h08cB7Um7NZvIz9oJSZsWJliRWRzzZ7YbLdAKAx-I-x8M1OMuNJlSOzhCj64gbt1KBOzg
2024-01-29 17:08:14,091 [INFO] org.springframework.web.filter.OncePerRequestFilter [http-nio-8081-exec-2]  Header :  Bearer eyJhbGciOiJIUzUxMiJ9.eyJzdWIiOiJqYWRoYXZjb2NAZ21haWwuY29tIiwiaWF0IjoxNzA2NTIyMzM4LCJleHAiOjE3MDY1NDAzMzh9.KXpOCSqoatAWZpAE9h08cB7Um7NZvIz9oJSZsWJliRWRzzZ7YbLdAKAx-I-x8M1OMuNJlSOzhCj64gbt1KBOzg
2024-01-29 17:08:14,109 [INFO] org.springframework.web.filter.OncePerRequestFilter [http-nio-8081-exec-3]  Header :  Bearer eyJhbGciOiJIUzUxMiJ9.eyJzdWIiOiJqYWRoYXZjb2NAZ21haWwuY29tIiwiaWF0IjoxNzA2NTIyMzM4LCJleHAiOjE3MDY1NDAzMzh9.KXpOCSqoatAWZpAE9h08cB7Um7NZvIz9oJSZsWJliRWRzzZ7YbLdAKAx-I-x8M1OMuNJlSOzhCj64gbt1KBOzg
2024-01-29 17:08:16,803 [INFO] org.springframework.web.filter.OncePerRequestFilter [http-nio-8081-exec-4]  Header :  Bearer eyJhbGciOiJIUzUxMiJ9.eyJzdWIiOiJqYWRoYXZjb2NAZ21haWwuY29tIiwiaWF0IjoxNzA2NTIyMzM4LCJleHAiOjE3MDY1NDAzMzh9.KXpOCSqoatAWZpAE9h08cB7Um7NZvIz9oJSZsWJliRWRzzZ7YbLdAKAx-I-x8M1OMuNJlSOzhCj64gbt1KBOzg
2024-01-29 17:08:16,824 [INFO] com.pms.doctor.service.Impl.doctorServiceImpl [http-nio-8081-exec-4] [{id=648011f1029f637a5d28a7a7, name=Aspirin, price=50, type=Tablet, category=Aspirin is used to reduce fever}, {id=6480141f029f637a5d28a7ad, name=Amoxicillin, price=100, type=Capsule, category=Amoxicillin is a penicillin antibiotic}, {id=6480143d029f637a5d28a7af, name=Atorvastatin, price=130, type=Tablet, category=Cholesterol-lowering agent}, {id=6480144d029f637a5d28a7b0, name=Ibuprofen, price=200, type=Tablet, category=Nonsteroidal anti-inflammatory drug (NSAID)}, {id=648584915683641112507aa4, name=Paracetamol, price=120, type=Tablet, category=Pain reliever}, {id=64918f86f72e301ef847fea1, name=Lisinopril, price=80, type=Tablet, category=Antihypertensive}, {id=64918fa1f72e301ef847fea2, name=Metformin, price=70, type=Tablet, category=Antidiabetic}, {id=64a8161fded31f69977afea0, name=Cetirizine, price=60, type=Tablet, category=relieve allergy symptoms}]
2024-01-29 17:08:16,833 [INFO] org.springframework.web.filter.OncePerRequestFilter [http-nio-8081-exec-7]  Header :  Bearer eyJhbGciOiJIUzUxMiJ9.eyJzdWIiOiJqYWRoYXZjb2NAZ21haWwuY29tIiwiaWF0IjoxNzA2NTIyMzM4LCJleHAiOjE3MDY1NDAzMzh9.KXpOCSqoatAWZpAE9h08cB7Um7NZvIz9oJSZsWJliRWRzzZ7YbLdAKAx-I-x8M1OMuNJlSOzhCj64gbt1KBOzg
2024-01-29 17:08:16,849 [INFO] com.pms.doctor.service.Impl.doctorServiceImpl [http-nio-8081-exec-7] [{id=648011f1029f637a5d28a7a7, name=Aspirin, price=50, type=Tablet, category=Aspirin is used to reduce fever}, {id=6480141f029f637a5d28a7ad, name=Amoxicillin, price=100, type=Capsule, category=Amoxicillin is a penicillin antibiotic}, {id=6480143d029f637a5d28a7af, name=Atorvastatin, price=130, type=Tablet, category=Cholesterol-lowering agent}, {id=6480144d029f637a5d28a7b0, name=Ibuprofen, price=200, type=Tablet, category=Nonsteroidal anti-inflammatory drug (NSAID)}, {id=648584915683641112507aa4, name=Paracetamol, price=120, type=Tablet, category=Pain reliever}, {id=64918f86f72e301ef847fea1, name=Lisinopril, price=80, type=Tablet, category=Antihypertensive}, {id=64918fa1f72e301ef847fea2, name=Metformin, price=70, type=Tablet, category=Antidiabetic}, {id=64a8161fded31f69977afea0, name=Cetirizine, price=60, type=Tablet, category=relieve allergy symptoms}]
2024-01-29 17:08:56,420 [INFO] com.netflix.discovery.shared.resolver.aws.ConfigClusterResolver [AsyncResolver-bootstrap-executor-0] Resolving eureka endpoints via configuration
2024-01-29 17:09:18,309 [INFO] org.springframework.web.filter.OncePerRequestFilter [http-nio-8081-exec-8]  Header :  Bearer eyJhbGciOiJIUzUxMiJ9.eyJzdWIiOiJqYWRoYXZjb2NAZ21haWwuY29tIiwiaWF0IjoxNzA2NTIyMzM4LCJleHAiOjE3MDY1NDAzMzh9.KXpOCSqoatAWZpAE9h08cB7Um7NZvIz9oJSZsWJliRWRzzZ7YbLdAKAx-I-x8M1OMuNJlSOzhCj64gbt1KBOzg
2024-01-29 17:09:18,323 [INFO] com.pms.doctor.service.Impl.doctorServiceImpl [http-nio-8081-exec-8] [{id=648011f1029f637a5d28a7a7, name=Aspirin, price=50, type=Tablet, category=Aspirin is used to reduce fever}, {id=6480141f029f637a5d28a7ad, name=Amoxicillin, price=100, type=Capsule, category=Amoxicillin is a penicillin antibiotic}, {id=6480143d029f637a5d28a7af, name=Atorvastatin, price=130, type=Tablet, category=Cholesterol-lowering agent}, {id=6480144d029f637a5d28a7b0, name=Ibuprofen, price=200, type=Tablet, category=Nonsteroidal anti-inflammatory drug (NSAID)}, {id=648584915683641112507aa4, name=Paracetamol, price=120, type=Tablet, category=Pain reliever}, {id=64918f86f72e301ef847fea1, name=Lisinopril, price=80, type=Tablet, category=Antihypertensive}, {id=64918fa1f72e301ef847fea2, name=Metformin, price=70, type=Tablet, category=Antidiabetic}, {id=64a8161fded31f69977afea0, name=Cetirizine, price=60, type=Tablet, category=relieve allergy symptoms}]
2024-01-29 17:13:56,432 [INFO] com.netflix.discovery.shared.resolver.aws.ConfigClusterResolver [AsyncResolver-bootstrap-executor-0] Resolving eureka endpoints via configuration
2024-01-29 17:18:35,225 [INFO] org.springframework.web.filter.OncePerRequestFilter [http-nio-8081-exec-10]  Header :  Bearer eyJhbGciOiJIUzUxMiJ9.eyJzdWIiOiJqYWRoYXZjb2NAZ21haWwuY29tIiwiaWF0IjoxNzA2NTIyMzM4LCJleHAiOjE3MDY1NDAzMzh9.KXpOCSqoatAWZpAE9h08cB7Um7NZvIz9oJSZsWJliRWRzzZ7YbLdAKAx-I-x8M1OMuNJlSOzhCj64gbt1KBOzg
2024-01-29 17:18:35,244 [INFO] org.springframework.web.filter.OncePerRequestFilter [http-nio-8081-exec-5]  Header :  Bearer eyJhbGciOiJIUzUxMiJ9.eyJzdWIiOiJqYWRoYXZjb2NAZ21haWwuY29tIiwiaWF0IjoxNzA2NTIyMzM4LCJleHAiOjE3MDY1NDAzMzh9.KXpOCSqoatAWZpAE9h08cB7Um7NZvIz9oJSZsWJliRWRzzZ7YbLdAKAx-I-x8M1OMuNJlSOzhCj64gbt1KBOzg
2024-01-29 17:18:56,446 [INFO] com.netflix.discovery.shared.resolver.aws.ConfigClusterResolver [AsyncResolver-bootstrap-executor-0] Resolving eureka endpoints via configuration
2024-01-29 17:20:07,194 [INFO] org.springframework.web.filter.OncePerRequestFilter [http-nio-8081-exec-3]  Header :  Bearer eyJhbGciOiJIUzUxMiJ9.eyJzdWIiOiJqYWRoYXZjb2NAZ21haWwuY29tIiwiaWF0IjoxNzA2NTIyMzM4LCJleHAiOjE3MDY1NDAzMzh9.KXpOCSqoatAWZpAE9h08cB7Um7NZvIz9oJSZsWJliRWRzzZ7YbLdAKAx-I-x8M1OMuNJlSOzhCj64gbt1KBOzg
2024-01-29 17:22:11,296 [INFO] org.springframework.web.filter.OncePerRequestFilter [http-nio-8081-exec-7]  Header :  Bearer eyJhbGciOiJIUzUxMiJ9.eyJzdWIiOiJqYWRoYXZjb2NAZ21haWwuY29tIiwiaWF0IjoxNzA2NTIyMzM4LCJleHAiOjE3MDY1NDAzMzh9.KXpOCSqoatAWZpAE9h08cB7Um7NZvIz9oJSZsWJliRWRzzZ7YbLdAKAx-I-x8M1OMuNJlSOzhCj64gbt1KBOzg
2024-01-29 17:22:26,147 [INFO] org.springframework.web.filter.OncePerRequestFilter [http-nio-8081-exec-6]  Header :  Bearer eyJhbGciOiJIUzUxMiJ9.eyJzdWIiOiJqYWRoYXZjb2NAZ21haWwuY29tIiwiaWF0IjoxNzA2NTIyMzM4LCJleHAiOjE3MDY1NDAzMzh9.KXpOCSqoatAWZpAE9h08cB7Um7NZvIz9oJSZsWJliRWRzzZ7YbLdAKAx-I-x8M1OMuNJlSOzhCj64gbt1KBOzg
2024-01-29 17:22:26,176 [INFO] com.pms.doctor.service.Impl.doctorServiceImpl [http-nio-8081-exec-6] [{id=648011f1029f637a5d28a7a7, name=Aspirin, price=50, type=Tablet, category=Aspirin is used to reduce fever}, {id=6480141f029f637a5d28a7ad, name=Amoxicillin, price=100, type=Capsule, category=Amoxicillin is a penicillin antibiotic}, {id=6480143d029f637a5d28a7af, name=Atorvastatin, price=130, type=Tablet, category=Cholesterol-lowering agent}, {id=6480144d029f637a5d28a7b0, name=Ibuprofen, price=200, type=Tablet, category=Nonsteroidal anti-inflammatory drug (NSAID)}, {id=648584915683641112507aa4, name=Paracetamol, price=120, type=Tablet, category=Pain reliever}, {id=64918f86f72e301ef847fea1, name=Lisinopril, price=80, type=Tablet, category=Antihypertensive}, {id=64918fa1f72e301ef847fea2, name=Metformin, price=70, type=Tablet, category=Antidiabetic}, {id=64a8161fded31f69977afea0, name=Cetirizine, price=60, type=Tablet, category=relieve allergy symptoms}]
2024-01-29 17:22:26,188 [INFO] org.springframework.web.filter.OncePerRequestFilter [http-nio-8081-exec-9]  Header :  Bearer eyJhbGciOiJIUzUxMiJ9.eyJzdWIiOiJqYWRoYXZjb2NAZ21haWwuY29tIiwiaWF0IjoxNzA2NTIyMzM4LCJleHAiOjE3MDY1NDAzMzh9.KXpOCSqoatAWZpAE9h08cB7Um7NZvIz9oJSZsWJliRWRzzZ7YbLdAKAx-I-x8M1OMuNJlSOzhCj64gbt1KBOzg
2024-01-29 17:22:26,203 [INFO] com.pms.doctor.service.Impl.doctorServiceImpl [http-nio-8081-exec-9] [{id=648011f1029f637a5d28a7a7, name=Aspirin, price=50, type=Tablet, category=Aspirin is used to reduce fever}, {id=6480141f029f637a5d28a7ad, name=Amoxicillin, price=100, type=Capsule, category=Amoxicillin is a penicillin antibiotic}, {id=6480143d029f637a5d28a7af, name=Atorvastatin, price=130, type=Tablet, category=Cholesterol-lowering agent}, {id=6480144d029f637a5d28a7b0, name=Ibuprofen, price=200, type=Tablet, category=Nonsteroidal anti-inflammatory drug (NSAID)}, {id=648584915683641112507aa4, name=Paracetamol, price=120, type=Tablet, category=Pain reliever}, {id=64918f86f72e301ef847fea1, name=Lisinopril, price=80, type=Tablet, category=Antihypertensive}, {id=64918fa1f72e301ef847fea2, name=Metformin, price=70, type=Tablet, category=Antidiabetic}, {id=64a8161fded31f69977afea0, name=Cetirizine, price=60, type=Tablet, category=relieve allergy symptoms}]
2024-01-29 17:22:30,067 [INFO] org.springframework.web.filter.OncePerRequestFilter [http-nio-8081-exec-8]  Header :  Bearer eyJhbGciOiJIUzUxMiJ9.eyJzdWIiOiJqYWRoYXZjb2NAZ21haWwuY29tIiwiaWF0IjoxNzA2NTIyMzM4LCJleHAiOjE3MDY1NDAzMzh9.KXpOCSqoatAWZpAE9h08cB7Um7NZvIz9oJSZsWJliRWRzzZ7YbLdAKAx-I-x8M1OMuNJlSOzhCj64gbt1KBOzg
2024-01-29 17:22:30,087 [INFO] org.springframework.web.filter.OncePerRequestFilter [http-nio-8081-exec-1]  Header :  Bearer eyJhbGciOiJIUzUxMiJ9.eyJzdWIiOiJqYWRoYXZjb2NAZ21haWwuY29tIiwiaWF0IjoxNzA2NTIyMzM4LCJleHAiOjE3MDY1NDAzMzh9.KXpOCSqoatAWZpAE9h08cB7Um7NZvIz9oJSZsWJliRWRzzZ7YbLdAKAx-I-x8M1OMuNJlSOzhCj64gbt1KBOzg
2024-01-29 17:23:22,548 [INFO] org.springframework.web.filter.OncePerRequestFilter [http-nio-8081-exec-10]  Header :  Bearer eyJhbGciOiJIUzUxMiJ9.eyJzdWIiOiJqYWRoYXZjb2NAZ21haWwuY29tIiwiaWF0IjoxNzA2NTIyMzM4LCJleHAiOjE3MDY1NDAzMzh9.KXpOCSqoatAWZpAE9h08cB7Um7NZvIz9oJSZsWJliRWRzzZ7YbLdAKAx-I-x8M1OMuNJlSOzhCj64gbt1KBOzg
2024-01-29 17:23:40,275 [INFO] org.springframework.web.filter.OncePerRequestFilter [http-nio-8081-exec-5]  Header :  Bearer eyJhbGciOiJIUzUxMiJ9.eyJzdWIiOiJqYWRoYXZjb2NAZ21haWwuY29tIiwiaWF0IjoxNzA2NTIyMzM4LCJleHAiOjE3MDY1NDAzMzh9.KXpOCSqoatAWZpAE9h08cB7Um7NZvIz9oJSZsWJliRWRzzZ7YbLdAKAx-I-x8M1OMuNJlSOzhCj64gbt1KBOzg
2024-01-29 17:23:45,831 [INFO] org.springframework.web.filter.OncePerRequestFilter [http-nio-8081-exec-2]  Header :  Bearer eyJhbGciOiJIUzUxMiJ9.eyJzdWIiOiJqYWRoYXZjb2NAZ21haWwuY29tIiwiaWF0IjoxNzA2NTIyMzM4LCJleHAiOjE3MDY1NDAzMzh9.KXpOCSqoatAWZpAE9h08cB7Um7NZvIz9oJSZsWJliRWRzzZ7YbLdAKAx-I-x8M1OMuNJlSOzhCj64gbt1KBOzg
2024-01-29 17:23:45,845 [INFO] org.springframework.web.filter.OncePerRequestFilter [http-nio-8081-exec-3]  Header :  Bearer eyJhbGciOiJIUzUxMiJ9.eyJzdWIiOiJqYWRoYXZjb2NAZ21haWwuY29tIiwiaWF0IjoxNzA2NTIyMzM4LCJleHAiOjE3MDY1NDAzMzh9.KXpOCSqoatAWZpAE9h08cB7Um7NZvIz9oJSZsWJliRWRzzZ7YbLdAKAx-I-x8M1OMuNJlSOzhCj64gbt1KBOzg
2024-01-29 17:23:45,859 [INFO] org.springframework.web.filter.OncePerRequestFilter [http-nio-8081-exec-4]  Header :  Bearer eyJhbGciOiJIUzUxMiJ9.eyJzdWIiOiJqYWRoYXZjb2NAZ21haWwuY29tIiwiaWF0IjoxNzA2NTIyMzM4LCJleHAiOjE3MDY1NDAzMzh9.KXpOCSqoatAWZpAE9h08cB7Um7NZvIz9oJSZsWJliRWRzzZ7YbLdAKAx-I-x8M1OMuNJlSOzhCj64gbt1KBOzg
2024-01-29 17:23:45,868 [INFO] org.springframework.web.filter.OncePerRequestFilter [http-nio-8081-exec-7]  Header :  Bearer eyJhbGciOiJIUzUxMiJ9.eyJzdWIiOiJqYWRoYXZjb2NAZ21haWwuY29tIiwiaWF0IjoxNzA2NTIyMzM4LCJleHAiOjE3MDY1NDAzMzh9.KXpOCSqoatAWZpAE9h08cB7Um7NZvIz9oJSZsWJliRWRzzZ7YbLdAKAx-I-x8M1OMuNJlSOzhCj64gbt1KBOzg
2024-01-29 17:23:45,874 [INFO] org.springframework.web.filter.OncePerRequestFilter [http-nio-8081-exec-6]  Header :  Bearer eyJhbGciOiJIUzUxMiJ9.eyJzdWIiOiJqYWRoYXZjb2NAZ21haWwuY29tIiwiaWF0IjoxNzA2NTIyMzM4LCJleHAiOjE3MDY1NDAzMzh9.KXpOCSqoatAWZpAE9h08cB7Um7NZvIz9oJSZsWJliRWRzzZ7YbLdAKAx-I-x8M1OMuNJlSOzhCj64gbt1KBOzg
2024-01-29 17:23:45,884 [INFO] org.springframework.web.filter.OncePerRequestFilter [http-nio-8081-exec-9]  Header :  Bearer eyJhbGciOiJIUzUxMiJ9.eyJzdWIiOiJqYWRoYXZjb2NAZ21haWwuY29tIiwiaWF0IjoxNzA2NTIyMzM4LCJleHAiOjE3MDY1NDAzMzh9.KXpOCSqoatAWZpAE9h08cB7Um7NZvIz9oJSZsWJliRWRzzZ7YbLdAKAx-I-x8M1OMuNJlSOzhCj64gbt1KBOzg
2024-01-29 17:23:45,896 [INFO] org.springframework.web.filter.OncePerRequestFilter [http-nio-8081-exec-8]  Header :  Bearer eyJhbGciOiJIUzUxMiJ9.eyJzdWIiOiJqYWRoYXZjb2NAZ21haWwuY29tIiwiaWF0IjoxNzA2NTIyMzM4LCJleHAiOjE3MDY1NDAzMzh9.KXpOCSqoatAWZpAE9h08cB7Um7NZvIz9oJSZsWJliRWRzzZ7YbLdAKAx-I-x8M1OMuNJlSOzhCj64gbt1KBOzg
2024-01-29 17:23:45,903 [INFO] org.springframework.web.filter.OncePerRequestFilter [http-nio-8081-exec-1]  Header :  Bearer eyJhbGciOiJIUzUxMiJ9.eyJzdWIiOiJqYWRoYXZjb2NAZ21haWwuY29tIiwiaWF0IjoxNzA2NTIyMzM4LCJleHAiOjE3MDY1NDAzMzh9.KXpOCSqoatAWZpAE9h08cB7Um7NZvIz9oJSZsWJliRWRzzZ7YbLdAKAx-I-x8M1OMuNJlSOzhCj64gbt1KBOzg
2024-01-29 17:23:50,051 [INFO] org.springframework.web.filter.OncePerRequestFilter [http-nio-8081-exec-10]  Header :  Bearer eyJhbGciOiJIUzUxMiJ9.eyJzdWIiOiJqYWRoYXZjb2NAZ21haWwuY29tIiwiaWF0IjoxNzA2NTIyMzM4LCJleHAiOjE3MDY1NDAzMzh9.KXpOCSqoatAWZpAE9h08cB7Um7NZvIz9oJSZsWJliRWRzzZ7YbLdAKAx-I-x8M1OMuNJlSOzhCj64gbt1KBOzg
2024-01-29 17:23:50,068 [INFO] com.pms.doctor.service.Impl.doctorServiceImpl [http-nio-8081-exec-10] [{id=648011f1029f637a5d28a7a7, name=Aspirin, price=50, type=Tablet, category=Aspirin is used to reduce fever}, {id=6480141f029f637a5d28a7ad, name=Amoxicillin, price=100, type=Capsule, category=Amoxicillin is a penicillin antibiotic}, {id=6480143d029f637a5d28a7af, name=Atorvastatin, price=130, type=Tablet, category=Cholesterol-lowering agent}, {id=6480144d029f637a5d28a7b0, name=Ibuprofen, price=200, type=Tablet, category=Nonsteroidal anti-inflammatory drug (NSAID)}, {id=648584915683641112507aa4, name=Paracetamol, price=120, type=Tablet, category=Pain reliever}, {id=64918f86f72e301ef847fea1, name=Lisinopril, price=80, type=Tablet, category=Antihypertensive}, {id=64918fa1f72e301ef847fea2, name=Metformin, price=70, type=Tablet, category=Antidiabetic}, {id=64a8161fded31f69977afea0, name=Cetirizine, price=60, type=Tablet, category=relieve allergy symptoms}]
2024-01-29 17:23:50,076 [INFO] org.springframework.web.filter.OncePerRequestFilter [http-nio-8081-exec-5]  Header :  Bearer eyJhbGciOiJIUzUxMiJ9.eyJzdWIiOiJqYWRoYXZjb2NAZ21haWwuY29tIiwiaWF0IjoxNzA2NTIyMzM4LCJleHAiOjE3MDY1NDAzMzh9.KXpOCSqoatAWZpAE9h08cB7Um7NZvIz9oJSZsWJliRWRzzZ7YbLdAKAx-I-x8M1OMuNJlSOzhCj64gbt1KBOzg
2024-01-29 17:23:50,092 [INFO] com.pms.doctor.service.Impl.doctorServiceImpl [http-nio-8081-exec-5] [{id=648011f1029f637a5d28a7a7, name=Aspirin, price=50, type=Tablet, category=Aspirin is used to reduce fever}, {id=6480141f029f637a5d28a7ad, name=Amoxicillin, price=100, type=Capsule, category=Amoxicillin is a penicillin antibiotic}, {id=6480143d029f637a5d28a7af, name=Atorvastatin, price=130, type=Tablet, category=Cholesterol-lowering agent}, {id=6480144d029f637a5d28a7b0, name=Ibuprofen, price=200, type=Tablet, category=Nonsteroidal anti-inflammatory drug (NSAID)}, {id=648584915683641112507aa4, name=Paracetamol, price=120, type=Tablet, category=Pain reliever}, {id=64918f86f72e301ef847fea1, name=Lisinopril, price=80, type=Tablet, category=Antihypertensive}, {id=64918fa1f72e301ef847fea2, name=Metformin, price=70, type=Tablet, category=Antidiabetic}, {id=64a8161fded31f69977afea0, name=Cetirizine, price=60, type=Tablet, category=relieve allergy symptoms}]
2024-01-29 17:23:56,455 [INFO] com.netflix.discovery.shared.resolver.aws.ConfigClusterResolver [AsyncResolver-bootstrap-executor-0] Resolving eureka endpoints via configuration
2024-01-29 17:24:00,722 [INFO] org.springframework.web.filter.OncePerRequestFilter [http-nio-8081-exec-2]  Header :  Bearer eyJhbGciOiJIUzUxMiJ9.eyJzdWIiOiJqYWRoYXZjb2NAZ21haWwuY29tIiwiaWF0IjoxNzA2NTIyMzM4LCJleHAiOjE3MDY1NDAzMzh9.KXpOCSqoatAWZpAE9h08cB7Um7NZvIz9oJSZsWJliRWRzzZ7YbLdAKAx-I-x8M1OMuNJlSOzhCj64gbt1KBOzg
2024-01-29 17:24:11,440 [INFO] org.springframework.web.filter.OncePerRequestFilter [http-nio-8081-exec-3]  Header :  Bearer eyJhbGciOiJIUzUxMiJ9.eyJzdWIiOiJqYWRoYXZjb2NAZ21haWwuY29tIiwiaWF0IjoxNzA2NTIyMzM4LCJleHAiOjE3MDY1NDAzMzh9.KXpOCSqoatAWZpAE9h08cB7Um7NZvIz9oJSZsWJliRWRzzZ7YbLdAKAx-I-x8M1OMuNJlSOzhCj64gbt1KBOzg
2024-01-29 17:24:11,461 [INFO] org.springframework.web.filter.OncePerRequestFilter [http-nio-8081-exec-4]  Header :  Bearer eyJhbGciOiJIUzUxMiJ9.eyJzdWIiOiJqYWRoYXZjb2NAZ21haWwuY29tIiwiaWF0IjoxNzA2NTIyMzM4LCJleHAiOjE3MDY1NDAzMzh9.KXpOCSqoatAWZpAE9h08cB7Um7NZvIz9oJSZsWJliRWRzzZ7YbLdAKAx-I-x8M1OMuNJlSOzhCj64gbt1KBOzg
2024-01-29 17:24:11,462 [INFO] org.springframework.web.filter.OncePerRequestFilter [http-nio-8081-exec-7]  Header :  Bearer eyJhbGciOiJIUzUxMiJ9.eyJzdWIiOiJqYWRoYXZjb2NAZ21haWwuY29tIiwiaWF0IjoxNzA2NTIyMzM4LCJleHAiOjE3MDY1NDAzMzh9.KXpOCSqoatAWZpAE9h08cB7Um7NZvIz9oJSZsWJliRWRzzZ7YbLdAKAx-I-x8M1OMuNJlSOzhCj64gbt1KBOzg
2024-01-29 17:24:11,476 [INFO] org.springframework.web.filter.OncePerRequestFilter [http-nio-8081-exec-6]  Header :  Bearer eyJhbGciOiJIUzUxMiJ9.eyJzdWIiOiJqYWRoYXZjb2NAZ21haWwuY29tIiwiaWF0IjoxNzA2NTIyMzM4LCJleHAiOjE3MDY1NDAzMzh9.KXpOCSqoatAWZpAE9h08cB7Um7NZvIz9oJSZsWJliRWRzzZ7YbLdAKAx-I-x8M1OMuNJlSOzhCj64gbt1KBOzg
2024-01-29 17:24:19,503 [INFO] org.springframework.web.filter.OncePerRequestFilter [http-nio-8081-exec-9]  Header :  Bearer eyJhbGciOiJIUzUxMiJ9.eyJzdWIiOiJqYWRoYXZjb2NAZ21haWwuY29tIiwiaWF0IjoxNzA2NTIyMzM4LCJleHAiOjE3MDY1NDAzMzh9.KXpOCSqoatAWZpAE9h08cB7Um7NZvIz9oJSZsWJliRWRzzZ7YbLdAKAx-I-x8M1OMuNJlSOzhCj64gbt1KBOzg
2024-01-29 17:24:19,520 [INFO] org.springframework.web.filter.OncePerRequestFilter [http-nio-8081-exec-8]  Header :  Bearer eyJhbGciOiJIUzUxMiJ9.eyJzdWIiOiJqYWRoYXZjb2NAZ21haWwuY29tIiwiaWF0IjoxNzA2NTIyMzM4LCJleHAiOjE3MDY1NDAzMzh9.KXpOCSqoatAWZpAE9h08cB7Um7NZvIz9oJSZsWJliRWRzzZ7YbLdAKAx-I-x8M1OMuNJlSOzhCj64gbt1KBOzg
2024-01-29 17:24:19,529 [INFO] org.springframework.web.filter.OncePerRequestFilter [http-nio-8081-exec-1]  Header :  Bearer eyJhbGciOiJIUzUxMiJ9.eyJzdWIiOiJqYWRoYXZjb2NAZ21haWwuY29tIiwiaWF0IjoxNzA2NTIyMzM4LCJleHAiOjE3MDY1NDAzMzh9.KXpOCSqoatAWZpAE9h08cB7Um7NZvIz9oJSZsWJliRWRzzZ7YbLdAKAx-I-x8M1OMuNJlSOzhCj64gbt1KBOzg
2024-01-29 17:24:19,543 [INFO] org.springframework.web.filter.OncePerRequestFilter [http-nio-8081-exec-10]  Header :  Bearer eyJhbGciOiJIUzUxMiJ9.eyJzdWIiOiJqYWRoYXZjb2NAZ21haWwuY29tIiwiaWF0IjoxNzA2NTIyMzM4LCJleHAiOjE3MDY1NDAzMzh9.KXpOCSqoatAWZpAE9h08cB7Um7NZvIz9oJSZsWJliRWRzzZ7YbLdAKAx-I-x8M1OMuNJlSOzhCj64gbt1KBOzg
2024-01-29 17:24:19,548 [INFO] org.springframework.web.filter.OncePerRequestFilter [http-nio-8081-exec-5]  Header :  Bearer eyJhbGciOiJIUzUxMiJ9.eyJzdWIiOiJqYWRoYXZjb2NAZ21haWwuY29tIiwiaWF0IjoxNzA2NTIyMzM4LCJleHAiOjE3MDY1NDAzMzh9.KXpOCSqoatAWZpAE9h08cB7Um7NZvIz9oJSZsWJliRWRzzZ7YbLdAKAx-I-x8M1OMuNJlSOzhCj64gbt1KBOzg
2024-01-29 17:24:19,559 [INFO] org.springframework.web.filter.OncePerRequestFilter [http-nio-8081-exec-2]  Header :  Bearer eyJhbGciOiJIUzUxMiJ9.eyJzdWIiOiJqYWRoYXZjb2NAZ21haWwuY29tIiwiaWF0IjoxNzA2NTIyMzM4LCJleHAiOjE3MDY1NDAzMzh9.KXpOCSqoatAWZpAE9h08cB7Um7NZvIz9oJSZsWJliRWRzzZ7YbLdAKAx-I-x8M1OMuNJlSOzhCj64gbt1KBOzg
2024-01-29 17:24:19,574 [INFO] org.springframework.web.filter.OncePerRequestFilter [http-nio-8081-exec-3]  Header :  Bearer eyJhbGciOiJIUzUxMiJ9.eyJzdWIiOiJqYWRoYXZjb2NAZ21haWwuY29tIiwiaWF0IjoxNzA2NTIyMzM4LCJleHAiOjE3MDY1NDAzMzh9.KXpOCSqoatAWZpAE9h08cB7Um7NZvIz9oJSZsWJliRWRzzZ7YbLdAKAx-I-x8M1OMuNJlSOzhCj64gbt1KBOzg
2024-01-29 17:24:19,584 [INFO] org.springframework.web.filter.OncePerRequestFilter [http-nio-8081-exec-4]  Header :  Bearer eyJhbGciOiJIUzUxMiJ9.eyJzdWIiOiJqYWRoYXZjb2NAZ21haWwuY29tIiwiaWF0IjoxNzA2NTIyMzM4LCJleHAiOjE3MDY1NDAzMzh9.KXpOCSqoatAWZpAE9h08cB7Um7NZvIz9oJSZsWJliRWRzzZ7YbLdAKAx-I-x8M1OMuNJlSOzhCj64gbt1KBOzg
2024-01-29 17:24:28,124 [INFO] org.springframework.web.filter.OncePerRequestFilter [http-nio-8081-exec-7]  Header :  Bearer eyJhbGciOiJIUzUxMiJ9.eyJzdWIiOiJqYWRoYXZjb2NAZ21haWwuY29tIiwiaWF0IjoxNzA2NTIyMzM4LCJleHAiOjE3MDY1NDAzMzh9.KXpOCSqoatAWZpAE9h08cB7Um7NZvIz9oJSZsWJliRWRzzZ7YbLdAKAx-I-x8M1OMuNJlSOzhCj64gbt1KBOzg
2024-01-29 17:24:28,142 [INFO] com.pms.doctor.service.Impl.doctorServiceImpl [http-nio-8081-exec-7] [{id=648011f1029f637a5d28a7a7, name=Aspirin, price=50, type=Tablet, category=Aspirin is used to reduce fever}, {id=6480141f029f637a5d28a7ad, name=Amoxicillin, price=100, type=Capsule, category=Amoxicillin is a penicillin antibiotic}, {id=6480143d029f637a5d28a7af, name=Atorvastatin, price=130, type=Tablet, category=Cholesterol-lowering agent}, {id=6480144d029f637a5d28a7b0, name=Ibuprofen, price=200, type=Tablet, category=Nonsteroidal anti-inflammatory drug (NSAID)}, {id=648584915683641112507aa4, name=Paracetamol, price=120, type=Tablet, category=Pain reliever}, {id=64918f86f72e301ef847fea1, name=Lisinopril, price=80, type=Tablet, category=Antihypertensive}, {id=64918fa1f72e301ef847fea2, name=Metformin, price=70, type=Tablet, category=Antidiabetic}, {id=64a8161fded31f69977afea0, name=Cetirizine, price=60, type=Tablet, category=relieve allergy symptoms}]
2024-01-29 17:24:28,148 [INFO] org.springframework.web.filter.OncePerRequestFilter [http-nio-8081-exec-6]  Header :  Bearer eyJhbGciOiJIUzUxMiJ9.eyJzdWIiOiJqYWRoYXZjb2NAZ21haWwuY29tIiwiaWF0IjoxNzA2NTIyMzM4LCJleHAiOjE3MDY1NDAzMzh9.KXpOCSqoatAWZpAE9h08cB7Um7NZvIz9oJSZsWJliRWRzzZ7YbLdAKAx-I-x8M1OMuNJlSOzhCj64gbt1KBOzg
2024-01-29 17:24:28,165 [INFO] com.pms.doctor.service.Impl.doctorServiceImpl [http-nio-8081-exec-6] [{id=648011f1029f637a5d28a7a7, name=Aspirin, price=50, type=Tablet, category=Aspirin is used to reduce fever}, {id=6480141f029f637a5d28a7ad, name=Amoxicillin, price=100, type=Capsule, category=Amoxicillin is a penicillin antibiotic}, {id=6480143d029f637a5d28a7af, name=Atorvastatin, price=130, type=Tablet, category=Cholesterol-lowering agent}, {id=6480144d029f637a5d28a7b0, name=Ibuprofen, price=200, type=Tablet, category=Nonsteroidal anti-inflammatory drug (NSAID)}, {id=648584915683641112507aa4, name=Paracetamol, price=120, type=Tablet, category=Pain reliever}, {id=64918f86f72e301ef847fea1, name=Lisinopril, price=80, type=Tablet, category=Antihypertensive}, {id=64918fa1f72e301ef847fea2, name=Metformin, price=70, type=Tablet, category=Antidiabetic}, {id=64a8161fded31f69977afea0, name=Cetirizine, price=60, type=Tablet, category=relieve allergy symptoms}]
2024-01-29 17:24:32,058 [INFO] org.springframework.web.filter.OncePerRequestFilter [http-nio-8081-exec-9]  Header :  Bearer eyJhbGciOiJIUzUxMiJ9.eyJzdWIiOiJqYWRoYXZjb2NAZ21haWwuY29tIiwiaWF0IjoxNzA2NTIyMzM4LCJleHAiOjE3MDY1NDAzMzh9.KXpOCSqoatAWZpAE9h08cB7Um7NZvIz9oJSZsWJliRWRzzZ7YbLdAKAx-I-x8M1OMuNJlSOzhCj64gbt1KBOzg
2024-01-29 17:24:32,075 [INFO] org.springframework.web.filter.OncePerRequestFilter [http-nio-8081-exec-8]  Header :  Bearer eyJhbGciOiJIUzUxMiJ9.eyJzdWIiOiJqYWRoYXZjb2NAZ21haWwuY29tIiwiaWF0IjoxNzA2NTIyMzM4LCJleHAiOjE3MDY1NDAzMzh9.KXpOCSqoatAWZpAE9h08cB7Um7NZvIz9oJSZsWJliRWRzzZ7YbLdAKAx-I-x8M1OMuNJlSOzhCj64gbt1KBOzg
2024-01-29 17:24:33,508 [INFO] org.springframework.web.filter.OncePerRequestFilter [http-nio-8081-exec-1]  Header :  Bearer eyJhbGciOiJIUzUxMiJ9.eyJzdWIiOiJqYWRoYXZjb2NAZ21haWwuY29tIiwiaWF0IjoxNzA2NTIyMzM4LCJleHAiOjE3MDY1NDAzMzh9.KXpOCSqoatAWZpAE9h08cB7Um7NZvIz9oJSZsWJliRWRzzZ7YbLdAKAx-I-x8M1OMuNJlSOzhCj64gbt1KBOzg
2024-01-29 17:24:33,525 [INFO] org.springframework.web.filter.OncePerRequestFilter [http-nio-8081-exec-10]  Header :  Bearer eyJhbGciOiJIUzUxMiJ9.eyJzdWIiOiJqYWRoYXZjb2NAZ21haWwuY29tIiwiaWF0IjoxNzA2NTIyMzM4LCJleHAiOjE3MDY1NDAzMzh9.KXpOCSqoatAWZpAE9h08cB7Um7NZvIz9oJSZsWJliRWRzzZ7YbLdAKAx-I-x8M1OMuNJlSOzhCj64gbt1KBOzg
2024-01-29 17:24:35,012 [INFO] org.springframework.web.filter.OncePerRequestFilter [http-nio-8081-exec-5]  Header :  Bearer eyJhbGciOiJIUzUxMiJ9.eyJzdWIiOiJqYWRoYXZjb2NAZ21haWwuY29tIiwiaWF0IjoxNzA2NTIyMzM4LCJleHAiOjE3MDY1NDAzMzh9.KXpOCSqoatAWZpAE9h08cB7Um7NZvIz9oJSZsWJliRWRzzZ7YbLdAKAx-I-x8M1OMuNJlSOzhCj64gbt1KBOzg
2024-01-29 17:24:35,026 [INFO] org.springframework.web.filter.OncePerRequestFilter [http-nio-8081-exec-2]  Header :  Bearer eyJhbGciOiJIUzUxMiJ9.eyJzdWIiOiJqYWRoYXZjb2NAZ21haWwuY29tIiwiaWF0IjoxNzA2NTIyMzM4LCJleHAiOjE3MDY1NDAzMzh9.KXpOCSqoatAWZpAE9h08cB7Um7NZvIz9oJSZsWJliRWRzzZ7YbLdAKAx-I-x8M1OMuNJlSOzhCj64gbt1KBOzg
2024-01-29 17:24:35,033 [INFO] org.springframework.web.filter.OncePerRequestFilter [http-nio-8081-exec-3]  Header :  Bearer eyJhbGciOiJIUzUxMiJ9.eyJzdWIiOiJqYWRoYXZjb2NAZ21haWwuY29tIiwiaWF0IjoxNzA2NTIyMzM4LCJleHAiOjE3MDY1NDAzMzh9.KXpOCSqoatAWZpAE9h08cB7Um7NZvIz9oJSZsWJliRWRzzZ7YbLdAKAx-I-x8M1OMuNJlSOzhCj64gbt1KBOzg
2024-01-29 17:24:35,043 [INFO] org.springframework.web.filter.OncePerRequestFilter [http-nio-8081-exec-4]  Header :  Bearer eyJhbGciOiJIUzUxMiJ9.eyJzdWIiOiJqYWRoYXZjb2NAZ21haWwuY29tIiwiaWF0IjoxNzA2NTIyMzM4LCJleHAiOjE3MDY1NDAzMzh9.KXpOCSqoatAWZpAE9h08cB7Um7NZvIz9oJSZsWJliRWRzzZ7YbLdAKAx-I-x8M1OMuNJlSOzhCj64gbt1KBOzg
2024-01-29 17:24:35,048 [INFO] org.springframework.web.filter.OncePerRequestFilter [http-nio-8081-exec-7]  Header :  Bearer eyJhbGciOiJIUzUxMiJ9.eyJzdWIiOiJqYWRoYXZjb2NAZ21haWwuY29tIiwiaWF0IjoxNzA2NTIyMzM4LCJleHAiOjE3MDY1NDAzMzh9.KXpOCSqoatAWZpAE9h08cB7Um7NZvIz9oJSZsWJliRWRzzZ7YbLdAKAx-I-x8M1OMuNJlSOzhCj64gbt1KBOzg
2024-01-29 17:24:35,060 [INFO] org.springframework.web.filter.OncePerRequestFilter [http-nio-8081-exec-6]  Header :  Bearer eyJhbGciOiJIUzUxMiJ9.eyJzdWIiOiJqYWRoYXZjb2NAZ21haWwuY29tIiwiaWF0IjoxNzA2NTIyMzM4LCJleHAiOjE3MDY1NDAzMzh9.KXpOCSqoatAWZpAE9h08cB7Um7NZvIz9oJSZsWJliRWRzzZ7YbLdAKAx-I-x8M1OMuNJlSOzhCj64gbt1KBOzg
2024-01-29 17:24:35,071 [INFO] org.springframework.web.filter.OncePerRequestFilter [http-nio-8081-exec-9]  Header :  Bearer eyJhbGciOiJIUzUxMiJ9.eyJzdWIiOiJqYWRoYXZjb2NAZ21haWwuY29tIiwiaWF0IjoxNzA2NTIyMzM4LCJleHAiOjE3MDY1NDAzMzh9.KXpOCSqoatAWZpAE9h08cB7Um7NZvIz9oJSZsWJliRWRzzZ7YbLdAKAx-I-x8M1OMuNJlSOzhCj64gbt1KBOzg
2024-01-29 17:24:35,080 [INFO] org.springframework.web.filter.OncePerRequestFilter [http-nio-8081-exec-8]  Header :  Bearer eyJhbGciOiJIUzUxMiJ9.eyJzdWIiOiJqYWRoYXZjb2NAZ21haWwuY29tIiwiaWF0IjoxNzA2NTIyMzM4LCJleHAiOjE3MDY1NDAzMzh9.KXpOCSqoatAWZpAE9h08cB7Um7NZvIz9oJSZsWJliRWRzzZ7YbLdAKAx-I-x8M1OMuNJlSOzhCj64gbt1KBOzg
2024-01-29 17:25:08,401 [INFO] org.springframework.web.filter.OncePerRequestFilter [http-nio-8081-exec-1]  Header :  Bearer eyJhbGciOiJIUzUxMiJ9.eyJzdWIiOiJqYWRoYXZjb2NAZ21haWwuY29tIiwiaWF0IjoxNzA2NTIyMzM4LCJleHAiOjE3MDY1NDAzMzh9.KXpOCSqoatAWZpAE9h08cB7Um7NZvIz9oJSZsWJliRWRzzZ7YbLdAKAx-I-x8M1OMuNJlSOzhCj64gbt1KBOzg
2024-01-29 17:25:08,417 [INFO] org.springframework.web.filter.OncePerRequestFilter [http-nio-8081-exec-10]  Header :  Bearer eyJhbGciOiJIUzUxMiJ9.eyJzdWIiOiJqYWRoYXZjb2NAZ21haWwuY29tIiwiaWF0IjoxNzA2NTIyMzM4LCJleHAiOjE3MDY1NDAzMzh9.KXpOCSqoatAWZpAE9h08cB7Um7NZvIz9oJSZsWJliRWRzzZ7YbLdAKAx-I-x8M1OMuNJlSOzhCj64gbt1KBOzg
2024-01-29 17:25:08,435 [INFO] org.springframework.web.filter.OncePerRequestFilter [http-nio-8081-exec-5]  Header :  Bearer eyJhbGciOiJIUzUxMiJ9.eyJzdWIiOiJqYWRoYXZjb2NAZ21haWwuY29tIiwiaWF0IjoxNzA2NTIyMzM4LCJleHAiOjE3MDY1NDAzMzh9.KXpOCSqoatAWZpAE9h08cB7Um7NZvIz9oJSZsWJliRWRzzZ7YbLdAKAx-I-x8M1OMuNJlSOzhCj64gbt1KBOzg
2024-01-29 17:25:08,447 [INFO] org.springframework.web.filter.OncePerRequestFilter [http-nio-8081-exec-2]  Header :  Bearer eyJhbGciOiJIUzUxMiJ9.eyJzdWIiOiJqYWRoYXZjb2NAZ21haWwuY29tIiwiaWF0IjoxNzA2NTIyMzM4LCJleHAiOjE3MDY1NDAzMzh9.KXpOCSqoatAWZpAE9h08cB7Um7NZvIz9oJSZsWJliRWRzzZ7YbLdAKAx-I-x8M1OMuNJlSOzhCj64gbt1KBOzg
2024-01-29 17:25:08,454 [INFO] org.springframework.web.filter.OncePerRequestFilter [http-nio-8081-exec-3]  Header :  Bearer eyJhbGciOiJIUzUxMiJ9.eyJzdWIiOiJqYWRoYXZjb2NAZ21haWwuY29tIiwiaWF0IjoxNzA2NTIyMzM4LCJleHAiOjE3MDY1NDAzMzh9.KXpOCSqoatAWZpAE9h08cB7Um7NZvIz9oJSZsWJliRWRzzZ7YbLdAKAx-I-x8M1OMuNJlSOzhCj64gbt1KBOzg
2024-01-29 17:25:08,467 [INFO] org.springframework.web.filter.OncePerRequestFilter [http-nio-8081-exec-4]  Header :  Bearer eyJhbGciOiJIUzUxMiJ9.eyJzdWIiOiJqYWRoYXZjb2NAZ21haWwuY29tIiwiaWF0IjoxNzA2NTIyMzM4LCJleHAiOjE3MDY1NDAzMzh9.KXpOCSqoatAWZpAE9h08cB7Um7NZvIz9oJSZsWJliRWRzzZ7YbLdAKAx-I-x8M1OMuNJlSOzhCj64gbt1KBOzg
2024-01-29 17:25:08,481 [INFO] org.springframework.web.filter.OncePerRequestFilter [http-nio-8081-exec-7]  Header :  Bearer eyJhbGciOiJIUzUxMiJ9.eyJzdWIiOiJqYWRoYXZjb2NAZ21haWwuY29tIiwiaWF0IjoxNzA2NTIyMzM4LCJleHAiOjE3MDY1NDAzMzh9.KXpOCSqoatAWZpAE9h08cB7Um7NZvIz9oJSZsWJliRWRzzZ7YbLdAKAx-I-x8M1OMuNJlSOzhCj64gbt1KBOzg
2024-01-29 17:25:08,493 [INFO] org.springframework.web.filter.OncePerRequestFilter [http-nio-8081-exec-6]  Header :  Bearer eyJhbGciOiJIUzUxMiJ9.eyJzdWIiOiJqYWRoYXZjb2NAZ21haWwuY29tIiwiaWF0IjoxNzA2NTIyMzM4LCJleHAiOjE3MDY1NDAzMzh9.KXpOCSqoatAWZpAE9h08cB7Um7NZvIz9oJSZsWJliRWRzzZ7YbLdAKAx-I-x8M1OMuNJlSOzhCj64gbt1KBOzg
2024-01-29 17:25:40,581 [INFO] org.springframework.web.filter.OncePerRequestFilter [http-nio-8081-exec-8]  Header :  null
2024-01-29 17:25:40,581 [INFO] org.springframework.web.filter.OncePerRequestFilter [http-nio-8081-exec-8] Invalid Header Value !! 
2024-01-29 17:25:40,693 [INFO] org.springframework.web.filter.OncePerRequestFilter [http-nio-8081-exec-1]  Header :  Bearer eyJhbGciOiJIUzUxMiJ9.eyJzdWIiOiJteXNlbGZmb3IxMDJAZ21haWwuY29tIiwiaWF0IjoxNzA2NTI5MzQwLCJleHAiOjE3MDY1NDczNDB9.VhunehUpHErCuFnPdOIh3CkAfbm35uQu5geGNsUD7Gno4MP3imyG1PtjwUZTgdmGZixfEmQgWSswVJvZJD51LA
2024-01-29 17:25:40,708 [INFO] org.springframework.web.filter.OncePerRequestFilter [http-nio-8081-exec-10]  Header :  Bearer eyJhbGciOiJIUzUxMiJ9.eyJzdWIiOiJteXNlbGZmb3IxMDJAZ21haWwuY29tIiwiaWF0IjoxNzA2NTI5MzQwLCJleHAiOjE3MDY1NDczNDB9.VhunehUpHErCuFnPdOIh3CkAfbm35uQu5geGNsUD7Gno4MP3imyG1PtjwUZTgdmGZixfEmQgWSswVJvZJD51LA
2024-01-29 17:25:40,719 [INFO] org.springframework.web.filter.OncePerRequestFilter [http-nio-8081-exec-5]  Header :  Bearer eyJhbGciOiJIUzUxMiJ9.eyJzdWIiOiJteXNlbGZmb3IxMDJAZ21haWwuY29tIiwiaWF0IjoxNzA2NTI5MzQwLCJleHAiOjE3MDY1NDczNDB9.VhunehUpHErCuFnPdOIh3CkAfbm35uQu5geGNsUD7Gno4MP3imyG1PtjwUZTgdmGZixfEmQgWSswVJvZJD51LA
2024-01-29 17:25:40,728 [INFO] org.springframework.web.filter.OncePerRequestFilter [http-nio-8081-exec-2]  Header :  Bearer eyJhbGciOiJIUzUxMiJ9.eyJzdWIiOiJteXNlbGZmb3IxMDJAZ21haWwuY29tIiwiaWF0IjoxNzA2NTI5MzQwLCJleHAiOjE3MDY1NDczNDB9.VhunehUpHErCuFnPdOIh3CkAfbm35uQu5geGNsUD7Gno4MP3imyG1PtjwUZTgdmGZixfEmQgWSswVJvZJD51LA
2024-01-29 17:25:40,734 [INFO] org.springframework.web.filter.OncePerRequestFilter [http-nio-8081-exec-3]  Header :  Bearer eyJhbGciOiJIUzUxMiJ9.eyJzdWIiOiJteXNlbGZmb3IxMDJAZ21haWwuY29tIiwiaWF0IjoxNzA2NTI5MzQwLCJleHAiOjE3MDY1NDczNDB9.VhunehUpHErCuFnPdOIh3CkAfbm35uQu5geGNsUD7Gno4MP3imyG1PtjwUZTgdmGZixfEmQgWSswVJvZJD51LA
2024-01-29 17:25:40,744 [INFO] org.springframework.web.filter.OncePerRequestFilter [http-nio-8081-exec-4]  Header :  Bearer eyJhbGciOiJIUzUxMiJ9.eyJzdWIiOiJteXNlbGZmb3IxMDJAZ21haWwuY29tIiwiaWF0IjoxNzA2NTI5MzQwLCJleHAiOjE3MDY1NDczNDB9.VhunehUpHErCuFnPdOIh3CkAfbm35uQu5geGNsUD7Gno4MP3imyG1PtjwUZTgdmGZixfEmQgWSswVJvZJD51LA
2024-01-29 17:25:40,754 [INFO] org.springframework.web.filter.OncePerRequestFilter [http-nio-8081-exec-7]  Header :  Bearer eyJhbGciOiJIUzUxMiJ9.eyJzdWIiOiJteXNlbGZmb3IxMDJAZ21haWwuY29tIiwiaWF0IjoxNzA2NTI5MzQwLCJleHAiOjE3MDY1NDczNDB9.VhunehUpHErCuFnPdOIh3CkAfbm35uQu5geGNsUD7Gno4MP3imyG1PtjwUZTgdmGZixfEmQgWSswVJvZJD51LA
2024-01-29 17:25:40,764 [INFO] org.springframework.web.filter.OncePerRequestFilter [http-nio-8081-exec-6]  Header :  Bearer eyJhbGciOiJIUzUxMiJ9.eyJzdWIiOiJteXNlbGZmb3IxMDJAZ21haWwuY29tIiwiaWF0IjoxNzA2NTI5MzQwLCJleHAiOjE3MDY1NDczNDB9.VhunehUpHErCuFnPdOIh3CkAfbm35uQu5geGNsUD7Gno4MP3imyG1PtjwUZTgdmGZixfEmQgWSswVJvZJD51LA
2024-01-29 17:25:43,727 [INFO] org.springframework.web.filter.OncePerRequestFilter [http-nio-8081-exec-9]  Header :  Bearer eyJhbGciOiJIUzUxMiJ9.eyJzdWIiOiJteXNlbGZmb3IxMDJAZ21haWwuY29tIiwiaWF0IjoxNzA2NTI5MzQwLCJleHAiOjE3MDY1NDczNDB9.VhunehUpHErCuFnPdOIh3CkAfbm35uQu5geGNsUD7Gno4MP3imyG1PtjwUZTgdmGZixfEmQgWSswVJvZJD51LA
2024-01-29 17:25:43,743 [INFO] com.pms.doctor.service.Impl.doctorServiceImpl [http-nio-8081-exec-9] [{id=648011f1029f637a5d28a7a7, name=Aspirin, price=50, type=Tablet, category=Aspirin is used to reduce fever}, {id=6480141f029f637a5d28a7ad, name=Amoxicillin, price=100, type=Capsule, category=Amoxicillin is a penicillin antibiotic}, {id=6480143d029f637a5d28a7af, name=Atorvastatin, price=130, type=Tablet, category=Cholesterol-lowering agent}, {id=6480144d029f637a5d28a7b0, name=Ibuprofen, price=200, type=Tablet, category=Nonsteroidal anti-inflammatory drug (NSAID)}, {id=648584915683641112507aa4, name=Paracetamol, price=120, type=Tablet, category=Pain reliever}, {id=64918f86f72e301ef847fea1, name=Lisinopril, price=80, type=Tablet, category=Antihypertensive}, {id=64918fa1f72e301ef847fea2, name=Metformin, price=70, type=Tablet, category=Antidiabetic}, {id=64a8161fded31f69977afea0, name=Cetirizine, price=60, type=Tablet, category=relieve allergy symptoms}]
2024-01-29 17:25:43,750 [INFO] org.springframework.web.filter.OncePerRequestFilter [http-nio-8081-exec-8]  Header :  Bearer eyJhbGciOiJIUzUxMiJ9.eyJzdWIiOiJteXNlbGZmb3IxMDJAZ21haWwuY29tIiwiaWF0IjoxNzA2NTI5MzQwLCJleHAiOjE3MDY1NDczNDB9.VhunehUpHErCuFnPdOIh3CkAfbm35uQu5geGNsUD7Gno4MP3imyG1PtjwUZTgdmGZixfEmQgWSswVJvZJD51LA
2024-01-29 17:25:43,764 [INFO] com.pms.doctor.service.Impl.doctorServiceImpl [http-nio-8081-exec-8] [{id=648011f1029f637a5d28a7a7, name=Aspirin, price=50, type=Tablet, category=Aspirin is used to reduce fever}, {id=6480141f029f637a5d28a7ad, name=Amoxicillin, price=100, type=Capsule, category=Amoxicillin is a penicillin antibiotic}, {id=6480143d029f637a5d28a7af, name=Atorvastatin, price=130, type=Tablet, category=Cholesterol-lowering agent}, {id=6480144d029f637a5d28a7b0, name=Ibuprofen, price=200, type=Tablet, category=Nonsteroidal anti-inflammatory drug (NSAID)}, {id=648584915683641112507aa4, name=Paracetamol, price=120, type=Tablet, category=Pain reliever}, {id=64918f86f72e301ef847fea1, name=Lisinopril, price=80, type=Tablet, category=Antihypertensive}, {id=64918fa1f72e301ef847fea2, name=Metformin, price=70, type=Tablet, category=Antidiabetic}, {id=64a8161fded31f69977afea0, name=Cetirizine, price=60, type=Tablet, category=relieve allergy symptoms}]
2024-01-29 17:25:54,479 [INFO] org.springframework.web.filter.OncePerRequestFilter [http-nio-8081-exec-1]  Header :  Bearer eyJhbGciOiJIUzUxMiJ9.eyJzdWIiOiJteXNlbGZmb3IxMDJAZ21haWwuY29tIiwiaWF0IjoxNzA2NTI5MzQwLCJleHAiOjE3MDY1NDczNDB9.VhunehUpHErCuFnPdOIh3CkAfbm35uQu5geGNsUD7Gno4MP3imyG1PtjwUZTgdmGZixfEmQgWSswVJvZJD51LA
2024-01-29 17:26:12,135 [INFO] org.springframework.web.filter.OncePerRequestFilter [http-nio-8081-exec-10]  Header :  Bearer eyJhbGciOiJIUzUxMiJ9.eyJzdWIiOiJteXNlbGZmb3IxMDJAZ21haWwuY29tIiwiaWF0IjoxNzA2NTI5MzQwLCJleHAiOjE3MDY1NDczNDB9.VhunehUpHErCuFnPdOIh3CkAfbm35uQu5geGNsUD7Gno4MP3imyG1PtjwUZTgdmGZixfEmQgWSswVJvZJD51LA
2024-01-29 17:26:20,346 [INFO] org.springframework.web.filter.OncePerRequestFilter [http-nio-8081-exec-5]  Header :  Bearer eyJhbGciOiJIUzUxMiJ9.eyJzdWIiOiJteXNlbGZmb3IxMDJAZ21haWwuY29tIiwiaWF0IjoxNzA2NTI5MzQwLCJleHAiOjE3MDY1NDczNDB9.VhunehUpHErCuFnPdOIh3CkAfbm35uQu5geGNsUD7Gno4MP3imyG1PtjwUZTgdmGZixfEmQgWSswVJvZJD51LA
2024-01-29 17:26:20,361 [INFO] org.springframework.web.filter.OncePerRequestFilter [http-nio-8081-exec-2]  Header :  Bearer eyJhbGciOiJIUzUxMiJ9.eyJzdWIiOiJteXNlbGZmb3IxMDJAZ21haWwuY29tIiwiaWF0IjoxNzA2NTI5MzQwLCJleHAiOjE3MDY1NDczNDB9.VhunehUpHErCuFnPdOIh3CkAfbm35uQu5geGNsUD7Gno4MP3imyG1PtjwUZTgdmGZixfEmQgWSswVJvZJD51LA
2024-01-29 17:26:20,379 [INFO] org.springframework.web.filter.OncePerRequestFilter [http-nio-8081-exec-3]  Header :  Bearer eyJhbGciOiJIUzUxMiJ9.eyJzdWIiOiJteXNlbGZmb3IxMDJAZ21haWwuY29tIiwiaWF0IjoxNzA2NTI5MzQwLCJleHAiOjE3MDY1NDczNDB9.VhunehUpHErCuFnPdOIh3CkAfbm35uQu5geGNsUD7Gno4MP3imyG1PtjwUZTgdmGZixfEmQgWSswVJvZJD51LA
2024-01-29 17:26:20,392 [INFO] org.springframework.web.filter.OncePerRequestFilter [http-nio-8081-exec-4]  Header :  Bearer eyJhbGciOiJIUzUxMiJ9.eyJzdWIiOiJteXNlbGZmb3IxMDJAZ21haWwuY29tIiwiaWF0IjoxNzA2NTI5MzQwLCJleHAiOjE3MDY1NDczNDB9.VhunehUpHErCuFnPdOIh3CkAfbm35uQu5geGNsUD7Gno4MP3imyG1PtjwUZTgdmGZixfEmQgWSswVJvZJD51LA
2024-01-29 17:26:28,423 [INFO] org.springframework.web.filter.OncePerRequestFilter [http-nio-8081-exec-7]  Header :  Bearer eyJhbGciOiJIUzUxMiJ9.eyJzdWIiOiJteXNlbGZmb3IxMDJAZ21haWwuY29tIiwiaWF0IjoxNzA2NTI5MzQwLCJleHAiOjE3MDY1NDczNDB9.VhunehUpHErCuFnPdOIh3CkAfbm35uQu5geGNsUD7Gno4MP3imyG1PtjwUZTgdmGZixfEmQgWSswVJvZJD51LA
2024-01-29 17:26:28,438 [INFO] org.springframework.web.filter.OncePerRequestFilter [http-nio-8081-exec-6]  Header :  Bearer eyJhbGciOiJIUzUxMiJ9.eyJzdWIiOiJteXNlbGZmb3IxMDJAZ21haWwuY29tIiwiaWF0IjoxNzA2NTI5MzQwLCJleHAiOjE3MDY1NDczNDB9.VhunehUpHErCuFnPdOIh3CkAfbm35uQu5geGNsUD7Gno4MP3imyG1PtjwUZTgdmGZixfEmQgWSswVJvZJD51LA
2024-01-29 17:26:28,448 [INFO] org.springframework.web.filter.OncePerRequestFilter [http-nio-8081-exec-9]  Header :  Bearer eyJhbGciOiJIUzUxMiJ9.eyJzdWIiOiJteXNlbGZmb3IxMDJAZ21haWwuY29tIiwiaWF0IjoxNzA2NTI5MzQwLCJleHAiOjE3MDY1NDczNDB9.VhunehUpHErCuFnPdOIh3CkAfbm35uQu5geGNsUD7Gno4MP3imyG1PtjwUZTgdmGZixfEmQgWSswVJvZJD51LA
2024-01-29 17:26:28,460 [INFO] org.springframework.web.filter.OncePerRequestFilter [http-nio-8081-exec-8]  Header :  Bearer eyJhbGciOiJIUzUxMiJ9.eyJzdWIiOiJteXNlbGZmb3IxMDJAZ21haWwuY29tIiwiaWF0IjoxNzA2NTI5MzQwLCJleHAiOjE3MDY1NDczNDB9.VhunehUpHErCuFnPdOIh3CkAfbm35uQu5geGNsUD7Gno4MP3imyG1PtjwUZTgdmGZixfEmQgWSswVJvZJD51LA
2024-01-29 17:26:28,466 [INFO] org.springframework.web.filter.OncePerRequestFilter [http-nio-8081-exec-1]  Header :  Bearer eyJhbGciOiJIUzUxMiJ9.eyJzdWIiOiJteXNlbGZmb3IxMDJAZ21haWwuY29tIiwiaWF0IjoxNzA2NTI5MzQwLCJleHAiOjE3MDY1NDczNDB9.VhunehUpHErCuFnPdOIh3CkAfbm35uQu5geGNsUD7Gno4MP3imyG1PtjwUZTgdmGZixfEmQgWSswVJvZJD51LA
2024-01-29 17:26:28,475 [INFO] org.springframework.web.filter.OncePerRequestFilter [http-nio-8081-exec-10]  Header :  Bearer eyJhbGciOiJIUzUxMiJ9.eyJzdWIiOiJteXNlbGZmb3IxMDJAZ21haWwuY29tIiwiaWF0IjoxNzA2NTI5MzQwLCJleHAiOjE3MDY1NDczNDB9.VhunehUpHErCuFnPdOIh3CkAfbm35uQu5geGNsUD7Gno4MP3imyG1PtjwUZTgdmGZixfEmQgWSswVJvZJD51LA
2024-01-29 17:26:28,484 [INFO] org.springframework.web.filter.OncePerRequestFilter [http-nio-8081-exec-5]  Header :  Bearer eyJhbGciOiJIUzUxMiJ9.eyJzdWIiOiJteXNlbGZmb3IxMDJAZ21haWwuY29tIiwiaWF0IjoxNzA2NTI5MzQwLCJleHAiOjE3MDY1NDczNDB9.VhunehUpHErCuFnPdOIh3CkAfbm35uQu5geGNsUD7Gno4MP3imyG1PtjwUZTgdmGZixfEmQgWSswVJvZJD51LA
2024-01-29 17:26:28,493 [INFO] org.springframework.web.filter.OncePerRequestFilter [http-nio-8081-exec-2]  Header :  Bearer eyJhbGciOiJIUzUxMiJ9.eyJzdWIiOiJteXNlbGZmb3IxMDJAZ21haWwuY29tIiwiaWF0IjoxNzA2NTI5MzQwLCJleHAiOjE3MDY1NDczNDB9.VhunehUpHErCuFnPdOIh3CkAfbm35uQu5geGNsUD7Gno4MP3imyG1PtjwUZTgdmGZixfEmQgWSswVJvZJD51LA
2024-01-29 17:26:31,624 [INFO] org.springframework.web.filter.OncePerRequestFilter [http-nio-8081-exec-3]  Header :  Bearer eyJhbGciOiJIUzUxMiJ9.eyJzdWIiOiJteXNlbGZmb3IxMDJAZ21haWwuY29tIiwiaWF0IjoxNzA2NTI5MzQwLCJleHAiOjE3MDY1NDczNDB9.VhunehUpHErCuFnPdOIh3CkAfbm35uQu5geGNsUD7Gno4MP3imyG1PtjwUZTgdmGZixfEmQgWSswVJvZJD51LA
2024-01-29 17:26:31,637 [INFO] com.pms.doctor.service.Impl.doctorServiceImpl [http-nio-8081-exec-3] [{id=648011f1029f637a5d28a7a7, name=Aspirin, price=50, type=Tablet, category=Aspirin is used to reduce fever}, {id=6480141f029f637a5d28a7ad, name=Amoxicillin, price=100, type=Capsule, category=Amoxicillin is a penicillin antibiotic}, {id=6480143d029f637a5d28a7af, name=Atorvastatin, price=130, type=Tablet, category=Cholesterol-lowering agent}, {id=6480144d029f637a5d28a7b0, name=Ibuprofen, price=200, type=Tablet, category=Nonsteroidal anti-inflammatory drug (NSAID)}, {id=648584915683641112507aa4, name=Paracetamol, price=120, type=Tablet, category=Pain reliever}, {id=64918f86f72e301ef847fea1, name=Lisinopril, price=80, type=Tablet, category=Antihypertensive}, {id=64918fa1f72e301ef847fea2, name=Metformin, price=70, type=Tablet, category=Antidiabetic}, {id=64a8161fded31f69977afea0, name=Cetirizine, price=60, type=Tablet, category=relieve allergy symptoms}]
2024-01-29 17:26:31,644 [INFO] org.springframework.web.filter.OncePerRequestFilter [http-nio-8081-exec-4]  Header :  Bearer eyJhbGciOiJIUzUxMiJ9.eyJzdWIiOiJteXNlbGZmb3IxMDJAZ21haWwuY29tIiwiaWF0IjoxNzA2NTI5MzQwLCJleHAiOjE3MDY1NDczNDB9.VhunehUpHErCuFnPdOIh3CkAfbm35uQu5geGNsUD7Gno4MP3imyG1PtjwUZTgdmGZixfEmQgWSswVJvZJD51LA
2024-01-29 17:26:31,659 [INFO] com.pms.doctor.service.Impl.doctorServiceImpl [http-nio-8081-exec-4] [{id=648011f1029f637a5d28a7a7, name=Aspirin, price=50, type=Tablet, category=Aspirin is used to reduce fever}, {id=6480141f029f637a5d28a7ad, name=Amoxicillin, price=100, type=Capsule, category=Amoxicillin is a penicillin antibiotic}, {id=6480143d029f637a5d28a7af, name=Atorvastatin, price=130, type=Tablet, category=Cholesterol-lowering agent}, {id=6480144d029f637a5d28a7b0, name=Ibuprofen, price=200, type=Tablet, category=Nonsteroidal anti-inflammatory drug (NSAID)}, {id=648584915683641112507aa4, name=Paracetamol, price=120, type=Tablet, category=Pain reliever}, {id=64918f86f72e301ef847fea1, name=Lisinopril, price=80, type=Tablet, category=Antihypertensive}, {id=64918fa1f72e301ef847fea2, name=Metformin, price=70, type=Tablet, category=Antidiabetic}, {id=64a8161fded31f69977afea0, name=Cetirizine, price=60, type=Tablet, category=relieve allergy symptoms}]
2024-01-29 17:26:35,091 [INFO] org.springframework.web.filter.OncePerRequestFilter [http-nio-8081-exec-7]  Header :  Bearer eyJhbGciOiJIUzUxMiJ9.eyJzdWIiOiJteXNlbGZmb3IxMDJAZ21haWwuY29tIiwiaWF0IjoxNzA2NTI5MzQwLCJleHAiOjE3MDY1NDczNDB9.VhunehUpHErCuFnPdOIh3CkAfbm35uQu5geGNsUD7Gno4MP3imyG1PtjwUZTgdmGZixfEmQgWSswVJvZJD51LA
2024-01-29 17:26:35,102 [INFO] org.springframework.web.filter.OncePerRequestFilter [http-nio-8081-exec-6]  Header :  Bearer eyJhbGciOiJIUzUxMiJ9.eyJzdWIiOiJteXNlbGZmb3IxMDJAZ21haWwuY29tIiwiaWF0IjoxNzA2NTI5MzQwLCJleHAiOjE3MDY1NDczNDB9.VhunehUpHErCuFnPdOIh3CkAfbm35uQu5geGNsUD7Gno4MP3imyG1PtjwUZTgdmGZixfEmQgWSswVJvZJD51LA
2024-01-29 17:26:35,109 [INFO] org.springframework.web.filter.OncePerRequestFilter [http-nio-8081-exec-9]  Header :  Bearer eyJhbGciOiJIUzUxMiJ9.eyJzdWIiOiJteXNlbGZmb3IxMDJAZ21haWwuY29tIiwiaWF0IjoxNzA2NTI5MzQwLCJleHAiOjE3MDY1NDczNDB9.VhunehUpHErCuFnPdOIh3CkAfbm35uQu5geGNsUD7Gno4MP3imyG1PtjwUZTgdmGZixfEmQgWSswVJvZJD51LA
2024-01-29 17:26:35,118 [INFO] org.springframework.web.filter.OncePerRequestFilter [http-nio-8081-exec-8]  Header :  Bearer eyJhbGciOiJIUzUxMiJ9.eyJzdWIiOiJteXNlbGZmb3IxMDJAZ21haWwuY29tIiwiaWF0IjoxNzA2NTI5MzQwLCJleHAiOjE3MDY1NDczNDB9.VhunehUpHErCuFnPdOIh3CkAfbm35uQu5geGNsUD7Gno4MP3imyG1PtjwUZTgdmGZixfEmQgWSswVJvZJD51LA
2024-01-29 17:26:35,123 [INFO] org.springframework.web.filter.OncePerRequestFilter [http-nio-8081-exec-1]  Header :  Bearer eyJhbGciOiJIUzUxMiJ9.eyJzdWIiOiJteXNlbGZmb3IxMDJAZ21haWwuY29tIiwiaWF0IjoxNzA2NTI5MzQwLCJleHAiOjE3MDY1NDczNDB9.VhunehUpHErCuFnPdOIh3CkAfbm35uQu5geGNsUD7Gno4MP3imyG1PtjwUZTgdmGZixfEmQgWSswVJvZJD51LA
2024-01-29 17:26:35,139 [INFO] org.springframework.web.filter.OncePerRequestFilter [http-nio-8081-exec-10]  Header :  Bearer eyJhbGciOiJIUzUxMiJ9.eyJzdWIiOiJteXNlbGZmb3IxMDJAZ21haWwuY29tIiwiaWF0IjoxNzA2NTI5MzQwLCJleHAiOjE3MDY1NDczNDB9.VhunehUpHErCuFnPdOIh3CkAfbm35uQu5geGNsUD7Gno4MP3imyG1PtjwUZTgdmGZixfEmQgWSswVJvZJD51LA
2024-01-29 17:26:35,143 [INFO] org.springframework.web.filter.OncePerRequestFilter [http-nio-8081-exec-5]  Header :  Bearer eyJhbGciOiJIUzUxMiJ9.eyJzdWIiOiJteXNlbGZmb3IxMDJAZ21haWwuY29tIiwiaWF0IjoxNzA2NTI5MzQwLCJleHAiOjE3MDY1NDczNDB9.VhunehUpHErCuFnPdOIh3CkAfbm35uQu5geGNsUD7Gno4MP3imyG1PtjwUZTgdmGZixfEmQgWSswVJvZJD51LA
2024-01-29 17:26:35,154 [INFO] org.springframework.web.filter.OncePerRequestFilter [http-nio-8081-exec-2]  Header :  Bearer eyJhbGciOiJIUzUxMiJ9.eyJzdWIiOiJteXNlbGZmb3IxMDJAZ21haWwuY29tIiwiaWF0IjoxNzA2NTI5MzQwLCJleHAiOjE3MDY1NDczNDB9.VhunehUpHErCuFnPdOIh3CkAfbm35uQu5geGNsUD7Gno4MP3imyG1PtjwUZTgdmGZixfEmQgWSswVJvZJD51LA
2024-01-29 17:28:56,467 [INFO] com.netflix.discovery.shared.resolver.aws.ConfigClusterResolver [AsyncResolver-bootstrap-executor-0] Resolving eureka endpoints via configuration
2024-01-29 17:29:20,025 [INFO] org.springframework.web.filter.OncePerRequestFilter [http-nio-8081-exec-6]  Header :  null
2024-01-29 17:29:20,025 [INFO] org.springframework.web.filter.OncePerRequestFilter [http-nio-8081-exec-6] Invalid Header Value !! 
2024-01-29 17:33:56,480 [INFO] com.netflix.discovery.shared.resolver.aws.ConfigClusterResolver [AsyncResolver-bootstrap-executor-0] Resolving eureka endpoints via configuration
2024-01-29 17:36:47,959 [INFO] org.springframework.web.filter.OncePerRequestFilter [http-nio-8081-exec-8]  Header :  null
2024-01-29 17:36:47,960 [INFO] org.springframework.web.filter.OncePerRequestFilter [http-nio-8081-exec-8] Invalid Header Value !! 
2024-01-29 17:38:00,703 [INFO] org.springframework.web.filter.OncePerRequestFilter [http-nio-8081-exec-10]  Header :  null
2024-01-29 17:38:00,703 [INFO] org.springframework.web.filter.OncePerRequestFilter [http-nio-8081-exec-10] Invalid Header Value !! 
2024-01-29 17:38:40,922 [INFO] org.springframework.web.filter.OncePerRequestFilter [http-nio-8081-exec-2]  Header :  null
2024-01-29 17:38:40,922 [INFO] org.springframework.web.filter.OncePerRequestFilter [http-nio-8081-exec-2] Invalid Header Value !! 
2024-01-29 17:38:41,083 [WARN] org.springframework.web.servlet.mvc.method.annotation.ExceptionHandlerExceptionResolver [http-nio-8081-exec-2] Resolved [org.springframework.security.authentication.BadCredentialsException:  Invalid Username or Password  !!]
2024-01-29 17:38:56,481 [INFO] com.netflix.discovery.shared.resolver.aws.ConfigClusterResolver [AsyncResolver-bootstrap-executor-0] Resolving eureka endpoints via configuration
2024-01-29 17:39:29,053 [INFO] org.springframework.web.filter.OncePerRequestFilter [http-nio-8081-exec-7]  Header :  null
2024-01-29 17:39:29,053 [INFO] org.springframework.web.filter.OncePerRequestFilter [http-nio-8081-exec-7] Invalid Header Value !! 
2024-01-29 17:42:23,873 [INFO] org.springframework.web.filter.OncePerRequestFilter [http-nio-8081-exec-8]  Header :  null
2024-01-29 17:42:23,874 [INFO] org.springframework.web.filter.OncePerRequestFilter [http-nio-8081-exec-8] Invalid Header Value !! 
2024-01-29 17:43:51,256 [INFO] org.springframework.web.filter.OncePerRequestFilter [http-nio-8081-exec-5]  Header :  null
2024-01-29 17:43:51,256 [INFO] org.springframework.web.filter.OncePerRequestFilter [http-nio-8081-exec-5] Invalid Header Value !! 
2024-01-29 17:43:56,496 [INFO] com.netflix.discovery.shared.resolver.aws.ConfigClusterResolver [AsyncResolver-bootstrap-executor-0] Resolving eureka endpoints via configuration
2024-01-29 17:48:50,346 [INFO] org.springframework.web.filter.OncePerRequestFilter [http-nio-8081-exec-4]  Header :  null
2024-01-29 17:48:50,347 [INFO] org.springframework.web.filter.OncePerRequestFilter [http-nio-8081-exec-4] Invalid Header Value !! 
2024-01-29 17:48:56,507 [INFO] com.netflix.discovery.shared.resolver.aws.ConfigClusterResolver [AsyncResolver-bootstrap-executor-0] Resolving eureka endpoints via configuration
2024-01-29 17:49:07,986 [INFO] org.springframework.web.filter.OncePerRequestFilter [http-nio-8081-exec-6]  Header :  null
2024-01-29 17:49:07,986 [INFO] org.springframework.web.filter.OncePerRequestFilter [http-nio-8081-exec-6] Invalid Header Value !! 
2024-01-29 17:49:08,065 [WARN] org.springframework.web.servlet.mvc.method.annotation.ExceptionHandlerExceptionResolver [http-nio-8081-exec-6] Resolved [org.springframework.security.authentication.BadCredentialsException:  Invalid Username or Password  !!]
2024-01-29 17:50:03,123 [INFO] org.springframework.web.filter.OncePerRequestFilter [http-nio-8081-exec-8]  Header :  null
2024-01-29 17:50:03,123 [INFO] org.springframework.web.filter.OncePerRequestFilter [http-nio-8081-exec-8] Invalid Header Value !! 
2024-01-29 17:50:03,205 [WARN] org.springframework.web.servlet.mvc.method.annotation.ExceptionHandlerExceptionResolver [http-nio-8081-exec-8] Resolved [org.springframework.security.authentication.BadCredentialsException:  Invalid Username or Password  !!]
2024-01-29 17:51:07,230 [INFO] org.springframework.web.filter.OncePerRequestFilter [http-nio-8081-exec-5]  Header :  null
2024-01-29 17:51:07,231 [INFO] org.springframework.web.filter.OncePerRequestFilter [http-nio-8081-exec-5] Invalid Header Value !! 
2024-01-29 17:51:07,310 [WARN] org.springframework.web.servlet.mvc.method.annotation.ExceptionHandlerExceptionResolver [http-nio-8081-exec-5] Resolved [org.springframework.security.authentication.BadCredentialsException:  Invalid Username or Password  !!]
2024-01-29 17:51:14,714 [INFO] org.springframework.web.filter.OncePerRequestFilter [http-nio-8081-exec-3]  Header :  null
2024-01-29 17:51:14,714 [INFO] org.springframework.web.filter.OncePerRequestFilter [http-nio-8081-exec-3] Invalid Header Value !! 
2024-01-29 17:51:14,853 [INFO] org.springframework.web.filter.OncePerRequestFilter [http-nio-8081-exec-4]  Header :  Bearer eyJhbGciOiJIUzUxMiJ9.eyJzdWIiOiJteXNlbGZmb3IxMDJAZ21haWwuY29tIiwiaWF0IjoxNzA2NTMwODc0LCJleHAiOjE3MDY1NDg4NzR9.BWo6r-QtU1kxJtLku0KttP_uyLezD-h6dwfbUMsO7fDDqOlcP7DRA7_--nmTXglndE2htRsBi1GEBIreqeWqEg
2024-01-29 17:51:14,870 [INFO] org.springframework.web.filter.OncePerRequestFilter [http-nio-8081-exec-7]  Header :  Bearer eyJhbGciOiJIUzUxMiJ9.eyJzdWIiOiJteXNlbGZmb3IxMDJAZ21haWwuY29tIiwiaWF0IjoxNzA2NTMwODc0LCJleHAiOjE3MDY1NDg4NzR9.BWo6r-QtU1kxJtLku0KttP_uyLezD-h6dwfbUMsO7fDDqOlcP7DRA7_--nmTXglndE2htRsBi1GEBIreqeWqEg
2024-01-29 17:51:14,878 [INFO] org.springframework.web.filter.OncePerRequestFilter [http-nio-8081-exec-6]  Header :  Bearer eyJhbGciOiJIUzUxMiJ9.eyJzdWIiOiJteXNlbGZmb3IxMDJAZ21haWwuY29tIiwiaWF0IjoxNzA2NTMwODc0LCJleHAiOjE3MDY1NDg4NzR9.BWo6r-QtU1kxJtLku0KttP_uyLezD-h6dwfbUMsO7fDDqOlcP7DRA7_--nmTXglndE2htRsBi1GEBIreqeWqEg
2024-01-29 17:51:14,891 [INFO] org.springframework.web.filter.OncePerRequestFilter [http-nio-8081-exec-9]  Header :  Bearer eyJhbGciOiJIUzUxMiJ9.eyJzdWIiOiJteXNlbGZmb3IxMDJAZ21haWwuY29tIiwiaWF0IjoxNzA2NTMwODc0LCJleHAiOjE3MDY1NDg4NzR9.BWo6r-QtU1kxJtLku0KttP_uyLezD-h6dwfbUMsO7fDDqOlcP7DRA7_--nmTXglndE2htRsBi1GEBIreqeWqEg
2024-01-29 17:51:14,900 [INFO] org.springframework.web.filter.OncePerRequestFilter [http-nio-8081-exec-8]  Header :  Bearer eyJhbGciOiJIUzUxMiJ9.eyJzdWIiOiJteXNlbGZmb3IxMDJAZ21haWwuY29tIiwiaWF0IjoxNzA2NTMwODc0LCJleHAiOjE3MDY1NDg4NzR9.BWo6r-QtU1kxJtLku0KttP_uyLezD-h6dwfbUMsO7fDDqOlcP7DRA7_--nmTXglndE2htRsBi1GEBIreqeWqEg
2024-01-29 17:51:14,911 [INFO] org.springframework.web.filter.OncePerRequestFilter [http-nio-8081-exec-1]  Header :  Bearer eyJhbGciOiJIUzUxMiJ9.eyJzdWIiOiJteXNlbGZmb3IxMDJAZ21haWwuY29tIiwiaWF0IjoxNzA2NTMwODc0LCJleHAiOjE3MDY1NDg4NzR9.BWo6r-QtU1kxJtLku0KttP_uyLezD-h6dwfbUMsO7fDDqOlcP7DRA7_--nmTXglndE2htRsBi1GEBIreqeWqEg
2024-01-29 17:51:14,923 [INFO] org.springframework.web.filter.OncePerRequestFilter [http-nio-8081-exec-10]  Header :  Bearer eyJhbGciOiJIUzUxMiJ9.eyJzdWIiOiJteXNlbGZmb3IxMDJAZ21haWwuY29tIiwiaWF0IjoxNzA2NTMwODc0LCJleHAiOjE3MDY1NDg4NzR9.BWo6r-QtU1kxJtLku0KttP_uyLezD-h6dwfbUMsO7fDDqOlcP7DRA7_--nmTXglndE2htRsBi1GEBIreqeWqEg
2024-01-29 17:51:14,933 [INFO] org.springframework.web.filter.OncePerRequestFilter [http-nio-8081-exec-5]  Header :  Bearer eyJhbGciOiJIUzUxMiJ9.eyJzdWIiOiJteXNlbGZmb3IxMDJAZ21haWwuY29tIiwiaWF0IjoxNzA2NTMwODc0LCJleHAiOjE3MDY1NDg4NzR9.BWo6r-QtU1kxJtLku0KttP_uyLezD-h6dwfbUMsO7fDDqOlcP7DRA7_--nmTXglndE2htRsBi1GEBIreqeWqEg
2024-01-29 17:51:18,541 [INFO] org.springframework.web.filter.OncePerRequestFilter [http-nio-8081-exec-2]  Header :  Bearer eyJhbGciOiJIUzUxMiJ9.eyJzdWIiOiJteXNlbGZmb3IxMDJAZ21haWwuY29tIiwiaWF0IjoxNzA2NTMwODc0LCJleHAiOjE3MDY1NDg4NzR9.BWo6r-QtU1kxJtLku0KttP_uyLezD-h6dwfbUMsO7fDDqOlcP7DRA7_--nmTXglndE2htRsBi1GEBIreqeWqEg
2024-01-29 17:51:18,573 [INFO] com.pms.doctor.service.Impl.doctorServiceImpl [http-nio-8081-exec-2] [{id=648011f1029f637a5d28a7a7, name=Aspirin, price=50, type=Tablet, category=Aspirin is used to reduce fever}, {id=6480141f029f637a5d28a7ad, name=Amoxicillin, price=100, type=Capsule, category=Amoxicillin is a penicillin antibiotic}, {id=6480143d029f637a5d28a7af, name=Atorvastatin, price=130, type=Tablet, category=Cholesterol-lowering agent}, {id=6480144d029f637a5d28a7b0, name=Ibuprofen, price=200, type=Tablet, category=Nonsteroidal anti-inflammatory drug (NSAID)}, {id=648584915683641112507aa4, name=Paracetamol, price=120, type=Tablet, category=Pain reliever}, {id=64918f86f72e301ef847fea1, name=Lisinopril, price=80, type=Tablet, category=Antihypertensive}, {id=64918fa1f72e301ef847fea2, name=Metformin, price=70, type=Tablet, category=Antidiabetic}, {id=64a8161fded31f69977afea0, name=Cetirizine, price=60, type=Tablet, category=relieve allergy symptoms}]
2024-01-29 17:51:18,581 [INFO] org.springframework.web.filter.OncePerRequestFilter [http-nio-8081-exec-3]  Header :  Bearer eyJhbGciOiJIUzUxMiJ9.eyJzdWIiOiJteXNlbGZmb3IxMDJAZ21haWwuY29tIiwiaWF0IjoxNzA2NTMwODc0LCJleHAiOjE3MDY1NDg4NzR9.BWo6r-QtU1kxJtLku0KttP_uyLezD-h6dwfbUMsO7fDDqOlcP7DRA7_--nmTXglndE2htRsBi1GEBIreqeWqEg
2024-01-29 17:51:18,594 [INFO] com.pms.doctor.service.Impl.doctorServiceImpl [http-nio-8081-exec-3] [{id=648011f1029f637a5d28a7a7, name=Aspirin, price=50, type=Tablet, category=Aspirin is used to reduce fever}, {id=6480141f029f637a5d28a7ad, name=Amoxicillin, price=100, type=Capsule, category=Amoxicillin is a penicillin antibiotic}, {id=6480143d029f637a5d28a7af, name=Atorvastatin, price=130, type=Tablet, category=Cholesterol-lowering agent}, {id=6480144d029f637a5d28a7b0, name=Ibuprofen, price=200, type=Tablet, category=Nonsteroidal anti-inflammatory drug (NSAID)}, {id=648584915683641112507aa4, name=Paracetamol, price=120, type=Tablet, category=Pain reliever}, {id=64918f86f72e301ef847fea1, name=Lisinopril, price=80, type=Tablet, category=Antihypertensive}, {id=64918fa1f72e301ef847fea2, name=Metformin, price=70, type=Tablet, category=Antidiabetic}, {id=64a8161fded31f69977afea0, name=Cetirizine, price=60, type=Tablet, category=relieve allergy symptoms}]
2024-01-29 17:51:55,782 [INFO] org.springframework.web.filter.OncePerRequestFilter [http-nio-8081-exec-4]  Header :  Bearer eyJhbGciOiJIUzUxMiJ9.eyJzdWIiOiJteXNlbGZmb3IxMDJAZ21haWwuY29tIiwiaWF0IjoxNzA2NTMwODc0LCJleHAiOjE3MDY1NDg4NzR9.BWo6r-QtU1kxJtLku0KttP_uyLezD-h6dwfbUMsO7fDDqOlcP7DRA7_--nmTXglndE2htRsBi1GEBIreqeWqEg
2024-01-29 17:52:10,461 [INFO] org.springframework.web.filter.OncePerRequestFilter [http-nio-8081-exec-7]  Header :  Bearer eyJhbGciOiJIUzUxMiJ9.eyJzdWIiOiJteXNlbGZmb3IxMDJAZ21haWwuY29tIiwiaWF0IjoxNzA2NTMwODc0LCJleHAiOjE3MDY1NDg4NzR9.BWo6r-QtU1kxJtLku0KttP_uyLezD-h6dwfbUMsO7fDDqOlcP7DRA7_--nmTXglndE2htRsBi1GEBIreqeWqEg
2024-01-29 17:52:10,482 [INFO] org.springframework.web.filter.OncePerRequestFilter [http-nio-8081-exec-6]  Header :  Bearer eyJhbGciOiJIUzUxMiJ9.eyJzdWIiOiJteXNlbGZmb3IxMDJAZ21haWwuY29tIiwiaWF0IjoxNzA2NTMwODc0LCJleHAiOjE3MDY1NDg4NzR9.BWo6r-QtU1kxJtLku0KttP_uyLezD-h6dwfbUMsO7fDDqOlcP7DRA7_--nmTXglndE2htRsBi1GEBIreqeWqEg
2024-01-29 17:52:10,483 [INFO] org.springframework.web.filter.OncePerRequestFilter [http-nio-8081-exec-9]  Header :  Bearer eyJhbGciOiJIUzUxMiJ9.eyJzdWIiOiJteXNlbGZmb3IxMDJAZ21haWwuY29tIiwiaWF0IjoxNzA2NTMwODc0LCJleHAiOjE3MDY1NDg4NzR9.BWo6r-QtU1kxJtLku0KttP_uyLezD-h6dwfbUMsO7fDDqOlcP7DRA7_--nmTXglndE2htRsBi1GEBIreqeWqEg
2024-01-29 17:52:10,503 [INFO] org.springframework.web.filter.OncePerRequestFilter [http-nio-8081-exec-8]  Header :  Bearer eyJhbGciOiJIUzUxMiJ9.eyJzdWIiOiJteXNlbGZmb3IxMDJAZ21haWwuY29tIiwiaWF0IjoxNzA2NTMwODc0LCJleHAiOjE3MDY1NDg4NzR9.BWo6r-QtU1kxJtLku0KttP_uyLezD-h6dwfbUMsO7fDDqOlcP7DRA7_--nmTXglndE2htRsBi1GEBIreqeWqEg
2024-01-29 17:52:18,519 [INFO] org.springframework.web.filter.OncePerRequestFilter [http-nio-8081-exec-10]  Header :  Bearer eyJhbGciOiJIUzUxMiJ9.eyJzdWIiOiJteXNlbGZmb3IxMDJAZ21haWwuY29tIiwiaWF0IjoxNzA2NTMwODc0LCJleHAiOjE3MDY1NDg4NzR9.BWo6r-QtU1kxJtLku0KttP_uyLezD-h6dwfbUMsO7fDDqOlcP7DRA7_--nmTXglndE2htRsBi1GEBIreqeWqEg
2024-01-29 17:52:18,531 [INFO] org.springframework.web.filter.OncePerRequestFilter [http-nio-8081-exec-5]  Header :  Bearer eyJhbGciOiJIUzUxMiJ9.eyJzdWIiOiJteXNlbGZmb3IxMDJAZ21haWwuY29tIiwiaWF0IjoxNzA2NTMwODc0LCJleHAiOjE3MDY1NDg4NzR9.BWo6r-QtU1kxJtLku0KttP_uyLezD-h6dwfbUMsO7fDDqOlcP7DRA7_--nmTXglndE2htRsBi1GEBIreqeWqEg
2024-01-29 17:52:18,539 [INFO] org.springframework.web.filter.OncePerRequestFilter [http-nio-8081-exec-2]  Header :  Bearer eyJhbGciOiJIUzUxMiJ9.eyJzdWIiOiJteXNlbGZmb3IxMDJAZ21haWwuY29tIiwiaWF0IjoxNzA2NTMwODc0LCJleHAiOjE3MDY1NDg4NzR9.BWo6r-QtU1kxJtLku0KttP_uyLezD-h6dwfbUMsO7fDDqOlcP7DRA7_--nmTXglndE2htRsBi1GEBIreqeWqEg
2024-01-29 17:52:18,556 [INFO] org.springframework.web.filter.OncePerRequestFilter [http-nio-8081-exec-3]  Header :  Bearer eyJhbGciOiJIUzUxMiJ9.eyJzdWIiOiJteXNlbGZmb3IxMDJAZ21haWwuY29tIiwiaWF0IjoxNzA2NTMwODc0LCJleHAiOjE3MDY1NDg4NzR9.BWo6r-QtU1kxJtLku0KttP_uyLezD-h6dwfbUMsO7fDDqOlcP7DRA7_--nmTXglndE2htRsBi1GEBIreqeWqEg
2024-01-29 17:52:18,567 [INFO] org.springframework.web.filter.OncePerRequestFilter [http-nio-8081-exec-4]  Header :  Bearer eyJhbGciOiJIUzUxMiJ9.eyJzdWIiOiJteXNlbGZmb3IxMDJAZ21haWwuY29tIiwiaWF0IjoxNzA2NTMwODc0LCJleHAiOjE3MDY1NDg4NzR9.BWo6r-QtU1kxJtLku0KttP_uyLezD-h6dwfbUMsO7fDDqOlcP7DRA7_--nmTXglndE2htRsBi1GEBIreqeWqEg
2024-01-29 17:52:18,579 [INFO] org.springframework.web.filter.OncePerRequestFilter [http-nio-8081-exec-7]  Header :  Bearer eyJhbGciOiJIUzUxMiJ9.eyJzdWIiOiJteXNlbGZmb3IxMDJAZ21haWwuY29tIiwiaWF0IjoxNzA2NTMwODc0LCJleHAiOjE3MDY1NDg4NzR9.BWo6r-QtU1kxJtLku0KttP_uyLezD-h6dwfbUMsO7fDDqOlcP7DRA7_--nmTXglndE2htRsBi1GEBIreqeWqEg
2024-01-29 17:52:18,592 [INFO] org.springframework.web.filter.OncePerRequestFilter [http-nio-8081-exec-6]  Header :  Bearer eyJhbGciOiJIUzUxMiJ9.eyJzdWIiOiJteXNlbGZmb3IxMDJAZ21haWwuY29tIiwiaWF0IjoxNzA2NTMwODc0LCJleHAiOjE3MDY1NDg4NzR9.BWo6r-QtU1kxJtLku0KttP_uyLezD-h6dwfbUMsO7fDDqOlcP7DRA7_--nmTXglndE2htRsBi1GEBIreqeWqEg
2024-01-29 17:52:18,676 [INFO] org.springframework.web.filter.OncePerRequestFilter [http-nio-8081-exec-9]  Header :  Bearer eyJhbGciOiJIUzUxMiJ9.eyJzdWIiOiJteXNlbGZmb3IxMDJAZ21haWwuY29tIiwiaWF0IjoxNzA2NTMwODc0LCJleHAiOjE3MDY1NDg4NzR9.BWo6r-QtU1kxJtLku0KttP_uyLezD-h6dwfbUMsO7fDDqOlcP7DRA7_--nmTXglndE2htRsBi1GEBIreqeWqEg
2024-01-29 17:52:23,888 [INFO] org.springframework.web.filter.OncePerRequestFilter [http-nio-8081-exec-8]  Header :  Bearer eyJhbGciOiJIUzUxMiJ9.eyJzdWIiOiJteXNlbGZmb3IxMDJAZ21haWwuY29tIiwiaWF0IjoxNzA2NTMwODc0LCJleHAiOjE3MDY1NDg4NzR9.BWo6r-QtU1kxJtLku0KttP_uyLezD-h6dwfbUMsO7fDDqOlcP7DRA7_--nmTXglndE2htRsBi1GEBIreqeWqEg
2024-01-29 17:52:24,075 [INFO] org.springframework.web.filter.OncePerRequestFilter [http-nio-8081-exec-1]  Header :  Bearer eyJhbGciOiJIUzUxMiJ9.eyJzdWIiOiJteXNlbGZmb3IxMDJAZ21haWwuY29tIiwiaWF0IjoxNzA2NTMwODc0LCJleHAiOjE3MDY1NDg4NzR9.BWo6r-QtU1kxJtLku0KttP_uyLezD-h6dwfbUMsO7fDDqOlcP7DRA7_--nmTXglndE2htRsBi1GEBIreqeWqEg
2024-01-29 17:52:25,928 [INFO] org.springframework.web.filter.OncePerRequestFilter [http-nio-8081-exec-10]  Header :  Bearer eyJhbGciOiJIUzUxMiJ9.eyJzdWIiOiJteXNlbGZmb3IxMDJAZ21haWwuY29tIiwiaWF0IjoxNzA2NTMwODc0LCJleHAiOjE3MDY1NDg4NzR9.BWo6r-QtU1kxJtLku0KttP_uyLezD-h6dwfbUMsO7fDDqOlcP7DRA7_--nmTXglndE2htRsBi1GEBIreqeWqEg
2024-01-29 17:52:25,941 [INFO] org.springframework.web.filter.OncePerRequestFilter [http-nio-8081-exec-5]  Header :  Bearer eyJhbGciOiJIUzUxMiJ9.eyJzdWIiOiJteXNlbGZmb3IxMDJAZ21haWwuY29tIiwiaWF0IjoxNzA2NTMwODc0LCJleHAiOjE3MDY1NDg4NzR9.BWo6r-QtU1kxJtLku0KttP_uyLezD-h6dwfbUMsO7fDDqOlcP7DRA7_--nmTXglndE2htRsBi1GEBIreqeWqEg
2024-01-29 17:52:25,947 [INFO] org.springframework.web.filter.OncePerRequestFilter [http-nio-8081-exec-2]  Header :  Bearer eyJhbGciOiJIUzUxMiJ9.eyJzdWIiOiJteXNlbGZmb3IxMDJAZ21haWwuY29tIiwiaWF0IjoxNzA2NTMwODc0LCJleHAiOjE3MDY1NDg4NzR9.BWo6r-QtU1kxJtLku0KttP_uyLezD-h6dwfbUMsO7fDDqOlcP7DRA7_--nmTXglndE2htRsBi1GEBIreqeWqEg
2024-01-29 17:52:25,961 [INFO] org.springframework.web.filter.OncePerRequestFilter [http-nio-8081-exec-3]  Header :  Bearer eyJhbGciOiJIUzUxMiJ9.eyJzdWIiOiJteXNlbGZmb3IxMDJAZ21haWwuY29tIiwiaWF0IjoxNzA2NTMwODc0LCJleHAiOjE3MDY1NDg4NzR9.BWo6r-QtU1kxJtLku0KttP_uyLezD-h6dwfbUMsO7fDDqOlcP7DRA7_--nmTXglndE2htRsBi1GEBIreqeWqEg
2024-01-29 17:52:25,968 [INFO] org.springframework.web.filter.OncePerRequestFilter [http-nio-8081-exec-4]  Header :  Bearer eyJhbGciOiJIUzUxMiJ9.eyJzdWIiOiJteXNlbGZmb3IxMDJAZ21haWwuY29tIiwiaWF0IjoxNzA2NTMwODc0LCJleHAiOjE3MDY1NDg4NzR9.BWo6r-QtU1kxJtLku0KttP_uyLezD-h6dwfbUMsO7fDDqOlcP7DRA7_--nmTXglndE2htRsBi1GEBIreqeWqEg
2024-01-29 17:52:25,978 [INFO] org.springframework.web.filter.OncePerRequestFilter [http-nio-8081-exec-7]  Header :  Bearer eyJhbGciOiJIUzUxMiJ9.eyJzdWIiOiJteXNlbGZmb3IxMDJAZ21haWwuY29tIiwiaWF0IjoxNzA2NTMwODc0LCJleHAiOjE3MDY1NDg4NzR9.BWo6r-QtU1kxJtLku0KttP_uyLezD-h6dwfbUMsO7fDDqOlcP7DRA7_--nmTXglndE2htRsBi1GEBIreqeWqEg
2024-01-29 17:52:25,991 [INFO] org.springframework.web.filter.OncePerRequestFilter [http-nio-8081-exec-6]  Header :  Bearer eyJhbGciOiJIUzUxMiJ9.eyJzdWIiOiJteXNlbGZmb3IxMDJAZ21haWwuY29tIiwiaWF0IjoxNzA2NTMwODc0LCJleHAiOjE3MDY1NDg4NzR9.BWo6r-QtU1kxJtLku0KttP_uyLezD-h6dwfbUMsO7fDDqOlcP7DRA7_--nmTXglndE2htRsBi1GEBIreqeWqEg
2024-01-29 17:52:26,006 [INFO] org.springframework.web.filter.OncePerRequestFilter [http-nio-8081-exec-9]  Header :  Bearer eyJhbGciOiJIUzUxMiJ9.eyJzdWIiOiJteXNlbGZmb3IxMDJAZ21haWwuY29tIiwiaWF0IjoxNzA2NTMwODc0LCJleHAiOjE3MDY1NDg4NzR9.BWo6r-QtU1kxJtLku0KttP_uyLezD-h6dwfbUMsO7fDDqOlcP7DRA7_--nmTXglndE2htRsBi1GEBIreqeWqEg
2024-01-29 17:52:26,704 [INFO] org.springframework.web.filter.OncePerRequestFilter [http-nio-8081-exec-8]  Header :  Bearer eyJhbGciOiJIUzUxMiJ9.eyJzdWIiOiJteXNlbGZmb3IxMDJAZ21haWwuY29tIiwiaWF0IjoxNzA2NTMwODc0LCJleHAiOjE3MDY1NDg4NzR9.BWo6r-QtU1kxJtLku0KttP_uyLezD-h6dwfbUMsO7fDDqOlcP7DRA7_--nmTXglndE2htRsBi1GEBIreqeWqEg
2024-01-29 17:52:26,724 [INFO] com.pms.doctor.service.Impl.doctorServiceImpl [http-nio-8081-exec-8] [{id=648011f1029f637a5d28a7a7, name=Aspirin, price=50, type=Tablet, category=Aspirin is used to reduce fever}, {id=6480141f029f637a5d28a7ad, name=Amoxicillin, price=100, type=Capsule, category=Amoxicillin is a penicillin antibiotic}, {id=6480143d029f637a5d28a7af, name=Atorvastatin, price=130, type=Tablet, category=Cholesterol-lowering agent}, {id=6480144d029f637a5d28a7b0, name=Ibuprofen, price=200, type=Tablet, category=Nonsteroidal anti-inflammatory drug (NSAID)}, {id=648584915683641112507aa4, name=Paracetamol, price=120, type=Tablet, category=Pain reliever}, {id=64918f86f72e301ef847fea1, name=Lisinopril, price=80, type=Tablet, category=Antihypertensive}, {id=64918fa1f72e301ef847fea2, name=Metformin, price=70, type=Tablet, category=Antidiabetic}, {id=64a8161fded31f69977afea0, name=Cetirizine, price=60, type=Tablet, category=relieve allergy symptoms}]
2024-01-29 17:52:26,768 [INFO] org.springframework.web.filter.OncePerRequestFilter [http-nio-8081-exec-1]  Header :  Bearer eyJhbGciOiJIUzUxMiJ9.eyJzdWIiOiJteXNlbGZmb3IxMDJAZ21haWwuY29tIiwiaWF0IjoxNzA2NTMwODc0LCJleHAiOjE3MDY1NDg4NzR9.BWo6r-QtU1kxJtLku0KttP_uyLezD-h6dwfbUMsO7fDDqOlcP7DRA7_--nmTXglndE2htRsBi1GEBIreqeWqEg
2024-01-29 17:52:26,782 [INFO] com.pms.doctor.service.Impl.doctorServiceImpl [http-nio-8081-exec-1] [{id=648011f1029f637a5d28a7a7, name=Aspirin, price=50, type=Tablet, category=Aspirin is used to reduce fever}, {id=6480141f029f637a5d28a7ad, name=Amoxicillin, price=100, type=Capsule, category=Amoxicillin is a penicillin antibiotic}, {id=6480143d029f637a5d28a7af, name=Atorvastatin, price=130, type=Tablet, category=Cholesterol-lowering agent}, {id=6480144d029f637a5d28a7b0, name=Ibuprofen, price=200, type=Tablet, category=Nonsteroidal anti-inflammatory drug (NSAID)}, {id=648584915683641112507aa4, name=Paracetamol, price=120, type=Tablet, category=Pain reliever}, {id=64918f86f72e301ef847fea1, name=Lisinopril, price=80, type=Tablet, category=Antihypertensive}, {id=64918fa1f72e301ef847fea2, name=Metformin, price=70, type=Tablet, category=Antidiabetic}, {id=64a8161fded31f69977afea0, name=Cetirizine, price=60, type=Tablet, category=relieve allergy symptoms}]
2024-01-29 17:52:28,702 [INFO] org.springframework.web.filter.OncePerRequestFilter [http-nio-8081-exec-10]  Header :  Bearer eyJhbGciOiJIUzUxMiJ9.eyJzdWIiOiJteXNlbGZmb3IxMDJAZ21haWwuY29tIiwiaWF0IjoxNzA2NTMwODc0LCJleHAiOjE3MDY1NDg4NzR9.BWo6r-QtU1kxJtLku0KttP_uyLezD-h6dwfbUMsO7fDDqOlcP7DRA7_--nmTXglndE2htRsBi1GEBIreqeWqEg
2024-01-29 17:52:28,712 [INFO] org.springframework.web.filter.OncePerRequestFilter [http-nio-8081-exec-5]  Header :  Bearer eyJhbGciOiJIUzUxMiJ9.eyJzdWIiOiJteXNlbGZmb3IxMDJAZ21haWwuY29tIiwiaWF0IjoxNzA2NTMwODc0LCJleHAiOjE3MDY1NDg4NzR9.BWo6r-QtU1kxJtLku0KttP_uyLezD-h6dwfbUMsO7fDDqOlcP7DRA7_--nmTXglndE2htRsBi1GEBIreqeWqEg
2024-01-29 17:52:28,728 [INFO] org.springframework.web.filter.OncePerRequestFilter [http-nio-8081-exec-2]  Header :  Bearer eyJhbGciOiJIUzUxMiJ9.eyJzdWIiOiJteXNlbGZmb3IxMDJAZ21haWwuY29tIiwiaWF0IjoxNzA2NTMwODc0LCJleHAiOjE3MDY1NDg4NzR9.BWo6r-QtU1kxJtLku0KttP_uyLezD-h6dwfbUMsO7fDDqOlcP7DRA7_--nmTXglndE2htRsBi1GEBIreqeWqEg
2024-01-29 17:52:28,738 [INFO] org.springframework.web.filter.OncePerRequestFilter [http-nio-8081-exec-3]  Header :  Bearer eyJhbGciOiJIUzUxMiJ9.eyJzdWIiOiJteXNlbGZmb3IxMDJAZ21haWwuY29tIiwiaWF0IjoxNzA2NTMwODc0LCJleHAiOjE3MDY1NDg4NzR9.BWo6r-QtU1kxJtLku0KttP_uyLezD-h6dwfbUMsO7fDDqOlcP7DRA7_--nmTXglndE2htRsBi1GEBIreqeWqEg
2024-01-29 17:52:28,745 [INFO] org.springframework.web.filter.OncePerRequestFilter [http-nio-8081-exec-4]  Header :  Bearer eyJhbGciOiJIUzUxMiJ9.eyJzdWIiOiJteXNlbGZmb3IxMDJAZ21haWwuY29tIiwiaWF0IjoxNzA2NTMwODc0LCJleHAiOjE3MDY1NDg4NzR9.BWo6r-QtU1kxJtLku0KttP_uyLezD-h6dwfbUMsO7fDDqOlcP7DRA7_--nmTXglndE2htRsBi1GEBIreqeWqEg
2024-01-29 17:52:28,756 [INFO] org.springframework.web.filter.OncePerRequestFilter [http-nio-8081-exec-7]  Header :  Bearer eyJhbGciOiJIUzUxMiJ9.eyJzdWIiOiJteXNlbGZmb3IxMDJAZ21haWwuY29tIiwiaWF0IjoxNzA2NTMwODc0LCJleHAiOjE3MDY1NDg4NzR9.BWo6r-QtU1kxJtLku0KttP_uyLezD-h6dwfbUMsO7fDDqOlcP7DRA7_--nmTXglndE2htRsBi1GEBIreqeWqEg
2024-01-29 17:52:28,765 [INFO] org.springframework.web.filter.OncePerRequestFilter [http-nio-8081-exec-6]  Header :  Bearer eyJhbGciOiJIUzUxMiJ9.eyJzdWIiOiJteXNlbGZmb3IxMDJAZ21haWwuY29tIiwiaWF0IjoxNzA2NTMwODc0LCJleHAiOjE3MDY1NDg4NzR9.BWo6r-QtU1kxJtLku0KttP_uyLezD-h6dwfbUMsO7fDDqOlcP7DRA7_--nmTXglndE2htRsBi1GEBIreqeWqEg
2024-01-29 17:52:28,776 [INFO] org.springframework.web.filter.OncePerRequestFilter [http-nio-8081-exec-9]  Header :  Bearer eyJhbGciOiJIUzUxMiJ9.eyJzdWIiOiJteXNlbGZmb3IxMDJAZ21haWwuY29tIiwiaWF0IjoxNzA2NTMwODc0LCJleHAiOjE3MDY1NDg4NzR9.BWo6r-QtU1kxJtLku0KttP_uyLezD-h6dwfbUMsO7fDDqOlcP7DRA7_--nmTXglndE2htRsBi1GEBIreqeWqEg
2024-01-29 17:52:55,064 [INFO] org.springframework.web.filter.OncePerRequestFilter [http-nio-8081-exec-1]  Header :  null
2024-01-29 17:52:55,064 [INFO] org.springframework.web.filter.OncePerRequestFilter [http-nio-8081-exec-1] Invalid Header Value !! 
2024-01-29 17:52:55,188 [INFO] org.springframework.web.filter.OncePerRequestFilter [http-nio-8081-exec-10]  Header :  Bearer eyJhbGciOiJIUzUxMiJ9.eyJzdWIiOiJteXNlbGZmb3IxMDJAZ21haWwuY29tIiwiaWF0IjoxNzA2NTMwOTc1LCJleHAiOjE3MDY1NDg5NzV9.fq6bAhU_Y00l8f0sfd-mvrRLFQ92oA8SwepadjhPG0DfOP7rOiu9_sUm71iFUyaKjZ7_JpnNr1GbI-GxMRyOTg
2024-01-29 17:52:55,201 [INFO] org.springframework.web.filter.OncePerRequestFilter [http-nio-8081-exec-5]  Header :  Bearer eyJhbGciOiJIUzUxMiJ9.eyJzdWIiOiJteXNlbGZmb3IxMDJAZ21haWwuY29tIiwiaWF0IjoxNzA2NTMwOTc1LCJleHAiOjE3MDY1NDg5NzV9.fq6bAhU_Y00l8f0sfd-mvrRLFQ92oA8SwepadjhPG0DfOP7rOiu9_sUm71iFUyaKjZ7_JpnNr1GbI-GxMRyOTg
2024-01-29 17:52:55,207 [INFO] org.springframework.web.filter.OncePerRequestFilter [http-nio-8081-exec-2]  Header :  Bearer eyJhbGciOiJIUzUxMiJ9.eyJzdWIiOiJteXNlbGZmb3IxMDJAZ21haWwuY29tIiwiaWF0IjoxNzA2NTMwOTc1LCJleHAiOjE3MDY1NDg5NzV9.fq6bAhU_Y00l8f0sfd-mvrRLFQ92oA8SwepadjhPG0DfOP7rOiu9_sUm71iFUyaKjZ7_JpnNr1GbI-GxMRyOTg
2024-01-29 17:52:55,217 [INFO] org.springframework.web.filter.OncePerRequestFilter [http-nio-8081-exec-3]  Header :  Bearer eyJhbGciOiJIUzUxMiJ9.eyJzdWIiOiJteXNlbGZmb3IxMDJAZ21haWwuY29tIiwiaWF0IjoxNzA2NTMwOTc1LCJleHAiOjE3MDY1NDg5NzV9.fq6bAhU_Y00l8f0sfd-mvrRLFQ92oA8SwepadjhPG0DfOP7rOiu9_sUm71iFUyaKjZ7_JpnNr1GbI-GxMRyOTg
2024-01-29 17:52:55,222 [INFO] org.springframework.web.filter.OncePerRequestFilter [http-nio-8081-exec-4]  Header :  Bearer eyJhbGciOiJIUzUxMiJ9.eyJzdWIiOiJteXNlbGZmb3IxMDJAZ21haWwuY29tIiwiaWF0IjoxNzA2NTMwOTc1LCJleHAiOjE3MDY1NDg5NzV9.fq6bAhU_Y00l8f0sfd-mvrRLFQ92oA8SwepadjhPG0DfOP7rOiu9_sUm71iFUyaKjZ7_JpnNr1GbI-GxMRyOTg
2024-01-29 17:52:55,232 [INFO] org.springframework.web.filter.OncePerRequestFilter [http-nio-8081-exec-7]  Header :  Bearer eyJhbGciOiJIUzUxMiJ9.eyJzdWIiOiJteXNlbGZmb3IxMDJAZ21haWwuY29tIiwiaWF0IjoxNzA2NTMwOTc1LCJleHAiOjE3MDY1NDg5NzV9.fq6bAhU_Y00l8f0sfd-mvrRLFQ92oA8SwepadjhPG0DfOP7rOiu9_sUm71iFUyaKjZ7_JpnNr1GbI-GxMRyOTg
2024-01-29 17:52:55,242 [INFO] org.springframework.web.filter.OncePerRequestFilter [http-nio-8081-exec-6]  Header :  Bearer eyJhbGciOiJIUzUxMiJ9.eyJzdWIiOiJteXNlbGZmb3IxMDJAZ21haWwuY29tIiwiaWF0IjoxNzA2NTMwOTc1LCJleHAiOjE3MDY1NDg5NzV9.fq6bAhU_Y00l8f0sfd-mvrRLFQ92oA8SwepadjhPG0DfOP7rOiu9_sUm71iFUyaKjZ7_JpnNr1GbI-GxMRyOTg
2024-01-29 17:52:55,254 [INFO] org.springframework.web.filter.OncePerRequestFilter [http-nio-8081-exec-9]  Header :  Bearer eyJhbGciOiJIUzUxMiJ9.eyJzdWIiOiJteXNlbGZmb3IxMDJAZ21haWwuY29tIiwiaWF0IjoxNzA2NTMwOTc1LCJleHAiOjE3MDY1NDg5NzV9.fq6bAhU_Y00l8f0sfd-mvrRLFQ92oA8SwepadjhPG0DfOP7rOiu9_sUm71iFUyaKjZ7_JpnNr1GbI-GxMRyOTg
2024-01-29 17:52:57,770 [INFO] org.springframework.web.filter.OncePerRequestFilter [http-nio-8081-exec-8]  Header :  Bearer eyJhbGciOiJIUzUxMiJ9.eyJzdWIiOiJteXNlbGZmb3IxMDJAZ21haWwuY29tIiwiaWF0IjoxNzA2NTMwOTc1LCJleHAiOjE3MDY1NDg5NzV9.fq6bAhU_Y00l8f0sfd-mvrRLFQ92oA8SwepadjhPG0DfOP7rOiu9_sUm71iFUyaKjZ7_JpnNr1GbI-GxMRyOTg
2024-01-29 17:52:57,781 [INFO] com.pms.doctor.service.Impl.doctorServiceImpl [http-nio-8081-exec-8] [{id=648011f1029f637a5d28a7a7, name=Aspirin, price=50, type=Tablet, category=Aspirin is used to reduce fever}, {id=6480141f029f637a5d28a7ad, name=Amoxicillin, price=100, type=Capsule, category=Amoxicillin is a penicillin antibiotic}, {id=6480143d029f637a5d28a7af, name=Atorvastatin, price=130, type=Tablet, category=Cholesterol-lowering agent}, {id=6480144d029f637a5d28a7b0, name=Ibuprofen, price=200, type=Tablet, category=Nonsteroidal anti-inflammatory drug (NSAID)}, {id=648584915683641112507aa4, name=Paracetamol, price=120, type=Tablet, category=Pain reliever}, {id=64918f86f72e301ef847fea1, name=Lisinopril, price=80, type=Tablet, category=Antihypertensive}, {id=64918fa1f72e301ef847fea2, name=Metformin, price=70, type=Tablet, category=Antidiabetic}, {id=64a8161fded31f69977afea0, name=Cetirizine, price=60, type=Tablet, category=relieve allergy symptoms}]
2024-01-29 17:52:57,792 [INFO] org.springframework.web.filter.OncePerRequestFilter [http-nio-8081-exec-1]  Header :  Bearer eyJhbGciOiJIUzUxMiJ9.eyJzdWIiOiJteXNlbGZmb3IxMDJAZ21haWwuY29tIiwiaWF0IjoxNzA2NTMwOTc1LCJleHAiOjE3MDY1NDg5NzV9.fq6bAhU_Y00l8f0sfd-mvrRLFQ92oA8SwepadjhPG0DfOP7rOiu9_sUm71iFUyaKjZ7_JpnNr1GbI-GxMRyOTg
2024-01-29 17:52:57,805 [INFO] com.pms.doctor.service.Impl.doctorServiceImpl [http-nio-8081-exec-1] [{id=648011f1029f637a5d28a7a7, name=Aspirin, price=50, type=Tablet, category=Aspirin is used to reduce fever}, {id=6480141f029f637a5d28a7ad, name=Amoxicillin, price=100, type=Capsule, category=Amoxicillin is a penicillin antibiotic}, {id=6480143d029f637a5d28a7af, name=Atorvastatin, price=130, type=Tablet, category=Cholesterol-lowering agent}, {id=6480144d029f637a5d28a7b0, name=Ibuprofen, price=200, type=Tablet, category=Nonsteroidal anti-inflammatory drug (NSAID)}, {id=648584915683641112507aa4, name=Paracetamol, price=120, type=Tablet, category=Pain reliever}, {id=64918f86f72e301ef847fea1, name=Lisinopril, price=80, type=Tablet, category=Antihypertensive}, {id=64918fa1f72e301ef847fea2, name=Metformin, price=70, type=Tablet, category=Antidiabetic}, {id=64a8161fded31f69977afea0, name=Cetirizine, price=60, type=Tablet, category=relieve allergy symptoms}]
2024-01-29 17:53:01,238 [INFO] org.springframework.web.filter.OncePerRequestFilter [http-nio-8081-exec-10]  Header :  Bearer eyJhbGciOiJIUzUxMiJ9.eyJzdWIiOiJteXNlbGZmb3IxMDJAZ21haWwuY29tIiwiaWF0IjoxNzA2NTMwOTc1LCJleHAiOjE3MDY1NDg5NzV9.fq6bAhU_Y00l8f0sfd-mvrRLFQ92oA8SwepadjhPG0DfOP7rOiu9_sUm71iFUyaKjZ7_JpnNr1GbI-GxMRyOTg
2024-01-29 17:53:01,252 [INFO] org.springframework.web.filter.OncePerRequestFilter [http-nio-8081-exec-5]  Header :  Bearer eyJhbGciOiJIUzUxMiJ9.eyJzdWIiOiJteXNlbGZmb3IxMDJAZ21haWwuY29tIiwiaWF0IjoxNzA2NTMwOTc1LCJleHAiOjE3MDY1NDg5NzV9.fq6bAhU_Y00l8f0sfd-mvrRLFQ92oA8SwepadjhPG0DfOP7rOiu9_sUm71iFUyaKjZ7_JpnNr1GbI-GxMRyOTg
2024-01-29 17:53:01,261 [INFO] org.springframework.web.filter.OncePerRequestFilter [http-nio-8081-exec-2]  Header :  Bearer eyJhbGciOiJIUzUxMiJ9.eyJzdWIiOiJteXNlbGZmb3IxMDJAZ21haWwuY29tIiwiaWF0IjoxNzA2NTMwOTc1LCJleHAiOjE3MDY1NDg5NzV9.fq6bAhU_Y00l8f0sfd-mvrRLFQ92oA8SwepadjhPG0DfOP7rOiu9_sUm71iFUyaKjZ7_JpnNr1GbI-GxMRyOTg
2024-01-29 17:53:01,282 [INFO] org.springframework.web.filter.OncePerRequestFilter [http-nio-8081-exec-3]  Header :  Bearer eyJhbGciOiJIUzUxMiJ9.eyJzdWIiOiJteXNlbGZmb3IxMDJAZ21haWwuY29tIiwiaWF0IjoxNzA2NTMwOTc1LCJleHAiOjE3MDY1NDg5NzV9.fq6bAhU_Y00l8f0sfd-mvrRLFQ92oA8SwepadjhPG0DfOP7rOiu9_sUm71iFUyaKjZ7_JpnNr1GbI-GxMRyOTg
2024-01-29 17:53:01,288 [INFO] org.springframework.web.filter.OncePerRequestFilter [http-nio-8081-exec-4]  Header :  Bearer eyJhbGciOiJIUzUxMiJ9.eyJzdWIiOiJteXNlbGZmb3IxMDJAZ21haWwuY29tIiwiaWF0IjoxNzA2NTMwOTc1LCJleHAiOjE3MDY1NDg5NzV9.fq6bAhU_Y00l8f0sfd-mvrRLFQ92oA8SwepadjhPG0DfOP7rOiu9_sUm71iFUyaKjZ7_JpnNr1GbI-GxMRyOTg
2024-01-29 17:53:01,299 [INFO] org.springframework.web.filter.OncePerRequestFilter [http-nio-8081-exec-7]  Header :  Bearer eyJhbGciOiJIUzUxMiJ9.eyJzdWIiOiJteXNlbGZmb3IxMDJAZ21haWwuY29tIiwiaWF0IjoxNzA2NTMwOTc1LCJleHAiOjE3MDY1NDg5NzV9.fq6bAhU_Y00l8f0sfd-mvrRLFQ92oA8SwepadjhPG0DfOP7rOiu9_sUm71iFUyaKjZ7_JpnNr1GbI-GxMRyOTg
2024-01-29 17:53:01,308 [INFO] org.springframework.web.filter.OncePerRequestFilter [http-nio-8081-exec-6]  Header :  Bearer eyJhbGciOiJIUzUxMiJ9.eyJzdWIiOiJteXNlbGZmb3IxMDJAZ21haWwuY29tIiwiaWF0IjoxNzA2NTMwOTc1LCJleHAiOjE3MDY1NDg5NzV9.fq6bAhU_Y00l8f0sfd-mvrRLFQ92oA8SwepadjhPG0DfOP7rOiu9_sUm71iFUyaKjZ7_JpnNr1GbI-GxMRyOTg
2024-01-29 17:53:01,319 [INFO] org.springframework.web.filter.OncePerRequestFilter [http-nio-8081-exec-9]  Header :  Bearer eyJhbGciOiJIUzUxMiJ9.eyJzdWIiOiJteXNlbGZmb3IxMDJAZ21haWwuY29tIiwiaWF0IjoxNzA2NTMwOTc1LCJleHAiOjE3MDY1NDg5NzV9.fq6bAhU_Y00l8f0sfd-mvrRLFQ92oA8SwepadjhPG0DfOP7rOiu9_sUm71iFUyaKjZ7_JpnNr1GbI-GxMRyOTg
2024-01-29 17:53:23,486 [INFO] org.springframework.web.filter.OncePerRequestFilter [http-nio-8081-exec-1]  Header :  null
2024-01-29 17:53:23,486 [INFO] org.springframework.web.filter.OncePerRequestFilter [http-nio-8081-exec-1] Invalid Header Value !! 
2024-01-29 17:53:33,164 [INFO] org.springframework.web.filter.OncePerRequestFilter [http-nio-8081-exec-5]  Header :  null
2024-01-29 17:53:33,164 [INFO] org.springframework.web.filter.OncePerRequestFilter [http-nio-8081-exec-5] Invalid Header Value !! 
2024-01-29 17:53:33,286 [INFO] org.springframework.web.filter.OncePerRequestFilter [http-nio-8081-exec-2]  Header :  Bearer eyJhbGciOiJIUzUxMiJ9.eyJzdWIiOiJqYWRoYXZjb2NAZ21haWwuY29tIiwiaWF0IjoxNzA2NTMxMDEzLCJleHAiOjE3MDY1NDkwMTN9.jvjsrtq6-S4jUDRCFqbpAhxW04D5HkzmTzI-IVPp7ME5kzzRNR1DejmBxFnOziEJf2Ad58LCfrdZfctrLySOCA
2024-01-29 17:53:33,298 [INFO] org.springframework.web.filter.OncePerRequestFilter [http-nio-8081-exec-3]  Header :  Bearer eyJhbGciOiJIUzUxMiJ9.eyJzdWIiOiJqYWRoYXZjb2NAZ21haWwuY29tIiwiaWF0IjoxNzA2NTMxMDEzLCJleHAiOjE3MDY1NDkwMTN9.jvjsrtq6-S4jUDRCFqbpAhxW04D5HkzmTzI-IVPp7ME5kzzRNR1DejmBxFnOziEJf2Ad58LCfrdZfctrLySOCA
2024-01-29 17:53:33,305 [INFO] org.springframework.web.filter.OncePerRequestFilter [http-nio-8081-exec-4]  Header :  Bearer eyJhbGciOiJIUzUxMiJ9.eyJzdWIiOiJqYWRoYXZjb2NAZ21haWwuY29tIiwiaWF0IjoxNzA2NTMxMDEzLCJleHAiOjE3MDY1NDkwMTN9.jvjsrtq6-S4jUDRCFqbpAhxW04D5HkzmTzI-IVPp7ME5kzzRNR1DejmBxFnOziEJf2Ad58LCfrdZfctrLySOCA
2024-01-29 17:53:33,314 [INFO] org.springframework.web.filter.OncePerRequestFilter [http-nio-8081-exec-7]  Header :  Bearer eyJhbGciOiJIUzUxMiJ9.eyJzdWIiOiJqYWRoYXZjb2NAZ21haWwuY29tIiwiaWF0IjoxNzA2NTMxMDEzLCJleHAiOjE3MDY1NDkwMTN9.jvjsrtq6-S4jUDRCFqbpAhxW04D5HkzmTzI-IVPp7ME5kzzRNR1DejmBxFnOziEJf2Ad58LCfrdZfctrLySOCA
2024-01-29 17:53:33,319 [INFO] org.springframework.web.filter.OncePerRequestFilter [http-nio-8081-exec-6]  Header :  Bearer eyJhbGciOiJIUzUxMiJ9.eyJzdWIiOiJqYWRoYXZjb2NAZ21haWwuY29tIiwiaWF0IjoxNzA2NTMxMDEzLCJleHAiOjE3MDY1NDkwMTN9.jvjsrtq6-S4jUDRCFqbpAhxW04D5HkzmTzI-IVPp7ME5kzzRNR1DejmBxFnOziEJf2Ad58LCfrdZfctrLySOCA
2024-01-29 17:53:33,347 [INFO] org.springframework.web.filter.OncePerRequestFilter [http-nio-8081-exec-9]  Header :  Bearer eyJhbGciOiJIUzUxMiJ9.eyJzdWIiOiJqYWRoYXZjb2NAZ21haWwuY29tIiwiaWF0IjoxNzA2NTMxMDEzLCJleHAiOjE3MDY1NDkwMTN9.jvjsrtq6-S4jUDRCFqbpAhxW04D5HkzmTzI-IVPp7ME5kzzRNR1DejmBxFnOziEJf2Ad58LCfrdZfctrLySOCA
2024-01-29 17:53:36,299 [INFO] org.springframework.web.filter.OncePerRequestFilter [http-nio-8081-exec-8]  Header :  Bearer eyJhbGciOiJIUzUxMiJ9.eyJzdWIiOiJqYWRoYXZjb2NAZ21haWwuY29tIiwiaWF0IjoxNzA2NTMxMDEzLCJleHAiOjE3MDY1NDkwMTN9.jvjsrtq6-S4jUDRCFqbpAhxW04D5HkzmTzI-IVPp7ME5kzzRNR1DejmBxFnOziEJf2Ad58LCfrdZfctrLySOCA
2024-01-29 17:53:36,313 [INFO] com.pms.doctor.service.Impl.doctorServiceImpl [http-nio-8081-exec-8] [{id=648011f1029f637a5d28a7a7, name=Aspirin, price=50, type=Tablet, category=Aspirin is used to reduce fever}, {id=6480141f029f637a5d28a7ad, name=Amoxicillin, price=100, type=Capsule, category=Amoxicillin is a penicillin antibiotic}, {id=6480143d029f637a5d28a7af, name=Atorvastatin, price=130, type=Tablet, category=Cholesterol-lowering agent}, {id=6480144d029f637a5d28a7b0, name=Ibuprofen, price=200, type=Tablet, category=Nonsteroidal anti-inflammatory drug (NSAID)}, {id=648584915683641112507aa4, name=Paracetamol, price=120, type=Tablet, category=Pain reliever}, {id=64918f86f72e301ef847fea1, name=Lisinopril, price=80, type=Tablet, category=Antihypertensive}, {id=64918fa1f72e301ef847fea2, name=Metformin, price=70, type=Tablet, category=Antidiabetic}, {id=64a8161fded31f69977afea0, name=Cetirizine, price=60, type=Tablet, category=relieve allergy symptoms}]
2024-01-29 17:53:36,320 [INFO] org.springframework.web.filter.OncePerRequestFilter [http-nio-8081-exec-1]  Header :  Bearer eyJhbGciOiJIUzUxMiJ9.eyJzdWIiOiJqYWRoYXZjb2NAZ21haWwuY29tIiwiaWF0IjoxNzA2NTMxMDEzLCJleHAiOjE3MDY1NDkwMTN9.jvjsrtq6-S4jUDRCFqbpAhxW04D5HkzmTzI-IVPp7ME5kzzRNR1DejmBxFnOziEJf2Ad58LCfrdZfctrLySOCA
2024-01-29 17:53:36,335 [INFO] com.pms.doctor.service.Impl.doctorServiceImpl [http-nio-8081-exec-1] [{id=648011f1029f637a5d28a7a7, name=Aspirin, price=50, type=Tablet, category=Aspirin is used to reduce fever}, {id=6480141f029f637a5d28a7ad, name=Amoxicillin, price=100, type=Capsule, category=Amoxicillin is a penicillin antibiotic}, {id=6480143d029f637a5d28a7af, name=Atorvastatin, price=130, type=Tablet, category=Cholesterol-lowering agent}, {id=6480144d029f637a5d28a7b0, name=Ibuprofen, price=200, type=Tablet, category=Nonsteroidal anti-inflammatory drug (NSAID)}, {id=648584915683641112507aa4, name=Paracetamol, price=120, type=Tablet, category=Pain reliever}, {id=64918f86f72e301ef847fea1, name=Lisinopril, price=80, type=Tablet, category=Antihypertensive}, {id=64918fa1f72e301ef847fea2, name=Metformin, price=70, type=Tablet, category=Antidiabetic}, {id=64a8161fded31f69977afea0, name=Cetirizine, price=60, type=Tablet, category=relieve allergy symptoms}]
2024-01-29 17:53:48,430 [INFO] org.springframework.web.filter.OncePerRequestFilter [http-nio-8081-exec-10]  Header :  Bearer eyJhbGciOiJIUzUxMiJ9.eyJzdWIiOiJqYWRoYXZjb2NAZ21haWwuY29tIiwiaWF0IjoxNzA2NTMxMDEzLCJleHAiOjE3MDY1NDkwMTN9.jvjsrtq6-S4jUDRCFqbpAhxW04D5HkzmTzI-IVPp7ME5kzzRNR1DejmBxFnOziEJf2Ad58LCfrdZfctrLySOCA
2024-01-29 17:53:48,454 [INFO] org.springframework.web.filter.OncePerRequestFilter [http-nio-8081-exec-5]  Header :  Bearer eyJhbGciOiJIUzUxMiJ9.eyJzdWIiOiJqYWRoYXZjb2NAZ21haWwuY29tIiwiaWF0IjoxNzA2NTMxMDEzLCJleHAiOjE3MDY1NDkwMTN9.jvjsrtq6-S4jUDRCFqbpAhxW04D5HkzmTzI-IVPp7ME5kzzRNR1DejmBxFnOziEJf2Ad58LCfrdZfctrLySOCA
2024-01-29 17:53:50,686 [INFO] org.springframework.web.filter.OncePerRequestFilter [http-nio-8081-exec-2]  Header :  Bearer eyJhbGciOiJIUzUxMiJ9.eyJzdWIiOiJqYWRoYXZjb2NAZ21haWwuY29tIiwiaWF0IjoxNzA2NTMxMDEzLCJleHAiOjE3MDY1NDkwMTN9.jvjsrtq6-S4jUDRCFqbpAhxW04D5HkzmTzI-IVPp7ME5kzzRNR1DejmBxFnOziEJf2Ad58LCfrdZfctrLySOCA
2024-01-29 17:53:50,704 [INFO] org.springframework.web.filter.OncePerRequestFilter [http-nio-8081-exec-3]  Header :  Bearer eyJhbGciOiJIUzUxMiJ9.eyJzdWIiOiJqYWRoYXZjb2NAZ21haWwuY29tIiwiaWF0IjoxNzA2NTMxMDEzLCJleHAiOjE3MDY1NDkwMTN9.jvjsrtq6-S4jUDRCFqbpAhxW04D5HkzmTzI-IVPp7ME5kzzRNR1DejmBxFnOziEJf2Ad58LCfrdZfctrLySOCA
2024-01-29 17:53:52,285 [INFO] org.springframework.web.filter.OncePerRequestFilter [http-nio-8081-exec-4]  Header :  Bearer eyJhbGciOiJIUzUxMiJ9.eyJzdWIiOiJqYWRoYXZjb2NAZ21haWwuY29tIiwiaWF0IjoxNzA2NTMxMDEzLCJleHAiOjE3MDY1NDkwMTN9.jvjsrtq6-S4jUDRCFqbpAhxW04D5HkzmTzI-IVPp7ME5kzzRNR1DejmBxFnOziEJf2Ad58LCfrdZfctrLySOCA
2024-01-29 17:53:52,299 [INFO] org.springframework.web.filter.OncePerRequestFilter [http-nio-8081-exec-7]  Header :  Bearer eyJhbGciOiJIUzUxMiJ9.eyJzdWIiOiJqYWRoYXZjb2NAZ21haWwuY29tIiwiaWF0IjoxNzA2NTMxMDEzLCJleHAiOjE3MDY1NDkwMTN9.jvjsrtq6-S4jUDRCFqbpAhxW04D5HkzmTzI-IVPp7ME5kzzRNR1DejmBxFnOziEJf2Ad58LCfrdZfctrLySOCA
2024-01-29 17:53:52,305 [INFO] org.springframework.web.filter.OncePerRequestFilter [http-nio-8081-exec-6]  Header :  Bearer eyJhbGciOiJIUzUxMiJ9.eyJzdWIiOiJqYWRoYXZjb2NAZ21haWwuY29tIiwiaWF0IjoxNzA2NTMxMDEzLCJleHAiOjE3MDY1NDkwMTN9.jvjsrtq6-S4jUDRCFqbpAhxW04D5HkzmTzI-IVPp7ME5kzzRNR1DejmBxFnOziEJf2Ad58LCfrdZfctrLySOCA
2024-01-29 17:53:52,315 [INFO] org.springframework.web.filter.OncePerRequestFilter [http-nio-8081-exec-9]  Header :  Bearer eyJhbGciOiJIUzUxMiJ9.eyJzdWIiOiJqYWRoYXZjb2NAZ21haWwuY29tIiwiaWF0IjoxNzA2NTMxMDEzLCJleHAiOjE3MDY1NDkwMTN9.jvjsrtq6-S4jUDRCFqbpAhxW04D5HkzmTzI-IVPp7ME5kzzRNR1DejmBxFnOziEJf2Ad58LCfrdZfctrLySOCA
2024-01-29 17:53:52,322 [INFO] org.springframework.web.filter.OncePerRequestFilter [http-nio-8081-exec-8]  Header :  Bearer eyJhbGciOiJIUzUxMiJ9.eyJzdWIiOiJqYWRoYXZjb2NAZ21haWwuY29tIiwiaWF0IjoxNzA2NTMxMDEzLCJleHAiOjE3MDY1NDkwMTN9.jvjsrtq6-S4jUDRCFqbpAhxW04D5HkzmTzI-IVPp7ME5kzzRNR1DejmBxFnOziEJf2Ad58LCfrdZfctrLySOCA
2024-01-29 17:53:52,330 [INFO] org.springframework.web.filter.OncePerRequestFilter [http-nio-8081-exec-1]  Header :  Bearer eyJhbGciOiJIUzUxMiJ9.eyJzdWIiOiJqYWRoYXZjb2NAZ21haWwuY29tIiwiaWF0IjoxNzA2NTMxMDEzLCJleHAiOjE3MDY1NDkwMTN9.jvjsrtq6-S4jUDRCFqbpAhxW04D5HkzmTzI-IVPp7ME5kzzRNR1DejmBxFnOziEJf2Ad58LCfrdZfctrLySOCA
2024-01-29 17:53:53,870 [INFO] org.springframework.web.filter.OncePerRequestFilter [http-nio-8081-exec-10]  Header :  Bearer eyJhbGciOiJIUzUxMiJ9.eyJzdWIiOiJqYWRoYXZjb2NAZ21haWwuY29tIiwiaWF0IjoxNzA2NTMxMDEzLCJleHAiOjE3MDY1NDkwMTN9.jvjsrtq6-S4jUDRCFqbpAhxW04D5HkzmTzI-IVPp7ME5kzzRNR1DejmBxFnOziEJf2Ad58LCfrdZfctrLySOCA
2024-01-29 17:53:53,880 [INFO] com.pms.doctor.service.Impl.doctorServiceImpl [http-nio-8081-exec-10] [{id=648011f1029f637a5d28a7a7, name=Aspirin, price=50, type=Tablet, category=Aspirin is used to reduce fever}, {id=6480141f029f637a5d28a7ad, name=Amoxicillin, price=100, type=Capsule, category=Amoxicillin is a penicillin antibiotic}, {id=6480143d029f637a5d28a7af, name=Atorvastatin, price=130, type=Tablet, category=Cholesterol-lowering agent}, {id=6480144d029f637a5d28a7b0, name=Ibuprofen, price=200, type=Tablet, category=Nonsteroidal anti-inflammatory drug (NSAID)}, {id=648584915683641112507aa4, name=Paracetamol, price=120, type=Tablet, category=Pain reliever}, {id=64918f86f72e301ef847fea1, name=Lisinopril, price=80, type=Tablet, category=Antihypertensive}, {id=64918fa1f72e301ef847fea2, name=Metformin, price=70, type=Tablet, category=Antidiabetic}, {id=64a8161fded31f69977afea0, name=Cetirizine, price=60, type=Tablet, category=relieve allergy symptoms}]
2024-01-29 17:53:53,885 [INFO] org.springframework.web.filter.OncePerRequestFilter [http-nio-8081-exec-5]  Header :  Bearer eyJhbGciOiJIUzUxMiJ9.eyJzdWIiOiJqYWRoYXZjb2NAZ21haWwuY29tIiwiaWF0IjoxNzA2NTMxMDEzLCJleHAiOjE3MDY1NDkwMTN9.jvjsrtq6-S4jUDRCFqbpAhxW04D5HkzmTzI-IVPp7ME5kzzRNR1DejmBxFnOziEJf2Ad58LCfrdZfctrLySOCA
2024-01-29 17:53:53,900 [INFO] com.pms.doctor.service.Impl.doctorServiceImpl [http-nio-8081-exec-5] [{id=648011f1029f637a5d28a7a7, name=Aspirin, price=50, type=Tablet, category=Aspirin is used to reduce fever}, {id=6480141f029f637a5d28a7ad, name=Amoxicillin, price=100, type=Capsule, category=Amoxicillin is a penicillin antibiotic}, {id=6480143d029f637a5d28a7af, name=Atorvastatin, price=130, type=Tablet, category=Cholesterol-lowering agent}, {id=6480144d029f637a5d28a7b0, name=Ibuprofen, price=200, type=Tablet, category=Nonsteroidal anti-inflammatory drug (NSAID)}, {id=648584915683641112507aa4, name=Paracetamol, price=120, type=Tablet, category=Pain reliever}, {id=64918f86f72e301ef847fea1, name=Lisinopril, price=80, type=Tablet, category=Antihypertensive}, {id=64918fa1f72e301ef847fea2, name=Metformin, price=70, type=Tablet, category=Antidiabetic}, {id=64a8161fded31f69977afea0, name=Cetirizine, price=60, type=Tablet, category=relieve allergy symptoms}]
2024-01-29 17:53:56,517 [INFO] com.netflix.discovery.shared.resolver.aws.ConfigClusterResolver [AsyncResolver-bootstrap-executor-0] Resolving eureka endpoints via configuration
2024-01-29 17:54:24,485 [INFO] org.springframework.web.filter.OncePerRequestFilter [http-nio-8081-exec-2]  Header :  Bearer eyJhbGciOiJIUzUxMiJ9.eyJzdWIiOiJqYWRoYXZjb2NAZ21haWwuY29tIiwiaWF0IjoxNzA2NTMxMDEzLCJleHAiOjE3MDY1NDkwMTN9.jvjsrtq6-S4jUDRCFqbpAhxW04D5HkzmTzI-IVPp7ME5kzzRNR1DejmBxFnOziEJf2Ad58LCfrdZfctrLySOCA
2024-01-29 17:54:24,690 [INFO] com.pms.doctor.service.Impl.doctorServiceImpl [http-nio-8081-exec-2] [{id=648584915683641112507aa4, name=Paracetamol, price=120, type=Tablet, category=Pain reliever}]
2024-01-29 17:54:48,268 [INFO] org.springframework.web.filter.OncePerRequestFilter [http-nio-8081-exec-4]  Header :  Bearer eyJhbGciOiJIUzUxMiJ9.eyJzdWIiOiJqYWRoYXZjb2NAZ21haWwuY29tIiwiaWF0IjoxNzA2NTMxMDEzLCJleHAiOjE3MDY1NDkwMTN9.jvjsrtq6-S4jUDRCFqbpAhxW04D5HkzmTzI-IVPp7ME5kzzRNR1DejmBxFnOziEJf2Ad58LCfrdZfctrLySOCA
2024-01-29 17:54:48,359 [INFO] org.springframework.web.filter.OncePerRequestFilter [http-nio-8081-exec-7]  Header :  Bearer eyJhbGciOiJIUzUxMiJ9.eyJzdWIiOiJqYWRoYXZjb2NAZ21haWwuY29tIiwiaWF0IjoxNzA2NTMxMDEzLCJleHAiOjE3MDY1NDkwMTN9.jvjsrtq6-S4jUDRCFqbpAhxW04D5HkzmTzI-IVPp7ME5kzzRNR1DejmBxFnOziEJf2Ad58LCfrdZfctrLySOCA
2024-01-29 17:54:48,365 [INFO] org.springframework.web.filter.OncePerRequestFilter [http-nio-8081-exec-6]  Header :  Bearer eyJhbGciOiJIUzUxMiJ9.eyJzdWIiOiJqYWRoYXZjb2NAZ21haWwuY29tIiwiaWF0IjoxNzA2NTMxMDEzLCJleHAiOjE3MDY1NDkwMTN9.jvjsrtq6-S4jUDRCFqbpAhxW04D5HkzmTzI-IVPp7ME5kzzRNR1DejmBxFnOziEJf2Ad58LCfrdZfctrLySOCA
2024-01-29 17:54:48,384 [INFO] org.springframework.web.filter.OncePerRequestFilter [http-nio-8081-exec-9]  Header :  Bearer eyJhbGciOiJIUzUxMiJ9.eyJzdWIiOiJqYWRoYXZjb2NAZ21haWwuY29tIiwiaWF0IjoxNzA2NTMxMDEzLCJleHAiOjE3MDY1NDkwMTN9.jvjsrtq6-S4jUDRCFqbpAhxW04D5HkzmTzI-IVPp7ME5kzzRNR1DejmBxFnOziEJf2Ad58LCfrdZfctrLySOCA
2024-01-29 17:54:48,394 [INFO] org.springframework.web.filter.OncePerRequestFilter [http-nio-8081-exec-9]  Header :  Bearer eyJhbGciOiJIUzUxMiJ9.eyJzdWIiOiJqYWRoYXZjb2NAZ21haWwuY29tIiwiaWF0IjoxNzA2NTMxMDEzLCJleHAiOjE3MDY1NDkwMTN9.jvjsrtq6-S4jUDRCFqbpAhxW04D5HkzmTzI-IVPp7ME5kzzRNR1DejmBxFnOziEJf2Ad58LCfrdZfctrLySOCA
2024-01-29 17:54:48,450 [INFO] org.springframework.web.filter.OncePerRequestFilter [http-nio-8081-exec-1]  Header :  Bearer eyJhbGciOiJIUzUxMiJ9.eyJzdWIiOiJqYWRoYXZjb2NAZ21haWwuY29tIiwiaWF0IjoxNzA2NTMxMDEzLCJleHAiOjE3MDY1NDkwMTN9.jvjsrtq6-S4jUDRCFqbpAhxW04D5HkzmTzI-IVPp7ME5kzzRNR1DejmBxFnOziEJf2Ad58LCfrdZfctrLySOCA
2024-01-29 17:54:56,912 [INFO] org.springframework.web.filter.OncePerRequestFilter [http-nio-8081-exec-10]  Header :  Bearer eyJhbGciOiJIUzUxMiJ9.eyJzdWIiOiJqYWRoYXZjb2NAZ21haWwuY29tIiwiaWF0IjoxNzA2NTMxMDEzLCJleHAiOjE3MDY1NDkwMTN9.jvjsrtq6-S4jUDRCFqbpAhxW04D5HkzmTzI-IVPp7ME5kzzRNR1DejmBxFnOziEJf2Ad58LCfrdZfctrLySOCA
2024-01-29 17:54:56,927 [INFO] com.pms.doctor.service.Impl.doctorServiceImpl [http-nio-8081-exec-10] [{id=648011f1029f637a5d28a7a7, name=Aspirin, price=50, type=Tablet, category=Aspirin is used to reduce fever}, {id=6480141f029f637a5d28a7ad, name=Amoxicillin, price=100, type=Capsule, category=Amoxicillin is a penicillin antibiotic}, {id=6480143d029f637a5d28a7af, name=Atorvastatin, price=130, type=Tablet, category=Cholesterol-lowering agent}, {id=6480144d029f637a5d28a7b0, name=Ibuprofen, price=200, type=Tablet, category=Nonsteroidal anti-inflammatory drug (NSAID)}, {id=648584915683641112507aa4, name=Paracetamol, price=120, type=Tablet, category=Pain reliever}, {id=64918f86f72e301ef847fea1, name=Lisinopril, price=80, type=Tablet, category=Antihypertensive}, {id=64918fa1f72e301ef847fea2, name=Metformin, price=70, type=Tablet, category=Antidiabetic}, {id=64a8161fded31f69977afea0, name=Cetirizine, price=60, type=Tablet, category=relieve allergy symptoms}]
2024-01-29 17:54:56,933 [INFO] org.springframework.web.filter.OncePerRequestFilter [http-nio-8081-exec-5]  Header :  Bearer eyJhbGciOiJIUzUxMiJ9.eyJzdWIiOiJqYWRoYXZjb2NAZ21haWwuY29tIiwiaWF0IjoxNzA2NTMxMDEzLCJleHAiOjE3MDY1NDkwMTN9.jvjsrtq6-S4jUDRCFqbpAhxW04D5HkzmTzI-IVPp7ME5kzzRNR1DejmBxFnOziEJf2Ad58LCfrdZfctrLySOCA
2024-01-29 17:54:56,948 [INFO] com.pms.doctor.service.Impl.doctorServiceImpl [http-nio-8081-exec-5] [{id=648011f1029f637a5d28a7a7, name=Aspirin, price=50, type=Tablet, category=Aspirin is used to reduce fever}, {id=6480141f029f637a5d28a7ad, name=Amoxicillin, price=100, type=Capsule, category=Amoxicillin is a penicillin antibiotic}, {id=6480143d029f637a5d28a7af, name=Atorvastatin, price=130, type=Tablet, category=Cholesterol-lowering agent}, {id=6480144d029f637a5d28a7b0, name=Ibuprofen, price=200, type=Tablet, category=Nonsteroidal anti-inflammatory drug (NSAID)}, {id=648584915683641112507aa4, name=Paracetamol, price=120, type=Tablet, category=Pain reliever}, {id=64918f86f72e301ef847fea1, name=Lisinopril, price=80, type=Tablet, category=Antihypertensive}, {id=64918fa1f72e301ef847fea2, name=Metformin, price=70, type=Tablet, category=Antidiabetic}, {id=64a8161fded31f69977afea0, name=Cetirizine, price=60, type=Tablet, category=relieve allergy symptoms}]
2024-01-29 17:54:58,400 [INFO] org.springframework.web.filter.OncePerRequestFilter [http-nio-8081-exec-2]  Header :  Bearer eyJhbGciOiJIUzUxMiJ9.eyJzdWIiOiJqYWRoYXZjb2NAZ21haWwuY29tIiwiaWF0IjoxNzA2NTMxMDEzLCJleHAiOjE3MDY1NDkwMTN9.jvjsrtq6-S4jUDRCFqbpAhxW04D5HkzmTzI-IVPp7ME5kzzRNR1DejmBxFnOziEJf2Ad58LCfrdZfctrLySOCA
2024-01-29 17:54:58,414 [INFO] org.springframework.web.filter.OncePerRequestFilter [http-nio-8081-exec-3]  Header :  Bearer eyJhbGciOiJIUzUxMiJ9.eyJzdWIiOiJqYWRoYXZjb2NAZ21haWwuY29tIiwiaWF0IjoxNzA2NTMxMDEzLCJleHAiOjE3MDY1NDkwMTN9.jvjsrtq6-S4jUDRCFqbpAhxW04D5HkzmTzI-IVPp7ME5kzzRNR1DejmBxFnOziEJf2Ad58LCfrdZfctrLySOCA
2024-01-29 17:54:58,419 [INFO] org.springframework.web.filter.OncePerRequestFilter [http-nio-8081-exec-4]  Header :  Bearer eyJhbGciOiJIUzUxMiJ9.eyJzdWIiOiJqYWRoYXZjb2NAZ21haWwuY29tIiwiaWF0IjoxNzA2NTMxMDEzLCJleHAiOjE3MDY1NDkwMTN9.jvjsrtq6-S4jUDRCFqbpAhxW04D5HkzmTzI-IVPp7ME5kzzRNR1DejmBxFnOziEJf2Ad58LCfrdZfctrLySOCA
2024-01-29 17:54:58,427 [INFO] org.springframework.web.filter.OncePerRequestFilter [http-nio-8081-exec-7]  Header :  Bearer eyJhbGciOiJIUzUxMiJ9.eyJzdWIiOiJqYWRoYXZjb2NAZ21haWwuY29tIiwiaWF0IjoxNzA2NTMxMDEzLCJleHAiOjE3MDY1NDkwMTN9.jvjsrtq6-S4jUDRCFqbpAhxW04D5HkzmTzI-IVPp7ME5kzzRNR1DejmBxFnOziEJf2Ad58LCfrdZfctrLySOCA
2024-01-29 17:54:58,432 [INFO] org.springframework.web.filter.OncePerRequestFilter [http-nio-8081-exec-6]  Header :  Bearer eyJhbGciOiJIUzUxMiJ9.eyJzdWIiOiJqYWRoYXZjb2NAZ21haWwuY29tIiwiaWF0IjoxNzA2NTMxMDEzLCJleHAiOjE3MDY1NDkwMTN9.jvjsrtq6-S4jUDRCFqbpAhxW04D5HkzmTzI-IVPp7ME5kzzRNR1DejmBxFnOziEJf2Ad58LCfrdZfctrLySOCA
2024-01-29 17:54:58,440 [INFO] org.springframework.web.filter.OncePerRequestFilter [http-nio-8081-exec-8]  Header :  Bearer eyJhbGciOiJIUzUxMiJ9.eyJzdWIiOiJqYWRoYXZjb2NAZ21haWwuY29tIiwiaWF0IjoxNzA2NTMxMDEzLCJleHAiOjE3MDY1NDkwMTN9.jvjsrtq6-S4jUDRCFqbpAhxW04D5HkzmTzI-IVPp7ME5kzzRNR1DejmBxFnOziEJf2Ad58LCfrdZfctrLySOCA
2024-01-29 17:55:31,433 [INFO] org.springframework.web.filter.OncePerRequestFilter [http-nio-8081-exec-9]  Header :  Bearer eyJhbGciOiJIUzUxMiJ9.eyJzdWIiOiJqYWRoYXZjb2NAZ21haWwuY29tIiwiaWF0IjoxNzA2NTMxMDEzLCJleHAiOjE3MDY1NDkwMTN9.jvjsrtq6-S4jUDRCFqbpAhxW04D5HkzmTzI-IVPp7ME5kzzRNR1DejmBxFnOziEJf2Ad58LCfrdZfctrLySOCA
2024-01-29 17:55:31,464 [INFO] org.springframework.web.filter.OncePerRequestFilter [http-nio-8081-exec-1]  Header :  Bearer eyJhbGciOiJIUzUxMiJ9.eyJzdWIiOiJqYWRoYXZjb2NAZ21haWwuY29tIiwiaWF0IjoxNzA2NTMxMDEzLCJleHAiOjE3MDY1NDkwMTN9.jvjsrtq6-S4jUDRCFqbpAhxW04D5HkzmTzI-IVPp7ME5kzzRNR1DejmBxFnOziEJf2Ad58LCfrdZfctrLySOCA
2024-01-29 17:55:32,435 [INFO] org.springframework.web.filter.OncePerRequestFilter [http-nio-8081-exec-10]  Header :  Bearer eyJhbGciOiJIUzUxMiJ9.eyJzdWIiOiJqYWRoYXZjb2NAZ21haWwuY29tIiwiaWF0IjoxNzA2NTMxMDEzLCJleHAiOjE3MDY1NDkwMTN9.jvjsrtq6-S4jUDRCFqbpAhxW04D5HkzmTzI-IVPp7ME5kzzRNR1DejmBxFnOziEJf2Ad58LCfrdZfctrLySOCA
2024-01-29 17:55:33,445 [INFO] org.springframework.web.filter.OncePerRequestFilter [http-nio-8081-exec-5]  Header :  Bearer eyJhbGciOiJIUzUxMiJ9.eyJzdWIiOiJqYWRoYXZjb2NAZ21haWwuY29tIiwiaWF0IjoxNzA2NTMxMDEzLCJleHAiOjE3MDY1NDkwMTN9.jvjsrtq6-S4jUDRCFqbpAhxW04D5HkzmTzI-IVPp7ME5kzzRNR1DejmBxFnOziEJf2Ad58LCfrdZfctrLySOCA
2024-01-29 17:55:35,266 [INFO] org.springframework.web.filter.OncePerRequestFilter [http-nio-8081-exec-2]  Header :  Bearer eyJhbGciOiJIUzUxMiJ9.eyJzdWIiOiJqYWRoYXZjb2NAZ21haWwuY29tIiwiaWF0IjoxNzA2NTMxMDEzLCJleHAiOjE3MDY1NDkwMTN9.jvjsrtq6-S4jUDRCFqbpAhxW04D5HkzmTzI-IVPp7ME5kzzRNR1DejmBxFnOziEJf2Ad58LCfrdZfctrLySOCA
2024-01-29 17:55:36,262 [INFO] org.springframework.web.filter.OncePerRequestFilter [http-nio-8081-exec-3]  Header :  Bearer eyJhbGciOiJIUzUxMiJ9.eyJzdWIiOiJqYWRoYXZjb2NAZ21haWwuY29tIiwiaWF0IjoxNzA2NTMxMDEzLCJleHAiOjE3MDY1NDkwMTN9.jvjsrtq6-S4jUDRCFqbpAhxW04D5HkzmTzI-IVPp7ME5kzzRNR1DejmBxFnOziEJf2Ad58LCfrdZfctrLySOCA
2024-01-29 17:55:37,260 [INFO] org.springframework.web.filter.OncePerRequestFilter [http-nio-8081-exec-4]  Header :  Bearer eyJhbGciOiJIUzUxMiJ9.eyJzdWIiOiJqYWRoYXZjb2NAZ21haWwuY29tIiwiaWF0IjoxNzA2NTMxMDEzLCJleHAiOjE3MDY1NDkwMTN9.jvjsrtq6-S4jUDRCFqbpAhxW04D5HkzmTzI-IVPp7ME5kzzRNR1DejmBxFnOziEJf2Ad58LCfrdZfctrLySOCA
2024-01-29 17:55:38,264 [INFO] org.springframework.web.filter.OncePerRequestFilter [http-nio-8081-exec-7]  Header :  Bearer eyJhbGciOiJIUzUxMiJ9.eyJzdWIiOiJqYWRoYXZjb2NAZ21haWwuY29tIiwiaWF0IjoxNzA2NTMxMDEzLCJleHAiOjE3MDY1NDkwMTN9.jvjsrtq6-S4jUDRCFqbpAhxW04D5HkzmTzI-IVPp7ME5kzzRNR1DejmBxFnOziEJf2Ad58LCfrdZfctrLySOCA
2024-01-29 17:55:38,635 [INFO] org.springframework.web.filter.OncePerRequestFilter [http-nio-8081-exec-6]  Header :  Bearer eyJhbGciOiJIUzUxMiJ9.eyJzdWIiOiJqYWRoYXZjb2NAZ21haWwuY29tIiwiaWF0IjoxNzA2NTMxMDEzLCJleHAiOjE3MDY1NDkwMTN9.jvjsrtq6-S4jUDRCFqbpAhxW04D5HkzmTzI-IVPp7ME5kzzRNR1DejmBxFnOziEJf2Ad58LCfrdZfctrLySOCA
2024-01-29 17:55:39,434 [INFO] org.springframework.web.filter.OncePerRequestFilter [http-nio-8081-exec-8]  Header :  Bearer eyJhbGciOiJIUzUxMiJ9.eyJzdWIiOiJqYWRoYXZjb2NAZ21haWwuY29tIiwiaWF0IjoxNzA2NTMxMDEzLCJleHAiOjE3MDY1NDkwMTN9.jvjsrtq6-S4jUDRCFqbpAhxW04D5HkzmTzI-IVPp7ME5kzzRNR1DejmBxFnOziEJf2Ad58LCfrdZfctrLySOCA
2024-01-29 17:55:40,433 [INFO] org.springframework.web.filter.OncePerRequestFilter [http-nio-8081-exec-9]  Header :  Bearer eyJhbGciOiJIUzUxMiJ9.eyJzdWIiOiJqYWRoYXZjb2NAZ21haWwuY29tIiwiaWF0IjoxNzA2NTMxMDEzLCJleHAiOjE3MDY1NDkwMTN9.jvjsrtq6-S4jUDRCFqbpAhxW04D5HkzmTzI-IVPp7ME5kzzRNR1DejmBxFnOziEJf2Ad58LCfrdZfctrLySOCA
2024-01-29 17:55:41,439 [INFO] org.springframework.web.filter.OncePerRequestFilter [http-nio-8081-exec-1]  Header :  Bearer eyJhbGciOiJIUzUxMiJ9.eyJzdWIiOiJqYWRoYXZjb2NAZ21haWwuY29tIiwiaWF0IjoxNzA2NTMxMDEzLCJleHAiOjE3MDY1NDkwMTN9.jvjsrtq6-S4jUDRCFqbpAhxW04D5HkzmTzI-IVPp7ME5kzzRNR1DejmBxFnOziEJf2Ad58LCfrdZfctrLySOCA
2024-01-29 17:55:42,441 [INFO] org.springframework.web.filter.OncePerRequestFilter [http-nio-8081-exec-10]  Header :  Bearer eyJhbGciOiJIUzUxMiJ9.eyJzdWIiOiJqYWRoYXZjb2NAZ21haWwuY29tIiwiaWF0IjoxNzA2NTMxMDEzLCJleHAiOjE3MDY1NDkwMTN9.jvjsrtq6-S4jUDRCFqbpAhxW04D5HkzmTzI-IVPp7ME5kzzRNR1DejmBxFnOziEJf2Ad58LCfrdZfctrLySOCA
2024-01-29 17:55:43,439 [INFO] org.springframework.web.filter.OncePerRequestFilter [http-nio-8081-exec-5]  Header :  Bearer eyJhbGciOiJIUzUxMiJ9.eyJzdWIiOiJqYWRoYXZjb2NAZ21haWwuY29tIiwiaWF0IjoxNzA2NTMxMDEzLCJleHAiOjE3MDY1NDkwMTN9.jvjsrtq6-S4jUDRCFqbpAhxW04D5HkzmTzI-IVPp7ME5kzzRNR1DejmBxFnOziEJf2Ad58LCfrdZfctrLySOCA
2024-01-29 17:55:44,431 [INFO] org.springframework.web.filter.OncePerRequestFilter [http-nio-8081-exec-2]  Header :  Bearer eyJhbGciOiJIUzUxMiJ9.eyJzdWIiOiJqYWRoYXZjb2NAZ21haWwuY29tIiwiaWF0IjoxNzA2NTMxMDEzLCJleHAiOjE3MDY1NDkwMTN9.jvjsrtq6-S4jUDRCFqbpAhxW04D5HkzmTzI-IVPp7ME5kzzRNR1DejmBxFnOziEJf2Ad58LCfrdZfctrLySOCA
2024-01-29 17:55:45,433 [INFO] org.springframework.web.filter.OncePerRequestFilter [http-nio-8081-exec-3]  Header :  Bearer eyJhbGciOiJIUzUxMiJ9.eyJzdWIiOiJqYWRoYXZjb2NAZ21haWwuY29tIiwiaWF0IjoxNzA2NTMxMDEzLCJleHAiOjE3MDY1NDkwMTN9.jvjsrtq6-S4jUDRCFqbpAhxW04D5HkzmTzI-IVPp7ME5kzzRNR1DejmBxFnOziEJf2Ad58LCfrdZfctrLySOCA
2024-01-29 17:55:46,433 [INFO] org.springframework.web.filter.OncePerRequestFilter [http-nio-8081-exec-4]  Header :  Bearer eyJhbGciOiJIUzUxMiJ9.eyJzdWIiOiJqYWRoYXZjb2NAZ21haWwuY29tIiwiaWF0IjoxNzA2NTMxMDEzLCJleHAiOjE3MDY1NDkwMTN9.jvjsrtq6-S4jUDRCFqbpAhxW04D5HkzmTzI-IVPp7ME5kzzRNR1DejmBxFnOziEJf2Ad58LCfrdZfctrLySOCA
2024-01-29 17:55:47,448 [INFO] org.springframework.web.filter.OncePerRequestFilter [http-nio-8081-exec-7]  Header :  Bearer eyJhbGciOiJIUzUxMiJ9.eyJzdWIiOiJqYWRoYXZjb2NAZ21haWwuY29tIiwiaWF0IjoxNzA2NTMxMDEzLCJleHAiOjE3MDY1NDkwMTN9.jvjsrtq6-S4jUDRCFqbpAhxW04D5HkzmTzI-IVPp7ME5kzzRNR1DejmBxFnOziEJf2Ad58LCfrdZfctrLySOCA
2024-01-29 17:55:48,434 [INFO] org.springframework.web.filter.OncePerRequestFilter [http-nio-8081-exec-6]  Header :  Bearer eyJhbGciOiJIUzUxMiJ9.eyJzdWIiOiJqYWRoYXZjb2NAZ21haWwuY29tIiwiaWF0IjoxNzA2NTMxMDEzLCJleHAiOjE3MDY1NDkwMTN9.jvjsrtq6-S4jUDRCFqbpAhxW04D5HkzmTzI-IVPp7ME5kzzRNR1DejmBxFnOziEJf2Ad58LCfrdZfctrLySOCA
2024-01-29 17:55:49,437 [INFO] org.springframework.web.filter.OncePerRequestFilter [http-nio-8081-exec-8]  Header :  Bearer eyJhbGciOiJIUzUxMiJ9.eyJzdWIiOiJqYWRoYXZjb2NAZ21haWwuY29tIiwiaWF0IjoxNzA2NTMxMDEzLCJleHAiOjE3MDY1NDkwMTN9.jvjsrtq6-S4jUDRCFqbpAhxW04D5HkzmTzI-IVPp7ME5kzzRNR1DejmBxFnOziEJf2Ad58LCfrdZfctrLySOCA
2024-01-29 17:55:50,433 [INFO] org.springframework.web.filter.OncePerRequestFilter [http-nio-8081-exec-9]  Header :  Bearer eyJhbGciOiJIUzUxMiJ9.eyJzdWIiOiJqYWRoYXZjb2NAZ21haWwuY29tIiwiaWF0IjoxNzA2NTMxMDEzLCJleHAiOjE3MDY1NDkwMTN9.jvjsrtq6-S4jUDRCFqbpAhxW04D5HkzmTzI-IVPp7ME5kzzRNR1DejmBxFnOziEJf2Ad58LCfrdZfctrLySOCA
2024-01-29 17:55:51,431 [INFO] org.springframework.web.filter.OncePerRequestFilter [http-nio-8081-exec-1]  Header :  Bearer eyJhbGciOiJIUzUxMiJ9.eyJzdWIiOiJqYWRoYXZjb2NAZ21haWwuY29tIiwiaWF0IjoxNzA2NTMxMDEzLCJleHAiOjE3MDY1NDkwMTN9.jvjsrtq6-S4jUDRCFqbpAhxW04D5HkzmTzI-IVPp7ME5kzzRNR1DejmBxFnOziEJf2Ad58LCfrdZfctrLySOCA
2024-01-29 17:55:52,435 [INFO] org.springframework.web.filter.OncePerRequestFilter [http-nio-8081-exec-10]  Header :  Bearer eyJhbGciOiJIUzUxMiJ9.eyJzdWIiOiJqYWRoYXZjb2NAZ21haWwuY29tIiwiaWF0IjoxNzA2NTMxMDEzLCJleHAiOjE3MDY1NDkwMTN9.jvjsrtq6-S4jUDRCFqbpAhxW04D5HkzmTzI-IVPp7ME5kzzRNR1DejmBxFnOziEJf2Ad58LCfrdZfctrLySOCA
2024-01-29 17:55:53,442 [INFO] org.springframework.web.filter.OncePerRequestFilter [http-nio-8081-exec-5]  Header :  Bearer eyJhbGciOiJIUzUxMiJ9.eyJzdWIiOiJqYWRoYXZjb2NAZ21haWwuY29tIiwiaWF0IjoxNzA2NTMxMDEzLCJleHAiOjE3MDY1NDkwMTN9.jvjsrtq6-S4jUDRCFqbpAhxW04D5HkzmTzI-IVPp7ME5kzzRNR1DejmBxFnOziEJf2Ad58LCfrdZfctrLySOCA
2024-01-29 17:55:54,433 [INFO] org.springframework.web.filter.OncePerRequestFilter [http-nio-8081-exec-2]  Header :  Bearer eyJhbGciOiJIUzUxMiJ9.eyJzdWIiOiJqYWRoYXZjb2NAZ21haWwuY29tIiwiaWF0IjoxNzA2NTMxMDEzLCJleHAiOjE3MDY1NDkwMTN9.jvjsrtq6-S4jUDRCFqbpAhxW04D5HkzmTzI-IVPp7ME5kzzRNR1DejmBxFnOziEJf2Ad58LCfrdZfctrLySOCA
2024-01-29 17:55:55,437 [INFO] org.springframework.web.filter.OncePerRequestFilter [http-nio-8081-exec-3]  Header :  Bearer eyJhbGciOiJIUzUxMiJ9.eyJzdWIiOiJqYWRoYXZjb2NAZ21haWwuY29tIiwiaWF0IjoxNzA2NTMxMDEzLCJleHAiOjE3MDY1NDkwMTN9.jvjsrtq6-S4jUDRCFqbpAhxW04D5HkzmTzI-IVPp7ME5kzzRNR1DejmBxFnOziEJf2Ad58LCfrdZfctrLySOCA
2024-01-29 17:55:55,849 [INFO] org.springframework.web.filter.OncePerRequestFilter [http-nio-8081-exec-4]  Header :  Bearer eyJhbGciOiJIUzUxMiJ9.eyJzdWIiOiJqYWRoYXZjb2NAZ21haWwuY29tIiwiaWF0IjoxNzA2NTMxMDEzLCJleHAiOjE3MDY1NDkwMTN9.jvjsrtq6-S4jUDRCFqbpAhxW04D5HkzmTzI-IVPp7ME5kzzRNR1DejmBxFnOziEJf2Ad58LCfrdZfctrLySOCA
2024-01-29 17:55:56,186 [INFO] org.springframework.web.filter.OncePerRequestFilter [http-nio-8081-exec-7]  Header :  Bearer eyJhbGciOiJIUzUxMiJ9.eyJzdWIiOiJqYWRoYXZjb2NAZ21haWwuY29tIiwiaWF0IjoxNzA2NTMxMDEzLCJleHAiOjE3MDY1NDkwMTN9.jvjsrtq6-S4jUDRCFqbpAhxW04D5HkzmTzI-IVPp7ME5kzzRNR1DejmBxFnOziEJf2Ad58LCfrdZfctrLySOCA
2024-01-29 17:55:56,446 [INFO] org.springframework.web.filter.OncePerRequestFilter [http-nio-8081-exec-6]  Header :  Bearer eyJhbGciOiJIUzUxMiJ9.eyJzdWIiOiJqYWRoYXZjb2NAZ21haWwuY29tIiwiaWF0IjoxNzA2NTMxMDEzLCJleHAiOjE3MDY1NDkwMTN9.jvjsrtq6-S4jUDRCFqbpAhxW04D5HkzmTzI-IVPp7ME5kzzRNR1DejmBxFnOziEJf2Ad58LCfrdZfctrLySOCA
2024-01-29 17:55:57,431 [INFO] org.springframework.web.filter.OncePerRequestFilter [http-nio-8081-exec-8]  Header :  Bearer eyJhbGciOiJIUzUxMiJ9.eyJzdWIiOiJqYWRoYXZjb2NAZ21haWwuY29tIiwiaWF0IjoxNzA2NTMxMDEzLCJleHAiOjE3MDY1NDkwMTN9.jvjsrtq6-S4jUDRCFqbpAhxW04D5HkzmTzI-IVPp7ME5kzzRNR1DejmBxFnOziEJf2Ad58LCfrdZfctrLySOCA
2024-01-29 17:55:58,432 [INFO] org.springframework.web.filter.OncePerRequestFilter [http-nio-8081-exec-9]  Header :  Bearer eyJhbGciOiJIUzUxMiJ9.eyJzdWIiOiJqYWRoYXZjb2NAZ21haWwuY29tIiwiaWF0IjoxNzA2NTMxMDEzLCJleHAiOjE3MDY1NDkwMTN9.jvjsrtq6-S4jUDRCFqbpAhxW04D5HkzmTzI-IVPp7ME5kzzRNR1DejmBxFnOziEJf2Ad58LCfrdZfctrLySOCA
2024-01-29 17:55:59,439 [INFO] org.springframework.web.filter.OncePerRequestFilter [http-nio-8081-exec-1]  Header :  Bearer eyJhbGciOiJIUzUxMiJ9.eyJzdWIiOiJqYWRoYXZjb2NAZ21haWwuY29tIiwiaWF0IjoxNzA2NTMxMDEzLCJleHAiOjE3MDY1NDkwMTN9.jvjsrtq6-S4jUDRCFqbpAhxW04D5HkzmTzI-IVPp7ME5kzzRNR1DejmBxFnOziEJf2Ad58LCfrdZfctrLySOCA
2024-01-29 17:56:00,432 [INFO] org.springframework.web.filter.OncePerRequestFilter [http-nio-8081-exec-10]  Header :  Bearer eyJhbGciOiJIUzUxMiJ9.eyJzdWIiOiJqYWRoYXZjb2NAZ21haWwuY29tIiwiaWF0IjoxNzA2NTMxMDEzLCJleHAiOjE3MDY1NDkwMTN9.jvjsrtq6-S4jUDRCFqbpAhxW04D5HkzmTzI-IVPp7ME5kzzRNR1DejmBxFnOziEJf2Ad58LCfrdZfctrLySOCA
2024-01-29 17:56:01,431 [INFO] org.springframework.web.filter.OncePerRequestFilter [http-nio-8081-exec-5]  Header :  Bearer eyJhbGciOiJIUzUxMiJ9.eyJzdWIiOiJqYWRoYXZjb2NAZ21haWwuY29tIiwiaWF0IjoxNzA2NTMxMDEzLCJleHAiOjE3MDY1NDkwMTN9.jvjsrtq6-S4jUDRCFqbpAhxW04D5HkzmTzI-IVPp7ME5kzzRNR1DejmBxFnOziEJf2Ad58LCfrdZfctrLySOCA
2024-01-29 17:56:02,434 [INFO] org.springframework.web.filter.OncePerRequestFilter [http-nio-8081-exec-2]  Header :  Bearer eyJhbGciOiJIUzUxMiJ9.eyJzdWIiOiJqYWRoYXZjb2NAZ21haWwuY29tIiwiaWF0IjoxNzA2NTMxMDEzLCJleHAiOjE3MDY1NDkwMTN9.jvjsrtq6-S4jUDRCFqbpAhxW04D5HkzmTzI-IVPp7ME5kzzRNR1DejmBxFnOziEJf2Ad58LCfrdZfctrLySOCA
2024-01-29 17:56:03,444 [INFO] org.springframework.web.filter.OncePerRequestFilter [http-nio-8081-exec-3]  Header :  Bearer eyJhbGciOiJIUzUxMiJ9.eyJzdWIiOiJqYWRoYXZjb2NAZ21haWwuY29tIiwiaWF0IjoxNzA2NTMxMDEzLCJleHAiOjE3MDY1NDkwMTN9.jvjsrtq6-S4jUDRCFqbpAhxW04D5HkzmTzI-IVPp7ME5kzzRNR1DejmBxFnOziEJf2Ad58LCfrdZfctrLySOCA
2024-01-29 17:56:04,432 [INFO] org.springframework.web.filter.OncePerRequestFilter [http-nio-8081-exec-4]  Header :  Bearer eyJhbGciOiJIUzUxMiJ9.eyJzdWIiOiJqYWRoYXZjb2NAZ21haWwuY29tIiwiaWF0IjoxNzA2NTMxMDEzLCJleHAiOjE3MDY1NDkwMTN9.jvjsrtq6-S4jUDRCFqbpAhxW04D5HkzmTzI-IVPp7ME5kzzRNR1DejmBxFnOziEJf2Ad58LCfrdZfctrLySOCA
2024-01-29 17:56:05,438 [INFO] org.springframework.web.filter.OncePerRequestFilter [http-nio-8081-exec-7]  Header :  Bearer eyJhbGciOiJIUzUxMiJ9.eyJzdWIiOiJqYWRoYXZjb2NAZ21haWwuY29tIiwiaWF0IjoxNzA2NTMxMDEzLCJleHAiOjE3MDY1NDkwMTN9.jvjsrtq6-S4jUDRCFqbpAhxW04D5HkzmTzI-IVPp7ME5kzzRNR1DejmBxFnOziEJf2Ad58LCfrdZfctrLySOCA
2024-01-29 17:56:05,999 [INFO] org.springframework.web.filter.OncePerRequestFilter [http-nio-8081-exec-6]  Header :  Bearer eyJhbGciOiJIUzUxMiJ9.eyJzdWIiOiJqYWRoYXZjb2NAZ21haWwuY29tIiwiaWF0IjoxNzA2NTMxMDEzLCJleHAiOjE3MDY1NDkwMTN9.jvjsrtq6-S4jUDRCFqbpAhxW04D5HkzmTzI-IVPp7ME5kzzRNR1DejmBxFnOziEJf2Ad58LCfrdZfctrLySOCA
2024-01-29 17:56:06,013 [INFO] org.springframework.web.filter.OncePerRequestFilter [http-nio-8081-exec-8]  Header :  Bearer eyJhbGciOiJIUzUxMiJ9.eyJzdWIiOiJqYWRoYXZjb2NAZ21haWwuY29tIiwiaWF0IjoxNzA2NTMxMDEzLCJleHAiOjE3MDY1NDkwMTN9.jvjsrtq6-S4jUDRCFqbpAhxW04D5HkzmTzI-IVPp7ME5kzzRNR1DejmBxFnOziEJf2Ad58LCfrdZfctrLySOCA
2024-01-29 17:56:06,021 [INFO] org.springframework.web.filter.OncePerRequestFilter [http-nio-8081-exec-9]  Header :  Bearer eyJhbGciOiJIUzUxMiJ9.eyJzdWIiOiJqYWRoYXZjb2NAZ21haWwuY29tIiwiaWF0IjoxNzA2NTMxMDEzLCJleHAiOjE3MDY1NDkwMTN9.jvjsrtq6-S4jUDRCFqbpAhxW04D5HkzmTzI-IVPp7ME5kzzRNR1DejmBxFnOziEJf2Ad58LCfrdZfctrLySOCA
2024-01-29 17:56:06,041 [INFO] org.springframework.web.filter.OncePerRequestFilter [http-nio-8081-exec-1]  Header :  Bearer eyJhbGciOiJIUzUxMiJ9.eyJzdWIiOiJqYWRoYXZjb2NAZ21haWwuY29tIiwiaWF0IjoxNzA2NTMxMDEzLCJleHAiOjE3MDY1NDkwMTN9.jvjsrtq6-S4jUDRCFqbpAhxW04D5HkzmTzI-IVPp7ME5kzzRNR1DejmBxFnOziEJf2Ad58LCfrdZfctrLySOCA
2024-01-29 17:56:06,043 [INFO] org.springframework.web.filter.OncePerRequestFilter [http-nio-8081-exec-10]  Header :  Bearer eyJhbGciOiJIUzUxMiJ9.eyJzdWIiOiJqYWRoYXZjb2NAZ21haWwuY29tIiwiaWF0IjoxNzA2NTMxMDEzLCJleHAiOjE3MDY1NDkwMTN9.jvjsrtq6-S4jUDRCFqbpAhxW04D5HkzmTzI-IVPp7ME5kzzRNR1DejmBxFnOziEJf2Ad58LCfrdZfctrLySOCA
2024-01-29 17:56:06,055 [INFO] org.springframework.web.filter.OncePerRequestFilter [http-nio-8081-exec-5]  Header :  Bearer eyJhbGciOiJIUzUxMiJ9.eyJzdWIiOiJqYWRoYXZjb2NAZ21haWwuY29tIiwiaWF0IjoxNzA2NTMxMDEzLCJleHAiOjE3MDY1NDkwMTN9.jvjsrtq6-S4jUDRCFqbpAhxW04D5HkzmTzI-IVPp7ME5kzzRNR1DejmBxFnOziEJf2Ad58LCfrdZfctrLySOCA
2024-01-29 17:56:12,137 [INFO] org.springframework.web.filter.OncePerRequestFilter [http-nio-8081-exec-2]  Header :  Bearer eyJhbGciOiJIUzUxMiJ9.eyJzdWIiOiJqYWRoYXZjb2NAZ21haWwuY29tIiwiaWF0IjoxNzA2NTMxMDEzLCJleHAiOjE3MDY1NDkwMTN9.jvjsrtq6-S4jUDRCFqbpAhxW04D5HkzmTzI-IVPp7ME5kzzRNR1DejmBxFnOziEJf2Ad58LCfrdZfctrLySOCA
2024-01-29 17:56:12,216 [INFO] com.pms.doctor.service.Impl.doctorServiceImpl [http-nio-8081-exec-2] [{id=648011f1029f637a5d28a7a7, name=Aspirin, price=50, type=Tablet, category=Aspirin is used to reduce fever}, {id=6480141f029f637a5d28a7ad, name=Amoxicillin, price=100, type=Capsule, category=Amoxicillin is a penicillin antibiotic}, {id=6480143d029f637a5d28a7af, name=Atorvastatin, price=130, type=Tablet, category=Cholesterol-lowering agent}, {id=6480144d029f637a5d28a7b0, name=Ibuprofen, price=200, type=Tablet, category=Nonsteroidal anti-inflammatory drug (NSAID)}, {id=648584915683641112507aa4, name=Paracetamol, price=120, type=Tablet, category=Pain reliever}, {id=64918f86f72e301ef847fea1, name=Lisinopril, price=80, type=Tablet, category=Antihypertensive}, {id=64918fa1f72e301ef847fea2, name=Metformin, price=70, type=Tablet, category=Antidiabetic}, {id=64a8161fded31f69977afea0, name=Cetirizine, price=60, type=Tablet, category=relieve allergy symptoms}]
2024-01-29 17:56:12,220 [INFO] org.springframework.web.filter.OncePerRequestFilter [http-nio-8081-exec-3]  Header :  Bearer eyJhbGciOiJIUzUxMiJ9.eyJzdWIiOiJqYWRoYXZjb2NAZ21haWwuY29tIiwiaWF0IjoxNzA2NTMxMDEzLCJleHAiOjE3MDY1NDkwMTN9.jvjsrtq6-S4jUDRCFqbpAhxW04D5HkzmTzI-IVPp7ME5kzzRNR1DejmBxFnOziEJf2Ad58LCfrdZfctrLySOCA
2024-01-29 17:56:12,230 [INFO] com.pms.doctor.service.Impl.doctorServiceImpl [http-nio-8081-exec-3] [{id=648011f1029f637a5d28a7a7, name=Aspirin, price=50, type=Tablet, category=Aspirin is used to reduce fever}, {id=6480141f029f637a5d28a7ad, name=Amoxicillin, price=100, type=Capsule, category=Amoxicillin is a penicillin antibiotic}, {id=6480143d029f637a5d28a7af, name=Atorvastatin, price=130, type=Tablet, category=Cholesterol-lowering agent}, {id=6480144d029f637a5d28a7b0, name=Ibuprofen, price=200, type=Tablet, category=Nonsteroidal anti-inflammatory drug (NSAID)}, {id=648584915683641112507aa4, name=Paracetamol, price=120, type=Tablet, category=Pain reliever}, {id=64918f86f72e301ef847fea1, name=Lisinopril, price=80, type=Tablet, category=Antihypertensive}, {id=64918fa1f72e301ef847fea2, name=Metformin, price=70, type=Tablet, category=Antidiabetic}, {id=64a8161fded31f69977afea0, name=Cetirizine, price=60, type=Tablet, category=relieve allergy symptoms}]
2024-01-29 17:56:13,949 [INFO] org.springframework.web.filter.OncePerRequestFilter [http-nio-8081-exec-4]  Header :  Bearer eyJhbGciOiJIUzUxMiJ9.eyJzdWIiOiJqYWRoYXZjb2NAZ21haWwuY29tIiwiaWF0IjoxNzA2NTMxMDEzLCJleHAiOjE3MDY1NDkwMTN9.jvjsrtq6-S4jUDRCFqbpAhxW04D5HkzmTzI-IVPp7ME5kzzRNR1DejmBxFnOziEJf2Ad58LCfrdZfctrLySOCA
2024-01-29 17:56:13,966 [INFO] org.springframework.web.filter.OncePerRequestFilter [http-nio-8081-exec-7]  Header :  Bearer eyJhbGciOiJIUzUxMiJ9.eyJzdWIiOiJqYWRoYXZjb2NAZ21haWwuY29tIiwiaWF0IjoxNzA2NTMxMDEzLCJleHAiOjE3MDY1NDkwMTN9.jvjsrtq6-S4jUDRCFqbpAhxW04D5HkzmTzI-IVPp7ME5kzzRNR1DejmBxFnOziEJf2Ad58LCfrdZfctrLySOCA
2024-01-29 17:56:13,971 [INFO] org.springframework.web.filter.OncePerRequestFilter [http-nio-8081-exec-6]  Header :  Bearer eyJhbGciOiJIUzUxMiJ9.eyJzdWIiOiJqYWRoYXZjb2NAZ21haWwuY29tIiwiaWF0IjoxNzA2NTMxMDEzLCJleHAiOjE3MDY1NDkwMTN9.jvjsrtq6-S4jUDRCFqbpAhxW04D5HkzmTzI-IVPp7ME5kzzRNR1DejmBxFnOziEJf2Ad58LCfrdZfctrLySOCA
2024-01-29 17:56:14,143 [INFO] org.springframework.web.filter.OncePerRequestFilter [http-nio-8081-exec-8]  Header :  Bearer eyJhbGciOiJIUzUxMiJ9.eyJzdWIiOiJqYWRoYXZjb2NAZ21haWwuY29tIiwiaWF0IjoxNzA2NTMxMDEzLCJleHAiOjE3MDY1NDkwMTN9.jvjsrtq6-S4jUDRCFqbpAhxW04D5HkzmTzI-IVPp7ME5kzzRNR1DejmBxFnOziEJf2Ad58LCfrdZfctrLySOCA
2024-01-29 17:56:14,148 [INFO] org.springframework.web.filter.OncePerRequestFilter [http-nio-8081-exec-9]  Header :  Bearer eyJhbGciOiJIUzUxMiJ9.eyJzdWIiOiJqYWRoYXZjb2NAZ21haWwuY29tIiwiaWF0IjoxNzA2NTMxMDEzLCJleHAiOjE3MDY1NDkwMTN9.jvjsrtq6-S4jUDRCFqbpAhxW04D5HkzmTzI-IVPp7ME5kzzRNR1DejmBxFnOziEJf2Ad58LCfrdZfctrLySOCA
2024-01-29 17:56:14,158 [INFO] org.springframework.web.filter.OncePerRequestFilter [http-nio-8081-exec-1]  Header :  Bearer eyJhbGciOiJIUzUxMiJ9.eyJzdWIiOiJqYWRoYXZjb2NAZ21haWwuY29tIiwiaWF0IjoxNzA2NTMxMDEzLCJleHAiOjE3MDY1NDkwMTN9.jvjsrtq6-S4jUDRCFqbpAhxW04D5HkzmTzI-IVPp7ME5kzzRNR1DejmBxFnOziEJf2Ad58LCfrdZfctrLySOCA
2024-01-29 17:56:15,046 [INFO] org.springframework.web.filter.OncePerRequestFilter [http-nio-8081-exec-10]  Header :  Bearer eyJhbGciOiJIUzUxMiJ9.eyJzdWIiOiJqYWRoYXZjb2NAZ21haWwuY29tIiwiaWF0IjoxNzA2NTMxMDEzLCJleHAiOjE3MDY1NDkwMTN9.jvjsrtq6-S4jUDRCFqbpAhxW04D5HkzmTzI-IVPp7ME5kzzRNR1DejmBxFnOziEJf2Ad58LCfrdZfctrLySOCA
2024-01-29 17:56:15,061 [INFO] com.pms.doctor.service.Impl.doctorServiceImpl [http-nio-8081-exec-10] [{id=648011f1029f637a5d28a7a7, name=Aspirin, price=50, type=Tablet, category=Aspirin is used to reduce fever}, {id=6480141f029f637a5d28a7ad, name=Amoxicillin, price=100, type=Capsule, category=Amoxicillin is a penicillin antibiotic}, {id=6480143d029f637a5d28a7af, name=Atorvastatin, price=130, type=Tablet, category=Cholesterol-lowering agent}, {id=6480144d029f637a5d28a7b0, name=Ibuprofen, price=200, type=Tablet, category=Nonsteroidal anti-inflammatory drug (NSAID)}, {id=648584915683641112507aa4, name=Paracetamol, price=120, type=Tablet, category=Pain reliever}, {id=64918f86f72e301ef847fea1, name=Lisinopril, price=80, type=Tablet, category=Antihypertensive}, {id=64918fa1f72e301ef847fea2, name=Metformin, price=70, type=Tablet, category=Antidiabetic}, {id=64a8161fded31f69977afea0, name=Cetirizine, price=60, type=Tablet, category=relieve allergy symptoms}]
2024-01-29 17:56:15,066 [INFO] org.springframework.web.filter.OncePerRequestFilter [http-nio-8081-exec-5]  Header :  Bearer eyJhbGciOiJIUzUxMiJ9.eyJzdWIiOiJqYWRoYXZjb2NAZ21haWwuY29tIiwiaWF0IjoxNzA2NTMxMDEzLCJleHAiOjE3MDY1NDkwMTN9.jvjsrtq6-S4jUDRCFqbpAhxW04D5HkzmTzI-IVPp7ME5kzzRNR1DejmBxFnOziEJf2Ad58LCfrdZfctrLySOCA
2024-01-29 17:56:15,080 [INFO] com.pms.doctor.service.Impl.doctorServiceImpl [http-nio-8081-exec-5] [{id=648011f1029f637a5d28a7a7, name=Aspirin, price=50, type=Tablet, category=Aspirin is used to reduce fever}, {id=6480141f029f637a5d28a7ad, name=Amoxicillin, price=100, type=Capsule, category=Amoxicillin is a penicillin antibiotic}, {id=6480143d029f637a5d28a7af, name=Atorvastatin, price=130, type=Tablet, category=Cholesterol-lowering agent}, {id=6480144d029f637a5d28a7b0, name=Ibuprofen, price=200, type=Tablet, category=Nonsteroidal anti-inflammatory drug (NSAID)}, {id=648584915683641112507aa4, name=Paracetamol, price=120, type=Tablet, category=Pain reliever}, {id=64918f86f72e301ef847fea1, name=Lisinopril, price=80, type=Tablet, category=Antihypertensive}, {id=64918fa1f72e301ef847fea2, name=Metformin, price=70, type=Tablet, category=Antidiabetic}, {id=64a8161fded31f69977afea0, name=Cetirizine, price=60, type=Tablet, category=relieve allergy symptoms}]
2024-01-29 17:56:16,176 [INFO] org.springframework.web.filter.OncePerRequestFilter [http-nio-8081-exec-2]  Header :  Bearer eyJhbGciOiJIUzUxMiJ9.eyJzdWIiOiJqYWRoYXZjb2NAZ21haWwuY29tIiwiaWF0IjoxNzA2NTMxMDEzLCJleHAiOjE3MDY1NDkwMTN9.jvjsrtq6-S4jUDRCFqbpAhxW04D5HkzmTzI-IVPp7ME5kzzRNR1DejmBxFnOziEJf2Ad58LCfrdZfctrLySOCA
2024-01-29 17:56:16,189 [INFO] org.springframework.web.filter.OncePerRequestFilter [http-nio-8081-exec-3]  Header :  Bearer eyJhbGciOiJIUzUxMiJ9.eyJzdWIiOiJqYWRoYXZjb2NAZ21haWwuY29tIiwiaWF0IjoxNzA2NTMxMDEzLCJleHAiOjE3MDY1NDkwMTN9.jvjsrtq6-S4jUDRCFqbpAhxW04D5HkzmTzI-IVPp7ME5kzzRNR1DejmBxFnOziEJf2Ad58LCfrdZfctrLySOCA
2024-01-29 17:56:17,211 [INFO] org.springframework.web.filter.OncePerRequestFilter [http-nio-8081-exec-4]  Header :  Bearer eyJhbGciOiJIUzUxMiJ9.eyJzdWIiOiJqYWRoYXZjb2NAZ21haWwuY29tIiwiaWF0IjoxNzA2NTMxMDEzLCJleHAiOjE3MDY1NDkwMTN9.jvjsrtq6-S4jUDRCFqbpAhxW04D5HkzmTzI-IVPp7ME5kzzRNR1DejmBxFnOziEJf2Ad58LCfrdZfctrLySOCA
2024-01-29 17:56:18,176 [INFO] org.springframework.web.filter.OncePerRequestFilter [http-nio-8081-exec-7]  Header :  Bearer eyJhbGciOiJIUzUxMiJ9.eyJzdWIiOiJqYWRoYXZjb2NAZ21haWwuY29tIiwiaWF0IjoxNzA2NTMxMDEzLCJleHAiOjE3MDY1NDkwMTN9.jvjsrtq6-S4jUDRCFqbpAhxW04D5HkzmTzI-IVPp7ME5kzzRNR1DejmBxFnOziEJf2Ad58LCfrdZfctrLySOCA
2024-01-29 17:56:19,175 [INFO] org.springframework.web.filter.OncePerRequestFilter [http-nio-8081-exec-6]  Header :  Bearer eyJhbGciOiJIUzUxMiJ9.eyJzdWIiOiJqYWRoYXZjb2NAZ21haWwuY29tIiwiaWF0IjoxNzA2NTMxMDEzLCJleHAiOjE3MDY1NDkwMTN9.jvjsrtq6-S4jUDRCFqbpAhxW04D5HkzmTzI-IVPp7ME5kzzRNR1DejmBxFnOziEJf2Ad58LCfrdZfctrLySOCA
2024-01-29 17:56:19,545 [INFO] org.springframework.web.filter.OncePerRequestFilter [http-nio-8081-exec-8]  Header :  Bearer eyJhbGciOiJIUzUxMiJ9.eyJzdWIiOiJqYWRoYXZjb2NAZ21haWwuY29tIiwiaWF0IjoxNzA2NTMxMDEzLCJleHAiOjE3MDY1NDkwMTN9.jvjsrtq6-S4jUDRCFqbpAhxW04D5HkzmTzI-IVPp7ME5kzzRNR1DejmBxFnOziEJf2Ad58LCfrdZfctrLySOCA
2024-01-29 17:56:19,555 [INFO] org.springframework.web.filter.OncePerRequestFilter [http-nio-8081-exec-9]  Header :  Bearer eyJhbGciOiJIUzUxMiJ9.eyJzdWIiOiJqYWRoYXZjb2NAZ21haWwuY29tIiwiaWF0IjoxNzA2NTMxMDEzLCJleHAiOjE3MDY1NDkwMTN9.jvjsrtq6-S4jUDRCFqbpAhxW04D5HkzmTzI-IVPp7ME5kzzRNR1DejmBxFnOziEJf2Ad58LCfrdZfctrLySOCA
2024-01-29 17:56:19,562 [INFO] org.springframework.web.filter.OncePerRequestFilter [http-nio-8081-exec-1]  Header :  Bearer eyJhbGciOiJIUzUxMiJ9.eyJzdWIiOiJqYWRoYXZjb2NAZ21haWwuY29tIiwiaWF0IjoxNzA2NTMxMDEzLCJleHAiOjE3MDY1NDkwMTN9.jvjsrtq6-S4jUDRCFqbpAhxW04D5HkzmTzI-IVPp7ME5kzzRNR1DejmBxFnOziEJf2Ad58LCfrdZfctrLySOCA
2024-01-29 17:56:19,572 [INFO] org.springframework.web.filter.OncePerRequestFilter [http-nio-8081-exec-10]  Header :  Bearer eyJhbGciOiJIUzUxMiJ9.eyJzdWIiOiJqYWRoYXZjb2NAZ21haWwuY29tIiwiaWF0IjoxNzA2NTMxMDEzLCJleHAiOjE3MDY1NDkwMTN9.jvjsrtq6-S4jUDRCFqbpAhxW04D5HkzmTzI-IVPp7ME5kzzRNR1DejmBxFnOziEJf2Ad58LCfrdZfctrLySOCA
2024-01-29 17:56:19,583 [INFO] org.springframework.web.filter.OncePerRequestFilter [http-nio-8081-exec-5]  Header :  Bearer eyJhbGciOiJIUzUxMiJ9.eyJzdWIiOiJqYWRoYXZjb2NAZ21haWwuY29tIiwiaWF0IjoxNzA2NTMxMDEzLCJleHAiOjE3MDY1NDkwMTN9.jvjsrtq6-S4jUDRCFqbpAhxW04D5HkzmTzI-IVPp7ME5kzzRNR1DejmBxFnOziEJf2Ad58LCfrdZfctrLySOCA
2024-01-29 17:56:19,594 [INFO] org.springframework.web.filter.OncePerRequestFilter [http-nio-8081-exec-2]  Header :  Bearer eyJhbGciOiJIUzUxMiJ9.eyJzdWIiOiJqYWRoYXZjb2NAZ21haWwuY29tIiwiaWF0IjoxNzA2NTMxMDEzLCJleHAiOjE3MDY1NDkwMTN9.jvjsrtq6-S4jUDRCFqbpAhxW04D5HkzmTzI-IVPp7ME5kzzRNR1DejmBxFnOziEJf2Ad58LCfrdZfctrLySOCA
2024-01-29 17:58:56,525 [INFO] com.netflix.discovery.shared.resolver.aws.ConfigClusterResolver [AsyncResolver-bootstrap-executor-0] Resolving eureka endpoints via configuration
2024-01-29 18:01:52,995 [INFO] org.springframework.web.filter.OncePerRequestFilter [http-nio-8081-exec-7]  Header :  Bearer eyJhbGciOiJIUzUxMiJ9.eyJzdWIiOiJqYWRoYXZjb2NAZ21haWwuY29tIiwiaWF0IjoxNzA2NTMxMDEzLCJleHAiOjE3MDY1NDkwMTN9.jvjsrtq6-S4jUDRCFqbpAhxW04D5HkzmTzI-IVPp7ME5kzzRNR1DejmBxFnOziEJf2Ad58LCfrdZfctrLySOCA
2024-01-29 18:01:53,014 [INFO] org.springframework.web.filter.OncePerRequestFilter [http-nio-8081-exec-6]  Header :  Bearer eyJhbGciOiJIUzUxMiJ9.eyJzdWIiOiJqYWRoYXZjb2NAZ21haWwuY29tIiwiaWF0IjoxNzA2NTMxMDEzLCJleHAiOjE3MDY1NDkwMTN9.jvjsrtq6-S4jUDRCFqbpAhxW04D5HkzmTzI-IVPp7ME5kzzRNR1DejmBxFnOziEJf2Ad58LCfrdZfctrLySOCA
2024-01-29 18:01:53,022 [INFO] org.springframework.web.filter.OncePerRequestFilter [http-nio-8081-exec-8]  Header :  Bearer eyJhbGciOiJIUzUxMiJ9.eyJzdWIiOiJqYWRoYXZjb2NAZ21haWwuY29tIiwiaWF0IjoxNzA2NTMxMDEzLCJleHAiOjE3MDY1NDkwMTN9.jvjsrtq6-S4jUDRCFqbpAhxW04D5HkzmTzI-IVPp7ME5kzzRNR1DejmBxFnOziEJf2Ad58LCfrdZfctrLySOCA
2024-01-29 18:01:53,033 [INFO] org.springframework.web.filter.OncePerRequestFilter [http-nio-8081-exec-9]  Header :  Bearer eyJhbGciOiJIUzUxMiJ9.eyJzdWIiOiJqYWRoYXZjb2NAZ21haWwuY29tIiwiaWF0IjoxNzA2NTMxMDEzLCJleHAiOjE3MDY1NDkwMTN9.jvjsrtq6-S4jUDRCFqbpAhxW04D5HkzmTzI-IVPp7ME5kzzRNR1DejmBxFnOziEJf2Ad58LCfrdZfctrLySOCA
2024-01-29 18:01:53,042 [INFO] org.springframework.web.filter.OncePerRequestFilter [http-nio-8081-exec-1]  Header :  Bearer eyJhbGciOiJIUzUxMiJ9.eyJzdWIiOiJqYWRoYXZjb2NAZ21haWwuY29tIiwiaWF0IjoxNzA2NTMxMDEzLCJleHAiOjE3MDY1NDkwMTN9.jvjsrtq6-S4jUDRCFqbpAhxW04D5HkzmTzI-IVPp7ME5kzzRNR1DejmBxFnOziEJf2Ad58LCfrdZfctrLySOCA
2024-01-29 18:01:53,053 [INFO] org.springframework.web.filter.OncePerRequestFilter [http-nio-8081-exec-10]  Header :  Bearer eyJhbGciOiJIUzUxMiJ9.eyJzdWIiOiJqYWRoYXZjb2NAZ21haWwuY29tIiwiaWF0IjoxNzA2NTMxMDEzLCJleHAiOjE3MDY1NDkwMTN9.jvjsrtq6-S4jUDRCFqbpAhxW04D5HkzmTzI-IVPp7ME5kzzRNR1DejmBxFnOziEJf2Ad58LCfrdZfctrLySOCA
2024-01-29 18:01:57,557 [INFO] org.springframework.web.filter.OncePerRequestFilter [http-nio-8081-exec-5]  Header :  Bearer eyJhbGciOiJIUzUxMiJ9.eyJzdWIiOiJqYWRoYXZjb2NAZ21haWwuY29tIiwiaWF0IjoxNzA2NTMxMDEzLCJleHAiOjE3MDY1NDkwMTN9.jvjsrtq6-S4jUDRCFqbpAhxW04D5HkzmTzI-IVPp7ME5kzzRNR1DejmBxFnOziEJf2Ad58LCfrdZfctrLySOCA
2024-01-29 18:01:57,578 [INFO] com.pms.doctor.service.Impl.doctorServiceImpl [http-nio-8081-exec-5] [{id=648011f1029f637a5d28a7a7, name=Aspirin, price=50, type=Tablet, category=Aspirin is used to reduce fever}, {id=6480141f029f637a5d28a7ad, name=Amoxicillin, price=100, type=Capsule, category=Amoxicillin is a penicillin antibiotic}, {id=6480143d029f637a5d28a7af, name=Atorvastatin, price=130, type=Tablet, category=Cholesterol-lowering agent}, {id=6480144d029f637a5d28a7b0, name=Ibuprofen, price=200, type=Tablet, category=Nonsteroidal anti-inflammatory drug (NSAID)}, {id=648584915683641112507aa4, name=Paracetamol, price=120, type=Tablet, category=Pain reliever}, {id=64918f86f72e301ef847fea1, name=Lisinopril, price=80, type=Tablet, category=Antihypertensive}, {id=64918fa1f72e301ef847fea2, name=Metformin, price=70, type=Tablet, category=Antidiabetic}, {id=64a8161fded31f69977afea0, name=Cetirizine, price=60, type=Tablet, category=relieve allergy symptoms}]
2024-01-29 18:01:57,586 [INFO] org.springframework.web.filter.OncePerRequestFilter [http-nio-8081-exec-2]  Header :  Bearer eyJhbGciOiJIUzUxMiJ9.eyJzdWIiOiJqYWRoYXZjb2NAZ21haWwuY29tIiwiaWF0IjoxNzA2NTMxMDEzLCJleHAiOjE3MDY1NDkwMTN9.jvjsrtq6-S4jUDRCFqbpAhxW04D5HkzmTzI-IVPp7ME5kzzRNR1DejmBxFnOziEJf2Ad58LCfrdZfctrLySOCA
2024-01-29 18:01:57,599 [INFO] com.pms.doctor.service.Impl.doctorServiceImpl [http-nio-8081-exec-2] [{id=648011f1029f637a5d28a7a7, name=Aspirin, price=50, type=Tablet, category=Aspirin is used to reduce fever}, {id=6480141f029f637a5d28a7ad, name=Amoxicillin, price=100, type=Capsule, category=Amoxicillin is a penicillin antibiotic}, {id=6480143d029f637a5d28a7af, name=Atorvastatin, price=130, type=Tablet, category=Cholesterol-lowering agent}, {id=6480144d029f637a5d28a7b0, name=Ibuprofen, price=200, type=Tablet, category=Nonsteroidal anti-inflammatory drug (NSAID)}, {id=648584915683641112507aa4, name=Paracetamol, price=120, type=Tablet, category=Pain reliever}, {id=64918f86f72e301ef847fea1, name=Lisinopril, price=80, type=Tablet, category=Antihypertensive}, {id=64918fa1f72e301ef847fea2, name=Metformin, price=70, type=Tablet, category=Antidiabetic}, {id=64a8161fded31f69977afea0, name=Cetirizine, price=60, type=Tablet, category=relieve allergy symptoms}]
2024-01-29 18:02:05,248 [INFO] org.springframework.web.filter.OncePerRequestFilter [http-nio-8081-exec-4]  Header :  Bearer eyJhbGciOiJIUzUxMiJ9.eyJzdWIiOiJqYWRoYXZjb2NAZ21haWwuY29tIiwiaWF0IjoxNzA2NTMxMDEzLCJleHAiOjE3MDY1NDkwMTN9.jvjsrtq6-S4jUDRCFqbpAhxW04D5HkzmTzI-IVPp7ME5kzzRNR1DejmBxFnOziEJf2Ad58LCfrdZfctrLySOCA
2024-01-29 18:02:05,269 [INFO] org.springframework.web.filter.OncePerRequestFilter [http-nio-8081-exec-3]  Header :  Bearer eyJhbGciOiJIUzUxMiJ9.eyJzdWIiOiJqYWRoYXZjb2NAZ21haWwuY29tIiwiaWF0IjoxNzA2NTMxMDEzLCJleHAiOjE3MDY1NDkwMTN9.jvjsrtq6-S4jUDRCFqbpAhxW04D5HkzmTzI-IVPp7ME5kzzRNR1DejmBxFnOziEJf2Ad58LCfrdZfctrLySOCA
2024-01-29 18:02:05,269 [INFO] org.springframework.web.filter.OncePerRequestFilter [http-nio-8081-exec-7]  Header :  Bearer eyJhbGciOiJIUzUxMiJ9.eyJzdWIiOiJqYWRoYXZjb2NAZ21haWwuY29tIiwiaWF0IjoxNzA2NTMxMDEzLCJleHAiOjE3MDY1NDkwMTN9.jvjsrtq6-S4jUDRCFqbpAhxW04D5HkzmTzI-IVPp7ME5kzzRNR1DejmBxFnOziEJf2Ad58LCfrdZfctrLySOCA
2024-01-29 18:02:05,283 [INFO] org.springframework.web.filter.OncePerRequestFilter [http-nio-8081-exec-6]  Header :  Bearer eyJhbGciOiJIUzUxMiJ9.eyJzdWIiOiJqYWRoYXZjb2NAZ21haWwuY29tIiwiaWF0IjoxNzA2NTMxMDEzLCJleHAiOjE3MDY1NDkwMTN9.jvjsrtq6-S4jUDRCFqbpAhxW04D5HkzmTzI-IVPp7ME5kzzRNR1DejmBxFnOziEJf2Ad58LCfrdZfctrLySOCA
2024-01-29 18:02:05,285 [INFO] org.springframework.web.filter.OncePerRequestFilter [http-nio-8081-exec-8]  Header :  Bearer eyJhbGciOiJIUzUxMiJ9.eyJzdWIiOiJqYWRoYXZjb2NAZ21haWwuY29tIiwiaWF0IjoxNzA2NTMxMDEzLCJleHAiOjE3MDY1NDkwMTN9.jvjsrtq6-S4jUDRCFqbpAhxW04D5HkzmTzI-IVPp7ME5kzzRNR1DejmBxFnOziEJf2Ad58LCfrdZfctrLySOCA
2024-01-29 18:02:05,295 [INFO] org.springframework.web.filter.OncePerRequestFilter [http-nio-8081-exec-9]  Header :  Bearer eyJhbGciOiJIUzUxMiJ9.eyJzdWIiOiJqYWRoYXZjb2NAZ21haWwuY29tIiwiaWF0IjoxNzA2NTMxMDEzLCJleHAiOjE3MDY1NDkwMTN9.jvjsrtq6-S4jUDRCFqbpAhxW04D5HkzmTzI-IVPp7ME5kzzRNR1DejmBxFnOziEJf2Ad58LCfrdZfctrLySOCA
